Gene,Malignant_Percent,NonMalignant_Percent,Z_Score
GPNMB,79.85098376921205,14.500168671989206,3.538044834239014
FMN1,81.7857610872943,16.631058135612278,3.5346073319541502
LINC00511,74.267555272666,9.631170583605082,3.478116013872608
TMEM117,69.55557219611734,4.829641290902957,3.465317325732653
GPM6B,70.91843420633882,7.151692342291691,3.4181050258247954
SGCD,66.26074096261489,2.2939390531879007,3.4115389888381413
BNC2,69.43482411966228,5.779826830091083,3.406441095642394
ST3GAL6,72.32528970178033,11.036770493646689,3.288189380246427
ERBB3,62.051406855495436,1.3999775104014394,3.2148768066594
FHIT,65.97525132448472,5.954121218936241,3.1952177498265666
PMEL,61.841735776999826,2.057798268300911,3.1667652958284633
MYO10,82.44098320759309,24.384347239401777,3.149842638819365
RAD51B,65.48477076586106,7.342853930057348,3.0908595357247988
DNAH14,60.67169627646629,2.659395029798718,3.065725436796753
OSBPL1A,66.94778815732819,9.490610592600921,3.0589952802658136
DST,77.58578729617912,21.303272236590576,3.0348371028352705
LSAMP,63.10537843757606,7.365343528618014,2.9508990166167575
CABLES1,60.445176629163,4.77903969414146,2.936884081807985
PHF14,72.63418012992119,18.12099404025638,2.919731158792401
IMMP2L,74.97519516258869,20.999662656021588,2.8991859908378115
RGS12,65.27977984536759,11.087372090408186,2.874631066190148
SGK3,61.83799165059812,7.573372315304172,2.8656536661465557
MICAL3,67.66572439485557,13.943551107612729,2.8579324575750906
MYO5A,80.89372297208753,28.235690992915774,2.849523671812143
HIBCH,65.18711271692533,11.643989654784662,2.8388626047291527
FARS2,64.26980174850702,10.73878331271787,2.834759653090828
EXOC4,77.804818690679,25.295175981108738,2.829836093449851
EHBP1,69.73154613699758,16.816597323737774,2.8216484997484215
HIBADH,61.61989628769867,8.25368267176431,2.8158240821152103
CAPN3,54.68015800213415,0.9558079388282918,2.8093172970644114
CTNND1,66.08851114813636,13.797368716968403,2.773945687645435
SNCA,63.213958103225565,10.84560890588103,2.7673695853252207
MAGI2,65.75996405638655,13.623074328123245,2.764297664101536
TM7SF3,56.2030814160286,3.5083773754638483,2.7588620282914347
MITF,71.97334182001984,20.797256268975598,2.735200895143156
ZKSCAN1,70.3249901716682,19.245473968289666,2.723746561781918
WDPCP,64.26324952730404,13.015855166985268,2.710155602864798
HDAC8,58.73036673718105,7.6127291127853365,2.682312414322865
TRIM2,54.173764906303234,2.934892612166873,2.6718255739135017
BCAS3,66.75964580564239,16.546722141009784,2.6630905064933437
LONP2,71.20392384446899,21.320139435511077,2.661813901393959
TMEM241,56.491379148960064,5.762959631170583,2.652676480972775
LYPLAL1,54.59685118969616,3.924434948836163,2.642511282479486
GNG7,57.19621094408147,6.791858765321039,2.637642689247455
BICD1,60.83362974334013,11.014280895086022,2.6193797430555312
PLEKHA5,73.78175487204447,25.09839199370291,2.6060012414045857
NSG1,51.60529419473201,1.5068031035646012,2.599974612030242
NSMCE2,72.9346462736582,24.614865624648598,2.5829874556281016
MAD1L1,52.528221352752865,2.9067806139660406,2.5774135730641996
SCFD2,60.09042065260123,11.098616889688518,2.5714451329830217
TEX41,53.583128966433904,4.171820533003486,2.5699091346878866
BACE2,75.06411816462924,27.251771055886653,2.5632969873624822
ITFG1,65.23953048654923,16.97402451366243,2.551147362861328
WWOX,61.96061179025404,13.516248734960081,2.5485990753638315
SMYD3,74.7243386936743,27.195547059484987,2.5465529035267935
SOX6,51.24024187056555,2.2939390531879007,2.535748807440675
CDKAL1,70.19113765280716,22.624536152029687,2.531602777875116
ACBD6,65.57182170470075,17.721803665804565,2.5297281483456877
LGALS3BP,53.04865492259019,4.346114921848645,2.529237562840221
NHSL1,58.94659003687964,10.761272911278533,2.5231558286612286
ZNF704,65.47353838665593,17.90172045428989,2.514182536009308
SORT1,58.91944512046726,10.913077701563028,2.513291640581981
DISC1,59.97996892375087,12.296188013043967,2.4996735201319376
ETV5,54.28234457195275,6.8480827617227025,2.464678623862879
PIR,53.36128947713274,5.869785224333746,2.464344739250864
GCNT2,51.30763614579629,4.183065332283819,2.436620056636885
ZNF106,74.97425913098826,29.585066906555717,2.430768412385385
CNIH3,51.56130070951195,4.6384797031373,2.426565903624935
DSTYK,56.406200273321225,9.929157764533903,2.420429735386463
CALD1,72.46475841024393,27.24052625660632,2.4123513009891058
VWA8,51.69796132317427,5.189474867873608,2.4044754222658895
FARP2,65.06917273527154,19.481614753176657,2.404416851356423
HPS4,52.55349420596439,6.330821994827391,2.3920940374785036
DOCK7,57.942228129621654,12.172495220960306,2.3876081948173535
RANBP17,49.1697399704214,2.895535814685708,2.3822062903106063
FRMD4B,61.46919520002996,16.113797368716966,2.3782412647826563
ZC3H13,74.88908025534941,30.57460924322501,2.3718190447066614
SUMF1,52.75193290525488,7.281007534015519,2.35182841696365
COA1,62.440796001273,17.688069267963566,2.3490098556272394
CLCN7,55.24552108879196,10.041605757337232,2.3466203710189912
CCDC14,52.176273470992385,6.819970763521871,2.3434149517200296
RAD50,47.328565812381825,1.658607893849095,2.3423328067300506
FRMD4A,64.02268940599434,19.813336331946473,2.325303708353702
LIMA1,57.46297995020312,12.880917575621275,2.3210181432919037
INPP4B,70.22296272722167,26.52648150230518,2.320593991321259
DAAM2,49.443997229346465,4.520409310693804,2.309554849035573
PTPN14,57.968437014433604,13.651186326324074,2.308468709703797
LDLRAD3,64.47385663740008,20.7635218711346,2.2997737611096967
KIF13A,65.33126158339105,21.702462611042392,2.2985434862800815
AGAP1,66.37025665986484,22.83818733835601,2.297165829778824
RAB38,50.275193290525486,5.712358034409086,2.292993984283164
VPS41,54.8598760694161,10.862476104801528,2.2793535558036164
CSGALNACT1,59.73660070763989,16.209378162599798,2.272005780637465
ANKS1A,64.02549750079562,20.797256268975598,2.2717912590587854
GPATCH2,52.1772095025928,8.152479478241313,2.2707766458733656
ANKHD1,57.623977385476536,14.011019903294727,2.268754387339208
BBS9,54.85706797461483,11.137973687169685,2.264160495981188
TNFRSF14,55.406518524065376,11.818284043629822,2.2590836974390873
NAALADL2,48.72512496021866,4.942089283706286,2.2446359683517607
TASP1,52.84928019169928,9.411896997638593,2.241257112342946
HERC2,60.687608813673556,17.93545485213089,2.233292219376491
ST3GAL5,56.940674317164955,13.949173507252896,2.2322874241915445
MTAP,52.643353239605375,9.36691780051726,2.2317040356383497
NUBPL,46.787539547335115,3.3621949848195207,2.2178510806947767
SEMA5A,48.514517850122616,5.2288316653547735,2.216713468460943
STX7,63.7840013478855,21.64623861464073,2.211395630150336
TMEM14B,57.623041353876104,15.079275834926348,2.2104228164309334
SDCCAG8,62.71505326019806,20.549870684808276,2.2088797893262417
GIPC1,51.99749143531086,9.119532216349938,2.2075419289513727
MNAT1,52.84553606529756,10.041605757337232,2.2066860515135938
RAPGEF6,50.79749892356366,7.927583492634656,2.202599626041875
SPECC1L,50.777842259954696,8.124367480040481,2.1907182823212237
CTDSPL,49.92043731396372,7.320364331496683,2.1845872526025527
CHD9,78.47408128498418,37.97930956932419,2.1768957117947942
POLR2F,74.49126682516801,33.75126503991904,2.1753266255394026
KIF26B,46.2006477338675,3.5533565725851792,2.173203057989065
TDRD3,54.290768856356586,12.223096817721805,2.171944515131811
ARHGEF11,54.36377932118989,12.313055211964466,2.1712939510445324
ATXN7L1,53.29202313870116,11.171708085010684,2.1710681487001913
PTPRJ,71.45010015538125,30.63083323962667,2.168237524859321
SPTBN1,75.45912350000935,35.01630495895648,2.162746566369798
JPX,62.08135986670909,20.859102665017428,2.1550617967572885
DLEU1,61.23518729992325,19.965141122230968,2.1544932222161806
MACROD2,44.818129060037066,2.4232542449117283,2.1542443931326565
TRAPPC9,58.5160155006833,17.243899696390418,2.1444012681924978
HEXA,54.16627665349982,12.627909591813784,2.142601917986865
SIL1,58.85205084523653,17.755538063645567,2.136082642907038
NEDD4L,64.34468427654117,23.692792083661306,2.1324405418688674
GTF2I,69.47881760488234,29.2196109299449,2.130286250080865
DIS3L2,50.66739053110433,9.13077701563027,2.1293751842468795
TTC3,77.53430555815565,38.24918475205217,2.10737822875773
FBXL17,58.94659003687964,18.390869222984367,2.1069354006601717
SMARCA4,62.26201396559148,21.96109299449005,2.105477753839886
PPFIBP1,72.40017222981447,32.82919149893174,2.1037048211116716
PTK2,75.28314955912911,35.93275610030361,2.102490644924092
METTL15,50.17410187767939,9.187001012031935,2.0975461228564356
CDC16,52.47486755152854,11.649612054424829,2.097351518182596
PCCA,58.342849654604336,17.941077251771056,2.096271196340766
AP1S2,68.34809143156673,28.640503767007758,2.0959500216887976
IGF1R,69.2504258943782,29.61880130439672,2.0951923749474153
SLC25A13,64.63204597787221,24.85100640953559,2.0860110174373703
LRRC8D,46.676151786884326,5.667378837287754,2.085600849775501
SMC6,52.80341464327836,12.2736984144833,2.082461859898873
PKD2,58.25392665256379,18.12099404025638,2.081271349681085
TPT1-AS1,56.43053709493232,16.209378162599798,2.0792413436276895
MTX2,48.064286650317314,7.348476329697514,2.07482831379909
WDFY1,58.5890259655166,18.666366805352524,2.071057821690885
LZTS1,41.735776999831515,0.6578207578994715,2.0708341569693878
PARN,51.308572177396705,10.890588103002361,2.070756452950125
PILRB,43.317670404552864,2.3614078488698977,2.070132086409247
PARD3B,50.27612932212592,9.811087372090409,2.0694489351966183
TMEM87A,66.46479585150796,27.24614865624649,2.0622087812027687
TBCK,50.915438905217435,10.648824918475205,2.0610232985111514
TNFRSF19,42.29926802328847,1.501180703924435,2.057681097279821
ST3GAL4,58.914764962465135,19.31856516361183,2.0544708285899262
SLC27A1,46.34666866353408,5.892274822894411,2.0541210570419155
COMMD10,56.35846266169946,16.625435735972115,2.0523415922265635
SLC39A11,50.64773386749537,10.541999325312043,2.051242099591646
CDC42BPA,61.27824475354288,21.94422579556955,2.0490379442874493
PDCD6,55.232416646385985,15.534690205779828,2.0461898597517663
CKMT2-AS1,45.17662916300054,4.829641290902957,2.0438706207724104
DIP2C,70.13778385158282,31.5641515798943,2.0408054871939267
MSI2,75.05288578542412,36.956032834813904,2.0332415831194757
HIVEP3,50.71232004792482,10.963679298324525,2.032003806047466
PHACTR1,56.34535821929349,17.05273810862476,2.0282667225429445
VPS45,47.82840668700975,7.966940290115822,2.0273357062333153
ITCH,56.81805417750903,17.614978072641403,2.0251557869316708
CPEB2,55.16689443435611,15.928258180591476,2.0208990284157093
RHOBTB3,57.256116966508785,18.244686832340044,2.016344866042469
CCDC144A,41.88273396109853,1.9172382772967504,2.0106971689762037
FAM172A,59.984649081753005,21.275160238389745,2.01011292948636
RABGEF1,54.970327798266474,15.92263578095131,2.0097446702278945
ARMC9,55.534754853323854,16.557966940290118,2.0079948649512733
CYP27A1,43.444034670610485,3.654559766108175,2.006954087790255
SUCLG2,54.594043094894886,15.619026200382324,2.0043678252582753
DLGAP1,46.704232734897126,7.275385134375352,1.999515934271842
DIP2B,65.12533463129715,27.060609468120994,1.9942315066211622
MAML3,67.19396446824045,29.315191723827727,1.9918505910104853
TBC1D5,69.42733586685887,31.74969076801979,1.9892600785786458
COMMD1,58.472022015463246,20.066344315753966,1.9878622160436814
PIBF1,60.34595727951776,22.10165298549421,1.9860914942486496
PBRM1,70.74714042346069,33.26773867086473,1.9833983628248513
ACYP2,51.67081640676189,12.897784774541773,1.9823781794825734
CYTH3,61.82114308179044,23.777128078263804,1.980701300088376
AFF3,43.312990246550726,4.020015742718992,1.9793765018315375
ST3GAL3,43.27086882453152,4.00877094343866,1.9775339983320865
STRADB,46.301739146713594,7.281007534015519,1.975741289150978
RTTN,45.01750379092798,5.9878556167772405,1.971408073562413
DPH6,44.961341894902375,5.9878556167772405,1.9681334795022245
DERA,48.25617312840482,9.52434499044192,1.9673154743302745
ST6GALNAC2,42.53514798659603,3.4746429776228496,1.963775313313917
ENAH,54.47048692363854,16.276846958281794,1.9612773586529615
TBC1D7,46.409382780762684,7.668953109187002,1.960853843856682
GMPR,42.56978115581182,3.5814685707860114,1.9599669468836391
PLXNC1,51.13072617331561,12.762847183177781,1.9582488044853792
PARD3,59.838628152086415,22.073540987293377,1.958044599685838
GALK2,47.683321788943594,9.119532216349938,1.9559985285612105
PDSS2,47.41093659321939,8.877769031822783,1.953305751351643
DNMT3A,49.85959525993597,11.497807264140334,1.9531460557299651
RNF144A,48.626841642173844,10.266501742943888,1.948440620111942
R3HDM2,58.96531066888818,21.353873833352075,1.9463849529741004
KIAA2026,66.16152161296965,29.118407736421904,1.9423878726702681
C12orf76,47.624351798116706,9.310693804115596,1.9421316900212726
TTC28,61.11350319186776,23.788372877544138,1.9388279728843085
MBD5,62.07480764550611,24.81727201169459,1.9387481607005168
SERPINE2,61.4289458412116,24.232542449117283,1.932989315384257
SNX10,47.1741205983114,9.040818621387608,1.930602970068667
FRMD6,49.43276485014134,11.593388058023164,1.9230448834841611
LEF1,47.82091843420634,9.906668165973237,1.9210803408103325
STX8,53.21246045266488,15.68649499606432,1.92013215910349
MAP2K5,50.03369713761536,12.335544810525132,1.917595864912602
FAM178B,38.9932044105809,0.5791071629371415,1.9152189080166737
SLC23A2,54.600595316097866,17.28887889351175,1.9136537174469128
PYGB,49.195948855233354,11.63274485550433,1.907089964703782
FAN1,41.317370874440726,3.266614190936692,1.904119876620768
SPATA5,49.067712525974876,11.576520859102665,1.9026801851614707
BTBD9,64.40178220416722,28.067019003710787,1.8971407567230916
FARP1,57.57904786865604,20.853480265377264,1.89285522728834
FAF1,71.7627347099238,36.06207129202744,1.8901735903924886
CDK5RAP3,42.781324297508284,5.144495670752277,1.8870328068260265
CABIN1,48.75882209783402,11.610255256943663,1.8828295916933608
KRIT1,46.06024299380347,8.776565838299787,1.8800727426153196
NARS2,48.27582979201378,11.149218486450017,1.8798192066490522
LPGAT1,57.15315349046184,20.645451478691104,1.8793715668438524
SNTB1,42.44622498455548,4.930844484425953,1.8791497944683548
MFSD12,57.959076698429335,21.522545822557067,1.8785135120436947
KIAA0319L,54.37033154239287,17.721803665804565,1.8766103630410524
PRKDC,71.37053746934497,35.90464410210278,1.875894197178506
SYNE2,73.57863601475185,38.327898347014504,1.8724435594652715
MPPED2,39.38914577756145,1.849769481614753,1.8689858449779688
MOK,40.5002152872681,3.0529630046103677,1.8681299319131432
SYNGR1,41.64779002939139,4.38547171932981,1.8623479214619985
SCAPER,54.326338057172805,17.95232205105139,1.8614697024239137
USP48,66.99926989535166,31.513549983132798,1.860570745002656
MBNL2,65.61207106351911,30.152929270212525,1.8539147592445562
ANXA4,52.63773705000281,16.28809175756213,1.85380299710978
CCDC91,64.55529138663721,29.112785336781737,1.849041203571716
FDFT1,58.9484621000805,23.130552119644666,1.8484787315369329
ATM,58.90259655165958,23.0911953221635,1.8479515268810291
DDX39B,58.79963307561263,23.040593725402,1.8447085936429575
GNPTAB,57.93848400321995,22.141009782975374,1.843573515041977
TFDP2,49.75663178388902,13.420667941077252,1.842244043473197
DENND5B,47.50360372166164,11.036770493646689,1.8409279587783631
FNIP1,64.6910159686991,29.41077251771056,1.840698591673039
FAM13A,44.77881573281914,8.191836275722478,1.8372564078512579
INPP5F,47.94634666866354,11.77330484650849,1.8265622212934514
BCAP29,43.66681019151207,7.202293939053188,1.826402345480293
ABCC5,42.288035644083344,5.740470032609918,1.8257585272424353
ROBO1,54.20933410711945,18.525806814348364,1.8233620871349685
OTUD7B,57.766254188741414,22.42775216462386,1.817888654425622
ZNF462,44.615946234344875,8.433599460249635,1.8145710810943634
ATXN10,61.53378138045941,26.588327898347014,1.8105857823911002
SPATA6,44.498942284291516,8.388620263128303,1.810202778318399
ASAH1,64.24920905329763,29.50073091195322,1.810030915367363
CSNK1G1,45.799090177284384,9.799842572810075,1.8090226540775998
PPP6R2,63.359979032892156,28.57303497132576,1.8087921448505155
PRIM2,44.30705580620401,8.214325874283144,1.8085229336542914
MSH3,46.66304734447835,10.7668953109187,1.8066408101074463
ZNF544,38.827526817305355,2.406387045991229,1.8058745231143982
RPAP2,47.549469270082554,11.77330484650849,1.803421756601451
CDH1,37.624726210756876,1.1750815247947826,1.8029155376618085
MCOLN3,38.22846659303218,1.8272798830540875,1.8025377851587834
SCARB1,40.83625063182133,4.745305296300461,1.7953998918301735
ARHGAP42,44.8855233352678,9.091420218149105,1.7944027729103702
COMT,56.92944193795982,22.056673788372876,1.789340790436599
STXBP1,50.48767246382238,15.180479028449342,1.7888646626727445
PHLPP1,59.55407454555666,24.873496008096254,1.7887062537372613
NSD1,57.06048636201958,22.247835376138536,1.7865529951336334
AKAP9,75.93275548982533,42.46036208253683,1.7842636753635595
STX16,51.673624501563175,16.586078938490946,1.7813329181990738
MTA3,45.10081060336597,9.61992578432475,1.77812360732697
ATR,47.77973304378756,12.487349600809626,1.7778940223468729
CHL1,37.600389389145775,1.6417406949285955,1.7760387020062343
CLASP2,67.91190070576782,34.05487462048802,1.7751449961546517
PARVA,51.32261265140311,16.349938153603958,1.7737489882823962
ACACA,49.53104816818616,14.590127066231867,1.7652931179129527
WDR70,57.32163917853866,22.939390531879006,1.7640531717035395
ITGA6,44.532639421906886,9.32193860339593,1.7612518449621946
PLOD3,49.62090720182714,14.781288653997526,1.7601039536325147
ZNF280D,42.61283860943145,7.331609130777015,1.7578945467586427
RALGPS2,44.20502836175749,9.052063420667942,1.756872655374334
PTPRA,65.36495872100642,31.704711570898457,1.7548515430744254
PRKCE,70.21641050601868,36.9729000337344,1.7503242949010227
ATP10A,43.18288185409139,8.169346677161812,1.7454302440656102
SEMA3C,45.12140329857536,10.24963454402339,1.744971537257033
LRBA,56.95003463316921,22.905656134038008,1.744226600475696
CPQ,56.52414025497501,22.56831215562802,1.7377975235566498
UGGT2,56.12071063519104,22.174744180816372,1.735745494490131
LIMD1,45.07647378175487,10.418306533228382,1.7331502313235234
TIMP2,64.4326712469813,31.114359608680985,1.7326989890740485
EPS8,60.74657880450044,27.195547059484987,1.731561018513497
RPTOR,49.7313589306775,15.439109411896998,1.7306576289446534
GTF2F2,57.6576745230919,23.940177667828628,1.7290498174305409
ZNF827,39.1570099406556,4.183065332283819,1.7281616317150605
ZMYND8,63.51629631016343,30.287866861576525,1.7243565196835604
FXYD3,36.00445551041803,0.8939615427864613,1.7237795501676292
FAM222B,55.39060598685812,21.623749016080062,1.7232344319465165
CDH3,36.39478068779602,1.3999775104014394,1.7189330868298645
ZNF565,46.33169215792725,12.048802428876645,1.7173883119436069
LUC7L2,59.63082913679166,26.26785111885753,1.717114718620554
ASAP2,49.948518261976524,15.933880580231644,1.7163279426336642
ENOX2,41.6412378081884,7.067356347689194,1.715659957591107
UPF3A,54.01183143942939,20.330597098841785,1.7133889830233007
KLHDC10,50.95475223243536,17.063982907905093,1.7133468272868084
CBR4,46.4346556339742,12.2736984144833,1.7111228934734748
CLCN3,50.451167231405734,16.59732373777128,1.7094424787766092
CLSTN1,47.57099799689237,13.611829528842911,1.7043792431874472
XPO4,49.62558735982927,15.821432587428314,1.7036334472444852
FTO,58.02647097366007,24.822894411334758,1.7023977845057363
BAZ2B,64.97744163842971,32.261329135274934,1.7018914627974397
NFIA,55.7912275118408,22.495220960305858,1.6990514443681761
DYNC2H1,42.63062320983956,8.4560890588103,1.6975872969753116
FIP1L1,54.593107063294454,21.275160238389745,1.6957518997082444
BCL2L13,46.43839976037591,12.633531991453953,1.6917110542820553
TTC17,65.1094220940899,32.598673113684924,1.6911834974681654
C7orf50,45.06804949735103,11.182952884291016,1.690944983107536
PLAT,41.28648183162664,7.162937141572023,1.689761181055879
ITGB3BP,40.15575565831103,5.9878556167772405,1.687937381085412
IGF2BP2,54.4658067656364,21.32576183515124,1.6855689972995425
OSBPL9,61.89134545182245,29.275834926346565,1.6848213823209197
FBXL2,40.16792406911657,6.094681209940402,1.6828191770310588
PPIP5K2,44.60190576033847,10.87934330372203,1.680328787641615
RBM26,60.41615964954977,27.847745417744292,1.676715851476
SOCS6,43.419697848999384,9.704261778927247,1.6755032764493087
FANCL,38.210681992624075,4.166198133363319,1.673904884869417
ZBTB20,72.39455604021192,40.7061733948049,1.6736612086994034
VPS13B,66.4741561675122,34.38097379961768,1.673525568888794
ARHGAP32,49.664900687047194,16.42865174856629,1.6727997926193259
TBC1D16,49.81185764831421,16.631058135612278,1.6703263569210562
SRPK2,79.55051762547504,48.459462498594405,1.6679307780314587
RAI1,47.67021734653762,14.410210277746543,1.6666099741164162
TNRC6A,67.96151038059045,36.1182952884291,1.665470938856931
ELP4,39.80848793455267,6.032834813898572,1.6652357062971497
EFHC1,38.186345171012974,4.30675812436748,1.6648178685388695
BCL2L14,37.419735290263404,3.519622174744181,1.6630606028156345
IPO9,51.36005391542019,18.447093219386034,1.6615251094678962
R3HDM1,49.443997229346465,16.434274148206455,1.6596130016264052
GPR137B,57.24207649250239,24.828516810974925,1.656355899775589
APOE,51.070820150888295,18.239064432699877,1.6560096279032
RDX,76.11153752550686,45.03542111773305,1.654209571325352
DOCK1,55.29513076361457,22.798830540874846,1.65356292826953
CAMKMT,49.30265645768201,16.417406949285958,1.6522921029767994
LINC00342,39.15607390905517,5.588665242325424,1.6514267994360687
CNTLN,38.7526442892712,5.161362869672776,1.6512150965066215
BMPR2,64.65263867308161,32.85168109749241,1.6507476864172603
PKP4,55.43272740887733,23.023726526481504,1.6493168428031808
LYST,81.18482879982028,50.567862363656815,1.648201081615966
AHCYL2,48.21873186438774,15.394130214775666,1.6449156637730002
ENOSF1,55.82118052305446,23.540987293376816,1.6437477842843862
MAGED1,42.39755134133328,9.203868210952434,1.643203835587105
PLS3,51.375966452627445,18.806926796356684,1.6428227656561847
SCLT1,45.77662541887414,12.88653997526144,1.6393229749114606
ATRN,47.885504614635785,15.146744630608344,1.6389821306877397
CC2D2A,36.49680813224254,2.9967390082087033,1.6377731622178118
MYH10,41.73671303143195,8.619138648375127,1.6365717651881284
TARBP1,36.2440796001273,2.7549758236815474,1.63622649292931
LRP6,43.19598629649737,10.227144945462724,1.6339344216516116
SPRED1,54.500439934852196,22.360283368941865,1.6311516620997921
ATF6B,43.495516408633954,10.603845721353874,1.6308486147753172
TSEN2,37.36638148903907,4.059372540200157,1.6305045202653072
FNTB,34.73238856543797,1.2931519172382773,1.6278328020823398
SLC30A9,46.50860213040792,13.8817047115709,1.627712229785637
ULK4,43.27554898253365,10.429551332508714,1.6275314730811155
P2RX7,39.78602317614243,6.77499156640054,1.6234386936574956
TYW1,47.411872624819814,14.94996064320252,1.6221016232464005
TMCC1,48.6324578317764,16.259979759361297,1.6218034691648824
NVL,40.51331972967407,7.590239514224671,1.6213701384243724
BPTF,76.52713555609637,46.14303384684583,1.618017525870226
NHLRC3,38.55607765318157,5.566175643764758,1.6176701036511
CLN6,35.53456764700376,2.338918250309232,1.6175548103261443
GAS7,48.71670067581482,16.445518947486786,1.6165935665012714
HMGN3,43.94481157683883,11.362869672776341,1.6156380291727126
POLR1C,49.533856262987435,17.33948049027325,1.6154702674446153
MYO1D,66.79427897485819,35.79781850893961,1.6148970572748573
KLHL22,39.98914203343505,7.16855954121219,1.6138113372426748
SHC4,33.5857498549151,0.39919037445181604,1.6097451493192212
IFT88,40.6013067001142,7.92196109299449,1.6084037954374628
MAP2,35.51023082539266,2.5581918362757228,1.6041736996757627
PLXNA1,40.86526761143456,8.28179466996514,1.604164242058251
WDR73,38.57386225358968,5.836050826492747,1.6039844493402529
ZRANB3,40.61066701611846,8.028786686157652,1.6031218616801
RANBP10,42.16354344122657,9.693016979646913,1.6028749646821119
CERS4,43.617200516689444,11.250421679973012,1.6026706509451842
SPARC,54.813074489394765,23.23175531316766,1.6018384771604899
YTHDC2,42.229065653256455,9.811087372090409,1.6002541829392478
NCKAP5,36.15422056648632,3.3228381873383563,1.600008319125634
CHCHD6,38.15732819139974,5.509951647363095,1.5974876960522135
ALDH7A1,37.0256659864837,4.402338918250309,1.5919286672399333
NNT,44.07398393769773,11.964466434274149,1.5903504460667004
SLC25A43,41.14888518636389,8.911503429663782,1.5863481875035315
ARFGEF2,55.89793511428945,24.721691217811763,1.5838116480357998
STK3,67.5412321919988,37.16968402114022,1.5836092287011165
ZMYM4,54.495759776850065,23.237377712807827,1.5830302996975782
TRAF3IP2-AS1,48.4789486493064,16.816597323737774,1.5824875308053497
TRIB2,39.54359099163188,7.365343528618014,1.5770976552322593
ARPC1A,49.089241252784696,17.58686607444057,1.5760506727962622
UBE4B,54.902933523035735,23.838974474305633,1.5739519571895007
EXOC2,46.17724694385682,14.545147869110536,1.5721990441347795
MGME1,39.5791601924481,7.500281119982008,1.5718102602554251
NDUFAF6,44.937005073291274,13.235128752951761,1.5713510902952317
PRKRIP1,53.05146301739146,21.93860339592938,1.5696712120603213
NPAS2,45.46492689593201,13.8648375126504,1.5677795199023332
PLD3,52.355991538274324,21.247048240188914,1.566847508091621
ERI3,45.76913716607073,14.252783087821882,1.564353153818697
RAB3GAP2,50.234007900106704,19.031822781963342,1.5639705121852023
SPIRE1,57.09511953123537,26.41965590914202,1.5609853291862117
RFX7,47.30890914877286,15.990104576633307,1.5593548115763427
DCBLD2,43.562910683864686,11.998200832115147,1.5587113139819118
BIRC7,32.417582417582416,0.11807039244349489,1.5569696440095608
IFT81,36.437838141415654,4.424828516810974,1.5564276986519103
QDPR,35.50929479379224,3.452153379062184,1.5553504804756926
PLCB4,39.706460490106146,7.950073091195323,1.554694991630896
DMD,40.292416271973345,8.591026650174294,1.5538937263878354
HEATR5A,41.993185689948895,10.440796131789048,1.552148133327783
CEP112,41.428758634891516,9.872933768132238,1.5502172863302608
ZRANB2,66.61830503397795,36.80422804452941,1.5497335994636259
ZMAT3,39.322687533931145,7.640841110986169,1.5491882551427643
WLS,47.0589887114589,15.933880580231644,1.547850078236956
KCNQ5,33.16921579272516,1.169459125154616,1.5434377965763506
MCC,45.59784338319262,14.505791071629371,1.5405631959070836
SLX4IP,35.4905741617837,3.716406162150006,1.5398430610485672
CNPY2,55.570324054140066,25.26144158326774,1.5352646311582183
ANKRD36,44.03467061047981,12.942763971663107,1.5346887722494882
NR6A1,45.566018308778105,14.590127066231867,1.5341067772636308
ITFG2,35.35297751652096,3.6770493646688407,1.5339673527610223
MAPKAP1,53.321040118314386,22.91127853367817,1.5323265265969912
RBFOX2,65.46792219705337,35.92713370066345,1.5305074773612921
DNASE1,36.95078345844956,5.459350050601596,1.5298989895314339
ZFYVE16,61.01241177902166,31.243674800404815,1.526221627283115
GPI,59.59245184117415,29.793095693241877,1.522562998022095
TBC1D14,54.00340715502555,23.822107275385136,1.5224240387273476
ESF1,49.91950128236329,19.481614753176657,1.5210951036205227
ITPA,39.684931763296326,8.562914651973461,1.520007139084354
STAU2,48.81592002546006,18.34589002586304,1.5187069769525632
DTNBP1,49.47863039856226,19.054312380524006,1.5187003379842838
SLC25A12,39.52580639122377,8.450466659170134,1.5168635430373918
ANAPC5,55.78467529063781,25.829303946924547,1.5167838418472306
DCAF8,44.482093715483835,13.752389519847071,1.5166085443059367
CCND1,42.36291817211749,11.520296862701,1.5148154411710628
RABL6,46.142613774641035,15.562802203980658,1.5146632059959995
ARL15,55.24552108879196,25.37388957607107,1.510192141719888
ACOT7,41.74607334743621,10.96930169796469,1.5089081433154956
UACA,46.371005485145176,15.92263578095131,1.508349743045335
MTR,48.22153995918902,17.90172045428989,1.508281817287011
ABR,64.46449632139581,35.38738333520747,1.5014466150124026
USP54,37.95514536570755,7.084223546609693,1.4998172710388538
ARHGAP5,59.55033041915495,30.18104126841336,1.49894330190063
DMXL1,54.529456914465435,24.85100640953559,1.4969661225770943
GAB1,47.60563116610817,17.46317328235691,1.4962946755422073
ASCC3,51.223393301757866,21.42696502867424,1.4909947884801003
MLLT10,58.953142258082636,29.70313729899921,1.4901947386691394
ANKRD26,41.78913080105585,11.385359271337006,1.4887213097377556
OSTM1,48.419978658479515,18.480827617227032,1.4882597842799463
CBFA2T2,54.42742947001891,24.91285280557742,1.4876433454497862
ZNF721,48.933860007113836,19.06555717980434,1.4863233335547625
GGA1,45.52670498156018,15.427864612616665,1.4861131290175504
ZNF618,33.00260216784919,2.0802878668615765,1.4840343618301874
CDK5RAP2,44.415635471853534,14.29213988530305,1.4832883898082325
ANKIB1,59.25922459142221,30.203530866974027,1.4807431052639366
SCMH1,56.56719770859464,27.33048465084898,1.4805153393195014
PRELID2,35.54954415261059,4.868998088384123,1.4804035751284812
HDAC4,56.16283205721025,26.931294276397168,1.478715454708158
TRMT11,41.145141059962185,10.913077701563028,1.4769371970999294
GSK3B,65.48851489226276,36.933543236253236,1.4768050987607213
NUDCD3,44.97819046371006,15.017429438884516,1.476521895030747
RPRD2,50.832132092779446,21.292027437310242,1.4755430877424058
TAF15,65.79366119400191,37.34397840998538,1.4722064251533744
DNAJC13,44.410955313851396,14.500168671989206,1.4716668291246076
TPD52,37.72956175000468,7.38783312717868,1.4701013829967828
FBXO32,43.97102046165078,14.202181491060383,1.4622720565305964
CCNL2,54.81120242619391,25.789947149443382,1.4621712586305442
ZFYVE9,40.25029484995413,10.260879343303722,1.4603416370576427
SMARCAD1,38.07402137896175,7.944450691555156,1.45982017863759
SUMF2,47.64681655652695,18.194085235578545,1.4588223115497914
RBM27,38.9548271149634,8.905881030023615,1.4587274339083383
CCPG1,36.77480951756931,6.578207578994714,1.4586011112632966
PRKAG1,32.043169777411684,1.5236703024851006,1.458458761230314
SCD,34.67809873261321,4.357359721128978,1.4575044037068077
GMDS,57.804631484358914,29.079050938940743,1.4572753236741076
AKAP6,32.960480745829976,2.5300798380748906,1.4570407344574225
UBL3,68.91719864462624,40.970426177892726,1.4564933717323238
THADA,49.59001815901305,20.35308669740245,1.4543423932597295
FKBP9,35.959525993597545,5.78544922973125,1.4543125850440768
NLK,51.0642679296853,21.966715394130215,1.4522715537830844
RAB28,46.730441619709076,17.35072528955358,1.451400005227839
MBOAT1,35.37637830653163,5.2344540649949405,1.4503700436246223
ANKRD36C,41.1002115431417,11.357247273136174,1.4500865610470006
XKR6,37.58073272553681,7.629596311705836,1.4482347047549355
EXT1,67.18647621543703,39.29495108512313,1.446984162918738
POLR3G,31.943950427766442,1.636118295288429,1.446539224600408
TOM1L1,32.25939307711028,1.9734622736984144,1.4465282665344172
EVI5,55.332572027631656,26.650174294388844,1.4456420903273
BMPR1A,44.20409233015707,14.848757449679523,1.4405887042531713
CARS2,39.911451410599625,10.272124142584055,1.4399714775154808
EHMT1,59.65984611640489,31.38423479140897,1.4396904614291057
STRADA,34.65001778460041,4.677836500618464,1.438384008374532
RENBP,33.92084916786791,3.9356797481164962,1.4363560371753272
URGCP,40.263399292360106,10.727538513437535,1.4356478641088612
BCKDHB,34.48808431772656,4.615990104576633,1.4323161934189528
C1orf21,66.55465488514892,38.89576071067131,1.4319221723636315
GIGYF2,62.50819027650374,34.594624985944,1.4306292528036821
RSRC1,57.249564745305804,28.977847745417744,1.4304323974571242
ADIPOR2,54.06144111425202,25.57067356347689,1.4304175478179912
MTHFD1L,53.31916805511354,24.783537613853593,1.4300792728541714
KCTD1,31.89153265814254,1.883503879455752,1.4299872118057062
SDHC,46.60314132205103,17.643090070842234,1.4280280988367897
MRPS28,42.35917404571578,13.12268076014843,1.4271816433894764
TULP4,53.026190164179944,24.55301922860677,1.425572369110177
SGCE,37.26154594979126,7.719554705948499,1.424716558814005
TRIM44,55.74068180541774,27.471044641853144,1.4246562044959252
SMARCC1,69.83357358144411,42.561565276059824,1.4231217820158528
ARHGEF10,37.500234007900104,8.006297087596986,1.4229908114046972
XYLB,33.87311155624614,4.138086135162487,1.4225306754017362
TMEM135,44.99223093771646,16.040706173394806,1.4215173173879514
NEK1,46.32326787352341,17.52501967839874,1.4181508465832675
RPA3,41.61783701817773,12.526706398290791,1.4164694302165861
MFGE8,49.58533800101092,21.055886652423254,1.4157293825657193
ORC5,34.65001778460041,5.1163836725514455,1.4144597685925995
DTNB,42.93108935357658,13.971663105813562,1.414213051786093
SPG7,54.22431061272629,26.093556730012367,1.4113888154679273
KNOP1,35.420371791751684,6.021590014618239,1.4099941991067628
RABGAP1L,69.00424958346593,41.92623411672102,1.4094264186419172
ALG8,34.33176704045528,4.880242887664455,1.4087860185443657
SDC3,34.47591590692102,5.065782075789947,1.4070690162116222
ATG10,36.68775857872962,7.432812324300012,1.4069038949975206
AP3S2,34.15111294157291,4.767794894861127,1.4043871614409982
RMDN1,35.32489656850815,6.027212414258405,1.404120668181597
SPIDR,67.206132879046,40.149555830428426,1.401508675367321
PRR14L,44.27991088979164,15.647138198583155,1.4014550209903949
PRKACB,40.62283542692401,11.750815247947823,1.4007820399362265
STXBP6,38.00756313533145,8.978972225345776,1.3995085741295006
TSPAN9,38.09929423217328,9.10266501742944,1.3981092152585455
RUFY3,57.88887432839732,30.265377263015854,1.3974690789440338
UNK,40.27463167156523,11.469695265939503,1.395815607905321
GOLM1,37.05093883969523,8.040031485437984,1.3949537327861161
FBXO17,33.929273452271744,4.717193298099629,1.3942130041088598
PDE4D,63.587434711795865,36.43877206791859,1.3929515398337196
AVL9,52.40653724469738,24.496795232205105,1.3925098915412146
POLA1,37.019113765280714,8.06252108399865,1.3918712453939612
TMED3,41.22189565119718,12.577307995052289,1.3906230528866481
SCP2,43.253084224123405,14.753176655796693,1.3903531688890127
CRLS1,32.662822696894246,3.4409085797818513,1.3899965802374856
VGLL4,61.251099837130496,34.004273023726526,1.38953862982188
MIPEP,34.37950465207705,5.285055661756437,1.3894855098506653
BRCA1,31.4749985959526,2.2377150567862363,1.3863772147533866
ATP9A,33.24503435235974,4.132463735522321,1.386216519518138
BIN3,45.456502611528165,17.238277296750255,1.3832557170861313
CTNNBIP1,36.10273882846285,7.2416507365343525,1.3832220549806278
MICU2,50.97815302244604,23.164286517485664,1.3819189316914153
PON2,37.281202613400225,8.568537051613628,1.3795477922854325
AGGF1,31.986071849785645,2.912403013606207,1.379369497959669
LINC00662,38.45685830353633,9.833576970651075,1.379083731138526
SSH2,73.44665555909168,47.26189137523895,1.3773685581226642
REV3L,70.0984705243649,43.686045204093105,1.3772227460973516
GON4L,58.36718647621544,31.15371640616215,1.376895783413752
HLCS,33.82162981822267,4.936466884066119,1.3759745789358657
XRRA1,41.29584214763091,12.925896772742608,1.3759178983161555
GRIP1,32.60291667446693,3.671426965028674,1.3739281179699612
SPICE1,31.571409850796563,2.5863038344765545,1.3729818978069694
CRNDE,40.787576988599135,12.44799280332846,1.3723541090132974
NDUFS1,48.08675140872756,20.257505903519622,1.3719066829703817
MYO9A,54.8214987737986,27.476667041493307,1.3707552940213255
PDE5A,34.34112735645955,5.6055324412459235,1.3697647722740216
EXOC7,38.50646797835895,10.064095355897896,1.369400727288369
PTPRS,40.21191755433664,11.891375238951984,1.369154901158047
UBE3C,61.72941198494861,34.948836163274486,1.3658981240631454
KIFC3,48.13261695714847,20.42055549308445,1.365686025123689
KLHL20,40.01815901304828,11.762060047228157,1.3649121351758378
LAPTM4B,47.18722504071737,19.42539075677499,1.3648533128207956
SNX14,43.029372671621395,14.989317440683683,1.3644270862564256
FBXL18,33.475298126064736,4.807151692342291,1.362835832423477
COPG2,31.17640451541644,2.3670302485100643,1.361912706141275
FBXL5,49.68362131905573,22.185988980096706,1.3598089965791462
DAG1,37.45156036467791,9.119532216349938,1.3594220673625
LMF1,33.21133721474437,4.5935005060159675,1.359100639208711
UTRN,56.406200273321225,29.388282919149894,1.358868275318918
ZNF814,34.11741580395754,5.566175643764758,1.3588680197608538
CASC15,32.79480315255443,4.160575733723153,1.3584315853547322
PACSIN2,64.33906808693861,37.87810637580119,1.3582559418241846
MSH5,29.500907950652415,0.6465759586191386,1.3580772830029708
S100B,29.420409233015704,0.5622399640166422,1.3579845135260462
SNRNP70,71.94526087200704,46.01934105476217,1.357613089629095
EIF2AK2,45.34043469307524,17.598110873720906,1.3568580772329764
SLC38A10,40.31581706198401,12.24558641628247,1.3558894757301427
UQCC1,35.592601606230225,7.207916338693354,1.3553181517376522
NCOA2,55.24458505719153,28.230068593275607,1.354323285546811
CENPP,33.612894771327475,5.1163836725514455,1.353988931614448
NT5DC3,34.15204897317333,5.740470032609918,1.3513790010564324
TMLHE-AS1,29.884680906827416,1.197571123355448,1.3503950155087554
NAPEPLD,31.106202145384426,2.513212639154391,1.3498447169720615
NEK6,35.523335267798636,7.252895535814686,1.3488257175473237
MMP17,33.348933860007115,4.947711683346452,1.3477999702169203
LIPE-AS1,32.288410056723514,3.8625885527943327,1.3451618764561644
NBEA,39.7429657225228,11.846396041830653,1.3442658089382338
IL12RB2,33.1879364247337,4.8465084898234565,1.3439337789889279
PYURF,28.63133459385589,0.0,1.3426485692649242
NDUFA10,51.29733979819159,24.23816484875745,1.341945825903371
GANC,34.40103337888687,6.195884403463398,1.3410519652061343
PPA2,47.155399966302866,19.835825930507138,1.3406070748523164
MRPS25,49.13697886440646,22.000449791971214,1.3380580748138704
MTUS1,38.165752475803586,10.300236140784886,1.3366525736970558
DNAJC11,36.72051968474456,8.776565838299787,1.3355077504059398
TANGO6,39.17666660426456,11.413471269537839,1.3348645042570848
GPATCH8,67.69661343766965,41.898122118520185,1.3347165587214171
PPP1R12B,44.793792238425965,17.423816484875747,1.3344937134220098
SLC7A6OS,37.40101465825486,9.52434499044192,1.3343910190634691
USP40,32.491528914016136,4.312380524007646,1.3324673098128903
DROSHA,34.54331018215175,6.533228381873384,1.3309443421212284
SETDB1,37.60413351554748,9.805464972450242,1.330898083105554
FKBP10,39.432203231181084,11.762060047228157,1.3307472038145354
OSBPL10,36.09244248085815,8.214325874283144,1.3295589757840252
ERCC6L2,40.001310444240595,12.408636005847296,1.3286568393305724
TBC1D22A,63.943126719958066,38.018666366805355,1.3275020281287224
URI1,60.59774978003257,34.470932193860335,1.3259863406921928
THEM4,37.08557200891102,9.344428201956594,1.3258137884897923
TRIM13,48.40406612127225,21.449454627234903,1.3253832825672465
PSMG4,37.61349383155175,9.923535364893736,1.325002707302501
SRBD1,35.921148697980044,8.124367480040481,1.324479000265974
WWP2,40.05466424546493,12.549195996851456,1.3240996781166197
RPS6KC1,52.407473276297814,25.829303946924547,1.319871585694551
TOM1L2,44.80502461763109,17.744293264365233,1.3176655339318664
HS2ST1,46.420615159967795,19.48723715281682,1.3167811726479215
TRAPPC12,39.50521369601438,12.116271224558641,1.3156807516535278
PRMT7,31.68841380084992,3.767007758911504,1.3153925539681852
PRMT2,61.73222007974989,35.88215450354211,1.315146163973837
CCDC171,30.351760675440403,2.344540649949398,1.3150576341155524
APBB2,41.94919220472883,14.741931856516361,1.3149414521706555
ALG14,31.15861991500833,3.2103901945350275,1.3148675979287554
SLC25A16,35.7695115787109,8.14123467896098,1.3147174332349287
MPDZ,41.686167325008896,14.466434274148208,1.314634766774858
SNX29,48.389089615665426,21.64623861464073,1.3137748216849445
ASPH,57.537862478237265,31.4460811874508,1.312591451270345
MTG1,34.41694591609413,6.735634768919375,1.3125345486633733
ANKFY1,39.80567983975139,12.521083998650623,1.3111159162306762
ACSL3,61.889473388621596,36.12954008770943,1.3108193023371728
TTC7B,36.58011494468053,9.080175418868773,1.3107583300218222
EIF2B3,38.05623677855364,10.67131451703587,1.3100235277718983
TANC2,49.35039406930378,22.742606544473183,1.3100143572270095
TTC14,41.88460602429938,14.764421455077025,1.3099487849100577
TBC1D4,39.96854933822566,12.729112785336783,1.3092635611599475
AP3D1,52.586255311979336,26.222871921736196,1.3088252385203147
EEA1,54.75972068817043,28.67423816484876,1.3018216626890706
MIR181A2HG,31.37671527790778,3.6882941639491733,1.3015126512539719
RCN2,45.96757586536121,19.28483076577083,1.3014080707181632
XPO1,63.54156916337496,38.080512762847185,1.3007147493470748
GAS2L3,33.28153958477638,5.762959631170583,1.299395909032127
QPCT,34.22131531160492,6.797481164961205,1.2977541147690843
CDK13,65.67384914914727,40.41380861351625,1.2977509460181103
SLC20A2,48.61280116816744,22.191611379736873,1.2970666821420362
HMG20A,38.09274201097029,10.974924097604857,1.2955890786773756
QPRT,29.454106370631074,1.7541886877319242,1.2949244131189583
HHAT,28.92992867439205,1.2144383222759474,1.2938067534170115
NFX1,43.94668364003969,17.266389294951086,1.2936901083204986
LONRF1,50.63275736188854,24.434948836163276,1.2924612270582196
PARL,39.675571447292064,12.734735184976948,1.2918743744564518
CWC27,39.644682404477976,12.717867986056449,1.2909935107918835
RASAL2,56.78622910309452,31.04689081299899,1.2905436600535016
LGR4,31.37765130950821,3.901945350275498,1.2899118289535207
TECPR2,34.742684913042666,7.584617114584505,1.2852123197628291
ATP8B1,39.7710466705356,12.965253570223773,1.2848656224221153
CRYZL1,35.18168373364285,8.06252108399865,1.2847374430581213
CDK6,49.224029803246154,23.0911953221635,1.283629817175177
ASPSCR1,31.981391691783518,4.672214100978297,1.2830929349707447
LHFPL2,55.33350805923208,29.641290902957383,1.282521082741276
MTOR,38.08806185296816,11.227932081412346,1.2815137498109888
KCTD3,38.45217814553419,11.627122455864162,1.2809668420125295
DAB2IP,33.94237789467772,6.808725964241538,1.2808768555577896
PIGN,35.7208379354887,8.714719442257955,1.2805939073858792
ERICH1,49.23807027725256,23.164286517485664,1.2804610923932356
MAK,33.79542093341071,6.673788372877544,1.2796696389819164
TNS3,47.1394874290956,20.949061059260092,1.2789485106785616
CFDP1,58.52818391148885,33.121556280220396,1.2789305950571088
DTD1,34.727708407435834,7.691442707747667,1.2785113952460514
CRYL1,35.29026339929236,8.304284268525807,1.2778793209254717
NBAS,53.277046633094336,27.532891037894974,1.2776367471376835
RAB4B,28.727745848699854,1.2987743168784438,1.277417399457653
DEPDC5,30.517438268715953,3.2160125941751936,1.2771759280520891
TRIOBP,42.19630454724152,15.703362194984818,1.2769003711289417
PDXDC1,71.22826066608009,46.75025300798381,1.2759337058241322
NUP160,44.61501020274444,18.306533228381873,1.2759143884103659
ITPK1,40.09584963588371,13.476891937478916,1.2758920783246188
EXOC6B,66.88975419810173,42.156752501967844,1.2735623903391557
U2SURP,57.42647471778647,32.04767794894861,1.2732776902731908
TCHP,34.96546043394425,8.045653885078151,1.2730504189949308
TNKS,60.687608813673556,35.56167772405263,1.2717218127565095
C1GALT1,40.327985472789564,13.819858315529068,1.2707170847131695
LENG8,44.67866035157347,18.475205217586865,1.2704239643265545
FBXO22,38.54952543197858,11.94759923535365,1.2691597067480083
QTRT1,36.49680813224254,9.771730574609244,1.2681743296892385
EIF4A1,55.8782784506805,30.495895648262678,1.2676630496526222
SYNCRIP,47.717018926558964,21.792421005285057,1.2666140995040425
ZCCHC7,61.735028174551175,36.792983245249076,1.2656210879759093
ARFIP1,44.04215886328323,17.884853255369393,1.265517605709838
SNX30,34.630361120991445,7.826380299111661,1.2654741276601043
ZNRF3,34.28402942883352,7.477791521421342,1.264297501038682
EIF2AK4,40.85590729543029,14.562015068031037,1.261011093863365
RNF213,63.98712020517813,39.3005734847633,1.2601347336004773
INVS,41.9969298163506,15.798942988867648,1.2600613048269018
PTCD3,44.28739914259505,18.255931631620374,1.2595730789315394
NUP107,40.50863957167194,14.235915888901381,1.258553006582892
ANAPC7,32.8565812381826,6.060946812099404,1.258361933099232
MYCBP2-AS1,27.958327873148995,0.8264927471044643,1.258320026752072
CEP192,39.88430649418724,13.583717530642078,1.2577300745971807
TMEM168,34.31866259804931,7.635218711346002,1.2577286454027967
APP,66.88601007170001,42.46036208253683,1.2567811488348308
GCFC2,34.31959862964974,7.685820308107501,1.255022732764859
RUVBL1,39.24218881629444,12.948386371303272,1.2549500247572076
RASSF3,57.21212348128872,32.22197233779377,1.2512713045685997
TTLL3,30.49029335230357,3.6770493646688407,1.2504420837163508
ZNF37A,32.94924836662486,6.319577195547059,1.2496558462476601
RHOT1,39.28337420671322,13.111435960868098,1.2484564840721661
ANO10,38.741411910066084,12.56044079613179,1.2469153116301834
ZNF75A,30.731789505213698,4.00877094343866,1.2464262978272904
CTSB,69.44792856206826,45.38963229506353,1.2463555616447106
AEBP1,45.063369339348895,19.32980996289216,1.246233338166363
OLA1,59.28730553943501,34.53277858990217,1.2462052147031581
MTCH2,43.174457569687554,17.32261329135275,1.2455972297644515
TSC2,35.30992006290133,8.922748228944114,1.2452861163335562
FDPS,51.44523279105903,26.18351512425503,1.2444434496907313
ZNF407,47.09081378587341,21.539413021477564,1.2439048217609763
SPATS2,53.067375554598726,27.932081412346786,1.24363440335763
DLG1,63.08665780556751,38.642752726863826,1.2435184351750173
PNKP,36.836587603197486,10.59260092207354,1.2432043544179683
NMRAL1,32.83973266937492,6.325199595187225,1.242963666807447
ZHX3,36.44158226781736,10.176543348701225,1.2428703985518588
PABPN1,49.70234195106427,24.35061284156078,1.2428129341371064
FAM168A,41.211599303592486,15.276059822332172,1.2427966196765414
TRAP1,40.47400640245615,14.52265827054987,1.2408909014139988
KIF16B,38.40537656551285,12.341167210165299,1.2392844437276875
PPM1H,30.849729486867478,4.267401326886315,1.2391937783028033
FER,61.17621730909636,36.70864725064658,1.2376396924197113
DDR2,47.61499148211244,22.219723377937704,1.237354455891791
C2orf88,29.013235486830034,2.338918250309232,1.2373198633705669
PIP5K1A,56.244266806447385,31.45732598673114,1.2365531927049738
TBC1D19,33.06625231667822,6.685033172157877,1.2365410507214432
TLN2,34.84096823108748,8.585404250534127,1.2363465173016979
SORBS1,42.4995787857798,16.810974924097604,1.2341591375534384
GALNT11,40.1164423310931,14.269650286742383,1.2338450985921687
PRPF40B,32.33521163674485,5.954121218936241,1.2337904843412073
PAG1,56.76750847108598,32.09265714606994,1.2324020184508813
GSTK1,41.43343879289365,15.714606994265152,1.2318070264323544
PTK7,34.354231798865534,8.197458675362643,1.229130452689721
IQCK,31.014471048542596,4.632857303497132,1.228862387727746
AAMDC,37.098676451317,11.137973687169685,1.2287338541495223
STK39,32.56360334724901,6.291465197346227,1.2287039054819244
CHD6,56.600894846210004,31.98583155290678,1.2285150888397154
COG4,30.863769960873878,4.497919712133138,1.2274368648811933
FAM53B,31.67062920044181,5.363769256718768,1.2272468286943967
SCARB2,50.38845311417713,25.37388957607107,1.2269943320812353
KAZN,53.55411198682067,28.76419655909142,1.2266195071648287
VPS54,47.83776700301402,22.658270549870686,1.2264194392152736
CKAP5,37.595709231143644,11.733948049027324,1.2252015831605916
LAMC1,54.145683958290434,29.433262116271226,1.2246120962135603
CEP290,34.65469794260254,8.619138648375127,1.2236454541983335
CHMP4A,33.782316491004735,7.725177105588665,1.2215487357624701
GDF15,28.551771907819607,2.136511863263241,1.2214555723317801
CTTN,51.99374730890914,27.201169459125158,1.2209088132102428
ZC3H7B,35.84907426474718,9.962892162374901,1.2199788300849894
ATIC,34.58636763577138,8.61351624873496,1.2199680857812827
IPO9-AS1,35.592601606230225,9.693016979646913,1.2197474596400346
SUGP2,42.61751876743359,17.21016529854942,1.2192585924578192
GPHN,59.6252129471891,35.393005734847634,1.2189790391366309
FTX,77.18703783439729,54.17744293264365,1.218189664431526
CHKA,47.85087144542,22.832564938715844,1.2176751594544468
TMEM178B,27.22541513001479,0.809625548183965,1.2165067373351455
AFG3L2,43.95885205084524,18.69447880355336,1.216492463897503
SLC39A6,42.62594305183743,17.272011694591253,1.2163758503155495
SFI1,35.26967070408297,9.445631395479591,1.2144142687991424
YEATS2,41.8677574554917,16.50736534352862,1.2138828896099612
POLR1A,34.252204354419,8.39424266276847,1.212446371014126
NDUFS4,48.728869086620364,23.872708872146635,1.2121245907023515
BDP1,56.60276690941086,32.28944113347577,1.2120613067414088
SETDB2,38.61879177041017,13.0777015630271,1.2115474471636716
NUDT3,36.302113559353764,10.62633531991454,1.2102008081414337
EXOC6,37.11084486212254,11.525919262341166,1.2082795989529047
MRPL19,37.031282176086265,11.45845046665917,1.2073212429751143
FAR2,41.1526293127656,15.866411784549644,1.2071525885145884
NINL,29.598255237096804,3.519622174744181,1.2070188033666884
WDR12,37.919576164891325,12.419880805127628,1.206665110787221
METTL16,38.777917142482735,13.353199145395255,1.2057961335481207
CLYBL,29.092798172866313,3.047340604970201,1.2033120227439944
SHPRH,42.03811520676938,16.884066119419767,1.2032655163952328
FAM228B,31.02757549094857,5.166985269312943,1.200487962504821
MAP3K13,41.66089447179736,16.546722141009784,1.1996744209950154
FBXL4,32.920231387011626,7.21353873833352,1.1991953300174951
ITGB1BP1,42.92921729037572,17.91858765321039,1.1987857406133597
CCDC66,41.752625568639196,16.670414933093443,1.198275062124061
GANAB,46.588164816444205,21.84864500168672,1.1977275486657968
NT5DC1,32.52148192522979,6.814348363881704,1.1977229048121707
PPP1R21,41.53827433214145,16.462386146407287,1.1971257059729496
CCDC57,38.29398880506206,13.015855166985268,1.195983309433545
ENTPD1-AS1,42.12048598760694,17.108962105026425,1.1957994134363643
POGZ,63.20178969242002,39.64353986281345,1.1956350109319434
XPNPEP3,33.29558005878279,7.680197908467335,1.1956226887569308
UBXN2A,44.568208622723105,19.745867536264477,1.1946649781784815
MAN2C1,34.015388359511014,8.478578657370967,1.1940376840509843
DAPK1,39.1570099406556,13.982907905093894,1.1935468888957217
LRPPRC,54.364715352790306,30.242887664455186,1.193215185758575
SOX13,33.88153584064998,8.360508264927471,1.1926743763539525
C9orf85,35.244397850871444,9.827954571010908,1.1920836719185777
MAP4K3,54.20278188591647,30.096705273810866,1.1917481861456753
SREK1,54.210270138719885,30.11357247273136,1.1912646356184982
PIN4,36.84875601400303,11.565276059822333,1.1908511128454404
ST6GAL1,41.266825168017675,16.327448555043294,1.1886598058969915
HECTD4,46.07147537300859,21.47756662543574,1.1878448708198492
DHX57,28.764251081116498,2.9967390082087033,1.1869161366974983
SLC16A4,29.547709530673753,3.851343753514,1.1859751283646465
ST8SIA1,31.03412771215156,5.448105251321264,1.1855339473362452
ENDOD1,29.7377239455604,4.064994939840324,1.1853987727334974
FGD4,48.43121103768463,24.047003260991794,1.1852608904751478
TFCP2,37.97199393451523,12.88653997526144,1.184263553680572
MBOAT2,31.95050264896943,6.454514786911053,1.1840613439956842
SCFD1,53.22275680026958,29.2027437310244,1.1833751624277833
C2CD5,32.37546099556321,6.9324187563252,1.182767818775929
POMGNT1,31.977647565381805,6.510738783312718,1.1825768542296555
PKN2,61.443922346818425,38.00742156752502,1.1823960344960156
TNRC18,46.81562049534792,22.394017766782863,1.1812377153935678
CTPS2,30.267517831401985,4.711570898459462,1.1810161924074023
IL16,32.477488440009736,7.084223546609693,1.180435197035116
EGLN1,42.85901492034371,18.19970763521871,1.17935644689586
BTBD3,32.96235280903083,7.629596311705836,1.178953919872085
PLEKHA2,43.7379485931445,19.16113797368717,1.1781545490312684
ZNF780B,29.916505981241926,4.396716518610143,1.1777263568105594
ERGIC3,47.99221221708445,23.726526481502304,1.1771475785401875
C6orf89,37.979482187318645,13.038344765545935,1.1764186986051075
NRP2,55.31385139562312,31.625997975936134,1.1731024537558223
WDR83OS,28.15489450923863,2.60879343303722,1.1725505417207758
IMMP1L,29.96330756126327,4.548521308894636,1.1721737175772273
CCAR1,51.87955145365708,27.98268300910829,1.1716162497790314
ILKAP,45.31328977666286,20.988417856741258,1.1703225799948427
NIN,51.228073459760004,27.31923985156865,1.1698240393765866
FBXO9,42.20847295804707,17.6824468683234,1.1696440664671077
ZFP64,27.63446093940131,2.142134262903407,1.1676638149925194
RCOR3,44.01220585206956,19.65028674238165,1.167460754370983
ZNF789,32.28560196192223,7.123580344090858,1.1670999535028872
SARNP,40.7201827133684,16.1419093669178,1.1669088841317161
PPP2R3A,44.64496321395811,20.34184189812212,1.1666278283058054
VPS53,51.56785293071494,27.757787023501628,1.1657110936587958
CSTF3,35.79384840032199,10.90745530192286,1.1652296807544615
IFT80,27.526817305352232,2.0802878668615765,1.1647614409617897
RNF111,55.641462455772505,32.154503542111776,1.1633724762927995
SOGA1,34.57794335136754,9.642415382885416,1.1633469494915663
TCAIM,32.26126514031114,7.174181940852356,1.1629204735378647
VAPB,40.45060561244548,15.939502979871808,1.1622327894652411
NIPAL3,31.230694348241194,6.089058810300236,1.1620288299425425
ATAD5,28.49748207499485,3.176655796694029,1.1615467421805525
N4BP2L2,83.29277196398151,61.74519284830766,1.1613461185919478
HPS5,38.51489226276279,13.898571910491398,1.1607081788169102
USP6NL,35.27247879888425,10.440796131789048,1.1602883774585357
INTS10,47.600014976505605,23.619700888339143,1.1601076961205967
MXI1,55.86423797667409,32.45811312268076,1.1597987641645688
TBCD,38.89679315573694,14.325874283144046,1.1596646206899512
FAM174B,35.16577119643559,10.373327336107051,1.1577473010183206
CDC42,48.08862347192841,24.198808051276284,1.1570043990911736
CPPED1,32.7133684033173,7.775778702350163,1.156461806277938
CERS6,36.60819589269334,11.975711233554481,1.1544343002865929
USP13,30.108392459329426,5.032047677948948,1.154255077601353
LARS2,30.244117041391316,5.189474867873608,1.1535804912738077
DCAKD,30.94333264691016,5.942876419655909,1.1532485702618884
CD46,51.80560495722336,28.252558191836275,1.1525820918365426
VPS8,47.24806709474512,23.383560103452155,1.1524691896362498
MIPOL1,31.742703633674672,6.819970763521871,1.152008479488042
CLNS1A,47.14416758709774,23.287979309569323,1.1516254480132708
BTBD2,30.472508751895468,5.487462048802429,1.1506409595744418
PARG,34.76234157665163,10.09220735409873,1.1495608514948963
SMIM7,41.72548065222682,17.536264477679072,1.1494573041434621
ZNF608,32.05159406181552,7.219161137973687,1.1482415541970643
COG5,61.997117022670686,39.2331046890813,1.1477856030086016
KIFAP3,38.30990134226931,13.932306308332395,1.1469155843601497
SUCLA2,40.678061291349195,16.48487574496795,1.145742956193012
ARHGAP24,39.45747608439261,15.19734622736984,1.144814226183149
ACAD11,25.765205833348936,0.5791071629371415,1.1439428537068963
TTC8,26.743358855794973,1.6248734960080964,1.1439252566726257
STIM2,45.254319785835975,21.432587428314402,1.1426532954268669
CEP170,58.6414437351405,35.752839311818285,1.1419889210535608
DCAF7,48.419978658479515,24.828516810974925,1.141971749487615
ARHGAP35,48.03901379710579,24.44057123580344,1.1409228370223263
FAM120B,40.48149465525956,16.37805015180479,1.140109576416412
HELZ,58.68450118876013,35.85966490498145,1.1386717437323117
APPL2,44.37164198663347,20.572360283368944,1.1381159086095634
NOL3,28.260666080086867,3.356572585179354,1.1379237978290413
STXBP5,51.282363292584755,27.971438209827955,1.1374098416513818
DUT,40.75762397738548,16.732261329135277,1.1368862394397532
FAXDC2,28.839133609150647,3.9975261441583267,1.1366859200446218
MAP4,75.00608420540277,53.34532778589902,1.1364209731419672
TATDN1,38.32862197427785,14.174069492859553,1.1348181117311986
POM121,49.653668307842075,26.279095918137862,1.1347696417823419
WDR35,32.02070501900145,7.438434723940178,1.1344784075729948
ALPK1,30.55581556433345,5.892274822894411,1.1334143604521938
STAT6,45.5238968867589,21.904868998088382,1.1326067809967681
DECR1,46.17350281745512,22.60204655346902,1.132449512126802
HCG17,32.021641050601865,7.477791521421342,1.132385936980747
PMS1,35.394162906939734,11.087372090408186,1.1321104136284026
ANKMY1,29.167680700900462,4.447318115371641,1.1313046134691025
SRGAP2,49.951326356777805,26.667041493309345,1.1309612397250168
KANSL1L,50.577531497463355,27.34735184976948,1.1303597197318411
LAMB1,41.516745605331636,17.67120206904307,1.129925425004807
URM1,34.563902877361144,10.24963454402339,1.1294024305092283
SECISBP2L,51.67268846996274,28.539300573484766,1.129189447062319
GGT7,29.718067281951438,5.07702687507028,1.1290428807002792
HOOK2,39.03345376939926,15.062408636005847,1.1274523455770114
LYRM2,33.62599921373345,9.288204205554932,1.127166004610621
ACADM,34.794166651066135,10.54762172495221,1.126572051945201
WDR27,27.45848699852107,2.709996626560216,1.1264245969632207
ITGA3,28.552707939420035,3.885078151354998,1.1261199107945652
LPP,76.20888481195125,54.8408860901833,1.1249640705208281
FBXW8,32.11056405264242,7.725177105588665,1.1240749859041865
CLASP1,60.49946646198776,38.06926796356685,1.123954346465878
ATG7,51.36941423142445,28.320026987518272,1.1234687590282666
NPRL3,33.02132279985772,8.731586641178454,1.1222749231576066
CDC14B,35.739558567497234,11.655234454064994,1.1212703437911888
PTPN4,34.93644345433102,10.800629708759699,1.121065244202975
BBS5,26.360521931220397,1.636118295288429,1.120989998449982
MCPH1,41.00473631989816,17.28887889351175,1.1209290720428997
MAP3K1,47.848063350618716,24.614865624648598,1.120280865509481
ARMCX4,28.350525113727837,3.783874957832003,1.119852350589101
ZCCHC17,47.833086845011884,24.609243225008434,1.119714361449609
GPR155,30.658779040380402,6.274597998425728,1.1185607533423934
ESCO1,38.75451635247206,14.927471044641852,1.1185498329596941
ZNF362,26.750847108598386,2.114022264702575,1.1176771402264438
MZF1,29.135855626485952,4.666591701338131,1.117486890277363
SPNS1,27.55115412696333,2.9742494096480376,1.1174117890888038
SIPA1L3,47.0589887114589,23.855841673226134,1.1156801570479438
PAICS,40.48617481326169,16.83346452265827,1.1155380564042923
SKA2,29.04131643484284,4.6047453052963006,1.1153485881940097
SLC35B4,28.38796637774491,3.924434948836163,1.114367387724761
TMEM51,34.0181964543123,9.946024963454402,1.114147226791374
CEACAM1,26.02635864986802,1.4055999100416057,1.114081725728516
TEX2,34.86717711589943,10.873720904081862,1.11303920489842
NEO1,33.365782428814796,9.271337006634432,1.1129138818669495
PNPT1,37.984162345320776,14.207803890700552,1.1128936086916361
RNMT,56.49512327536178,34.026762622287194,1.1110082054001862
LINC00504,26.2875114663871,1.742943888451591,1.110905326737676
AP3M2,38.584158601194375,14.893736646800853,1.1104572237808603
MRPS27,33.00353819944961,8.950860227144945,1.1092758484809135
R3HCC1L,41.4456072036992,17.98043404925222,1.1089079496054106
WDR7,37.30834752981261,13.59496232992241,1.1069219183241688
ZNF251,32.08809929423217,8.01754188687732,1.1068156550921562
NUP93,39.45466798959133,15.894523782750477,1.1066170896473237
EYA3,45.07647378175487,21.92735859664905,1.1052922975592168
PACS2,30.439747645880527,6.285842797706061,1.105176394461967
GAS8,26.827601699833387,2.428876644551895,1.1049760414960323
FGGY,29.37547971619522,5.15574047003261,1.1047737626132943
TP53BP1,41.24623247280828,17.845496457888228,1.1046444452400275
ADCY9,35.46342924537132,11.666479253345328,1.104556814282904
AUTS2,53.41651534155793,30.878218823793997,1.1032696471275383
LCLAT1,33.30774846958833,9.395029798718092,1.102782272168825
PAAF1,26.894995975064116,2.541324637355223,1.1027711339113528
MED27,41.47743227811371,18.13223883953671,1.1024820852893615
TPR,69.93279293108935,48.5606656921174,1.1016355668129296
PIGU,28.561132223823876,4.3517373214888115,1.1011532550074343
EFNA5,32.152685474661624,8.191836275722478,1.1010730865531693
FARSB,34.027556770316565,10.199032947261891,1.1008905464400336
MFSD6,34.658442069004245,10.87934330372203,1.1005619092852064
SMG6,50.09921934964524,27.403575846171147,1.099403883424114
CTSA,35.28932736769193,11.576520859102665,1.0993131090618438
RREB1,51.06707602448659,28.449342179242098,1.098785944145476
COQ4,31.769848550087048,7.84324749803216,1.097767973792624
KLC1,52.13321601737274,29.607556505116385,1.0977641240152611
TGS1,42.042795364771514,18.82941639491735,1.0974129253291118
SLC35C2,34.29619783963906,10.564488923872709,1.0966171548763257
MPHOSPH9,31.869067899732293,7.978185089396154,1.096191785417337
SOX4,53.29202313870116,30.895086022714498,1.0950908005589173
DRG1,44.906116030477186,21.96109299449005,1.0935190361062392
TCERG1,50.175037909279816,27.594737433936807,1.0933960706286292
RPRD1A,44.89020349326993,21.95547059484988,1.0928979554786977
KCNAB2,34.56671097216242,10.92432250084336,1.0927596374708028
TBL1X,53.96596589100848,31.66535477341729,1.092365149151377
IARS2,41.01222457270157,17.823006859327563,1.0922271874139555
PLOD1,30.244117041391316,6.319577195547059,1.0919295656819046
METTL2B,31.517120017971806,7.680197908467335,1.0919272101842883
UTP20,33.955482337083694,10.305858540425053,1.0908604512953974
NDUFV1,42.72703446468353,19.684021140222647,1.09068680082326
EML2,30.773910927232905,6.9324187563252,1.0893873114928816
EMC3,54.1934215699122,31.963341954346113,1.089371040884341
NCKAP1,51.60623022633244,29.20836613066457,1.0888147090391733
EXOSC10,36.89742965722523,13.499381536039582,1.0881770625054914
CNKSR3,32.34176385794784,8.636005847295626,1.0878665924176931
XPO5,35.780743957916016,12.324300011244798,1.0871719110500715
PPM1B,40.74639159818035,17.643090070842234,1.0865425149267784
MREG,28.22884100567235,4.267401326886315,1.0863793888273308
SLC2A13,37.02379392328285,13.668053525244575,1.0863432684555574
PPP2CA,40.92704569706273,17.85111885752839,1.0857271146417766
DDR1,26.204204653949116,2.125267063982908,1.0851909826615833
CUL5,44.7460546268042,21.983582593050713,1.0829595589433205
SRGAP1,57.89729861280117,36.03958169346677,1.0829577775909514
HDHD2,26.475653818072896,2.456988642752727,1.0829216469379566
SECISBP2,43.24465993971957,20.392443494883615,1.0822207938661597
RILPL1,35.07684819439504,11.688968851905994,1.0807898077438907
GPD2,37.47496115468858,14.252783087821882,1.0807501876964962
CYP51A1,29.646928880319003,5.886652423254245,1.0807272342676524
LYRM4,48.8383847838703,26.430900708422357,1.078951983725113
PTPN9,37.21848849617163,14.022264702575061,1.0783717700916247
TTC27,32.42132654398412,8.900258630383448,1.0780897125958986
MGA,42.102701387198834,19.251096367929833,1.0779017489465832
SLC18B1,26.689069022970212,2.777465422242213,1.077882006064492
TET1,28.716513469494732,4.964578882266951,1.0767803737504869
GPSM2,37.36076529943651,14.213426290340717,1.0762388936006964
ABCD3,37.979482187318645,14.882491847520521,1.0758142031118525
XRCC4,29.53554111986821,5.8585404250534125,1.075766227829171
MYEF2,26.291255592788815,2.395142246710896,1.075543994358302
PLCG1,30.46408446749162,6.8593275610030355,1.0753098408911623
INTS9,30.252541325795157,6.63443157539638,1.0752443775115965
OPHN1,38.20974596102364,15.141122230968177,1.0751308717077428
DAAM1,45.52670498156018,22.967502530079837,1.0748002373820178
AMDHD2,26.802328846621865,2.963004610367705,1.074363976998645
FBXO28,41.968848868337794,19.189249971888,1.0734712310210983
ANAPC10,30.37516146545107,6.814348363881704,1.0725788351452927
DPY19L4,29.66939363872924,6.060946812099404,1.0725287201835232
BCAR3,37.914896006889194,14.882491847520521,1.0720484199426354
SMYD2,29.481251287043452,5.892274822894411,1.0707604607672503
ETFB,33.203848961940956,9.872933768132238,1.0706529862156262
RAP1GDS1,46.107044573824815,23.670302485100642,1.0702975814816398
PAPSS1,38.98758822097834,16.068818171595638,1.0698750306718834
PRMT3,33.868431398244006,10.615090520634208,1.0689151742456144
SENP6,61.4570267892244,40.10457663330709,1.0687531649221003
CTBP2,62.230188891176965,40.936691780051724,1.0684386984362617
GLCE,31.904637100548516,8.529180254132465,1.068207034749952
NBPF11,34.83909616788663,11.683346452265827,1.0672340805786042
FAM210B,29.211674186120522,5.706735634768919,1.0651642030322388
ZNF586,32.70213602411217,9.484988192960756,1.062563696520932
MSH2,27.965816125952415,4.424828516810974,1.0624551846724457
PHGDH,27.39109272329034,3.8119869560328348,1.0623777636133178
STAT2,42.626879083437856,20.105701113235128,1.0618430313691936
PTAR1,38.10771851657712,15.276059822332172,1.0618207212834465
AASDH,28.315891944512046,4.818396491622624,1.0613963493817848
MCCC1,31.40292416271973,8.124367480040481,1.0610379081237935
MFF,43.81002302637737,21.39323063083324,1.0605886986722641
ATF7,36.654997472714676,13.746767120206904,1.0605460064738172
NFATC3,44.63560289795384,22.281569773979534,1.0602633097474827
VPS36,42.37695864612389,19.86956032834814,1.0601533707608557
FASTKD1,32.998858041447484,9.867311368492073,1.059007438918783
CORO2B,29.450362244229368,6.089058810300236,1.0582241982345613
OXCT1,32.756425856936936,9.636792983245249,1.0574476698289588
CCS,33.92365726266919,10.884965703362196,1.0574125826415592
MAVS,34.840032199487055,11.86888564039132,1.0571668633923794
ANKRD44,58.71071007357208,37.383335207466544,1.0570784904359931
MBP,62.26950221839489,41.18969976385922,1.0569284682503555
FANCC,31.290600370668514,8.09625548183965,1.0560223251176426
MGAT5,54.793417825785795,33.21713707410323,1.0559558326661902
THUMPD2,29.18359323810772,5.84729562577308,1.0558588804310123
AMBRA1,52.55255817436396,30.8276172270325,1.055655964373909
LYPLA1,47.979107774678475,25.941751939727876,1.0555354235917662
PPARGC1B,26.471909691671193,2.9686270100078715,1.0547917275883563
NEMF,59.31538648744782,38.080512762847185,1.0543015463178755
ZNF124,30.990134226931502,7.815135499831329,1.0538392980378977
HEATR1,38.36699926989535,15.703362194984818,1.0536276327917424
FAM210A,36.26092816893498,13.45440233891825,1.0535187646727817
GSN,64.26792968530619,43.43303722028562,1.0510677521101341
EPC2,40.99443997229347,18.559541212189362,1.0510097786354968
CADM1,33.024130894659,10.047228156977397,1.0506659335148183
RERE,76.23602972836363,56.235241200944564,1.0504799773176217
NOC2L,40.457157833648466,18.008546047453052,1.0497414890318633
ADAM10,64.30162682292155,43.51175081524794,1.0487384142264133
HCG18,37.38697418424846,14.753176655796693,1.0483218193023034
SH3RF1,31.870939962933146,8.860901832902282,1.0481457379659664
MRS2,28.140854035232227,4.908354885865288,1.0462829948620054
ZNF532,30.93210026770504,7.92196109299449,1.0446278514083087
PTTG1IP,61.93627496864295,41.07162937141572,1.0439403516396546
HM13,62.96497369751203,42.179242100528505,1.0434959580082555
ETFA,54.60901960050172,33.25649387158439,1.0430572016753215
TMEM14A,25.11279180785143,1.7316990891712583,1.043025176357753
MYO19,36.56139431267199,13.977285505453727,1.0425127877701792
MECR,26.295935750790946,3.0248510064095355,1.0414641226379786
PHF20L1,50.31731471254469,28.70235016304959,1.0412676674139185
ADAR,52.25302806222738,30.771393230630835,1.0412586729480227
RAD18,29.434449707022107,6.403913190149556,1.040120019304838
RBCK1,37.17449501095157,14.696952659395029,1.039000148669709
CMC1,38.002882977329314,15.602159001461825,1.0379183263794007
TMEM192,31.43006907913211,8.57978185089396,1.0377762257357497
ZC3HC1,26.68719695976936,3.5139997751040144,1.0375923989364195
VAC14,32.51867383042851,9.754863375688744,1.037144080161075
SEC22A,33.83379822902821,11.171708085010684,1.0365304599801475
GTF2IRD2B,30.487485257502296,7.640841110986169,1.0340400329074129
TRAM2,30.085927700919186,7.21353873833352,1.0339374831133057
ATP2C1,47.56725387049067,25.913639941527045,1.0330553389312755
LAMP2,59.16000524177696,38.30540874845384,1.0329729951708746
IL1RAP,34.23348372241047,11.666479253345328,1.0328432043647717
ZNF131,50.6767508471086,29.24772292814573,1.0324731301831336
PLD1,36.37512402418706,13.977285505453727,1.031652050803887
METTL8,32.85002901697961,10.210277746542225,1.0316197822657198
RIC8B,31.060336596963513,8.304284268525807,1.0312478116255932
UBAP2,47.311717243574144,25.68312155628022,1.0307314978940738
FUT8,37.76887507722261,15.484088609018329,1.0307153259416992
DPP8,40.89147649624651,18.82941639491735,1.0302837470952435
PHACTR4,58.59651421832,37.760035983357696,1.0298698406496414
UBR1,51.49765056068293,30.186663668053527,1.029114369214395
LETMD1,33.23754609955632,10.682559316316203,1.0284499153620177
IRS2,47.7394836849692,26.18351512425503,1.028374818285947
STYXL1,28.64069490986016,5.774204430450917,1.0281918444795104
DCLK2,26.914652638673083,3.9413021477566623,1.0275437071439422
ANKRD50,30.52118239511766,7.803890700550996,1.0271098796810123
ZSWIM7,35.00290169796133,12.594175193972786,1.0270961742198845
ASH2L,29.96237152966284,7.21353873833352,1.0267333761808901
KIDINS220,48.571615777748654,27.11121106488249,1.0262844181749369
CDYL,57.84581687477769,37.05161362869673,1.024746282256959
RNF216,54.01276747102982,32.96412909029574,1.0242414212576052
CCDC88A,49.79875320590823,28.460586978522436,1.0242212529071901
PARP9,29.885616938427837,7.179804340492522,1.0240984237690371
APC,39.34234419754011,17.28887889351175,1.0240010878613144
TMX4,40.209109459535355,18.222197233779376,1.0236232997312422
ABTB2,39.5791601924481,17.553131676599573,1.0233930714080484
ORC3,29.204185933317106,6.471381985831553,1.023013531383921
LIG1,28.28125877529625,5.487462048802429,1.0228772146594123
SPRED2,47.26772375835408,25.789947149443382,1.022338699779532
PHKB,41.8817979294981,20.03823231755313,1.022080735778167
NUP133,31.91212535335193,9.40065219835826,1.0211018887502905
ODF2L,45.16165265739372,23.57472169121781,1.0203895055235002
NPHP3,36.917086320834194,14.781288653997526,1.0193907772178317
PAM16,27.980792631559243,5.2344540649949405,1.019160582465441
NAV1,53.65707546286763,32.68863150792758,1.018531655662497
THOC2,65.09818971488478,44.91735072528955,1.0185028176021005
AKAP10,40.38882752681731,18.51456201506803,1.018152507535891
TAOK3,63.22051032442856,42.921398853030475,1.0179081859665358
SESN3,41.28648183162664,19.481614753176657,1.0177354200018505
TUBGCP5,25.512477301233687,2.631283031597886,1.0172540070975165
CHM,39.120504708238954,17.17643090070842,1.0172008617804753
EIF3B,54.32540202557238,33.43078826042955,1.017012149963164
PIK3CB,48.63994608457982,27.364219048689982,1.016466061586795
DCAF10,44.0973847277084,22.512088159226355,1.0163062214006837
GPR180,27.420109702903574,4.689081299898796,1.016221157647217
TMX2,37.73985809760937,15.725851793545484,1.015834448361587
VPS13C,59.58870771477245,39.08129989879681,1.015641562010999
CEP57,45.80751446168823,24.356235241200945,1.0154131150401748
ATP9B,50.689855289514576,29.579444506915554,1.0151406617826386
EPN2,36.52769717505663,14.449567075227707,1.014783465415062
CHID1,29.982028193271802,7.455301922860677,1.0146904801196088
SREBF2,49.963494767583356,28.820420555493087,1.014196583354979
TAF1,44.08053615890072,22.545822557067357,1.0134835170455554
MTIF2,26.693749180972347,3.9975261441583267,1.0115964269454134
CLMN,32.76765823614205,10.491397728550545,1.011480993168512
SAMD4A,55.37656551285172,34.667716181266165,1.0108230104303995
ANKRD6,30.552071437931744,8.135612279320814,1.0108143660662443
ING5,36.77387348596889,14.786911053637692,1.0107338413415055
FAM227B,27.22541513001479,4.6216125042168,1.0085498838460396
ACP5,27.177677518393022,4.576633307095468,1.0082202470776414
ZBTB8OS,41.530786079338036,19.94827392331047,1.0065220592675121
SLC25A36,47.04401220585207,25.846171145845048,1.0062276898779943
ZCCHC9,29.05348484564839,6.6288091757562135,1.0056385153494134
RAD9A,34.85032854709175,12.858427977060611,1.0037843056159763
AASS,32.653462380889984,10.513887327111211,1.0035957678214142
OCIAD1,53.62712245165396,32.94726189137524,1.0026760384461788
ZNHIT6,33.58013366531254,11.525919262341166,1.0024167857023754
TESK2,27.13181196997211,4.6384797031373,1.0021720640105225
ACER3,42.96572252279237,21.561902620038232,1.0021590039487354
TTLL5,39.851545388172305,18.244686832340044,1.0015481667899926
ERCC8,27.019488177920888,4.531654109974137,1.0014505753242056
ARFGEF1,59.04674541812531,38.77769031822782,1.0006046645638234
MDN1,40.59194638410993,19.054312380524006,1.0005504045270923
NSL1,31.349570361495406,9.187001012031935,0.9999567704488548
SASH1,50.14508489806616,29.292702125267063,0.9990198715639182
MYCBP2,68.28631334593855,48.684358484201056,0.9988875217791342
TMEM164,33.203848961940956,11.188575283931183,0.9988802668698286
ABHD12,42.19536851564109,20.802878668615765,0.9986498268405949
SUPT3H,51.53321976149915,30.805127628471833,0.9974489662728658
FZD6,31.79980156130071,9.71550657820758,0.997376323350577
LTBP3,32.98481756744108,10.98616889688519,0.9971513068575231
DAP3,56.00557874833855,35.61790172045429,0.9956626110436584
PIGB,25.170825767077897,2.6650174294388846,0.9954932337609637
HLTF,27.227287193215645,4.863375688743956,0.9954700329990318
CNOT10,36.25624801093285,14.528280670190036,0.9946621664709827
CSPP1,47.27053185315536,26.307207916338694,0.994284095380775
SETBP1,30.117752775333695,7.989429888676487,0.9934655852614293
ADAM23,24.145871164610515,1.6248734960080964,0.9924752813888982
ACO2,42.96197839639066,21.736197008883394,0.9924323459698523
STX18,36.85437220360559,15.208591026650176,0.992423349447712
ATP2B4,51.76441956680458,31.14809400652198,0.9922193960937471
MAU2,33.672800793754796,11.812661643989655,0.992177093736577
LRRC1,26.50186270288485,4.14933093444282,0.9921267629562794
USP16,40.46932624445401,19.093669178005175,0.9912538270024294
ZNF197,25.81575153977198,3.4577757787023504,0.9898488246642778
WDSUB1,30.628826029166746,8.61351624873496,0.9892183576733192
PHC3,51.80092479922123,31.24929720004498,0.9888269038216546
KCTD15,25.869105340996313,3.5589789722253453,0.9874387106102422
TFB1M,28.94677724319973,6.8537051613628694,0.9871479457212432
ATP6V1H,44.568208622723105,23.552232092657146,0.9870148457122208
SUPT20H,35.37263418012992,13.724277521646238,0.9870029928575567
FAM106A,23.645094258382162,1.1919487237152817,0.9868943364446363
TMLHE,27.593275548982533,5.419993253120432,0.9864440896962443
TSEN15,28.550835876219182,6.460137186551219,0.9855325291960834
EP400,41.933279667521575,20.769144270774767,0.9852087140301191
ZDHHC21,25.818559634573262,3.5477341729450127,0.9851050180017626
TCF7L2,46.84650953816201,26.031710333970537,0.9845902403457698
IKBKB,43.10612726285639,22.051051388732713,0.9836607601116668
SWI5,30.149577849748205,8.225570673563478,0.9824389056027004
COG6,30.97047756332254,9.113909816709771,0.98184063383957
NAGLU,27.42572589250613,5.330034858877769,0.9815824204488726
SLC35B3,30.337720201434,8.461711458450466,0.9805265127448306
ANKRD17,73.69283187000393,54.80152929270212,0.9804093037842923
FLYWCH1,28.82228504034296,6.864949960643202,0.9792758201754674
HMGA2,27.480015725330887,5.436860452040931,0.9789201619396612
C19orf25,36.07746597525133,14.635106263353197,0.9784103426119883
EXOC1,38.71145889885243,17.474418081637243,0.9770946874979669
SLTM,64.73688151712001,45.294051501180704,0.976885953950918
PPIL2,27.623228560196196,5.639266839086923,0.9762284199707123
NDE1,37.519890671509074,16.2262453615203,0.9757107839259511
NSRP1,54.59778722129659,34.482176993140676,0.9755370998830101
KLF12,39.875882209783406,18.76756999887552,0.9744421024247962
TTC19,51.95537001329165,31.682221972337793,0.974214518728086
PLA2G12A,24.39859969672576,2.2320926571460697,0.9740850841924563
MTG2,32.18263848587528,10.564488923872709,0.9733832650778911
ZNF512,25.06411816462924,2.9573822107275385,0.9733220118586501
AMMECR1,27.413557481700586,5.4818396491622625,0.9725914574523427
MBTD1,39.54827114963401,18.4527156190262,0.9725166810196981
RAB11FIP3,36.39571671939645,15.101765433487014,0.9715085307235649
TMEM260,29.93616264485089,8.208703474642979,0.9709156112425192
IDI2-AS1,25.544302375648204,3.519622174744181,0.9706476887887345
NELFCD,39.59975288765749,18.542674013268865,0.9706108558760131
PACRGL,27.462231124922777,5.577420443045092,0.9702151815828026
ZNF76,28.6631596682704,6.864949960643202,0.9699978036715997
TPCN1,30.13928150214351,8.444844259529967,0.9698764434673663
TRPM7,57.769062283542695,37.984931968964354,0.9693553139157165
NNT-AS1,26.91558867027351,5.015180479028449,0.9690145683481618
EEF2K,31.809161877304977,10.260879343303722,0.9681701498112818
NAPA,34.32615085085273,12.959631170583604,0.9677004493096668
PCMTD2,30.16549038695546,8.562914651973461,0.96496344588237
LRRC28,31.06220866016437,9.529967390082087,0.96449178178066
GGCT,37.304603403410894,16.20375576295963,0.9643850574532752
AGK,28.25598592208473,6.533228381873384,0.9643535370831038
UBR3,52.23711552502013,32.16574834139211,0.9642640576320043
CDK19,40.5910103525095,19.723377937703813,0.9639960262408328
SPG11,50.89765430480932,30.743281232430004,0.9637654080763614
NAE1,34.01726042271187,12.712245586416282,0.9631859069838216
AARSD1,25.939307711028327,4.081862138760823,0.9630068980608664
TAF2,38.67869779283748,17.716181266164398,0.9619955036471758
PTGFRN,26.163019263530334,4.346114921848645,0.9616348096602223
ZNF652,41.75730572664133,21.01652985494209,0.9614525943030016
LARP1,60.40024711234251,40.94231417969189,0.9614347876189351
PIGL,33.481850347267724,12.178117620600473,0.9611066074469917
GLMN,31.213845779433512,9.766108174969077,0.9604509027836672
MACROD1,30.449107961884792,8.950860227144945,0.9603363953099979
ZNF148,57.31789505213696,37.67007758911504,0.960225785578203
CEP350,67.0423273489713,48.065894523782745,0.9600945758589368
METRN,31.215717842634366,9.777352974249409,0.9599466138733163
MACF1,80.13460134414137,62.06566962779715,0.9597216809718212
NOL8,31.222270063837353,9.788597773529743,0.9597152078013143
EGLN3,32.22475990789449,10.862476104801528,0.9595829964122323
TMCO4,25.877529625400154,4.0874845384009895,0.9590981235718132
HTT,46.585356721642924,26.23411672101653,0.9583214211434617
INTS7,28.569556508227716,6.9830203530866966,0.9580990054248675
PPT1,33.979819158694795,12.779714382098279,0.9573221920028856
NPLOC4,49.365370574910614,29.225233329585066,0.9572382429691088
ASXL2,46.27740232510249,25.94737433936804,0.9560085025452034
COL16A1,28.31121178650991,6.7468795681997085,0.9559181557075015
AGPS,40.475878465657,19.751489935904644,0.9557495033032195
ASCC2,31.953310743770707,10.64320251883504,0.9557179116789531
PMF1,35.10773723720913,14.022264702575061,0.9553016099961997
MEF2C,35.78636014751858,14.77566625435736,0.9537690044955444
PCYOX1,27.374244154482657,5.796694029011582,0.9531228643308741
TAMM41,27.977048505157537,6.44326998763072,0.9529972562830247
NRBP2,23.687215680401373,1.861014280895086,0.9528504802711887
ELP3,30.26658179980156,8.911503429663782,0.9518410117743017
CAMSAP2,54.44053391242488,34.752052175868656,0.9516456274179077
ZNF862,27.90403804032424,6.392668390869223,0.9515007732103868
CEP63,30.620401744762905,9.299449004835264,0.9513072037771657
PARP6,33.360166239212234,12.22871921736197,0.9512511644443085
ST6GALNAC3,34.092142950746016,13.0270999662656,0.9503756551180702
OPA1,43.607840200685175,23.198020915326662,0.9503427117222472
TSFM,23.503753486717713,1.726076689531092,0.9495147775561924
SCAP,34.053765655128515,13.010232767345103,0.9490581789121437
LDB3,22.175524645712038,0.3148543798493197,0.9490576047668973
PI4KA,47.52700451167232,27.42606544473181,0.948200591376091
GTF3C1,35.63940318625157,14.741931856516361,0.9470408095084558
MRPS5,36.50616844824681,15.680872596424154,0.9463563003555379
ALG5,34.62568096298931,13.679298324524908,0.9459046600398092
ITPR3,37.52550686111163,16.782862925896772,0.9456728620702861
COG7,27.19827021360241,5.746092432250085,0.945622958814557
LARP7,35.740494599097666,14.876869447880356,0.9455737742685084
SLC25A17,32.74425744613138,11.683346452265827,0.9450917221335655
MON2,53.91916431098714,34.33037220285618,0.9442505559392194
CCL28,22.658516951532285,0.9389407399077926,0.943173080148693
FN1,33.83754235542992,12.89216237490161,0.9428921332601683
DNAJC10,35.604770017035776,14.781288653997526,0.9428744293447556
SMARCE1,35.45126083456577,14.6182390644327,0.9428187819094197
NBEAL1,55.85581369227025,36.42752726863826,0.942762532926767
STAMBP,33.30026021678491,12.324300011244798,0.9425440067250705
SKAP2,42.14669487241889,21.80366580456539,0.9412155032553027
GSTA4,23.23230432259393,1.5911390981670979,0.9410488774802339
ADSL,32.15830166426418,11.137973687169685,0.9406787299882562
CCDC138,27.427597955706982,6.083436410660069,0.9405909565229436
B4GALT6,22.773648838384783,1.1132351287529518,0.940377646263876
ERCC3,30.327423853829306,9.187001012031935,0.9403591585534204
ANGPT2,30.156130070951193,9.023951422467109,0.9392665563323581
KIF3A,31.419772731527416,10.39019453502755,0.9384117141351986
ARMC1,27.746784731452536,6.471381985831553,0.9380378155220246
RETSAT,24.7627159892918,3.289103789497357,0.9376518167210988
DHRS7B,32.564539378849425,11.63274485550433,0.9373735103465691
ERCC5,26.994215324709366,5.695490835488586,0.9364857562681459
TVP23C,25.987045322650093,4.649724502417632,0.9348114797046523
USP49,22.80640994439972,1.2537951197571122,0.934619800561187
RIF1,52.92416271973342,33.44765545935005,0.9343908650929199
ATP6V0C,27.35552352247412,6.150905206342067,0.9327079085382246
GABPB2,24.310612726285637,2.9067806139660406,0.9321483640900592
TCF20,40.08368122507816,19.768357134825145,0.9319617583810328
IRF4,30.471572720295036,9.496232992241088,0.9318942937180805
ZC2HC1A,26.57955332572028,5.3412796581581015,0.9316317612296727
GPRC5B,25.268173053522286,3.9581693466771615,0.9306233615442074
SH3YL1,30.350824643839974,9.40065219835826,0.9300681738770445
ZNF83,37.048130744893946,16.56358933993028,0.9298009324496485
HSBP1L1,29.118071026077843,8.09625548183965,0.92935011155601
WDR81,25.633225377688753,4.374226920049478,0.9292108672448829
BAIAP2,33.348933860007115,12.627909591813784,0.9288190530102556
GATAD1,33.41726416683827,12.70100078713595,0.9288157691531629
BAMBI,23.736825355223992,2.355785449229731,0.928751588347303
ZER1,29.748956324765523,8.810300236140785,0.9271811482641111
MEGF9,34.491828444128274,13.8817047115709,0.9270582540405958
RBM28,38.95014695696127,18.649499606432023,0.9269070184791037
OFD1,43.41408165939682,23.42291690093332,0.9267765213007846
UBE2W,42.08304472358987,22.00607219161138,0.9264623398313254
TMEM229B,21.840425332759235,0.3879455751714832,0.9255318202441161
WRN,42.67555272666005,22.658270549870686,0.9254296685162624
DGCR2,33.410711945635285,12.757224783537612,0.9253665229510213
SLC38A6,29.90714566523766,9.012706623186777,0.9253626313778791
CRMP1,22.719359005560026,1.3325087147194423,0.9252500854480605
B3GALNT2,35.69369301907632,15.202968627010009,0.9250551265599909
TFDP1,34.61164048898291,14.055999100416058,0.9245357029941277
SLC25A46,29.244435292135464,8.321151467446306,0.924449107277623
RNF170,25.132448471460396,3.9300573484763297,0.9242433643463112
HDAC1,35.704925398281446,15.231080625210842,0.9241764402578023
ZNF587B,22.884100567235148,1.5292927021252671,0.9241203255583621
MED15,53.0561431753936,33.7906218374002,0.9233761787408008
CDHR3,26.29499971919052,5.195097267513775,0.9230152312520273
RPUSD3,26.291255592788815,5.245698864275273,0.9200364357757406
SFSWAP,47.57848624969579,28.005172607668953,0.9196100372448659
ATG14,33.77482823820132,13.251995951872258,0.9196053577641927
ARMC10,35.15173072242919,14.725064657595862,0.9195265808210199
APBA2,23.059138476514967,1.8047902844934218,0.9192968135931978
ZNF655,38.29305277346163,18.098504441695713,0.9186529282137342
RNF43,21.43980380777655,0.0955807938828292,0.9181225424693916
CRTC1,30.527734616320647,9.811087372090409,0.9179925104989329
FSD1L,28.15208641443735,7.281007534015519,0.9175016420333311
EIF4G3,69.32530842241235,51.28752951759811,0.9174556783152572
CASD1,29.61697586910534,8.849657033621948,0.9173388050627507
METAP1D,22.12497893928899,0.8489823456651299,0.916971972942425
GTF2IRD1,44.85276222925286,25.143371190824244,0.9168040728186265
NFYC,35.10586517400828,14.741931856516361,0.9159321659366634
DHX33,33.170151824325586,12.684133588215452,0.9153277183568682
SEC22C,33.09620532789187,12.60541999325312,0.9153102638307876
CTSF,25.98236516464796,5.003935679748117,0.91521517242705
MGMT,29.01604358163132,8.248060272124143,0.9151197980631778
ATP6V0A1,44.300503585001024,24.5979984257281,0.9143558371094306
TSNAX,38.8116142800981,18.73383560103452,0.9142288711212921
MMS22L,23.443847464290393,2.3332958506690655,0.9128960067580332
NME7,34.91772282232248,14.6013718655122,0.9126303014061632
RBL1,26.963326281895277,6.1115484088609024,0.9119873738444907
IL7,24.685025366456372,3.6770493646688407,0.9119582110281794
TTLL4,26.44476477525881,5.560553244124592,0.9118106155942532
UGGT1,35.68339667147163,15.439109411896998,0.9115725013561209
XXYLT1,26.003893891457775,5.0938940739907785,0.911562897117931
IFT172,23.645094258382162,2.5750590351962215,0.9114409648246953
ZNF609,62.00086114907239,43.57921961092994,0.9109085586198724
RHBDD3,24.575509669206433,3.5814685707860114,0.9107870099991814
TUBGCP3,30.596064923151804,10.024738558416733,0.9103212010707081
SP110,27.086882453151617,6.274597998425728,0.9102965711143923
NKTR,68.65885392290843,50.70842235466097,0.9101894274874156
PPP1R9A,22.32528970178033,1.1919487237152817,0.909941376030202
INTS3,29.41853716981485,8.787810637580119,0.9091425039680487
CD2AP,46.713593050901395,27.279883054087485,0.9087483006650019
IFI16,75.9074826366138,58.484201057011134,0.9086351929274015
PYGL,31.29528052867065,10.806252108399866,0.9084556749445624
TRRAP,45.81874684089335,26.329697514899358,0.9084089548335162
NDUFA9,30.421963045472417,9.895423366692905,0.907224543009565
PTBP2,53.943501132598236,35.03879455751715,0.9070226978201283
MIA,21.56991220023588,0.4441695715731474,0.9066919819590876
SPDYE3,22.03886403204972,0.9558079388282918,0.9061232292827417
VPS9D1,24.16552782821948,3.2497469920161928,0.9049790137076759
SPPL3,56.761892281483426,38.09737996176768,0.9044965066460937
SLC35A3,27.017616114720035,6.319577195547059,0.9038041369240641
ILVBL,27.874085029110585,7.2360283368941865,0.9037461696181597
GARNL3,27.641949192204727,6.9886427527268635,0.9037069058412388
INTS1,28.09686055001217,7.477791521421342,0.9035463887412274
DIDO1,42.82063762472621,23.220510513887326,0.9032169342205545
PRKAR1B,27.882509313514426,7.258517935454852,0.9030104746358067
BPHL,22.567721886290883,1.5798942988867648,0.9029129564803584
HSF4,22.022015463242038,1.0007871359496232,0.9026870828819229
SMARCB1,39.48555703240542,19.67839874058248,0.9019948680055481
SLC12A9,25.478780163618325,4.711570898459462,0.9018024722086464
AIG1,27.615740307392777,7.005509951647364,0.9012585988779482
CLCN6,27.66066982421326,7.061733948049027,0.9008110638976462
NUP214,40.36542673680664,20.65107387833127,0.9002341046629361
MCTS1,34.21850721680364,14.089733498257056,0.8997732184357351
MEGF8,23.824812325664112,2.9854942089283707,0.8995290311495929
NLN,27.536177621356494,6.960530754526031,0.8990733588087765
CUEDC1,29.078757698859913,8.619138648375127,0.8985328405892659
MSRA,41.80597936986353,22.22534577757787,0.898345555910095
TCF12,73.11904449894229,55.695490835488584,0.8981852251702969
DCPS,25.527453806840516,4.835263690543124,0.8978925912248801
MRPS11,29.0853099200629,8.647250646575959,0.8973812714487281
UBE2E3,44.96040586330194,25.621275160238387,0.8970090911588053
TRAPPC13,26.836962015837656,6.257730799505229,0.8966447906150886
PIAS2,35.73394237789468,15.770830990666818,0.8964230956624187
HEATR5B,34.579815414568394,14.539525469470371,0.8963020917286592
CLASRP,43.89332983881536,24.502417631845272,0.8958292875614329
ZNF146,39.851545388172305,20.18441470819746,0.895729413908368
FRS2,40.22783009154389,20.59484988192961,0.8952785594439265
LINC00174,31.863451710129738,11.666479253345328,0.894655335024809
VKORC1L1,37.84750173165846,18.064770043854715,0.8945148081399756
VRK2,38.9932044105809,19.307320364331495,0.8935311809190161
SLC22A18,21.969597693618137,1.1132351287529518,0.8934963746355078
EPG5,38.224722466630475,18.492072416507366,0.8931983671746675
GPAA1,29.900593444034673,9.60305858540425,0.8927748880054351
WDR11,31.008854858940037,10.795007309119532,0.8923686872832906
ST7L,31.63131587322388,11.469695265939503,0.8918555820422805
CRTC3,43.27554898253365,23.917688069267964,0.891707739275267
CROT,22.929966115656065,2.181491060384572,0.8912149387241295
ZNF700,23.160229889361066,2.4401214438322274,0.8905316073200198
AIMP2,31.69964618005504,11.5708984594625,0.8903186930709618
SCLY,23.22949622779265,2.5300798380748906,0.8896627369620613
MCF2L,25.331823202351313,4.784662093781626,0.8892465777874973
UFL1,30.619465713162477,10.440796131789048,0.8889882595719023
RBPMS,44.33326469101597,25.09839199370291,0.8889678459446437
PLEKHA4,27.93586311473875,7.573372315304172,0.8889449617136496
STK32B,26.222925285957654,5.751714831890251,0.8884474542797682
TNPO3,44.236853436172005,25.00843359946025,0.8882539958401774
CTSD,49.02746316715652,30.13606207129203,0.8878472963393692
RBM6,74.88627216054815,57.781401101990326,0.887432285455299
FNTA,43.49926053503566,24.23816484875745,0.8872684406461704
WDFY3,46.4973697512028,27.442932643652313,0.887246203870762
IFT140,24.042907688563567,3.4465309794220174,0.8870942475433454
SLC25A26,35.740494599097666,15.950747779152142,0.8869900589050582
ZNF81,25.68657917891308,5.206342066794107,0.8869270202209592
SH3D19,43.23810771851658,23.96828966602946,0.8867641873628673
KCNQ1OT1,44.96414998970365,25.818059147644213,0.8864921616298993
KDM4A,24.377070969915945,3.817609355673001,0.8863344946936791
SND1,71.41546698616546,54.09310693804116,0.8862713635221464
REV1,46.31765168392085,27.274260654447318,0.8859691335635173
MRPL3,39.27963008031151,19.785224333745642,0.8841603236841289
IQCB1,35.964206151599676,16.248734960080963,0.8837776443673426
SH2B1,26.19765243274613,5.819183627572247,0.8832932346785398
TTC23,25.88127375180186,5.4818396491622625,0.8832496161768608
WWTR1,52.2745567890372,33.70066344315754,0.8827122811020329
LUC7L3,78.53305127581108,61.76768244686832,0.8825973878995752
ZNF638,70.14620813598668,52.81119982008321,0.882197930970609
PREP,34.94205964393358,15.186101428089508,0.8821503057896685
ZNF235,23.757418050433383,3.2497469920161928,0.881183630203638
NUDT21,29.88655297002827,9.822332171370741,0.8799941195994216
PDCD7,38.17885691820956,18.69447880355336,0.8794821585364165
SLC16A1,35.46342924537132,15.793320589227482,0.8794235835144619
KDM2B,36.484639721437,16.917800517260766,0.877622414273169
INTS8,28.25598592208473,8.129989879680648,0.8772447665950416
TGDS,25.572383323661008,5.262566063195772,0.8772014687367893
PDCD6IP,55.93724844150738,37.720679185876534,0.8769648590596233
CBR1,28.31214781811034,8.203081075002812,0.8765319873582416
GTF2H1,37.76138682441919,18.31215562802204,0.8759980389091598
LCMT1,32.18076642267443,12.352412009445631,0.8757368266777498
NIPSNAP1,22.07724132766722,1.5574047003260991,0.8755417191127581
PIGG,27.77486567946534,7.663330709546834,0.8746502557089175
FNBP1L,39.02877361139712,19.700888339143148,0.8741346188912984
CDKN2A,22.51904824306869,2.057798268300911,0.8740036880196786
MBTPS2,22.95243087406631,2.524457438434724,0.8738147939546425
MTMR2,35.86311473875358,16.338693354323624,0.8729758386934786
GTF3C2,29.169552764101315,9.187001012031935,0.8728479443458634
ZFHX3,49.41685231293408,30.833239626672665,0.8725177416571953
FAF2,39.13080105584365,19.84144833014731,0.8724154391961758
SUN1,43.97008443005036,25.030923198020915,0.8714727899629003
TRMT13,25.176441956680456,4.947711683346452,0.8712919578917951
YLPM1,41.24155231480614,22.124142584054873,0.8709568640164134
CARHSP1,39.98165378063163,20.7803890700551,0.870803128392871
ALG6,22.873804219630458,2.5019678398740584,0.8704572463617595
AMOTL1,40.49366306606511,21.337006634431578,0.8702911296465744
PMS2,22.454462062639237,2.057798268300911,0.8702379048504617
SZT2,24.98642754179381,4.767794894861127,0.8700279873858725
HECTD2,29.715259187150156,9.822332171370741,0.8700066077158459
GLG1,59.97903289215044,42.179242100528505,0.869396707141556
SPATS2L,48.48082071250725,29.922410884965707,0.8676299796883203
ATE1,42.12329408240822,23.141796918925,0.8668514856263787
MTDH,79.29872512496023,62.87529517598111,0.8668169787529592
RNF8,29.987644382874368,10.176543348701225,0.8665649644685081
SCCPDH,24.07473276297808,3.879455751714832,0.8653323320850319
ZDHHC14,40.520807982477486,21.4663218261554,0.8648192665835575
SH3BGRL,46.34854072673493,27.695940627459798,0.8647660835832242
VPS39,28.402942883351738,8.51793545485213,0.864649537142877
AGO4,34.59666398337608,15.141122230968177,0.8644653205022703
PRPSAP2,27.90122994552296,7.9950522883166535,0.86392155199647
CCDC122,22.61920362431436,2.350163049589565,0.8638938875723935
MRPS35,32.6543984124904,13.088946362307432,0.8631721159259413
TMCO1,46.53949117322201,27.937703811986957,0.8627106994055185
SLC7A1,41.893030308703224,22.973124929720004,0.8626272806649641
MAN1A2,47.17692869311268,28.623636568087257,0.862457377201535
KIAA0586,28.48250556938802,8.647250646575959,0.8622339618693694
COLGALT2,23.588932362356555,3.4240413808613512,0.8618514963148682
ELP6,25.092199112642042,5.037670077589115,0.8614725304359874
CDK5RAP1,30.29840687421607,10.603845721353874,0.8613735871986432
NELFA,32.71243237171687,13.195771955470596,0.8607281636874095
ULK2,24.366774622311247,4.278646126166648,0.8605830285759972
SLC25A24,35.937997266787725,16.64792533453278,0.8604723078505725
ARL5A,38.22191437182919,19.09929157764534,0.8599087670043668
BOD1L1,55.65643896137934,37.743168784437195,0.8593650046672994
GOPC,32.66188666529382,13.17328235690993,0.8590079131246207
TRIM66,23.01701705449576,2.8786686157652084,0.8582571526846061
URB1,30.54458318512833,10.92432250084336,0.8582441261936224
KLHL42,27.644757287006012,7.826380299111661,0.8581692031403004
TIMMDC1,37.522698766310356,18.396491622624538,0.857480198810679
CTNNB1,77.63914109740345,61.28415607781401,0.8568547737395997
ASTN2,23.750865829230396,3.705161362869673,0.855957191379481
CIAO1,44.91734840968231,26.329697514899358,0.8558517201674877
ZNF133,22.722167100361307,2.60879343303722,0.8557881429651893
CDC42BPB,43.77164573075987,25.115259192623412,0.8553017422742206
DCLRE1C,27.763633300260217,8.011919487237153,0.8549786334804719
PER3,28.07813991800363,8.354885865287304,0.8546063778239658
GPALPP1,27.681262519422656,7.950073091195323,0.8535498267768267
L3MBTL4,32.095587547035585,12.672888788935118,0.8532872607176152
SNX25,42.731714622685665,24.041380861351623,0.8532508909565104
UQCRC2,51.563172772712804,33.49263465647138,0.8525827675182517
RPS6KA5,49.653668307842075,31.462948386371302,0.8519728587189856
TRIQK,25.804519160566862,5.993478016417407,0.850862724549015
GPATCH4,33.904000599060225,14.651973462273698,0.8507633894141498
USP33,50.1432128348653,32.013943551107616,0.8504577433714582
ZNF302,29.306213377763633,9.749240976048577,0.8501440209411271
TM9SF4,40.294288335174194,21.500056223996403,0.8497714110703912
TSTD3,26.48501413407717,6.7412571685595415,0.8497459932065445
PPHLN1,54.248647434337386,36.42190486899809,0.8493612872605454
MRPL48,23.983937697736675,4.076239739120656,0.849303169221475
ATG4C,24.444465245146677,4.571010907455302,0.8491633905046367
C11orf80,28.15208641443735,8.53480265377263,0.8491028539388317
RCC2,41.4250145084898,22.73136174519285,0.8485280008124052
IBTK,41.526105921335905,22.85505453727651,0.8476744076181488
UBE2O,33.51461145328266,14.297762284943213,0.8473829617027612
CYFIP1,45.87210064211768,27.516023838974473,0.8468016833703396
FBXO7,47.29580470636689,29.039694141459577,0.8466912456050494
SEC63,57.43677106539117,39.87968064770044,0.8466156476940709
STRBP,31.458150027144917,12.121893624198808,0.846179278373312
NCLN,31.47874272235431,12.155628022039807,0.8455396367249761
PEX10,23.0881554561282,3.204767794894861,0.844615152502485
TTC21B,29.716195218750585,10.300236140784886,0.8439898973416663
TSPAN14,51.10732538330494,33.17215787698189,0.8434870773652351
NIT2,27.65973379261284,8.11312268076015,0.8433996560579076
ECHDC2,24.057884194170395,4.267401326886315,0.8431862032906503
GTF2IRD2,22.964599284871856,3.1035646013718656,0.8429320239812851
ANAPC4,25.404833667184608,5.712358034409086,0.84289458129627
UBE2E1,60.01647415616751,42.71337006634431,0.8424412726780466
TRIM73,20.52155680775783,0.5060159676149781,0.8421922949176003
BBS2,23.714360596813748,3.924434948836163,0.841866585349392
LIN52,27.22541513001479,7.680197908467335,0.8416936474182023
CERS5,37.882134900874256,19.071179579444507,0.8416310780544518
ZNF236,28.92337645318906,9.496232992241088,0.8416246507922123
MCM3AP,34.09307898234644,15.023051838524681,0.8415442685756623
SYMPK,37.17449501095157,18.317778027662207,0.8414718099573427
XPO7,34.868113147499855,15.855166985269312,0.8413389552251636
TRAK2,43.441226575809196,25.036545597661082,0.840330308206611
RNF150,23.502817455117285,3.7276509614303386,0.8402675168555997
HPCAL1,40.38601943201602,21.775553806364556,0.8400905845826135
APOO,28.26347417488814,8.821545035421117,0.8399546933264295
PRKD3,53.326656307916956,35.61790172045429,0.8394644743726578
CSAD,26.064735945485516,6.482626785111886,0.8393502813736822
OSCP1,20.977404197165697,1.051388732711121,0.8390191441568056
ATAT1,23.354924462249844,3.5983357697065106,0.838699002689211
SPG21,40.67150907014621,22.107275385134376,0.8386398973740342
RBM4,39.70458842690529,21.083998650624086,0.8380855291289613
FAM200B,25.38236890877436,5.791071629371416,0.8372906493523603
RALGAPB,39.44437164198663,20.82536826717643,0.8370224103676369
ADNP,54.728831645356344,37.16406162150005,0.836871891459581
KLHL7,33.07935675908419,14.039131901495558,0.8361140247871824
NSUN5,25.905610573412957,6.375801191948724,0.8358999643038749
BAIAP2L1,24.000786266544356,4.3404925222084785,0.8358696593658028
SLC35B2,27.88438137671528,8.495445856291466,0.8356410027451826
BZW2,45.02124791732969,26.813223883953675,0.8355317112141415
HPS1,30.44161970908138,11.233554481052513,0.8353710474934524
TRIP11,46.25774566149353,28.140110199032947,0.8352411957144746
CAV1,44.81344890203493,26.599572697627348,0.8350711120595643
PHYKPL,41.206919145590355,22.753851343753514,0.8345847764539583
HMBOX1,50.06739427523074,32.22759473743393,0.8343816425220836
ZNF7,25.929011363423633,6.432025188350387,0.8341971682671676
JAZF1,50.8789336728008,33.099066681659735,0.8341577681507897
POLR2B,47.104854259879815,29.06780613966041,0.8340240206861815
RAB27A,44.78817604882341,26.599572697627348,0.8335975447324798
TANGO2,28.011681674373328,8.669740245136625,0.8335550642400731
TBC1D32,22.9243499260535,3.23850219273586,0.8332239270231961
PIGK,23.442911432689968,3.7951197571123356,0.8330939642505882
APCDD1,24.093453394986614,4.514786911053638,0.8317643878569103
MRRF,30.921803920100345,11.818284043629822,0.8314698403321557
ANKRD23,22.430125241028136,2.7437310244012143,0.8313989493039212
FOCAD,34.096823108748154,15.21421342629034,0.8313340600696021
MCCC2,30.622273807963758,11.503429663780501,0.8311817159571522
PNISR,75.93649961622705,59.94040256381423,0.8308863216082369
DYNC1LI2,52.311998053054275,34.70707297874733,0.8299922807195189
ZNF397,27.02323230432259,7.685820308107501,0.8295983877786774
UQCC2,34.02100454911358,15.16923422916901,0.8293671262711094
TNPO1,55.95784113671678,38.620263128303165,0.8290901798931132
FKTN,22.903757230844114,3.2947261891375237,0.8289560323060076
DDX11,24.081284984181067,4.554143708534802,0.8289078453172858
EXTL2,22.14182750809667,2.496345440233892,0.8280850914668119
ITSN1,44.6028417919389,26.509614303384684,0.827698920699382
GRSF1,40.48617481326169,22.12976498369504,0.8266068528840302
TTC1,41.20317501918865,22.91127853367817,0.825778281543611
CEP89,26.972686597899546,7.702687507028,0.825731090055972
CLPTM1,42.58101353501694,24.401214438322278,0.8248339180995721
TMEM245,41.11518804874852,22.843809737996175,0.8243287364567919
NOL10,40.35700245240279,22.034184189812212,0.8242895439339659
STX18-AS1,20.83419136230039,1.169459125154616,0.8242277878235734
UBAP2L,43.68085066551847,25.59316316203756,0.8239365282683995
RMND1,25.573319355261432,6.257730799505229,0.8229664242608428
PPP2R5E,51.80747702042421,34.33599460249634,0.8208190982532794
CHD4,54.57906658928805,37.30462161250422,0.8204716150612779
SERINC5,46.13606155343805,28.286292589677274,0.8201714953234219
PCM1,70.61235187299924,54.452940515011804,0.8198145229993505
PRRC2B,57.969373046034036,40.94231417969189,0.8196994413804344
PPP3R1,42.51361925978621,24.423704036882942,0.8196775211359644
YIPF4,41.96042458393395,23.838974474305633,0.8193217560190157
MYO1E,52.08922253215269,34.67333858090633,0.8188433837511753
IP6K2,41.74139318943407,23.61407848869898,0.818819680098091
NOP56,47.70110638935171,29.98425728100753,0.8187937675680698
GREB1,20.93809086994777,1.3887327111211065,0.8183236669439563
CHCHD3,69.92156055188423,53.75576295963117,0.8175704228918446
DNAJA3,28.156766572439484,9.119532216349938,0.8174767504012707
GOLGA4,80.54551921672875,65.11863263240751,0.8171312787738767
GTPBP10,25.506861111631128,6.297087596986393,0.8169444407963693
RMDN3,25.914034857816798,6.7412571685595415,0.8164542869279593
CRLF3,47.74416384297134,30.074215675250198,0.8163967533153561
ZNF337,24.086901173783627,4.790284493421792,0.8163530217638025
PAFAH1B3,23.26225733380759,3.9131901495558306,0.8161195452105636
CDK12,49.200629013235485,31.63724277521646,0.8160494482585927
MPG,41.214407398393774,23.10244012144383,0.8160046855789092
EHMT2,24.557725068798323,5.301922860676937,0.8158934222227965
ECHDC1,39.05030233820694,20.808501068255932,0.8149658384471824
COMMD4,25.15491322987064,5.959743618576408,0.8148269127232375
ZMYM6,24.877847876144298,5.667378837287754,0.8146217418809282
APTX,32.38762940636876,13.701787923085574,0.8141852026499086
ADARB1,37.071531534904615,18.711346002473856,0.8139979159144931
PIEZO2,21.92092405039594,2.5188350387945575,0.8139781374053551
ARGLU1,72.98987213808338,57.10671314517036,0.8136666820976948
ZYG11B,31.209165621431378,12.453615202968626,0.8135653710252699
RTKN,22.245727015744052,2.8842910154053754,0.812979339901836
KPNA3,42.83280603553176,24.89598560665692,0.8125235647923659
LRGUK,20.21734653761911,0.730911953221635,0.8121860695111001
SNX4,36.31802609656102,17.941077251771056,0.8120845590700997
TLE1,40.035943613456396,21.921736197008883,0.811704201680127
CROCC,25.437594773199546,6.319577195547059,0.8116788906974222
MRPL42,32.43723908119138,13.808613516248736,0.8112500613023481
MTBP,20.81640676189228,1.4055999100416057,0.8103085500783448
SLC37A3,36.93861504764401,18.638254807151693,0.8102354166023688
IQCG,27.487503978134303,8.540425053412797,0.8100467698704203
ADCY2,21.98644626242582,2.6650174294388846,0.8098237505482645
FBXL13,22.40859651421832,3.1260541999325313,0.8092866586940359
INO80,41.90145459310706,23.962667266389296,0.8091355697532212
ERC1,72.67910964674167,56.86494996064321,0.8087362656136641
MLEC,47.233090589138286,29.669402901158215,0.8086818610124995
ABCA5,32.08248310462961,13.493759136399417,0.8077419194348255
KANK2,28.72868188030028,9.912290565613404,0.80757536902634
PEX26,25.915906921017655,6.909929157764534,0.8073618093779404
PREPL,27.325570511260462,8.416732261329136,0.8073528861661393
UBE3A,57.639889922683786,40.835488586528726,0.8063161889947215
FASTK,26.89967613306625,7.983807489036321,0.8061380666354621
KIAA1328,29.701218713143756,10.980546497245024,0.8060034284946693
ZNF410,23.17988655297003,4.014393343078826,0.8057958288444049
CLIP1,57.989029709643006,41.22343416170021,0.8055094981592366
RABL2B,22.632308066720334,3.4409085797818513,0.8051540810877846
EEFSEC,28.22603291087107,9.423141796918925,0.8049524811751911
GUSB,31.81758616170882,13.274485550432924,0.8042588706752355
UNC13B,25.613568714079786,6.645676374676713,0.8041494660943198
RABGAP1,50.61778085628171,33.380186663668056,0.8035948546286479
SMARCAL1,23.278169871014846,4.160575733723153,0.8035516218557577
TMTC2,31.97296740737967,13.45440233891825,0.8035035081773747
HMGXB3,40.90270887545164,23.006859327561003,0.8030449459332316
SFMBT1,37.48338543909242,19.357921961092995,0.8027386880620022
SGSM2,27.114027369564,8.28179466996514,0.802379886421049
APPBP2,44.20222026695621,26.560215900146183,0.8015796605310944
TEFM,22.765224553980943,3.648937366468009,0.8015552758516222
GTF3C3,24.795477095306737,5.824806027212414,0.8012308152863167
PARP1,37.54516352472059,19.45912515461599,0.8008197631169944
CENPF,20.850103899507648,1.61925109636793,0.8006179076463369
RPA1,30.49216541550443,11.936354436073318,0.799978054291961
PTPDC1,24.98081135219125,6.072191611379737,0.7985412506797467
CHURC1,42.05870790197877,24.333745642640277,0.7980608456139607
OARD1,29.072205477656926,10.457663330709547,0.7978530301451678
FNIP2,50.13385251886103,32.9697514899359,0.7977694038110613
NUF2,19.700657094183498,0.4441695715731474,0.7977025763224738
DDX55,28.13149371922796,9.456876194759923,0.7975999217034686
ST7,28.196079899657413,9.529967390082087,0.7973783315756968
TRAF3IP1,25.1605294194732,6.285842797706061,0.7973645528042295
UBTF,27.789842185072168,9.10266501742944,0.7970028989432405
DDB2,30.212291966976807,11.700213651186326,0.7965419435181895
DNAJC15,39.61192129846304,21.75868660744406,0.7958759261882153
ESR2,28.257857985285582,9.625548183964916,0.7957661276535344
TMEM63A,29.883744875226988,11.368492072416506,0.7954821086139576
PPFIA1,53.44927644757287,36.556842460362084,0.7953915939222393
DHX29,40.99256790909261,23.254244911728325,0.7947885714243406
CYB5R1,27.782353932268755,9.136399415270438,0.7947259602648103
UCK2,37.079019787708035,19.08242437872484,0.7941909409480629
SIRT5,22.44416571503454,3.4465309794220174,0.7938774699633072
NAA15,50.091731096841826,32.99786348813674,0.7937798531516931
MYO1B,41.62532527098115,23.95704486674913,0.7933422033134723
TBC1D9B,33.3695265552165,15.135499831328012,0.7932221613099921
SRCAP,24.51653967837954,5.68986843584842,0.7923283026689996
MLH3,26.34460939401314,7.652085910266501,0.791870702355136
NT5C3A,50.02714491641238,32.96412909029574,0.791854396119548
MICU1,37.10429264091955,19.172382772967502,0.7907569719096229
RNASEH2B,28.16238276204205,9.625548183964916,0.7901993177512139
CUL4A,55.630230076567386,38.98571910491398,0.7900515147237352
BRD8,32.7517456989348,14.539525469470371,0.7897140550695173
TLK1,49.34196978489994,32.278196334195435,0.7893243133723711
LRIG2,28.117453245221558,9.597436185764083,0.7891132476172891
DMXL2,33.78325252260516,15.664005397503654,0.7885132280725917
EEF1E1,31.80260965610199,13.54998313280108,0.7883563154730991
SLC25A32,25.26442892712058,6.572585179354548,0.7877797796504691
ZNF428,28.018233895576316,9.529967390082087,0.7870087837184326
MPHOSPH8,60.83737386974184,44.61936354436074,0.7863264957799172
KAT2B,44.02063013647341,26.650174294388844,0.7860842700376267
MPPE1,22.841043113615516,4.014393343078826,0.7860391113479331
POLB,29.353950989385403,10.980546497245024,0.7857555218891692
SREBF1,31.606043020012354,13.392555942876418,0.7854834249021069
S100PBP,32.982009472639795,14.865624648600024,0.785350071391264
RFC1,40.9888237826909,23.428539300573483,0.7850619134454573
KLHL28,38.47183480914316,20.746654672214103,0.784611450878537
CMTR1,23.947432465320027,5.2232092657146065,0.7846035944219132
NISCH,29.595447142295523,11.28415607781401,0.7832733411143349
LRP2BP,23.54306681393564,4.82401889126279,0.7828037098105702
DPY19L3,30.69247617799577,12.470482401889127,0.782518942602998
UBE3D,22.998296422487225,4.250534127965816,0.7823256917569594
C1orf159,25.605144429675946,7.044866749128528,0.7818810843632761
ALMS1,31.95050264896943,13.831103114809402,0.7816433620226649
BBX,54.97313589306775,38.440346339817836,0.7814907034355207
ANKS3,24.560533163599604,5.937254020015743,0.7813976763442883
PEX1,23.844468989273075,5.178230068593276,0.7810539401609962
MTHFD1,29.153640226894062,10.856853705161363,0.780823998910426
KLC4,23.15554973135893,4.447318115371641,0.7807593193259026
ACAD10,21.522174588614114,2.709996626560216,0.7803000048012757
COPS7A,25.077222607035214,6.510738783312718,0.7802383973678048
TNPO2,34.71179587022858,16.810974924097604,0.7800820945406061
FUT10,23.37458112585881,4.705948498819296,0.7794210691097553
CELSR2,19.267274463185878,0.3204767794894861,0.7791814879939474
A1BG,19.835445644644963,0.9333183402676262,0.7788768730793866
ZBTB37,21.86195405956905,3.1035646013718656,0.7786408272662471
ALS2,28.851302019956194,10.59260092207354,0.7776116556268053
EWSR1,57.49948518261977,41.212189362419885,0.7775793953136156
INTS4,28.326188292116743,10.047228156977397,0.7767461403800342
SLC30A5,35.12832993241852,17.32261329135275,0.7764570540747509
MGRN1,39.24312484789487,21.730574609243224,0.7759063636405364
GNB4,30.55581556433345,12.470482401889127,0.7745507637232055
GOLGA8B,29.808862347192843,11.677724052625662,0.7742463269438818
AGBL5,22.97770372727783,4.379849319689644,0.7740704237427818
CHD8,36.84126776119962,19.2061171708085,0.7735806302573343
DBNL,32.64503809648614,14.730687057236027,0.7730638115784191
TRIM16,23.44571952749125,4.902732486225121,0.7728336524530759
SENP7,34.14549675197034,16.338693354323624,0.7728278370193741
MYO18A,26.41106763764345,8.073765883278984,0.772741561946296
PPCDC,26.199524495946985,7.854492297312493,0.7723693775438849
PGLS,33.717730310575284,15.894523782750477,0.7721173063990482
ARID1A,48.88518636389165,32.10952434499044,0.7718925790348621
DHTKD1,22.799857723196734,4.233666929045317,0.7716756224794952
SHMT1,21.92466817679765,3.3003485887776907,0.7715622215005392
SNX13,44.656195593163226,27.60035983357697,0.7713059066245749
EMC10,30.907763446093938,12.909029573822107,0.7711473133851222
SAMM50,27.686878709025216,9.473743393680422,0.770755888991772
ASAP1,76.66660426455996,61.82390644326998,0.7707045017375171
TECPR1,22.917797704850514,4.379849319689644,0.7705775234119139
BDH1,20.872568657917892,2.1983582593050714,0.7703354799173479
DENND1A,51.86925510605238,35.331159338805804,0.7701315306758703
CEP250,24.48752269876631,6.072191611379737,0.7697793995177559
ENTPD6,26.93805342868375,8.69222984369729,0.769728857031418
IFI6,28.611677930246927,10.48577532891038,0.769467753737394
SMIM8,21.89752326038527,3.31721578769819,0.7690593379695788
BTN3A1,22.21764606773125,3.6658045653885076,0.7687078206962468
GALE,25.429170488795698,7.1067131451703585,0.768246758390053
ANAPC1,28.95800962240485,10.87934330372203,0.768190612176054
KCTD13,25.530261901641797,7.219161137973687,0.7680066072414871
DNHD1,26.648819664151862,8.433599460249635,0.7669738646723296
GLE1,23.656326637587284,5.240076464635107,0.766710118808066
NEK9,28.787651871127167,10.744405712358034,0.7656189814084351
NOM1,30.914315667296925,13.021477566625435,0.765394928901905
KAT2A,21.09721624202033,2.5300798380748906,0.7653373158102305
SRSF5,62.442668064473864,46.72214100978297,0.7652116467895071
TIAM2,36.816930939588524,19.34667716181266,0.7644936139267872
MTCP1,20.682554243031245,2.102777465422242,0.7644706940687458
ARFGAP1,28.265346238088995,10.210277746542225,0.7643037538189827
MGST3,55.62180579216355,39.463623074328126,0.7634890386728583
DTYMK,25.065990227830092,6.808725964241538,0.7633272643449667
C1orf131,24.318100979089056,6.010345215337906,0.7632749720208183
CARD8,33.65408016174626,15.990104576633307,0.763191842409131
TXNRD2,21.33309620532789,2.8224446193635444,0.763141117675068
RAP2C-AS1,20.540277439766367,1.9790846733385807,0.7629229182855309
RNGTT,37.95888949210926,20.600472281569772,0.7626782383894579
DHX30,32.736769193327966,15.028674238164848,0.7621561009992601
NFIX,34.022876612314434,16.406162150005624,0.7619976543804855
TRMT61B,24.279723683471556,5.993478016417407,0.761957495814892
EFCAB11,19.57054870172417,0.9614303384684584,0.7618980993146034
PARP14,42.918920942771024,25.919262341167208,0.7617213828601458
POLE2,21.037310219593014,2.5469470369953893,0.7609242524108266
SEC31A,61.25016380553008,45.53581468570786,0.7603992353985227
DNM1,24.225433850646798,5.965366018216574,0.7603256600042692
RBM41,24.55491697399704,6.336444394467559,0.7592930243162538
PPP5C,27.914334387928935,9.929157764533903,0.759173592085068
PWWP2A,34.24565213321601,16.70414933093444,0.7587306632751001
EXD3,23.99985023494393,5.757337231530417,0.7585213850411203
DEAF1,33.549244622498456,15.967614978072643,0.7583061509214933
LMF2,30.02976580489357,12.206229618801306,0.7582946207665
DGCR8,25.629481251287046,7.505903519622175,0.7581489512493775
PSPC1,50.67207068910646,34.27414820645451,0.7579916529210958
HMG20B,40.1791564483217,23.074328123243003,0.7571766068503237
ACAP3,23.59267648875826,5.3525244574384345,0.7568644917496132
UGCG,58.15564333451897,42.297312492972,0.7566404118410117
TXNDC12,32.94924836662486,15.36039581693467,0.7564484415124353
ZNF562,28.63975887825973,10.755650511638368,0.7563824416709144
STXBP4,23.718104723215454,5.498706848082762,0.7562030052233902
SMPD4,26.423236048448995,8.405487462048802,0.7553545169781315
ACAT1,32.05159406181552,14.421455077026875,0.755331923932249
TPGS2,29.324934009772168,11.509052063420668,0.7552318721439477
TSNARE1,21.886290881180148,3.5589789722253453,0.7552154151751937
DNAJC9,33.55392478050059,16.029461374114472,0.7552051025085441
WDR43,50.25179250051481,33.88058023164287,0.7549572456365202
ELMOD3,28.065971507198086,10.17092094906106,0.7548259920652302
SMAD2,53.48671771158995,37.34397840998538,0.7546337134306915
LRSAM1,26.350225583615703,8.34926346564714,0.754164754928339
TOP2B,47.859295729823835,31.34487799392781,0.7537907199757075
ZNF292,57.00245240279311,41.12223096817722,0.7535067742464692
ZNF91,36.099930733661566,18.78443719779602,0.75336006537624
VRK1,25.838216298182225,7.820757899471495,0.7531431485604091
ITGB5,31.68466967444821,14.078488698976724,0.7526478917992457
SERGEF,25.77550218095363,7.76453390306983,0.7525537287549848
AARS2,20.109702903570025,1.7148318902507589,0.7522335852311461
DHDDS,26.90529232266881,8.984594624985943,0.7518691839750195
CBR3,25.16333751427448,7.129202743731024,0.7515201290804455
PEPD,37.26997023419511,20.07196671539413,0.7513416607319335
POLD2,33.24222625755846,15.770830990666818,0.7511402725253803
SMUG1,21.32467192092405,3.0360958056898686,0.7509945296979186
ZMPSTE24,29.888425033229122,12.189362419880805,0.7509737221168945
HSPG2,40.218469775539624,23.23175531316766,0.7508806340527876
CHMP3,39.189771046670536,22.13538738333521,0.7507115856384958
PTCD1,22.27006383735515,4.053750140559991,0.750600357909431
IFT52,26.036654997472713,8.085010682559316,0.7502974928326807
PEX14,34.88402568470711,17.54188687731924,0.7502504500219636
TMEM161B,27.14866053877979,9.282581805914765,0.7498028773583704
ZC3H14,37.15390231574218,19.98200832115147,0.7494817027064015
PTPRF,22.27568002695771,4.081862138760823,0.7493942122012234
PIGT,35.55796843701443,18.278421230181042,0.7493651247514951
HEXB,41.74607334743621,24.89598560665692,0.7491601697277146
INTS12,27.12993990677125,9.2769594062746,0.749018067027819
TRMT10B,25.319654791545766,7.342853930057348,0.7489790170131834
CACNA1D,21.506262051406853,3.272236590576858,0.7487001008663599
LANCL2,22.483479042252466,4.318002923647813,0.7486279272644194
TTYH2,24.789860905704174,6.786236365680873,0.7484540609737533
CELSR1,21.86289009116948,3.6601821657483415,0.7483300225722332
ZBED3-AS1,19.044498942284292,0.652198358259305,0.7480957245406602
CDK10,25.014508489806612,7.033621949848196,0.7480567122093152
NAA25,37.314899751015595,20.18441470819746,0.7478269155231787
PYROXD2,19.190519871950876,0.8152479478241313,0.7477147594346374
UCHL3,29.06846135125522,11.374114472056673,0.7476391971507065
GCSH,29.96517962446412,12.335544810525132,0.7474742540718414
AATF,43.61439242188816,26.925671876757,0.7473687095495091
PHLDA3,23.143381320553384,5.048914876869448,0.7472306745017493
HGSNAT,39.98165378063163,23.05183852468233,0.7468878351633745
KANSL1,67.0488795701743,51.98470707297874,0.7466920589094597
DOCK5,35.64595540745456,18.430226020465533,0.7462138544956349
ARHGAP1,26.30436003519479,8.450466659170134,0.7459695247013032
ZGPAT,19.374918097234964,1.0570111323512874,0.7452773392832429
LONP1,32.946440271823576,15.562802203980658,0.7452427549869955
C11orf65,20.422337458112587,2.181491060384572,0.7450043139367043
IVD,22.388939850609358,4.284268525806814,0.7449560200668404
GRN,46.48613737199768,30.0404812774092,0.7448861725042011
TRIP4,29.882808843626563,12.296188013043967,0.7448185632768152
DIS3L,21.003613081977647,2.8111998200832113,0.7445436079009848
PCBD2,22.087537675271918,3.9750365455976615,0.7442520215336519
JARID2,72.11561862328473,57.44967952322051,0.7439821855005291
ACYP1,27.429470018907836,9.704261778927247,0.7431717709459169
MAN1B1,23.78175487204448,5.813561227932081,0.7427378345456015
ZNF33A,33.2263137203512,15.917013381311143,0.7422377242810161
CHKB,23.650710447984725,5.684246036208253,0.7421516985972694
CCND3,49.283935825673474,33.0878218823794,0.7417727388871211
BTN2A2,24.642903944437165,6.758124367480041,0.7414191449638197
RPL7L1,48.33947994084281,32.08703474642978,0.7413013241747429
DDX46,61.52442106445514,46.18801304396716,0.7408105310757243
RBM10,31.741767602074244,14.359608680985044,0.7406410112848398
RRBP1,65.26105921335905,50.185539188125496,0.7406015419706113
TRMU,24.97987532059082,7.134825143371192,0.7405164007943171
CSNK1A1,73.40172604227119,58.88901383110311,0.7404498076304562
RAD17,24.225433850646798,6.330821994827391,0.7403887935193254
ALG13,38.73673175206395,21.84864500168672,0.7399392990514173
MAP2K6,19.118445438718012,0.8883391431462948,0.7395249904270732
MYCBP,24.428552707939417,6.572585179354548,0.739042904721327
INPP5B,27.971432315554974,10.362082536826717,0.7388852439538394
ZNF611,29.526180803863937,12.043180029236478,0.7378273370226548
PIGC,24.402343823127467,6.572585179354548,0.7375147608265724
PIP4K2B,24.67098489244997,6.864949960643202,0.7372287425598533
ZSCAN5A,21.39861841735777,3.3678173844596877,0.7372095381959618
OPA3,28.091244360409608,10.525132126391544,0.7369761349530617
FAM185A,20.819214856693563,2.7549758236815474,0.7368592342984849
ORC4,30.59138476514967,13.207016754750928,0.7364442193019255
SPSB1,39.1953872362731,22.410884965703364,0.7360097149250957
SCAI,25.64258569369302,7.944450691555156,0.7349887834148223
PPP1R7,30.64848269277571,13.296975148993589,0.7348658535642596
TARS2,20.988636576370816,2.9742494096480376,0.7347754731557542
SFXN4,22.298144785367953,4.379849319689644,0.7344478356144986
PGAP2,19.841061834247526,1.7541886877319242,0.7344230631499933
IREB2,38.07121328416047,21.241425840548747,0.734261229905472
ARID1B,72.72403916356215,58.28179466996514,0.7340622431048027
BBS4,23.145253383754234,5.29630046103677,0.733844102631896
ABHD16A,21.192691465263866,3.2103901945350275,0.7337908819482712
ARHGAP12,40.25684707115712,23.60845608905881,0.7325679647966152
DUSP6,33.78325252260516,16.69290453165411,0.7323832808919037
TBL1XR1,63.59866709100099,48.56628809175756,0.7320092123684692
BTN3A2,27.337738922066006,9.827954571010908,0.731075404811679
MTMR10,31.442237489937657,14.224671089621049,0.730537814178787
CELF1,66.3234550798435,51.512425503204774,0.7301597848843591
KANK1,37.12488533612895,20.30810750028112,0.7300000097836106
CIT,20.0703895763521,2.085910266501743,0.7296977818812249
LRRC58,33.57451747570998,16.524232542449116,0.7294143369868948
NPEPL1,20.164928767995207,2.1983582593050714,0.7290755947589702
PIGF,28.51620270700339,11.126728887889351,0.7289347472307104
LINC01004,37.35982926783608,20.583605082649274,0.7286693981493142
NDUFV3,36.340490854971264,19.498481952097155,0.7284326733660301
TRAK1,45.94136698054926,29.770606094681213,0.7278452192169445
B4GALNT3,19.5471479117135,1.5742718992465983,0.7271010936327216
ABCC10,20.59456727259112,2.7043742269200495,0.7265213472633376
FOXK1,42.2758672332778,25.879905543686043,0.7263743280309027
PDHX,31.971095344178817,14.871247048240189,0.7261006572850222
RRP15,32.010408671396746,14.921848645001687,0.7256323839215468
GEN1,20.134039725181122,2.2377150567862363,0.7251275208659493
BLCAP,31.404796225920588,14.28651748566288,0.7249808202206965
SEC13,47.7497800325739,31.76655796694029,0.7244011848449431
UPF3B,42.4574573637606,26.121668728213198,0.7237731781764983
AAGAB,29.80605425239156,12.611042392893287,0.7231669074485544
SLMAP,54.429301533219764,38.92949510851231,0.7230969886318206
ALDH3A2,24.39017541232192,6.831215562802203,0.7226960983959816
CLEC16A,44.26867851058652,28.08388620263128,0.7223331996445782
DISP1,30.238500851788757,13.100191161587766,0.7216965527244672
DYNC2LI1,23.066626729318383,5.448105251321264,0.7209782033308091
FAM161A,20.09566242956362,2.277071854267401,0.72074283443157
UEVLD,26.547728251305763,9.18137861239177,0.7202856993255664
MARK4,38.95669917816426,22.444619363544362,0.720252364032222
PAK4,25.533069996443082,8.101877881479815,0.7200151363577862
IFT43,30.058782784506803,12.942763971663107,0.7198060403715314
GTF2H5,24.624183312428627,7.134825143371192,0.7197773050797889
WBP2NL,19.958065784300878,2.1590014618239066,0.7191612204638588
PSMF1,43.78755826796713,27.639716631058135,0.7185118046670728
RNF157,22.47879888425033,4.868998088384123,0.7182963841872321
STEAP1B,23.036673718104723,5.4705948498819295,0.7180048690739939
ZC3H12C,42.005354100754445,25.750590351962217,0.7176562834997687
TSGA10,21.151506074845088,3.4633981783425165,0.7175870669427616
MALSU1,32.38762940636876,15.472843809737997,0.7175680804536426
B3GAT3,28.910272010783082,11.75643764758799,0.7175587276610285
MFAP3L,19.031394499878314,1.208815922635781,0.7169662713315991
PARD6G,22.674429488739538,5.1051388732711125,0.7168206038707206
LCORL,50.13572458206189,34.45968739458001,0.7165974858923991
PCYT1A,30.57640825954284,13.561227932081414,0.7162475697799553
ZFYVE21,28.69966490068705,11.559653660182166,0.7160142357349063
ADH5,34.106183424752416,17.33948049027325,0.7159392791107806
PSPH,19.77366755901679,2.0240638704599125,0.7157709411811927
NAA38,36.52769717505663,19.93140672438997,0.7157304681409052
BRAT1,23.939944212516615,6.482626785111886,0.71546147276321
SSBP4,35.58136922702511,18.936241988080514,0.7148431792703418
FAM13B,52.75848512645786,37.29899921286405,0.7146269119663402
SLC38A9,27.950839620345587,10.789384909479367,0.7143737617288616
DHCR24,19.198008124754292,1.450579107162937,0.7134918963944782
ABCB8,20.986764513169966,3.3678173844596877,0.7131958484212447
PMVK,23.645094258382162,6.212751602383897,0.7129924630437933
SRSF1,46.92794428739914,31.097492409760484,0.7129827601494378
ZZEF1,37.683696201583764,21.218936241988082,0.7128934149815511
PUM1,66.61549693917667,52.142134262903404,0.7128349194386683
RAD54L2,35.9511017091937,19.36916676037333,0.7127834047408299
C19orf12,29.72087537675272,12.717867986056449,0.712372740356541
ORC2,35.848138233146756,19.267963566850334,0.7123009607083662
TMEM9,22.03418387404759,4.509164511413472,0.7120026600061702
ZNF346,23.470992380702775,6.049702012819071,0.7117361311197219
C16orf74,19.445120467266975,1.7541886877319242,0.7113371750256628
TAF1B,30.805736001647414,13.898571910491398,0.7112155674883419
SLC35A1,22.100642117677893,4.5991229056561345,0.7109700599452021
MMAB,19.373046034034108,1.6867198920499271,0.7108154315892308
ZNF692,21.046670535597283,3.4802653772630157,0.7105543282952068
TUG1,29.748020293165094,12.79095918137861,0.7099680875219767
MDC1,23.472864443903628,6.100303609580569,0.7090847950494538
SEC14L2,23.259449239006308,5.892274822894411,0.7079900154660124
MROH1,34.53956605575004,17.95232205105139,0.707775638451767
WDR91,21.98083007282326,4.531654109974137,0.7076649115576098
TAPT1-AS1,20.03388434393545,2.4513662431125605,0.7076324292571585
TRPV2,22.563041728288745,5.15574047003261,0.7075655031124054
DICER1,44.63653892955426,28.752951759811086,0.7072819890202247
NCOA6,43.70893161353127,27.7634094231418,0.7071795104802119
PLCB1,35.737686504296384,19.25671876757,0.7064743677690187
PI4KB,36.40601306700114,19.9763859215113,0.7061817461610672
EIF2AK1,38.593518917198644,22.315304171820532,0.7061312393017768
SLC25A40,22.195181309321,4.790284493421792,0.7060537785031131
PROS1,27.07377801074564,10.007871359496233,0.705869739997743
SLC30A6,27.271280678435705,10.238389744743056,0.7048098338394166
DYNC1H1,69.58458917573057,55.476217249522094,0.7040662255400543
PPP2R2B,20.163992736394782,2.659395029798718,0.7038698943179867
PCCB,21.31624763652021,3.896322950635331,0.7035750240935612
DDX19B,25.695939494917347,8.57978185089396,0.7034401721904838
ACSS1,23.766778366437652,6.533228381873384,0.7026043185386874
PLXNB2,31.06782484976693,14.33711908242438,0.7025727666539566
ATAD2B,40.6153471741206,24.541774429326438,0.7025551004218354
L3MBTL1,18.94153546623734,1.3774879118407737,0.7025252901499386
USO1,47.17318456671097,31.552906780613966,0.7024374180284599
VTI1A,53.10949697661793,37.90621837400202,0.7019672543752287
EIF4ENIF1,26.317464477600765,9.2769594062746,0.7016456062904229
BCL2L1,39.61472939326431,23.496008096255483,0.7012628598320301
CPSF1,24.30406050508265,7.146069942651525,0.7004986768910224
RNF169,41.922047288316456,25.98110873720904,0.7002234070404985
POT1,23.517793960724116,6.325199595187225,0.6994356293837933
MRPS18B,31.712750622461016,15.09052063420668,0.6990754047171882
NUP155,25.664114420502838,8.63038344765546,0.6988240796841028
TMEM120B,26.45318905966265,9.473743393680422,0.6988239728029604
AP1S1,24.778628526499055,7.697065107387833,0.6981103364607789
SCRN1,20.92217833274051,3.5758461711458454,0.6980813874067519
DDX1,37.50210607110096,21.29764983695041,0.6980114665337739
NF1,67.26416683827246,53.10918700101204,0.6979004649044573
SARM1,19.7633712114121,2.350163049589565,0.6973807796117983
CEP164,24.805773442911434,7.747666704149331,0.6969325677175958
DFFA,31.155811820207052,14.539525469470371,0.6966610071924886
TSPAN4,34.9392515491323,18.604520409310695,0.6955001941967232
DDX19A,26.56925697811558,9.659282581805915,0.6954696734401224
ZNF138,21.570848231836308,4.318002923647813,0.6954157737863532
NFE2L1,39.46870846359773,23.451028899134148,0.6952026834583023
UCHL5,32.92116741861205,16.45676374676712,0.6950005450275096
MYO1C,34.844712357489186,18.51456201506803,0.6948954972275967
TULP3,34.66031413220511,18.317778027662207,0.6948791491962293
HRK,17.79208866091319,0.292364781288654,0.6947024224605506
TMEM230,41.86307729748957,26.020465534690207,0.6946380361173835
AGL,22.513432053466126,5.3412796581581015,0.694551151272011
GNPDA1,28.08562817080705,11.30102327673451,0.6943211743943931
LANCL1,20.420465394911734,3.1148094006521982,0.6939794710090467
GLYR1,45.558530055974686,29.98425728100753,0.6938680041718707
UBE2V2,38.539229084373886,22.483976161025527,0.6937641676915688
THOC1,37.21100024336821,21.067131451703588,0.6936137159251189
CLUAP1,21.974277851620272,4.784662093781626,0.6934804295558831
FBXO42,38.80693412209596,22.781963341954345,0.6931168518343347
SUPT4H1,23.056330381713686,5.948498819296075,0.6930796900532104
RNF214,22.8719321564296,5.751714831890251,0.6930633420218427
MTMR4,24.532452215586797,7.52839311818284,0.692958329848977
BBS1,18.281633187936425,0.8489823456651299,0.6928805860901786
UFSP2,26.22947750716064,9.344428201956594,0.6928347566553172
E2F3,38.93329838815359,22.928145732598672,0.6925099418757823
CPSF3,25.04633356422113,8.090633082199483,0.6922487632151748
CATSPER2,18.666342175711854,1.2819071179579444,0.691694036643384
INO80E,25.69219536851564,8.793433037220286,0.6915664670516837
SEMA4B,23.01420895969448,5.931631620375576,0.6915439075766047
CDC25B,22.929966115656065,5.841673226132913,0.6915395528518463
POFUT1,22.327161764981184,5.211964466434274,0.69074499783116
CEP104,26.413875732444726,9.580568986843584,0.6907040575267679
SPON2,26.097497051500458,9.2432250084336,0.6906604390250888
CRADD,35.6440833442537,19.447880355335656,0.6905881962252979
ATP1A1,81.28872830746766,68.23344203305972,0.6905416268474172
KLHDC2,33.99105153789992,17.688069267963566,0.6902096578709861
COMMD7,26.154594979126493,9.316316203755763,0.6900022363559586
XPC,35.542991931407606,19.352299561452828,0.6899081843053283
BCL9,21.174906864855757,4.003148543798493,0.6895062629413591
GYS1,26.98017485070296,10.210277746542225,0.6893701264083314
GLOD4,27.83570773349308,11.126728887889351,0.6892575825347571
IGSF8,28.97579422281296,12.346789609805466,0.68917337999916
QSER1,36.77387348596889,20.690430675812436,0.6886767673539519
ADD1,49.908268903158174,34.729562577307995,0.6886127708520613
DZIP3,19.50034633169216,2.2320926571460697,0.6884859055763324
KDM4B,37.00694535447517,20.943438659619925,0.6884638866756969
GFM2,23.119044498942284,6.1115484088609024,0.6878414104245744
AP1S3,24.512795551977835,7.601484313505004,0.6878248486309222
TYW3,25.714660126925885,8.889013831103115,0.6876620472873891
PABPC1L,22.975831664076978,5.965366018216574,0.6874659421650706
GSE1,32.62070127487504,16.276846958281794,0.6872965395365493
TP53,25.16988973547747,8.315529067806139,0.6871840292337783
ZFP14,21.15993035924893,4.031260541999325,0.6870994327444157
PLA2G4C,25.107175618248874,8.259305071404475,0.686594609428354
ZNF552,21.78051931033192,4.705948498819296,0.6864771743680661
ARV1,19.143718291929535,1.8947486787360845,0.6860954946648512
MLYCD,18.43139824400472,1.1357247273136175,0.6859700647522387
BSCL2,19.696912967781792,2.4907230405937253,0.6858378177361093
MATN2,20.485051575341185,3.334082986618689,0.6857831342872973
RWDD3,18.26478461912874,0.9614303384684584,0.685763787415216
TPST1,42.00441806915401,26.335319914539525,0.6857027205561886
MAT2A,43.34762341576652,27.77465422242213,0.6854995133139745
PDPR,28.90652788438138,12.341167210165299,0.6854414350144394
NDUFAF5,23.59829267836082,6.668165973237378,0.6854192318098342
EPB41,39.899282999794075,24.09760485775329,0.6850349869592074
WDR33,52.67705037722074,37.754413583717536,0.6850343477285983
FGD1,21.218900350075817,4.132463735522321,0.6850167780963985
RABEP1,53.142258082632864,38.25480715169235,0.6848607308272632
MRPS9,24.79266900050546,7.966940290115822,0.6842063758792523
BTD,54.829923058202446,40.070842235466095,0.6841913919569063
CRCP,30.536158900724487,14.106600697177555,0.6841488381541604
CRELD1,20.077877829155515,2.9292702125267063,0.6841262409957903
CC2D1A,26.539303966901922,9.83919937029124,0.6839081505436393
RFC3,19.54059569051051,2.38951984707073,0.682244509346466
PRKG2,18.226407323511243,0.9895423366692904,0.6819925430265276
LAMP1,54.528520882865,39.79534465309794,0.6816470672866459
SLC2A11,18.707527566130633,1.5292927021252671,0.6805996806156629
TEX9,18.336859052361607,1.1357247273136175,0.6804578314175876
CAPRIN2,21.80672819514387,4.8521308894636235,0.6800305716688433
CCDC7,22.51155999026527,5.6111548408860905,0.6797193890400972
UROS,22.137147350094537,5.211964466434274,0.6796659545941882
ATRX,76.21262893835295,63.0102327673451,0.6795167305973027
PRIMPOL,21.5427672838235,4.582255706735635,0.6793625886825302
PSEN2,18.34153921036374,1.1638367255144495,0.6791971091417104
PRSS23,30.50807795271168,14.174069492859553,0.6788308888499225
DCUN1D5,33.57451747570998,17.451928483076575,0.6788053682174222
POLR3H,23.993298013740944,7.224783537613853,0.6780851621048112
TAB1,20.363367467285695,3.3453277858990216,0.6780747384445313
SUCO,41.67774304060505,26.12729112785337,0.6780041762847001
PRKAR2A,47.61873560851414,32.480602721241425,0.6778068954698176
IRAK1BP1,19.684744556976245,2.62566063195772,0.6777670178081149
CNDP2,32.512121609225524,16.338693354323624,0.6775917264355529
GALNT1,41.59630829136792,26.048577532891038,0.6775501092172607
CA5B,32.6993279293109,16.541099741369617,0.6774650831470851
EFTUD2,33.560477001703575,17.468795681997076,0.6770665566338389
FUBP3,36.78697792837487,20.92094906105926,0.6768652773646724
DHX32,30.388265907857047,14.084111098616889,0.6767526245537114
TMEM63B,28.345844955725706,11.908242437872483,0.6763675897393095
POP5,20.836063425501244,3.885078151354998,0.6761906869246384
CBY1,20.138719883183256,3.1485437984931965,0.6757115980033617
KRCC1,29.12743134208211,12.757224783537612,0.6756241492939636
PIK3R3,20.20892225321527,3.2328797930956927,0.6752040252359183
RBL2,37.03689836568883,21.230181041268416,0.6745675646760209
IFT74,21.181459086058744,4.284268525806814,0.6745522477727832
SS18L1,29.236947039332044,12.897784774541773,0.674341582140199
TRAPPC11,25.953348185034724,9.389407399077927,0.6742809010099602
IDS,31.092161671378026,14.882491847520521,0.6742398181973788
RRP1B,32.86874964898815,16.782862925896772,0.6741544379129735
RNF31,18.936855308235206,1.900371078376251,0.6737273521869777
ZSWIM5,21.671003613081975,4.82401889126279,0.6736505744709469
DBT,20.676002021828257,3.761385359271337,0.673605956355697
COQ9,21.329352078926185,4.4641853142921395,0.6733602727335644
FBXL20,46.88488683377951,31.78342516586079,0.6730522732495012
FBXW4,28.686560458281075,12.335544810525132,0.672922662634879
MRPS31,30.704644588801315,14.494546272349037,0.6728088697584016
ARSG,32.633805717281014,16.56358933993028,0.6724178393188169
TRIT1,24.057884194170395,7.399077926459012,0.6723425935658243
CLOCK,47.31078121197372,32.25570673563477,0.6721200456202615
TRAF5,25.64258569369302,9.10266501742944,0.6718042527086928
D2HGDH,30.6690753879851,14.47767907342854,0.6716551232554847
FANCI,21.494093640601307,4.677836500618464,0.6713103497753301
HSD17B14,20.815470730291853,3.963791746317328,0.6706959081160684
DET1,17.31471254469551,0.2248959856066569,0.6705490252230903
CAD,20.10595877716832,3.2160125941751936,0.6701207658607747
ICA1,22.41327667222045,5.684246036208253,0.6700014761377783
CYB5B,33.99573169590205,18.064770043854715,0.6699322321787007
MARK3,66.82423198607185,53.15978859777353,0.669488988894039
APOOL,20.85759215231106,4.031260541999325,0.6694712013870664
IWS1,45.49019974914353,30.360958056898685,0.6693336062013399
SAE1,39.91800363180261,24.40683683796244,0.669256862056113
CUL7,19.008929741468073,2.0634206679410774,0.6690348382350398
CUX1,67.23514985865923,53.60958056898685,0.6689104202734626
KHDRBS3,37.74921841361365,22.09603058585404,0.6688652951545733
ERGIC2,38.426905292322665,22.832564938715844,0.6681982761547836
COX16,30.655034913978696,14.528280670190036,0.66807598553483
ZFYVE26,23.840724862871372,7.247273136174519,0.6679622974832509
ARSD,19.342156991220026,2.4401214438322274,0.6679137877948584
TTYH3,31.166108167811746,15.079275834926348,0.6678161312437086
PCNT,27.178613549993447,10.817496907680198,0.6678144882870403
PKD1,26.19203624314357,9.766108174969077,0.667647617235128
PARP4,39.80099968174925,24.31687844371978,0.6673423274629107
ANKRD27,31.97577550218095,15.961992578432474,0.6668696616913854
DDX17,78.10809292921729,65.28168222197233,0.6661189868991748
VPS52,19.410487298051184,2.563814235915889,0.6651500147321583
RNASEH1,26.945541681487168,10.62633531991454,0.6646534377139971
EPS15,57.30947076773312,43.0844484425953,0.6643622514691616
ACIN1,55.23616077278769,40.86922298436973,0.6643232370815737
COX20,45.89082127412622,30.88384122343416,0.6641673220394078
EFCAB13,26.85661867944662,10.541999325312043,0.6640694791280444
ATPAF1,20.778965497875205,4.048127740919825,0.6639666066342663
SLC15A4,28.12306943482412,11.908242437872483,0.6633783666338944
KDM1B,24.943370088174177,8.512313055211965,0.6632412640580988
GGA2,39.375105303555046,23.940177667828628,0.6630602977037807
YTHDF2,51.223393301757866,36.60744405712358,0.6628480267978201
RSU1,38.879008555328824,23.42291690093332,0.6623530509405471
NAA35,39.631577962072,24.232542449117283,0.6620647840573546
SORD,19.9833386375124,3.2328797930956927,0.6620510724274934
TNRC6C,38.60194320160248,23.141796918925,0.6615344380525472
ZNF713,17.63951551004362,0.7477791521421343,0.6609620390799029
PRR3,23.66007076398899,7.191049139772855,0.6604962301514299
MINK1,29.10777467847315,13.021477566625435,0.6600621532991691
FAM193A,48.21685980118689,33.45327785899022,0.6596185852585924
KDM3B,38.00756313533145,22.545822557067357,0.659390746003818
PCAT1,23.49907332871558,7.039244349488362,0.6593905281290453
PRUNE2,19.684744556976245,2.963004610367705,0.6593637564373976
KIF2A,43.103319168055116,27.99392780838862,0.6592929092611872
MTHFS,26.484078102476737,10.255256943663555,0.6579907773605689
DOCK10,51.36847819982403,36.854829641290905,0.6578116697814482
CIZ1,27.39951700769418,11.239176880692678,0.6576904815437192
BCOR,31.364546867102234,15.484088609018329,0.657302449944848
DCTN5,25.65756219929985,9.389407399077927,0.6570347056263
ZNF507,21.50251792500515,4.953334082986618,0.6567722087649395
STK10,49.44025310294475,34.81389857191049,0.656723671674476
PHLDB1,29.36705543179138,13.370066344315754,0.6561631591272987
MFSD11,31.100585955781867,15.236703024851007,0.6554075828671537
MME,22.997360390886794,6.578207578994714,0.6552886117313398
CRTAP,38.260291667446694,22.905656134038008,0.6544962738125686
DPH5,20.544021566168073,3.9750365455976615,0.6542552614461326
OBSCN,19.045434973884717,2.395142246710896,0.6530667840262903
CRISPLD1,17.11720987700545,0.33734397840998537,0.6528989489878543
ZNF276,25.241964168710336,9.023951422467109,0.6527395760658474
DDX42,42.55199655540371,27.52726863825481,0.652605155799827
CAT,24.352734148304847,8.079388282919151,0.652420968617535
RDH11,38.18166501301084,22.860676936916676,0.652365610311067
SMYD4,23.56833966714716,7.247273136174519,0.6520805162913355
ACAD9,23.186438774173016,6.842460362082536,0.6518971903269133
PLEKHA8,26.777992025010768,10.682559316316203,0.6518170218726482
POLK,42.52578767059176,27.52164623861464,0.6513837329279178
DHX34,26.59640189452796,10.50264252783088,0.6510442404757538
FAM184B,18.301289851545388,1.6417406949285955,0.6507790297900589
IQCE,19.362749686429414,2.777465422242213,0.6507112109128769
GTF2H2,21.816088511148134,5.403126054199933,0.6505176771067029
PHKA2,21.0681992624071,4.6047453052963006,0.6504653847825546
NRG2,19.279442873991425,2.693129427639717,0.6504547117329429
ETV6,59.49697661793062,45.68199707635219,0.6502025775589884
HPS3,23.178014489769176,6.8705723602833695,0.6498723961036587
RTCA,25.88127375180186,9.76048577532891,0.6498349177915959
ZNF10,19.548083943313927,2.9967390082087033,0.6495552514205333
MRPL45,22.97021547447442,6.656921173957045,0.6494117969490814
TMEM161A,20.812662635490575,4.3517373214888115,0.6493684278367341
DENR,42.864631109946274,27.926459012706623,0.6490565367795289
MSRB2,22.008911020836063,5.639266839086923,0.648878167087182
PUS7,33.91242488346406,18.36275722478354,0.6488187034452868
UVRAG,55.605893254956285,41.555155740470035,0.6484610165240232
MCM3,25.883145815002717,9.788597773529743,0.6484104658127092
UBAC2,58.135986670910015,44.26515236703025,0.6481419459240954
TM9SF2,48.29829455042402,33.762509839199375,0.6474970903893745
USP45,27.156148791583202,11.166085685370517,0.6474879472465569
RRAGB,25.39734541438119,9.293826605195097,0.6470766772024622
PCGF3,36.27028848493925,20.92094906105926,0.646739012010936
ACTR3B,23.448527622292527,7.219161137973687,0.6466283207438261
ZNF587,22.033247842447164,5.712358034409086,0.6463097845496086
NTPCR,24.057884194170395,7.876981895873159,0.6462713066239747
SLC35F5,36.15141247168505,20.802878668615765,0.6462489293966214
IDH1,22.76335249078009,6.493871584392219,0.6462452851565664
PMM2,40.03313551865511,24.963454402338918,0.6456043986178157
KATNAL1,24.583933953610273,8.4560890588103,0.645351072301344
MRPS33,23.842596926072225,7.674575508827168,0.6447606528823485
ACACB,20.84355167830466,4.4698077139323065,0.6447283130900868
FOXRED1,21.104704494823746,4.750927695940628,0.6446191243276999
ZNF26,23.93526405451448,7.781401101990329,0.6443360336475993
SGSM3,22.87848437763259,6.656921173957045,0.6440632933174397
CPNE3,32.410094164779004,16.844709321938602,0.6440379885034677
KDM4A-AS1,19.126869723121853,2.653772630158552,0.6437057783626806
NRDE2,25.20358687309284,9.153266614190937,0.6434473532659437
KATNAL2,18.284441282737703,1.7710558866524233,0.6427420680465605
ACSF3,21.71499709830204,5.442482851681098,0.6424763606384463
PEX6,23.573955856749723,7.438434723940178,0.6419794609206145
HECTD1,56.72351498586592,42.87079725626898,0.6418527189759802
ABI2,46.242769155886705,31.67659957269763,0.641440447262071
TRIM27,38.24625119344029,23.130552119644666,0.6414087843837094
MTMR1,24.769268210494786,8.731586641178454,0.6411279025805476
HES6,19.873822940262464,3.502754975823682,0.6409430049135518
ZNF559,18.724376134938314,2.277071854267401,0.6407881627952959
PARVB,44.594417507535056,29.92803328460587,0.6407213497004177
SMIM19,23.886590411292286,7.803890700550996,0.6402711680373878
TPCN2,19.544339816912217,3.1654109974136957,0.6401353144644952
ZNF254,29.537413183069063,13.847970313729899,0.640024807501355
MVB12B,22.55274538068405,6.387045991229057,0.6397932568649192
DCAF16,25.386113035176066,9.41751939727876,0.6396738958878281
MAST2,34.349551640863396,18.998088384122344,0.6396464849655714
EMC2,32.4587678080012,16.9796469133026,0.6395146654740108
NOL9,25.8756575621993,9.946024963454402,0.6393856646316824
WDR20,39.506149727614805,24.51928483076577,0.6391087518244898
CYB5D2,22.4497819046371,6.291465197346227,0.6390040918096097
FNDC3A,67.00301402175337,53.91881254919599,0.6385057752348589
SATB2,23.56365950914503,7.500281119982008,0.6380051874249486
NDRG3,22.284104311361553,6.139660407061734,0.6376255069488761
POLH,22.882228504034295,6.808725964241538,0.6360001319712961
TMEM106B,26.264110676376433,10.429551332508714,0.6356569322499593
SDAD1,34.664058258606815,19.43101315641516,0.6343666929435412
TMEM209,19.88037516146545,3.648937366468009,0.633350294293263
BTRC,36.69431079993261,21.623749016080062,0.6331220693096998
BCL2,55.15191792874927,41.36399415270438,0.632419895980904
LDLRAP1,19.979594511110697,3.783874957832003,0.6317741059179761
DLD,34.374824494074915,19.172382772967502,0.6316117005844522
LARP4,46.809068274144934,32.463735522320924,0.6315183275039667
EGFL8,17.20800494224685,0.8264927471044643,0.6315081470642858
PNKD,32.967968998633395,17.67120206904307,0.6314776324764179
POLM,22.277552090158565,6.2464860002248965,0.6314157715411269
ANKRD13C,37.278394518598944,22.292814573259868,0.6306780458170723
PSD3,39.222532152685474,24.384347239401777,0.6299333563688237
UBA2,59.28449744463373,45.82817946699652,0.6298389501039632
MMS19,30.226332440983207,14.77566625435736,0.6295841925368635
KCNH8,16.81580770166801,0.4441695715731474,0.6294975947641146
NCOR1,70.89316135312728,58.242437872483976,0.6294575239025688
FBXO25,23.47660857030533,7.567749915664006,0.6292489143575124
CDKL3,17.199580657843008,0.8658495445856291,0.6288699107953404
UTP14A,22.953366905666737,7.016754750927697,0.6287992732689263
PPME1,31.308384971076624,15.950747779152142,0.6285700109885003
IMMT,43.89332983881536,29.405150118070395,0.6283685556403407
ALKBH3,19.906584046277402,3.789497357472169,0.6272104126168854
AKAP7,18.63077297489563,2.4344990441920613,0.6267423173886466
SNX8,41.19381470318438,26.55459350050602,0.6264772930631654
ZMIZ1,44.57195274912481,30.17541886877319,0.6259157870711496
SLC39A9,27.59982777018552,12.03755762959631,0.6258154817810279
SLC10A7,24.677537113652956,8.945237827504778,0.6241240000807851
ZNF785,20.655409326618866,4.649724502417632,0.6239433502574053
MBTPS1,36.850628077203886,21.96109299449005,0.6238330947398408
TMEM106C,19.74745867420484,3.682671764309007,0.6237600955470778
ATAD3B,26.901548196267104,11.329135274935343,0.6237482111778547
GOLGA1,21.931220398000637,6.021590014618239,0.623491282417108
DHFR,17.348409682310876,1.130102327673451,0.623131696981112
SORBS2,19.457288878072525,3.384684583380187,0.6230975737802367
TAF11,34.70805174382687,19.689643539862814,0.6228226245731388
MAPK8IP3,37.330812288222845,22.495220960305858,0.6226923767841515
CCDC12,39.99756631783889,25.345777577870237,0.6226734594928831
EXTL3,23.748993766029542,7.9950522883166535,0.6218198978131858
TGIF2,24.87129565494131,9.215113010232766,0.6206987404918621
ARHGEF40,24.583933953610273,8.911503429663782,0.6205066694508755
KCTD7,19.057603384690267,3.0079838074890364,0.6203436879158614
NDFIP2,28.78109964992418,13.40942314179692,0.6198511806060795
PFDN1,36.46498305782803,21.640616215000563,0.6188306471620597
ALDH18A1,22.39923619821405,6.611941976835714,0.6185738588532584
CTCF,37.09493232491529,22.3209265714607,0.6184474334395632
OXNAD1,32.774210457345035,17.704936466884067,0.6183399568316947
COX10,22.13153116049198,6.336444394467559,0.6179942906191117
MGST2,28.29436321770223,12.925896772742608,0.6178493733824724
GGH,20.131231630379844,4.205554930844484,0.6176114331670889
FSIP2,17.115337813804594,0.9839199370291241,0.6175168782253063
PMPCB,36.12520358687309,21.308894636230743,0.6171158934457903
LAMB2,28.94677724319973,13.64556392668391,0.616628950124134
NSUN6,26.046015313476982,10.54762172495221,0.6164994505031421
TIA1,28.960817717206133,13.668053525244575,0.6162207145478001
OGG1,20.20611415841399,4.312380524007646,0.6161498591466132
CLCN5,25.830728045378816,10.328348138985719,0.615908959830052
PPFIBP2,22.38238762940637,6.645676374676713,0.6157511544981303
EXOSC7,29.72649156635528,14.505791071629371,0.6151629144977578
NPL,23.88565437969186,8.264927471044642,0.6150654675964046
DENND4B,25.265364958721005,9.74361857640841,0.6148436993333957
ARHGEF9,19.475073478480635,3.587090970426178,0.6130925717435327
GSS,23.701256154407773,8.107500281119982,0.6129020724051196
MRPS21,43.85401651159743,29.64691330259755,0.6128873358158607
DUOX1,18.454799034015387,2.5075902395142244,0.6124945493697335
RBM33,51.97034651889848,38.33352074665467,0.612236773784826
PSMB7,53.0177658797761,39.45800067468795,0.6119637484382876
TELO2,21.22451653967838,5.4818396491622625,0.6117311920195482
SLC1A4,25.4151300147893,9.962892162374901,0.6116138302695993
NEK11,18.30316191474624,2.3670302485100643,0.6113211709783561
PLEKHM3,23.60484489956381,8.034409085797819,0.6112680592321177
ZDHHC7,28.21948068966808,12.98212076914427,0.6104160377404346
AKR1A1,35.94174139318944,21.23580344090858,0.6104062594794963
ADCY6,20.40080873130277,4.627234903856966,0.6103254079425979
LTBR,37.498361944699255,22.91127853367817,0.6097642267064969
GLT8D1,24.13651084860625,8.63038344765546,0.6097551212469702
STS,18.35089952636801,2.4513662431125605,0.6095037605868374
TSHR,17.240766048261786,1.2650399190374453,0.6094940871507966
SHARPIN,29.087181983263754,13.926683908692231,0.6094793841323413
USP14,44.51953497950091,30.422804452940515,0.6093637742764474
DDX10,35.776063799913885,21.083998650624086,0.6090276746187622
ACOT13,24.054140067768685,8.557292252333296,0.6089397565890153
ZEB2,68.48475204522904,56.04970201281907,0.608653214197806
LRRN3,17.28756762828313,1.3325087147194423,0.6085422632601439
SMC1A,38.84343935451261,24.373102440121443,0.6084432885082409
MED17,24.89844057135369,9.473743393680422,0.6081722939034034
PRKCZ,19.123125596720143,3.305970988417857,0.6079078334419477
NFATC2IP,38.67401763483535,24.20443045091645,0.6077665604453635
ERAP2,21.17958702285789,5.526818846283594,0.6066577485886349
CEP78,18.899414044218133,3.0923198020915326,0.606519432636984
PNN,62.94157290750135,50.168671989204995,0.6062809703533538
LRRC41,36.178557388097424,21.5675250196784,0.6061175907520864
TMEM131,50.034633169215795,36.37692567187676,0.606111347793816
PRPF6,44.56727259112267,30.535252445743843,0.6060127587707018
DNPH1,20.841679615103807,5.178230068593276,0.6059723110762407
CCDC146,22.594866802703258,7.07297874732936,0.6048292376229354
NPIPB5,34.18012992118614,19.45912515461599,0.6046170023440223
LRCH3,52.21839489301159,38.73833352074666,0.6046156505724654
TRIM56,37.95608139730797,23.507252895535817,0.6039397398754335
BSDC1,37.67714398038078,23.209265714606993,0.6039321369206303
TTYH1,16.329071269446057,0.39356797481164957,0.60387826878142
CLDN12,21.675683771084113,6.1115484088609024,0.603684343077725
BRD9,37.3186438774173,22.832564938715844,0.6035796200337268
MRPL37,25.18205814628302,9.861688968851906,0.6035452433310314
TOP1MT,22.354306681393563,6.842460362082536,0.6033786216684507
PRR12,23.045098002508567,7.584617114584505,0.6031689535931937
ZNF33B,22.13433925529326,6.6175643764758805,0.6028219691798566
TSN,31.928037890559185,17.08647250646576,0.602742052171167
RNF121,26.6432034745493,11.441583267738672,0.6025506580440809
IL17RC,17.76587977610124,1.9565950747779153,0.6023848558035905
AKR7A2,21.763670741524233,6.2296188013043965,0.602373398958936
ZNF551,17.06011194937941,1.2031935229956146,0.6023347408418211
MAN2B2,19.911264204279536,4.250534127965816,0.6023321715819207
ILF3,56.81243798790647,43.69729000337344,0.6019495025463559
LMTK2,28.00793754797162,12.914651973462274,0.6017623857212007
DDB1,44.096448696107984,30.11357247273136,0.6015648219461835
MYSM1,37.943912986502426,23.54660969301698,0.6010831973358093
ZNF506,26.138682441919237,10.929944900483527,0.6010455011489737
SLC35E3,29.029148024037294,14.022264702575061,0.6008813795484432
CYP7B1,22.710934721156185,7.275385134375352,0.6005547751915616
ZNF627,20.98770054477039,5.436860452040931,0.600377088581848
WWP1,44.469925304678284,30.540874845384007,0.6000300747101963
KLHDC4,26.061927850684242,10.868098504441697,0.5999441538513477
ZNF790,21.48098919819533,5.976610817496908,0.599693721550691
UHMK1,34.00696407510718,19.36916676037333,0.5994278736906314
SMG5,34.11928786715839,19.49285955245699,0.599229199308412
PEMT,21.23855701368478,5.729225233329585,0.5990541155294024
LENG9,21.331224142127038,5.83042842685258,0.5989362173174986
TM2D1,37.674335885579495,23.299224108849657,0.598860870852096
JMJD1C,76.90435629106838,65.23108062521084,0.5986940100814042
TSPAN31,26.900612164666683,11.795794445069156,0.5982357897140262
TRAPPC6A,19.871950877061607,4.284268525806814,0.5981996296027168
XRCC5,72.41327667222045,60.44079613178904,0.5981619498658346
ESD,33.41164797723571,18.756325199595185,0.5981497681427677
BRIP1,18.037328940225024,2.327673451028899,0.5979684729200468
ICMT,20.90532976393283,5.397503654559766,0.5977213977868217
NUCB1,40.40005990602243,26.250983919937028,0.596759298912811
RNF115,55.087331748319826,41.94872371528168,0.5967551264357778
NUMA1,39.64842653087968,25.452603171033395,0.5964887003179833
MYH11,19.80362057023045,4.24491172832565,0.5963625873227375
PPP1R37,21.31624763652021,5.875407623973912,0.5956092240520194
VLDLR,17.73967089128929,2.057798268300911,0.5953357334976205
TMEM181,39.95731695902054,25.834926346564714,0.5936419380955414
SRSF11,81.5620495347923,70.30248510064095,0.5936046481999364
TMEM184C,25.840088361383078,10.750028111998201,0.5934506487933531
MAPRE2,33.48840256847071,18.92499718880018,0.5934234160063335
MPRIP,48.043693955107926,34.487799392780836,0.5930852520361442
PRKCSH,33.44347305165022,18.896885190599345,0.5923373458724092
DMKN,16.661362487597582,0.9614303384684584,0.592274126996829
DMPK,19.454480783271244,3.946924547396829,0.5922617417926983
ZNF248,20.573974577381733,5.144495670752277,0.5922037388597463
UBE3B,21.240429076885636,5.8641628246935795,0.5918019641164552
ABL2,57.7831027575491,44.92297312492972,0.5916802202396776
SCAF8,44.7217178051931,30.97379961767682,0.5910936526542883
PTRH1,22.277552090158565,6.9886427527268635,0.5909285965255487
MC1R,16.32251904824307,0.6465759586191386,0.5896937867796934
GBF1,43.376640395379745,29.562577307995053,0.5896541016469363
BLZF1,25.802647097366005,10.800629708759699,0.5885070968809532
TATDN3,19.681936462174964,4.267401326886315,0.5880407494342811
SF3B3,39.432203231181084,25.37951197571123,0.5878688864832455
DAB1,18.196454312297583,2.693129427639717,0.5873096229389709
SIRT2,31.968287249377543,17.412571685595413,0.5872990252559425
MPV17,25.289701780332102,10.277746542224222,0.5871241929225082
PIK3CD,24.973323099387834,9.940402563814237,0.5870805744208292
TRIM37,26.8978040698654,11.998200832115147,0.5870301031885864
GALNT2,42.383510867326876,28.55616777240526,0.586651426438573
NAT10,25.987045322650093,11.04801529292702,0.5857629557067134
ZNF398,25.411385888387596,10.43517373214888,0.5856309580799159
LPIN1,34.51335717093809,20.173169908917128,0.5850926905331232
MAPK14,45.08583409775914,31.48543798493197,0.5844123243989235
PUS7L,19.67070408296984,4.323625323287979,0.5843186203937905
GNAQ,63.039856225546174,50.68593275610031,0.5837931758569175
CD302,23.540258719134357,8.478578657370967,0.5832713152581228
NUPR1,21.71218900350076,6.533228381873384,0.582808752503451
RAD52,20.63481663140948,5.3918812549196,0.5822554907530915
C12orf4,17.835146114532826,2.4007646463510626,0.5821925610063786
OBSL1,17.317520639496788,1.849769481614753,0.5820703793238111
VTA1,29.43351367542168,14.803778252558192,0.5818242346063064
DDX59,22.14557163449838,7.022377150567863,0.5813929743470335
UBE2G2,43.8109590579778,30.18104126841336,0.5812383165327474
LSM5,31.241926727446316,16.749128528055774,0.5811406894399125
NAIP,19.01829005747234,3.69391656358934,0.580631507286604
LZTR1,18.98646498305783,3.6601821657483415,0.5806162301229022
XAF1,20.104086713967465,4.863375688743956,0.5801423530317655
XIAP,43.200666454499505,29.55695490835489,0.579700427947857
SSX2IP,17.33717730310575,1.9172382772967504,0.5795358349707336
CUL9,18.418293801598743,3.0866974024513665,0.578773797877546
BRCC3,22.55929760188704,7.517148318902507,0.5785243672467048
PTDSS2,22.61920362431436,7.595861913864837,0.5777231732577388
KIAA0930,31.23724656944418,16.810974924097604,0.5774938753502653
SS18,38.93329838815359,25.036545597661082,0.5774895583087988
CBX5,35.39790703334145,21.258293039469244,0.5774703895719545
HOMER2,22.148379729299663,7.1067131451703585,0.5769558887073637
CENPK,18.72344010333789,3.4465309794220174,0.5769356134758061
SCPEP1,24.314356852687347,9.423141796918925,0.5768770048830486
EPM2A,18.3714922215774,3.0754526031710334,0.5766584115397462
PODXL2,16.603328528371115,1.1919487237152817,0.5763148178646436
LZIC,24.86287137053747,10.024738558416733,0.5760397240931122
AGRN,20.499092049347585,5.363769256718768,0.5758754935551951
POMZP3,23.486904917910028,8.557292252333296,0.5758663565811096
AKT2,29.976412003669246,15.506578207578995,0.5751385159991363
OGFOD3,20.280996686448134,5.144495670752277,0.5751212731790952
HELLS,17.944661811782765,2.648150230518385,0.5750822944185539
GAB2,57.72974895632477,45.170358709097044,0.5750736308773052
TBRG4,28.3561413033304,13.780501518047902,0.574829831376196
METTL5,28.011681674373328,13.415045541437085,0.5746825209586492
TK2,19.908456109478255,4.756550095580794,0.5745635498228352
TUBGCP4,21.27787034090271,6.2296188013043965,0.5740481603383039
ABHD2,43.92141078682816,30.434049252220845,0.5738759054897471
DHRS4-AS1,18.391148885186364,3.1485437984931965,0.5738171461638234
RMND5B,22.06881704326338,7.089845946249859,0.5732370435239654
RAD51C,22.246663047344477,7.281007534015519,0.5731780766044897
FLOT1,51.46769754946927,38.51343753514,0.5731140842150879
KRBOX4,21.427635396971002,6.409535589789722,0.5729653384344245
ZFPM1,25.80732725536814,11.092994490048353,0.5728304865313472
RAB6A,56.32663758728494,43.71415720229394,0.5727041008571874
MED24,25.18673830428515,10.43517373214888,0.5725325818391608
ZNF717,17.69286931126795,2.4344990441920613,0.5720565965834955
HDDC2,29.13304753168467,14.66321826155403,0.5719731819554295
PAK1IP1,28.80637250313571,14.320251883503879,0.5716359422322279
PIGX,24.175824175824175,9.372540200157427,0.571560162073524
PIGM,17.97555085459685,2.749353424041381,0.5713623427404424
HAGHL,17.95776625418874,2.7324862251208817,0.5712455510232519
SCAMP4,24.98736357339424,10.266501742943888,0.57010940361085
LRP8,19.573356796525452,4.481052513212639,0.570054468716462
CXADR,16.469476009510082,1.1638367255144495,0.5700439738020873
GSTCD,19.693168841380086,4.6216125042168,0.5693722438070656
SCAMP3,35.11241739521127,21.11211064882492,0.5687992830266395
ZNF644,59.217103169402996,46.879568199707634,0.568552605959668
JKAMP,22.964599284871856,8.135612279320814,0.5684167085347513
ADK,58.95033416328135,46.598448217699314,0.5683343353160359
GAA,20.449482374524962,5.45372765096143,0.5680753991031704
ZNF432,20.12561544077728,5.110761272911279,0.5679018890829783
CCDC137,28.410431136155157,13.966040706173393,0.5678734785471508
PCED1A,19.087556395903928,4.003148543798493,0.5678005170376794
NIPAL2,19.242001609974352,4.177442932643652,0.5672972989949943
WDFY2,44.85463429245372,31.552906780613966,0.5672512599103369
FN3KRP,19.749330737405696,4.7228156977397955,0.5671258594560391
RALY,57.201827133684034,44.75430113572473,0.5669898024020825
NEK3,19.79426025422618,4.77903969414146,0.566678324475737
RIMKLB,28.561132223823876,14.157202293939052,0.5662317911652505
NGLY1,35.50929479379224,21.590014618239064,0.5658684607767902
FANCM,18.806746915775875,3.7445181603508377,0.565536713787619
AKAP8L,40.563865436097124,26.998763072079164,0.5655163022166044
PFN2,19.70908137858734,4.717193298099629,0.5650857880690822
C1orf43,51.95443398169122,39.182503092319806,0.5649940976848
CSRP1,28.23820132167662,13.836725514449565,0.564885973621347
GLB1,34.382312746878334,20.40368829416395,0.5648764091226927
NOP2,21.155250201246794,6.268975598785562,0.5647515828136416
ZNF783,17.845442462137523,2.7324862251208817,0.5646963629028746
SYNE1,32.424134638785404,18.32340042730237,0.5641890080102038
CAMK2D,50.22464758410244,37.34960080962555,0.5641276540785529
TTC13,21.412658891364174,6.555717980434049,0.56411736675773
HP1BP3,67.58241758241759,55.90914202181491,0.5637094285352409
FADS1,21.30407922571466,6.448892387270886,0.5636141843420923
GRAMD4,28.360821461332534,13.994152704374226,0.5634473153464242
CD99L2,19.13435797592527,4.138086135162487,0.563168040872883
SPIN1,36.75421682235992,22.973124929720004,0.5630019241576981
TAX1BP1,74.80390137971058,63.64556392668391,0.5627195206727187
SH3BP4,27.514648894546678,13.117058360508265,0.5619585777367795
FN3K,16.069790516127824,0.8883391431462948,0.5617691095264967
LNX2,23.475672538704906,8.804677836500618,0.5617157127638792
ATAD1,32.18263848587528,18.115371640616214,0.561456931396668
CENPJ,19.016417994271485,4.048127740919825,0.5611989297120112
SWT1,24.56146919520003,9.9797593612954,0.5609198374861952
DIAPH3,15.708482318363068,0.5228831665354774,0.5606394208908932
AQR,36.38167624539005,22.61891375238952,0.5606038746643665
ATG4B,48.55383117734055,35.629146519734626,0.5605651137785976
PIK3C3,39.566055750042125,26.026087934330373,0.5604004180328204
CHAF1A,17.137802572214838,2.057798268300911,0.5602430004859317
PLXNB1,17.46541363236423,2.412009445631395,0.5600213747311125
WAC-AS1,19.01267386786978,4.07061733948049,0.5597537393499509
ERLIN2,18.073834172641668,3.069830203530867,0.5596097840435913
FANCA,17.79302469251362,2.7718430226020465,0.559493027953448
SEC11C,30.63350618716888,16.496120544248285,0.5594683664825731
ABHD8,21.328416047325756,6.555717980434049,0.5592054756674468
TRNAU1AP,30.3236797274276,16.170021365118632,0.5591933419088922
PLEKHG3,17.711589943276486,2.709996626560216,0.5581187978174726
OSGEP,22.6276279087182,7.966940290115822,0.557970774858978
PIK3R2,17.120954003407153,2.085910266501743,0.5577270171536484
GALNT3,19.460096972873806,4.587878106375801,0.5576230045943544
BFAR,39.475260684800716,25.986731136849205,0.5572535381287655
FLCN,25.300934159537224,10.839986506240864,0.557107009450017
HERC1,59.73004848643691,47.638592151130105,0.5570532269586113
LEMD2,27.91339835632851,13.639941527043742,0.5566831404395075
LRPAP1,51.442424696257746,38.78893511750815,0.5566111867685837
MAN2B1,22.929030084055636,8.321151467446306,0.556221005209404
TYRO3,18.30971413594923,3.384684583380187,0.5561867018170474
NMNAT1,17.67695677406069,2.709996626560216,0.5560994648136895
VPS29,43.0995750416534,29.88305408748454,0.5560163393144906
ADD3,43.250276129322124,30.046103677049363,0.5559082570468172
ZNF678,18.236703671115936,3.3284605869785224,0.5549969397672552
RBM5,46.99440253102945,34.066119419768356,0.5549089963916822
TBCEL,16.90379467210813,1.9059934780164174,0.5548803261853016
WDR59,36.08869835445645,22.422129764983694,0.5542566447833006
SLC19A2,33.549244622498456,19.71213313842348,0.554029949706531
CCDC50,42.776644139506146,29.579444506915554,0.5537503587020512
SLC7A5,49.69485369826086,36.978522433374565,0.5534809042852289
PLCG2,18.671022333713985,3.8232317553131674,0.5533290171556623
CAPS2,16.364640470262277,1.3662431125604408,0.552889441400638
KRI1,21.803920100342587,7.185426740132689,0.5525776174850389
PLEC,41.30801055843645,28.033284605869785,0.5524680053105714
CNNM2,23.299698597824662,8.787810637580119,0.5523754811104905
COX11,21.966789598816856,7.3709659282581805,0.5519521465056916
MBD3,27.31714622685662,13.0945687619476,0.5516698060498305
CCDC30,17.72469438568246,2.856179017204543,0.5509081231708726
RNF20,20.3146938240635,5.644889238727089,0.5497878585819779
RHOT2,30.45004399348522,16.496120544248285,0.54877135921929
ISYNA1,19.40580714004905,4.694703699538963,0.5486298642354448
ZNF490,22.506879832263138,8.01754188687732,0.5481699084239646
ABHD6,20.42327348971301,5.791071629371416,0.5481439938376984
TMEM67,18.618604564090084,3.8625885527943327,0.5481256822062359
PDGFD,17.265102869872887,2.4232542449117283,0.5477285472040823
ZSCAN16-AS1,22.740887732369846,8.276172270324974,0.5477048832905344
ANKAR,19.450736656869534,4.76217249522096,0.5475688872094521
ZNF718,23.242600670198627,8.815922635780952,0.5475127053684055
DYNC1I1,16.316902858640507,1.4337119082424379,0.5464253841753339
ZNF749,16.946852125727766,2.1083998650624087,0.5463488914756824
ZNF333,19.22796113596795,4.548521308894636,0.5462350629721578
UQCRC1,37.79227586723328,24.389969639041944,0.5462336399465064
TCFL5,19.464777130875937,4.807151692342291,0.545933767541737
PSAT1,17.174307804631482,2.3614078488698977,0.5458085513914086
IQCH-AS1,18.29567366194283,3.564601371865512,0.5455529805709513
TSC22D1,54.600595316097866,42.37040368829416,0.5453712345340787
QRSL1,17.929685306175934,3.1822781963341957,0.5450705721655343
PGAP1,30.535222869124063,16.659170133813113,0.5448429172147295
TRAPPC8,34.563902877361144,20.96592825818059,0.5447921609661076
GRB10,34.92708313832675,21.359496232992242,0.5444973976228238
MAGI3,29.573918415485707,15.64151579894299,0.5443092873528302
MAP2K7,27.543665874159913,13.482514337119083,0.5437135848496
DDRGK1,30.73085347361327,16.889688519059934,0.5436738579210633
BAALC,20.101278619166184,5.53244124592376,0.5434788216101666
ING4,21.957429282812587,7.517148318902507,0.543431634235016
ACOT8,17.590841866821425,2.8505566175643766,0.5434103950169349
NSMAF,40.78196079899657,27.639716631058135,0.5432664458793074
DNASE2,19.68287249377539,5.0938940739907785,0.5430073356436933
TYMS,17.974614822996422,3.272236590576858,0.5427827110481607
MAN2A2,21.53995918902222,7.084223546609693,0.5427080038133673
PFKL,32.72553681412285,19.04868998088384,0.542195650852841
KIAA1671,24.558661100398748,10.322725739345552,0.5420461253896232
BCAT2,18.18896605949417,3.519622174744181,0.5417850200393549
ARHGEF12,49.07145665237658,36.534352861801416,0.5413638710219117
CYB561D2,17.90534848456484,3.2272573934555266,0.5411978132233571
AGPAT1,20.83512739390082,6.3589339930282245,0.5411788603050415
USE1,23.251024954602467,8.945237827504778,0.5409493109519922
SNRK,41.07774678473145,27.999550208028783,0.5408824958008698
CEP70,19.80362057023045,5.262566063195772,0.5408460821877402
DUSP22,28.991706760020218,15.084898234566513,0.540728043523891
CYB561A3,19.447928562068256,4.885865287304622,0.5406572950038464
ITPR2,54.62493213770897,42.48285168109749,0.5406558048365879
MTIF3,29.727427597955707,15.87765658382998,0.5403775614911772
SLC29A1,26.311848287998203,12.234341617002137,0.539982888867782
DNMT1,40.91019712825505,27.842123018104125,0.5397014788276413
IL10RB,23.11155624613887,8.821545035421117,0.5395652648717867
LMO7,17.295991912686972,2.6200382323175533,0.5387943381376009
TOPBP1,27.8188591646854,13.876082311930732,0.5382886241453543
NF2,24.004530392946066,9.799842572810075,0.5382618524537066
GUF1,18.813299136978863,4.256156527605983,0.5380071366823862
PSMD4,45.14574012018645,32.40751152591926,0.537602976983164
ACSS2,24.196416871033566,10.035983357697065,0.5365677658665159
BABAM1,26.957710092292714,12.987743168784437,0.5365401034986832
MAPK1,53.17595522024824,41.00978297537389,0.5365321860691858
FRY,23.69844805960649,9.50747779152142,0.5363648080136332
MOXD1,16.926259430518375,2.277071854267401,0.5359465763015879
VPS13D,48.19533107437707,35.70223771505678,0.5356749150640714
ZNF621,20.921242301140087,6.555717980434049,0.5354646687310789
MIOS,24.352734148304847,10.227144945462724,0.5352535378906346
FUBP1,49.784712731901834,37.41144720566738,0.5351027360224436
CLN5,26.01138214426119,12.003823231755312,0.5350393725824294
ATP6V0E2,17.047007506973436,2.4232542449117283,0.5350122069370162
EMC1,23.502817455117285,9.327561003036095,0.5347733781016919
DBF4B,16.82142389127057,2.1983582593050714,0.5341280950424032
GABBR1,28.537731433813207,14.725064657595862,0.5338885536661311
FKBP3,31.843795046520775,18.272798830540875,0.5331120252605284
PISD,29.874384559222722,16.170021365118632,0.5329965894273828
L2HGDH,17.864163094146058,3.339705386258855,0.5326620237889796
TMEM220,18.481007918827338,4.003148543798493,0.5324349011876413
SFT2D2,35.54111986820675,22.24221297649837,0.5321444254275098
TRIP12,60.65952786566074,49.08917125829304,0.5321137347606488
ZNF431,28.668775857872962,14.910603845721354,0.53140747938601
CKLF,36.359211486979795,23.130552119644666,0.5313824239613693
GTF2H3,22.049160379654417,7.84324749803216,0.5309903185416307
ZXDC,33.310556564389614,19.880805127628474,0.5309112942653702
FUS,77.47159144092704,67.09209490610593,0.5302427515275192
STK25,29.926802328846623,16.276846958281794,0.5302251777828316
CSNK2A1,53.25645393788494,41.212189362419885,0.5301838140663586
ACTR10,36.87683696201584,23.709659282581804,0.5299710005297107
SBF2,68.28912144073985,57.28662993365569,0.5297680865288523
FASTKD2,28.02759421158058,14.258405487462047,0.5296021691822426
ACAA1,28.431959862964973,14.696952659395029,0.5292550066336688
ZNF438,27.69155886702735,13.90981670977173,0.5290258848051881
ZNF623,17.47383791676807,2.9967390082087033,0.5286135774642308
CASK,47.088005691072134,34.650848982345664,0.5284676667827531
HADH,19.371173970833254,5.032047677948948,0.5282072698609441
CDR2,42.08304472358987,29.315191723827727,0.5277250101324499
FAHD1,18.652301701705447,4.273023726526482,0.5276998039746428
SERPINH1,35.97731059400565,22.81007534015518,0.5265982826542677
ERBB2,15.934065934065933,1.3887327111211065,0.5265573361811433
IFT27,17.87820356815246,3.469020577982683,0.5264260887785851
WDR19,23.24353670179905,9.215113010232766,0.5257900893140598
RNPEP,26.51871127169253,12.717867986056449,0.5256663023581155
USP8,50.59718816107232,38.4628359383785,0.5251183654877709
RNPC3,30.173914671359302,16.636680535252445,0.5250032461855633
GPR161,23.548683003538198,9.563701787923087,0.5245653469580103
CCDC25,25.878465657000582,12.065669627797144,0.523915568722018
TMEM237,17.177115899432767,2.76622062296188,0.5238883674495576
MAEA,35.64501937585413,22.512088159226355,0.5234798153422856
SUCLG1,33.56515715970571,20.29124030136062,0.523365486003853
PPP3CB,33.100885485894004,19.796469133025976,0.5232869584500118
ATP6V1C1,41.6899114514106,28.977847745417744,0.5232061130818462
GNL3,54.803714173390496,42.99449004835264,0.5231683161826013
CNP,25.97394088024412,12.183740020240638,0.5230412371445878
DPP9,32.17234213827059,18.81254919599685,0.5228231823194842
ZMYM1,20.427953647715146,6.263353199145396,0.5226523107570431
SLC38A7,17.743415017690996,3.3959293826605195,0.522554436331121
PES1,23.942752307317893,10.024738558416733,0.5223909580736873
DNAJC16,20.690978527435085,6.550095580793883,0.5223455541071506
PSMA2,22.914053578448808,8.928370628584279,0.5222219096593959
TTLL1,15.34998221539959,0.8546047453052963,0.5216400551254832
RPAP1,17.194900499840873,2.828067019003711,0.5215513909839855
ITGB8,25.36177621356497,11.565276059822333,0.5210874744015126
SRD5A3,15.085085272478798,0.5903519622174744,0.5206107745486552
TSG101,41.11986820675066,28.421230181041267,0.5203343646326146
USP32,52.464571203923846,40.548746204880246,0.5202051185134424
TNRC6B,75.75490948574424,65.44473181153717,0.5200185861147548
METTL6,20.39706460490106,6.285842797706061,0.5196243999325583
RFT1,17.082576707789656,2.7437310244012143,0.5196030182062876
NEDD9,33.8403504502312,20.656696277971438,0.5194741304138337
MOSPD2,20.649793137016307,6.566962779714382,0.5190240220611431
GNPTG,28.592021266637964,15.068031035646015,0.5183440121974174
MRPL24,23.0881554561282,9.187001012031935,0.5182639841950976
SLC9A1,21.83293707995582,7.848869897672326,0.518076410387059
CCDC18,26.75271917179924,13.111435960868098,0.5178399726763981
LINC00240,14.92783196360709,0.4779039694141459,0.5175763316370325
NPEPPS,59.53348185034727,48.15585291802542,0.5173738136461838
DDX60,16.97212497893929,2.6706398290790507,0.5171503565182387
ATP6AP1L,16.216747477394836,1.8666366805352523,0.5169681726755768
COG2,22.87848437763259,8.99021702462611,0.5167740688366449
PIK3R4,22.403916356216186,8.484201057011132,0.5167086410841264
C11orf54,19.783963906621487,5.68986843584842,0.5163891765304323
NDC1,22.55368141228448,8.652873046216126,0.5162392612259376
FAM149B1,19.102532901510756,4.970201281907118,0.5159177261910065
SLC9A8,25.89344216260741,12.22871921736197,0.5158938841422216
OXLD1,19.175543366344048,5.048914876869448,0.5158806041494178
CYP2U1,15.813317857610873,1.4562015068031036,0.5158363066775941
PFKM,19.426399835258437,5.318790059597436,0.5157845151883533
ABHD14A,16.183986371379895,1.8553918812549197,0.5156714348528237
DHX8,34.389800999681746,21.31451703587091,0.5156242159631141
MTFR1,32.7133684033173,19.53783874957832,0.5148014264855931
AK2,43.80908699477694,31.401101990329472,0.5145707014399798
FHL2,22.766160585581368,8.911503429663782,0.5145189750361013
RER1,40.678061291349195,28.05577420443045,0.5145110911774071
ZNF3,20.264148117640453,6.2408636005847296,0.5143282955062075
GOT2,23.529962371529663,9.732373777128078,0.5142721849192555
TAF4,22.322481606979053,8.444844259529967,0.5141075268567699
CHST11,64.04702622760544,53.041718205330035,0.5140014540974587
MTFMT,21.480053166594903,7.556505116383673,0.513450537563495
PDE7B,19.25229795757905,5.178230068593276,0.5133012991729007
MFN2,25.900930415410823,12.284943213763635,0.513263286455127
EXOC5,32.92210345021248,19.79084673338581,0.5131695550479233
RMDN2,17.003014021753373,2.777465422242213,0.5131236838172818
TADA2A,18.706591534530208,4.5991229056561345,0.5130754255744654
LRP11,15.841398805623678,1.5405375014055998,0.5128727883650092
SOCS7,21.13840163243911,7.207916338693354,0.5125467937804216
ABCB7,27.876893123911863,14.410210277746543,0.51253387417058
NUDT9,22.72497519516259,8.905881030023615,0.5124243270814751
NUP205,27.770185521463205,14.303384684583381,0.5121398448902821
SENP2,25.613568714079786,12.003823231755312,0.5118443313227594
FAM162A,29.701218713143756,16.37805015180479,0.511551246563192
CTDSPL2,41.83499634947676,29.34892612166873,0.5114218935628778
EIF2D,21.240429076885636,7.342853930057348,0.5111343351081442
RPN2,55.83615702866129,44.33262116271224,0.5103666668852245
ANGEL2,22.651964730329297,8.866524232542448,0.5103144019631469
NCOR2,51.479865960274815,39.68289666029462,0.5100256068429747
RPP38,25.507797143231553,11.925109636792982,0.5099712734959048
KDM3A,34.83441600988449,21.89362419880805,0.50995582025321
AP4M1,19.631390755751916,5.644889238727089,0.5099469641830155
DDX50,31.10245801898272,17.907342853930057,0.5098242501509811
CAAP1,22.942134526461615,9.187001012031935,0.509750039638607
MCM3AP-AS1,17.826721830128985,3.722028561790172,0.5096219315287075
PLAG1,16.227043824999534,2.0128190711795795,0.5095937683259674
PDCD11,27.177677518393022,13.718655122006071,0.5094918639312016
TAF4B,26.664732201359122,13.17328235690993,0.509335844064138
WDR3,22.932774210457346,9.187001012031935,0.5092042739619088
CCDC125,16.597712338768556,2.417631845271562,0.5091221754783519
AP5Z1,27.32369844805961,13.8817047115709,0.5091108988251788
NOL12,18.68787090252167,4.660969301697965,0.5086099629697709
PGGT1B,22.76335249078009,9.023951422467109,0.5082208248761864
VEZT,37.14735009453919,24.401214438322278,0.5080169427763156
MAPKBP1,29.066589288054367,15.770830990666818,0.5076742041503508
MRPS24,18.09723496265234,4.048127740919825,0.5076047402602564
NBPF12,29.96985978246626,16.73788372877544,0.5075845760223294
CPSF2,27.9620719995507,14.6013718655122,0.5070718270517931
SNRNP200,44.13388996012505,31.901495558304283,0.5062105993881738
CEP152,23.564595540745454,9.917912965253569,0.5061697241691441
TRMT1,26.724638223786435,13.296975148993589,0.5060808818924094
DNAJC24,21.902203418387405,8.152479478241313,0.5055521411609795
TDRD7,23.293146376621674,9.642415382885416,0.5053718496643178
PPIG,57.07546286762641,45.749465872034186,0.505332344723042
ZNF160,25.625737124885333,12.138760823119307,0.5051925221541799
SETD4,18.323754609955632,4.334870122568312,0.5051694974712408
ANKRD54,20.70408296984106,6.8818171595637025,0.5050130857066557
CYP4V2,17.04045528577045,2.9742494096480376,0.5045715107244891
ATXN2,56.68607372184885,45.35027549758237,0.5044056851944159
CLN3,16.316902858640507,2.203980658945238,0.5044046040455294
SNX6,52.05084523653518,40.40256381423591,0.5040570221973633
BTBD10,34.489956380927424,21.634993815360396,0.503980810401603
TCF25,73.44665555909168,63.285730349713255,0.503213643013591
GOSR2,27.69998315143119,14.393343078826042,0.5031390659495215
TMEM79,14.975569575228858,0.8040031485437984,0.5025699172631661
AKAP8,32.70868824531516,19.75711233554481,0.5025664237562775
SNAPC3,22.77458486998521,9.142021814910605,0.5024346022084728
METTL3,23.04041784450643,9.434386596199259,0.5019848542387443
NSMCE1,29.026339929236013,15.832677386708646,0.5019534804892508
POM121C,35.11803358481382,22.354660969301698,0.5013413963838492
IFI27L1,17.228597637456243,3.23850219273586,0.5011255127523928
FH,22.092217833274052,8.444844259529967,0.5006816912099962
UROD,21.7589905835221,8.090633082199483,0.5005758575587963
CCDC112,17.221109384652824,3.2497469920161928,0.5000754581653435
EFCAB2,28.182039425651013,14.966827842123017,0.49996045396925537
SLC25A23,15.594286463110995,1.5180479028449343,0.49969145859156017
NCAM1,15.603646779115262,1.5292927021252671,0.49962378222256754
KDM5A,51.749443061197745,40.16642302934893,0.49936565036718594
BCAN,14.647022483479041,0.5116383672551444,0.49936303519901737
SCRIB,19.864462624258195,6.089058810300236,0.49930556872802057
KAT6B,36.945167268846994,24.356235241200945,0.4986821723423984
TIMM9,24.340565737499297,10.890588103002361,0.4983509618151828
SSR1,46.34573263193366,34.41470819745868,0.4980707315800944
CUBN,17.564632982009474,3.654559766108175,0.49802114485530374
MED13L,65.99116386169197,55.414370853480264,0.49792071350694567
CHD3,35.996967257614614,23.366692904531654,0.49737900931365026
DHX9,55.9587771683172,44.703699538963235,0.49727260974218
PPCS,24.500627141172284,11.081749690768019,0.4972550401099808
NUMB,55.56377183293708,44.28201956595075,0.4972453748989165
AHI1,50.59157197146976,38.96885190599348,0.49718601402567586
RAD51D,15.897560701649288,1.8891262790959182,0.49713067900878993
ZC3H6,26.279087181983265,12.987743168784437,0.4969720919380699
GATAD2A,57.5041653406219,46.36230743281232,0.49689582122568
TNFRSF21,21.85633786996649,8.264927471044642,0.49674346888825294
LIN9,16.237340172604227,2.277071854267401,0.49577822249660664
FBXO38,23.612333152367224,10.17092094906106,0.49515068309226645
ZCCHC24,24.377070969915945,10.997413696165523,0.49465174852024507
KDM4C,38.153584064998036,25.722478353761385,0.4946073126527202
CRELD2,22.865379935226613,9.389407399077927,0.49423280426725197
KMT2C,72.72591122676302,62.68413358821545,0.4940088353522816
OSBPL3,28.66690379467211,15.596536601821656,0.4938783614635453
IFFO1,18.026096561019898,4.239289328685484,0.4930284063406106
EFCAB7,15.442649343841849,1.4786911053637692,0.49299710178896766
CHN1,25.256940674317164,11.975711233554481,0.4925842641547876
TSPAN5,21.863826122769904,8.34926346564714,0.4925792660869319
NCSTN,21.457588408184662,7.916338693354323,0.49251055447732117
AGPAT3,38.34266244828425,25.96424153828854,0.4924427753396746
SDCBP2-AS1,23.13776513095082,9.71550657820758,0.4923247661341404
NHLRC2,23.08721942452777,9.66490498144608,0.4921381206855781
LAS1L,25.213883220697532,11.941976835713483,0.4919140681790481
GBE1,44.64028305595597,32.71112110648825,0.4915686952078202
CHD7,48.80655970945579,37.16406162150005,0.49156594781268304
KNTC1,16.784918658853922,2.9405150118070393,0.49151243388770216
ECSIT,22.79236947039332,9.361295400877093,0.4915094371032332
FAM91A1,37.28681880300279,24.856628809175756,0.4913044485086491
RBM4B,20.893161353127283,7.337231530417182,0.49119314952548954
PAN2,15.910665144055264,2.018441470819746,0.4908401674307257
NSUN3,19.12218956511972,5.45372765096143,0.4906858261473777
PAXIP1,20.076941797555087,6.47700438547172,0.49053069901274293
STAM2,24.405151917928748,11.104239289328685,0.4904613461162788
PWP1,36.14954040848419,23.659057685820308,0.4903254966558747
TMEM175,15.5596532938952,1.6529854942089286,0.49031082103949003
CAPN7,47.34354231798866,35.629146519734626,0.48999761178153123
SDHAF2,25.37020049796881,12.144383222759474,0.489986398157476
SQLE,27.07096991594436,13.966040706173393,0.4897744102116502
VSIG10,16.052941947320143,2.192735859664905,0.4896274540083331
MORC4,20.702210906640207,7.16855954121219,0.4892611604062065
NUP88,34.16702547878017,21.561902620038232,0.4891392678525067
C2CD3,24.00640245614692,10.705048914876869,0.48898892091095464
ELOVL6,18.995825299062098,5.358146857078601,0.4885322469003231
MLST8,17.59458599322313,3.8625885527943327,0.488418917175462
CEP95,35.587921448228094,23.096817721803667,0.48825165833851664
FAHD2A,16.723140573225752,2.934892612166873,0.48821710144434005
CDK2,28.049122938390404,15.045541437085348,0.4879164870403081
BLVRB,32.82662822696894,20.156302709996627,0.48766587866065847
SMC2,20.148080199187525,6.606319577195547,0.487623934630207
NUP37,17.912836737368252,4.2224221297649835,0.48734480472109937
NDUFB5,27.25536814122845,14.207803890700552,0.48733699006025566
FADS2,16.189602560982458,2.3838974474305634,0.4871671181113857
UMPS,20.40268079450362,6.887439559203869,0.487132709894131
PDZD2,20.9146900799371,7.438434723940178,0.48692743217067985
RALGAPA1,53.95941366980549,42.75834926346565,0.48682253510393325
WDHD1,17.651683920849166,3.963791746317328,0.4862271093921052
MVB12A,23.69376790160436,10.423928932868549,0.4860963984515021
HINT2,15.638279948331055,1.8160350837737544,0.4860003430612409
DUSP4,45.627796394406275,33.86933543236253,0.48596244339334194
HSD17B12,34.60976842578206,22.09603058585404,0.48581548719002515
MDH1,38.32300578467529,26.06544473181154,0.4857756890073933
TMC6,24.5848699852107,11.385359271337006,0.4856039959666184
FAM120C,20.017971806728198,6.505116383672552,0.4855587701353185
UGDH-AS1,17.017054495759776,3.3003485887776907,0.485417277207717
FAM168B,38.08431772656645,25.823681547284384,0.48504766823393863
VEPH1,14.583372334650019,0.7084223546609693,0.48491659279788524
THOC7,31.212909747833084,18.492072416507366,0.4843652987601087
PGM1,26.013254207462044,12.93714157202294,0.48423283592545097
SDHA,40.039687739858095,27.932081412346786,0.4840377345291922
SUPT16H,44.37913023943688,32.57618351512426,0.4837031373762296
SLC27A4,18.1412284478724,4.537276509614303,0.48348510995319727
ACTL6A,26.075968324690642,13.03272236590577,0.48267520857095847
TRIM4,31.969223280977964,19.341054762172497,0.48214829098767775
CAPN1,29.01697961323174,16.1925109636793,0.48177756935045385
PLA2G6,21.125297190033134,7.758911503429664,0.48172406159420594
AIMP1,36.01475185802273,23.675924884740805,0.481546307842886
CCDC43,19.43763221446356,5.965366018216574,0.48116651637318275
CCDC34,14.720032948312333,0.9333183402676262,0.48061593076386605
FLOT2,23.123724656944418,9.929157764533903,0.4798507187509722
KIAA0753,19.992698953516673,6.583829978634881,0.47979110848839945
SCRN3,14.928767995207517,1.1807039244349489,0.47929078034904127
ATP6V1D,38.744220004867366,26.63892949510851,0.4790496001285893
HAGH,30.65129078757699,17.99167884853255,0.47891752919145286
FLAD1,21.89752326038527,8.636005847295626,0.47890125035793546
N4BP2,25.75678154894509,12.762847183177781,0.4787872080921263
TRIP6,26.901548196267104,13.98853030473406,0.47866916737203313
TMEM101,19.630454724151488,6.218374002024063,0.47860684328512615
DNAJA4,19.528427279704964,6.1115484088609024,0.4784856968431772
FXN,16.334687459048617,2.7043742269200495,0.47814338779802507
NCAPD2,18.940599434636912,5.498706848082762,0.47764420383667183
RABEPK,21.85072168036393,8.619138648375127,0.4770925850429807
TPMT,25.302806222738077,12.318677611604633,0.47654853357704563
DTWD2,16.123144317352153,2.5075902395142244,0.4765443193042328
DBNDD1,14.181814778066906,0.43292477229281456,0.47653257538695515
MCM8,15.938746092068069,2.3108062521084,0.4765279712728651
CTPS1,23.706872344010335,10.62633531991454,0.475818513576449
CMTM4,18.0401370350263,4.571010907455302,0.4757505145077857
RUVBL2,27.45848699852107,14.646351062633531,0.4752558654626723
SMG7,41.208791208791204,29.343303722028562,0.4752168908146188
ATG9A,15.480090607858921,1.849769481614753,0.474936576987971
TSR1,26.635715221745887,13.774879118407737,0.4748248210219277
INTS2,17.771495965703803,4.301135724727314,0.47480964868312386
SNAP29,26.665668232959543,13.808613516248736,0.4747309450502898
GALT,14.852949435572945,1.1863263240751152,0.47456335734494137
SLC7A6,32.4063500383773,19.94827392331047,0.4745096776221889
TSC1,24.851638991332347,11.874508040031486,0.47447358876497436
GAK,39.40693037796956,27.442932643652313,0.4738287037719393
MIB2,22.57052998109216,9.451253795119758,0.47366725419996303
PRKCA,41.28460976842578,29.45575171483189,0.473503172338968
NKD1,17.95870228578917,4.526031710333971,0.4734561213032745
UBA3,36.47340734223187,24.31687844371978,0.4733226293967306
GOLPH3L,23.844468989273075,10.823119307320365,0.473106033224326
NAT9,25.527453806840516,12.62228719217362,0.47308397458415485
VPS25,20.1611846415935,6.893061958844035,0.4727452344124746
HSPBAP1,22.675365520339966,9.580568986843584,0.4727252462535404
UBN1,39.00443678978603,27.03811986956033,0.4724446933187815
POLG2,23.158357826160213,10.109074553019228,0.4720549790237061
SLC6A8,24.265683209465152,11.295400877094345,0.4719009227567371
TMEM69,17.832338019731548,4.430450916451141,0.47130254205622
GOSR1,36.333002602167845,24.210052850556618,0.4709638436803191
RNF34,30.137409438942658,17.592488474080735,0.47073218616274165
MAP4K5,50.40717374618568,39.26121668728213,0.4704849370067683
GAR1,26.36801018402381,13.572472731361746,0.4702578794907917
STX3,37.18291929535541,25.132126391543913,0.4702171193778808
LRCH1,53.7048130744894,42.79208366130665,0.47013738256067317
MICALL2,21.25353351929161,8.118745080400315,0.4695709059028717
LIPA,18.854484527397645,5.554930844484426,0.4695559493825963
COX15,16.6969316884138,3.2497469920161928,0.46951258027024917
GEMIN8,17.278207312278862,3.8738333520746653,0.469358595257375
FBXW7,56.03553175955221,45.29967390082087,0.4692354598695052
BRF1,21.259149708894174,8.135612279320814,0.46897820224035486
AFAP1L2,17.43265252634929,4.059372540200157,0.4682419351689994
PPOX,16.161521612969654,2.7043742269200495,0.46804672277910997
TTI2,19.51719490049984,6.291465197346227,0.4680157053000902
PPIH,23.80796375685643,10.87934330372203,0.46791033685675054
ZDHHC17,34.32802291405358,22.12976498369504,0.4675476141843399
ALDH9A1,25.17831401988131,12.352412009445631,0.46744952393988903
TRMT2B,15.73469120317502,2.260204655346902,0.46739076872645374
SHPK,15.10848606248947,1.5911390981670979,0.46737884667393914
ZP3,17.01050227455679,3.626447767907343,0.46724542190900153
IMPA2,18.70565550292978,5.442482851681098,0.467012695580002
GPR107,37.38510212104761,25.407623973912063,0.4669763278751414
MRI1,17.519703465188986,4.177442932643652,0.46687641448254097
TRUB2,19.900967856674843,6.7243899696390415,0.4667745792856257
MSMO1,19.094108617106915,5.8641628246935795,0.46665789444957734
RAB40B,15.936874028867216,2.4907230405937253,0.4666037454064762
TIMM44,27.269408615234852,14.606994265152368,0.46637844595328737
CDKN2B-AS1,15.405208079824776,1.928483076577083,0.4662763572545522
ZNF69,16.078214800531665,2.648150230518385,0.4662566184849495
PDE8A,57.89636258120075,47.35184976948161,0.46578050305856
ADAM12,23.865997716082894,10.98616889688519,0.46546638461821854
MDM4,53.37720201434001,42.52783087821882,0.4654514719499676
SCYL3,18.213302881105268,4.947711683346452,0.46529687099606676
STAT1,41.0655783739259,29.37703811986956,0.4650263498240662
PSMD14,43.746372877548346,32.2500843359946,0.4645991969564641
PDK3,26.918396765074785,14.269650286742383,0.464315494447825
FOXRED2,14.575884081846603,1.0795007309119533,0.46423639274873757
NPHP4,20.945579122751184,7.888226695153492,0.46419077707616047
TEX264,27.15802085478406,14.528280670190036,0.46417792872041397
ACP6,17.62453900443679,4.3404925222084785,0.4640940803990465
C5orf22,20.573038545781305,7.500281119982008,0.4636330537199005
RECQL5,15.005522586442519,1.5517823006859328,0.46352247139017694
ZSCAN21,16.492876799520754,3.1429213988530305,0.4634425879522908
GSTZ1,15.189920811726603,1.7541886877319242,0.4632320983986993
TCTN1,15.84420690042496,2.456988642752727,0.4630409913442366
SRD5A1,18.988337046258682,5.83042842685258,0.4623310684399602
FAH,18.617668532489656,5.436860452040931,0.462189219241885
ELP2,39.15607390905517,27.39795344653098,0.4616559518191925
ZSCAN30,15.980867514087278,2.631283031597886,0.46150081851582514
BLOC1S5,19.421719677256306,6.319577195547059,0.460915290283543
MOSPD1,17.73124660688545,4.520409310693804,0.46050073638235567
FAM193B,29.821966789598818,17.457550882716745,0.45970118740630195
COX19,28.081884044405335,15.602159001461825,0.45946128564706734
ZNF213,15.16464795851508,1.8047902844934218,0.45899804186600685
NDUFAF2,42.29552389688676,30.805127628471833,0.45883281993949554
FRMD3,18.878821349008742,5.779826830091083,0.4587060992281999
SLC35D1,21.755246457120393,8.855279433262115,0.45864349218115796
NEK7,53.17408315704738,42.437872483976165,0.45851589313114194
ATP6V1A,40.505831476870654,28.899134150455414,0.45846084929936815
GOLGA8A,29.09467023606717,16.70414933093444,0.45839581138812724
FAM151B,15.516595840275569,2.192735859664905,0.45835508073353104
BIVM,15.521275998277703,2.203980658945238,0.45801452152618966
RHBDL2,14.716288821910627,1.3437535139997752,0.4580069898254807
USP24,44.11142520171481,32.761722703249745,0.45797244526876923
ACTN1,49.575041653406224,38.603395929382664,0.45785272802120436
NR2C2,41.01409663590243,29.45575171483189,0.4577305442823929
MRPL13,27.99576913716607,15.54593500506016,0.45750745164989787
CALU,61.76217309096354,51.636118295288426,0.4574603081267705
LIMD1-AS1,14.417694741374468,1.0401439334307883,0.45715999997245654
ACVR1,31.200741337027537,18.981221185201843,0.4569710743928612
ADAL,15.726266918771179,2.4513662431125605,0.45647106484068567
ST3GAL2,32.03100136660614,19.880805127628474,0.45630512626073794
AIFM1,22.870996124829173,10.09220735409873,0.4562201358176096
THUMPD3,21.255405582492465,8.366130664567638,0.45618433403301856
TMED8,21.225452571278804,8.338018666366805,0.455971488981811
PEX2,22.655708856731003,9.867311368492073,0.45593636616736455
TTL,28.33554860812101,15.939502979871808,0.4558482741148693
VPS16,19.846678023850085,6.8705723602833695,0.4556343917667991
METTL14,21.08504783121478,8.197458675362643,0.45545302940247157
ATP10D,20.88848119512515,7.9950522883166535,0.45503390701424157
ZFAND6,60.17372746503922,49.9831328010795,0.45501985350761576
XPA,22.57146601269259,9.794220173169908,0.4550118483740704
EXOC3,28.51339461220211,16.147531766557968,0.45486914412685775
ZNF708,20.801430256285453,7.905093894073991,0.45486582258647373
LMLN,15.142183200104837,1.8666366805352523,0.4543142729906332
GPATCH1,15.50068330306831,2.254582255706736,0.454053347831846
UBR5,65.2526349289552,55.431238052400765,0.45393963854692876
XRN1,51.24117790216598,40.46441021027775,0.45347435991167817
ZMAT1,15.151543516109104,1.9059934780164174,0.45271299150741423
FAM114A1,30.364865117846378,18.17159563701788,0.4524020267534409
WARS2,21.393938259355636,8.585404250534127,0.4522995461571845
PLEKHJ1,24.695321714061066,12.116271224558641,0.45217029798176844
ATXN3,37.36918958384035,25.67187675699989,0.4516326381510257
CPVL,17.84918658853923,4.812774091982458,0.4514278907207969
TGFBRAP1,19.106277027912462,6.156527605982233,0.4514178966413297
COPS5,34.0565737499298,22.13538738333521,0.451413688537249
ERCC4,16.44888331430069,3.31721578769819,0.4513691375636056
AKAP1,20.561806166576183,7.713932306308332,0.45132273603974166
CLEC11A,20.123743377576428,7.247273136174519,0.451238747266429
USP10,41.85371698148529,30.473406049702014,0.45116922034721585
CEP41,14.104124155231482,0.8152479478241313,0.4511456907168812
ARL17A,21.174906864855757,8.382997863488137,0.4505705861448789
GCLC,23.009528801692344,10.345215337906218,0.4504950218047038
AP1B1,27.116835464365273,14.736309456876196,0.4504278818976661
DOCK9,39.313327217926876,27.77465422242213,0.45027450665708635
AGPAT2,26.630099032143324,14.235915888901381,0.4493462377425951
GCDH,19.154014639534232,6.2464860002248965,0.4492937652269656
LPIN3,14.98492989123313,1.793545485213089,0.44913278291909364
RAB40C,18.772113746560084,5.84729562577308,0.4488037182396979
SMS,48.238388527996705,37.34960080962555,0.4483161774832125
HSDL2,29.710579029148025,17.547509276959406,0.4482990394880698
METTL21A,26.50467079768613,14.123467896098054,0.4481673981317462
NT5C,30.828200760057662,18.745080400314855,0.4481318834197784
FAM20B,25.613568714079786,13.17328235690993,0.4480463585709392
HMGCL,18.283505251137278,5.3412796581581015,0.4479196419721323
ZNF326,41.254656757212125,29.89429888676487,0.4478324823916018
ZNF654,41.285545800026206,29.92803328460587,0.44779318298763326
TMEM232,14.280098096111724,1.0682559316316205,0.44760363941076764
ELAC2,19.73341820019844,6.915551557404701,0.44657685889598947
PFKFB2,15.151543516109104,2.0296862701000786,0.44596512900481783
TTC4,18.04388116142801,5.122006072191612,0.44591016053962684
MIB1,45.98161633936761,34.98257056111548,0.44586162344916347
BST2,32.277177677518395,20.336219498481952,0.44581436070742997
ANKMY2,18.55121028885935,5.667378837287754,0.4457387210006717
TIMM50,28.844749798753206,16.67603733273361,0.4453574729345139
ELMOD2,17.690997248067095,4.756550095580794,0.4452716610130516
KIF21A,22.941198494861187,10.373327336107051,0.4449773272505811
ZNF697,23.520602055525394,10.997413696165523,0.44471418910236743
AATK,15.698185970758372,2.6425278308782185,0.4444052530338513
FIG4,18.598011868880693,5.746092432250085,0.44417345506432815
SMG1,60.98058670460714,51.04576633307095,0.44409458152123427
IPP,15.208641443735141,2.136511863263241,0.4434666001986159
PIN1,25.947731995432164,13.617451928483076,0.44329923242428415
RBM12B,21.59705711664826,8.967727426065444,0.44328563178805397
ZNF451,45.33762659827396,34.34161700213651,0.44327914149669634
SUGP1,20.07600576595466,7.342853930057348,0.44324108492689857
POP1,16.835464365276973,3.879455751714832,0.44323715772670896
EBPL,26.821985510230828,14.556392668390869,0.44305133581272516
FUCA2,21.72622947750716,9.113909816709771,0.44284245153251045
TYW5,21.684108055487954,9.068930619588441,0.4428402741701312
CTNS,17.66946852125728,4.77903969414146,0.4427895158652649
PLTP,24.495010951569725,12.076914427077478,0.44263795966034575
STARD13,37.50865829230395,25.986731136849205,0.44258816945449164
KLHL12,17.155587172622948,4.233666929045317,0.4425789194305313
MCM4,18.02328846621862,5.161362869672776,0.442562428890974
PRPF4B,67.67602074246027,58.23119307320365,0.4424913028671167
L3MBTL2,15.931257839264653,2.9292702125267063,0.44235204621852475
GNPAT,27.30778591085235,15.096143033846845,0.4419313562402094
AVIL,17.628283130838497,4.750927695940628,0.44192175200201944
GLCCI1,25.554598723252898,13.229506353311592,0.4415408245792884
BCL7A,19.68287249377539,6.954908354885865,0.44148267708190253
ZDHHC20,42.005354100754445,30.816372427752164,0.44130064191616336
IFNAR2,30.357376865042962,18.368379624423703,0.44123017841249734
SHQ1,23.564595540745454,11.109861688968852,0.4411448673259427
PPIL1,16.167137802572213,3.2103901945350275,0.4407692901290528
CCHCR1,15.460433944249957,2.456988642752727,0.4406645985996137
CAND1,44.31735215380871,33.301473068705725,0.44053407196298
NAPG,35.62255461744389,24.024513662431126,0.43966202257282716
TMTC4,17.389595072729655,4.537276509614303,0.4396601261143386
HNRNPR,63.20178969242002,53.502754975823684,0.43956768961830583
NGRN,20.35400715128143,7.708309906668166,0.4395134590398889
VPS13A,36.97792837486193,25.486337568874397,0.43894142661893876
RDH13,15.972443229683433,3.0360958056898686,0.43892571576193584
RNF185,24.50530729917442,12.161250421679973,0.4386374865620343
IPO11,23.246344796600333,10.817496907680198,0.43853832750616184
FKBP14,19.846678023850085,7.185426740132689,0.4384580144874628
GNL3L,26.56364078851302,14.36523108062521,0.43841671791259684
JOSD2,18.456671097216244,5.701113235128753,0.43838616152894905
TERF1,30.50807795271168,18.582030810750027,0.438361606939216
KIAA0825,18.403317295991915,5.644889238727089,0.43834250740022274
CHAMP1,17.617986783233803,4.807151692342291,0.43825419952919886
TRNT1,31.415092573525282,19.554705948498817,0.4381835640590286
TMEM33,35.20602055525395,23.619700888339143,0.4374593636046219
ADAMTS17,21.39581032255649,8.860901832902282,0.4373793691731049
DENND6A,33.38169496602205,21.67435061284156,0.4372151071206287
GNG10,15.511915682273433,2.591926234116721,0.43630500527316635
GPR89A,21.740269951513564,9.254469807713932,0.43599307447642544
ABHD14B,19.471329352078925,6.831215562802203,0.43589623529112154
BIRC6,72.05664863245784,63.043967165186096,0.4353564440062683
RASA1,52.512308815545616,42.156752501967844,0.43526631093085033
APEH,18.042009098227158,5.324412459237602,0.4347590505818568
CLIP4,25.215755283898382,12.993365568424602,0.43466639004231855
EXT2,31.682797611247356,19.908917125829305,0.43446903797334135
ATP13A2,21.36960143774454,8.889013831103115,0.43431762016412373
NDRG1,35.61693842784132,24.12571685595412,0.43381358475559256
SMAD5,35.68433270307206,24.198808051276284,0.43375572433083065
CAPRIN1,50.51668944343562,40.053975036545594,0.4336227312029506
TPD52L1,16.963700694535447,4.194310131564151,0.4335377702181369
SAFB,53.06082333339573,42.78083886202631,0.43320214604953255
MRPL27,25.289701780332102,13.100191161587766,0.4331502394541731
GIT2,33.026938989460284,21.370741032272576,0.43309352320741556
GCAT,15.210513506935994,2.338918250309232,0.4325337965115251
TXN2,26.346481457213994,14.24153828854155,0.43250281671579677
TECR,35.7348784094951,24.277521646238615,0.4324087646651662
IFI35,16.083830990134228,3.289103789497357,0.4316178812866056
ROCK2,53.08609618660726,42.842685258068144,0.43130178212531955
UBE2V1,32.88840631259711,21.258293039469244,0.43115061164918944
DCP1B,19.06602766909411,6.4882491847520525,0.43097456388365596
RNF14,24.961154688582287,12.79095918137861,0.43086352045856036
PTRH2,38.23782690903645,26.981895873158663,0.43081369462565855
GTPBP2,26.39234700563491,14.325874283144046,0.43057625318893833
ZHX1,23.04322593930771,10.755650511638368,0.4300691435731108
PPP6R1,24.14774322781137,11.936354436073318,0.4300580786259779
RGL2,23.340883988243444,11.076127291127854,0.42994139378992957
CD276,32.29402624632608,20.645451478691104,0.4299270826689956
DHX36,53.77875957092312,43.61295400877094,0.42966766207117635
FASN,23.22388003819009,10.958056898684358,0.4295604643109542
ATAD3A,24.7383791676807,12.577307995052289,0.4295296962212661
VPS33A,17.29411984948612,4.6216125042168,0.4294925008693385
RBBP4,50.05709792762604,39.64353986281345,0.4292162711447789
S100A2,14.611453282662822,1.7598110873720905,0.42919705855591034
SPATA20,14.880094351985324,2.057798268300911,0.4286043192663461
PLGRKT,22.974895632476553,10.710671314517036,0.428538822315977
RHBDD1,22.492839358256735,10.199032947261891,0.42834350304494534
CEPT1,24.917161203362227,12.79658158101878,0.42799170075523385
COL9A3,13.285096504858004,0.3654559766108175,0.4279288758334191
CAV2,32.143325158657355,20.521758686607445,0.4278881177767522
CGGBP1,53.775015444521415,43.64668840661194,0.42760902966342473
NCAPG2,17.57399329801374,4.9589564826267845,0.4274076332318946
SOS1,58.71071007357208,48.926121668728214,0.4273802305346146
BMP1,19.649175356160022,7.179804340492522,0.4272490797319778
MBNL3,15.145927326506541,2.3726526481502304,0.4269276872052363
NIT1,19.402999045247768,6.9324187563252,0.42639116744001015
STX17,25.18112211468259,13.111435960868098,0.4262059155587845
GRHPR,28.026658179980156,16.158776565838302,0.425875886892865
ASB9,13.23923095643709,0.35421117733048463,0.4258680660632891
ZNF519,14.409270456970628,1.6136286967277633,0.4253832665332087
UBR2,58.84456259243313,49.1116608568537,0.4250628859575041
PRRC2A,37.81286856244267,26.633307095468346,0.4250526363199718
BSG,58.817417676020746,49.083548858652875,0.42501377060930556
FAXC,13.250463335642213,0.3823231755313168,0.4249893797611004
POMT2,18.781474062564353,6.297087596986393,0.424811802088773
MIA3,41.106763764344684,30.158551669852695,0.4247934966260427
STAP2,16.13344066495685,3.469020577982683,0.42469536664205637
CLTC,57.595896437463736,47.784774541774425,0.42464390607746294
NARF,36.0035194788176,24.71044641853143,0.4244547208273147
ZNF670,17.35308984031301,4.77903969414146,0.4243426359928686
DHX35,15.813317857610873,3.1429213988530305,0.4238199998240074
NUDT4,32.26220117191156,20.7297874732936,0.4234706640255426
LATS1,30.005428983282478,18.32340042730237,0.4231631571514108
TOP3A,21.497837767003013,9.231980209153265,0.42308462754132525
PALB2,16.646385981990754,4.048127740919825,0.42301106037204844
ASH1L,77.33493082726473,68.91937478916002,0.4225902402230082
SRRM2,82.5074414512234,74.45181603508377,0.42236686668662315
YIPF2,21.562423947432467,9.316316203755763,0.4222495953678631
TTI1,21.656027107475147,9.41751939727876,0.42218627372362877
FNBP4,68.15339685867795,59.11390981670978,0.42217015179201
ARSB,22.13808338169497,9.940402563814237,0.42176815094897013
CPEB3,24.130894659003687,12.07129202743731,0.42171439585963433
TUBG2,17.300672070689107,4.773417294501294,0.42159306922620426
ASL,22.395492071812345,10.221522545822557,0.4214406559159038
VANGL1,14.193983188872455,1.4562015068031036,0.42141884460881995
SYNRG,40.82221015781492,29.916788485325537,0.4213912240367671
APLF,18.536233783252523,6.100303609580569,0.4212479771588674
METTL25,16.929067525319656,4.38547171932981,0.421089922437614
SDC1,13.596795027800137,0.8264927471044643,0.42095174899415266
POLR3A,19.38147031843795,7.022377150567863,0.4202283700180799
ENC1,14.923151805604956,2.260204655346902,0.420072884556727
SETX,54.37969185839714,44.43382435623524,0.41992454917978206
TYK2,24.076604826178933,12.048802428876645,0.41977583902616655
KRT5,13.116610816781174,0.35421117733048463,0.41871853569854367
ALG1,15.35091824700002,2.7437310244012143,0.4186363680171362
POLR3B,15.439841249040567,2.8393118182840436,0.4186068845573982
ZCWPW2,13.247655240840931,0.5003935679748116,0.41838450857833975
SFPQ,70.71718741224704,61.92510963679298,0.4182948592169802
LRRK1,22.95149484246588,10.873720904081862,0.4182794984617183
IMPACT,15.132822884100566,2.5188350387945575,0.4181888686638814
LYRM7,16.598648370368984,4.0874845384009895,0.4180806082609709
PAXBP1,40.913941254656756,30.079838074890365,0.41784481800589546
UBA5,23.295954471422956,11.250421679973012,0.4178133668335746
PIGQ,15.874159911638616,3.3228381873383563,0.41755240399149596
ATG2B,25.720276316528444,13.853592713370066,0.4171548435210178
DIP2A,39.67837954209334,28.78106375801192,0.41665630495900585
ORMDL1,42.02594679596383,31.29427639716631,0.4164300394630496
PYCARD,18.145908605874535,5.774204430450917,0.4162793677655827
MCEE,18.969616414250147,6.662543573597211,0.41584482570546133
GGCX,25.521837617237956,13.67367592488474,0.41539968390606696
NOL11,25.714660126925885,13.8817047115709,0.4152937790007725
TFB2M,21.740269951513564,9.636792983245249,0.41513604492294576
NEDD4,25.27846940112698,13.420667941077252,0.4150122223399539
SLC44A3,13.842035307111969,1.197571123355448,0.4150072222158543
WDR37,34.14643278357077,22.90003373439784,0.41493897992659184
IFI27,24.866615496939176,12.98212076914427,0.41492277234716946
SNED1,31.692157927251625,20.27999550208029,0.41477121614225043
MORN1,13.489151393751053,0.8264927471044643,0.41467544371212434
CIAPIN1,23.976449444933262,12.03755762959631,0.4145495883311873
LTN1,33.39105528202632,22.107275385134376,0.41414335403823965
MFSD10,34.1857461107887,22.967502530079837,0.4135505434945804
PLA1A,14.415822678173615,1.8385246823344203,0.41349646159308584
KIF22,18.607372184884962,6.325199595187225,0.4131269553879616
TCEAL4,36.919894415635476,25.90239514224671,0.4128603237328595
GNS,37.36357339423779,26.385921511301024,0.41235160884365507
NME2,30.939588520508455,19.52097155065782,0.41229899381983626
SYNJ2BP,16.035157346912033,3.5927133700663445,0.4122169645341297
CD320,28.509650485800403,16.9290453165411,0.4120166156806835
PFKFB4,15.394911732220079,2.912403013606207,0.4119998360122585
CLK2,19.630454724151488,7.444057123580344,0.41174166030485315
POLR3C,25.732444727334,13.966040706173393,0.4117299184438199
RABEP2,19.061347511091974,6.83683796244237,0.4116849776288987
TAF12,25.29906209633637,13.505003935679749,0.4116120914860104
USP5,17.912836737368252,5.6111548408860905,0.4115847120783129
FZD3,16.526573937136117,4.138086135162487,0.41111772334478774
DDHD2,21.781455341932343,9.754863375688744,0.41109627242066626
MAP3K7,29.224778628526497,17.71055886652423,0.4110788912049242
EPS15L1,37.10429264091955,26.132913527493535,0.4110363456271551
POLDIP2,24.96302675178314,13.156415157989429,0.41103580710895615
RARS2,35.035662803976265,23.92331046890813,0.4109634930550704
SYNC,22.056648632457833,10.052850556617564,0.41088556910479074
CKAP2,19.320628264410207,7.129202743731024,0.41085319368548157
ADCK1,13.58743471179587,1.0176543348701226,0.4099774685407147
WDR13,24.458505719153077,12.639154391094118,0.40983737123669417
TP53I13,22.30563303817137,10.339592938266053,0.4097601639398507
TMEM128,17.72188629088118,5.45372765096143,0.4090392809133395
SLC31A1,27.076586105546923,15.455976610817496,0.40882079856366754
ERCC2,13.898197203137578,1.3718655122006072,0.408773464567839
RIPK1,34.701499522623884,23.60845608905881,0.4086560356762838
ZNF280C,16.400209671078496,4.053750140559991,0.40835070205204255
ZFR,59.53348185034727,50.15742718992466,0.4081811295132609
FRA10AC1,22.665069172735272,10.755650511638368,0.408020210234507
NBPF15,30.379841623453206,19.00371078376251,0.4078805404550552
HS1BP3,15.913473238856543,3.5477341729450127,0.40757577891981644
AEBP2,44.35666548102664,33.94804902732486,0.4075533701779036
ZNF496,21.633562349064906,9.66490498144608,0.4073807110943609
CES2,17.851058651740082,5.622399640166423,0.4073692165664149
ZNF514,14.063874796413126,1.5855166985269316,0.4067781181772746
ABL1,45.5033041915495,35.190599347801644,0.406624319524614
CANX,69.70346518898478,61.05926009220736,0.40642347394874756
TGFBR1,38.28930864705992,27.487911840773645,0.4062105137914216
FMR1,29.580470636688695,18.18846283593838,0.40574669997760293
CBX1,29.002939139225344,17.575621275160238,0.405505549215466
HNRNPU,77.99389707396521,69.93702912403013,0.4054956387275581
TAF8,21.70002059269521,9.771730574609244,0.40542794796485687
ENTPD5,15.096317651683922,2.715619026200382,0.40532514672517383
VPS35,38.65248890802553,27.89834701450579,0.40499558737960284
NUP210,15.94717037647191,3.632070167547509,0.40493972001325035
RAB6B,13.23548683003538,0.7365343528618014,0.40479273023913004
BOLA3,19.315012074807644,7.2360283368941865,0.4046980348454021
CPEB4,49.84368272272872,39.868435848420106,0.40450397280225037
CEP135,23.21826384858753,11.419093669178006,0.4040818810316217
ZBTB41,18.978976730254413,6.893061958844035,0.4038150294455025
CARF,14.810828013553737,2.4401214438322274,0.4037086237053003
AGTRAP,23.153677668158075,11.357247273136174,0.40369002911370266
KIF1B,49.465525956156284,39.48049027324863,0.40361879003997125
C2orf74,13.043600351947882,0.5566175643764759,0.4034196065978679
BDNF-AS,13.092273995170075,0.6128415607781401,0.4031903778882451
ARHGAP31,33.70462586816931,22.647025750590352,0.4029812860144787
AGA,15.032667502854896,2.693129427639717,0.4028408242150077
MRPL38,15.611135031918677,3.31721578769819,0.4025231094991241
DNAJC2,42.31050040249359,31.85651636118295,0.4023492137501432
ZNF440,16.701611846415933,4.486674912852806,0.40230683808263445
IVNS1ABP,56.16657618361196,46.67153941302148,0.40203624976902796
WDR41,26.6956212441732,15.180479028449342,0.4016374656414731
DUS3L,20.172417020798623,8.208703474642979,0.40162743387871463
PHKG1,18.614860437688378,6.544473181153716,0.4016014480383539
ZNF322,23.222007974989236,11.47531766557967,0.4012329770738479
TADA3,24.182376397027163,12.504216799730125,0.40109858832238665
NRF1,38.010371230132726,27.285505453727648,0.40098865344824874
PDE6D,28.357077334930825,16.968402114022265,0.40097358799058685
FOXJ3,49.68642941385701,39.767232654897114,0.40085608784493676
GPS1,22.30282494337009,10.50264252783088,0.40070152457432806
FBXO10,13.101634311174346,0.6690655571798043,0.40066893333649045
MRPS16,26.893123911863263,15.416619813336332,0.4002708384603013
KHDRBS1,58.80805736001648,49.52771843022602,0.40023704412782934
TRIM26,26.023550555066738,14.488923872708872,0.4001781758645191
PNPLA4,13.137203511990563,0.7196671539413021,0.3999823537023356
SPATA7,14.339068086938614,2.007196671539413,0.39981955235880257
A2M,24.43697699234326,12.802203980658946,0.3996872005177751
TP53TG1,14.145309545650262,1.8104126841335881,0.3992574386507367
TPM1,24.80670947451186,13.212639154391095,0.3988543100796446
CLPX,28.93835295879589,17.631845271561904,0.39867255581779587
DMTF1,34.356103862066384,23.42291690093332,0.39863907596001763
MTA1,23.928711833311493,12.279320814123468,0.3985771793976794
MRPS23,23.79392328285003,12.138760823119307,0.3983861792243588
RNF40,24.3929835071232,12.779714382098279,0.3983489859286753
NAT14,14.796787539547335,2.524457438434724,0.39828915984757396
LSM4,30.22352434618193,19.01495558304284,0.39815281160850635
SMIM14,31.032255648950706,19.880805127628474,0.39807192855704854
C11orf24,21.187075275661307,9.361295400877093,0.3979106235495063
VGF,13.257951588445627,0.8883391431462948,0.39782110024638273
IDE,22.288784469363684,10.541999325312043,0.39773582889936365
ZDHHC12,15.218001759739408,2.9854942089283707,0.3976974914256754
BRI3BP,15.543740756687946,3.334082986618689,0.3976734335583618
PAN3,64.06574685961398,55.19509726751377,0.3976188337011095
FAM217B,16.294438100230263,4.138086135162487,0.39758273456267446
SLIRP,50.07581855963458,40.24513662431126,0.39748865305372916
METTL2A,16.748413426437274,4.627234903856966,0.3973676408949928
SLC35A5,17.563696950409046,5.504329247722929,0.3970553517715337
ZNF345,17.73405470168673,5.68986843584842,0.39686649333354496
CHEK2,15.45949791264953,3.2609917912965254,0.39674891576506754
SMARCD3,15.778684688395082,3.603958169346677,0.39664954294691074
SBF2-AS1,18.081322425445084,6.06656921173957,0.39656409140841076
CHML,19.784899938221916,7.888226695153492,0.3965158331655942
MBIP,20.60205552539454,8.765321039019454,0.3963126971774747
SNRNP35,19.923432615085083,8.040031485437984,0.39631169756390344
SLC35E2B,22.256023363348746,10.536376925671878,0.39613237005376556
GDAP1,15.018627028848494,2.8055774204430453,0.39588775524305475
WDR75,26.85287455304491,15.455976610817496,0.3957769988905825
TMEM254,13.49570361495404,1.1863263240751152,0.3954273342237145
EIF2B1,21.895651197184417,10.165298549420893,0.39536397900867726
EFCAB5,13.890708950334163,1.6136286967277633,0.39514784804413305
RRP7A,26.943669618286314,15.568424603620826,0.39493650549764847
ZCRB1,22.202669562124417,10.50264252783088,0.394861831833658
COBLL1,24.704682030065335,13.184527156190262,0.39443906931786166
ADAT2,16.127824475354288,4.025638142359159,0.39400252597435376
GPX8,14.501001553812456,2.288316653547734,0.39392524742341545
MICALL1,21.548383473426064,9.822332171370741,0.3938260547967398
IGHMBP2,19.143718291929535,7.252895535814686,0.3937903598932908
PIP4K2C,17.73405470168673,5.751714831890251,0.3934925620822469
KIN,26.164891326731187,14.764421455077025,0.39338990746324143
LPCAT2,29.604807458299792,18.441470819745867,0.3933632447089802
LARP1B,33.98449931669693,23.1249297200045,0.3932283928059029
FOXK2,48.70172417020799,38.86202631283032,0.3928236233343867
HEMK1,13.681037871838553,1.4449567075227707,0.392124327571454
NDST1,27.09811483235674,15.787698189587315,0.391979519272201
OTUD6B,19.585525207331,7.775778702350163,0.39102544470883005
TMEM223,20.110638935170453,8.338018666366805,0.3909707968870656
TMEM134,21.421083175768015,9.74361857640841,0.3906977359134795
DNAJC7,48.79251923544939,39.00258630383448,0.39044952482722617
RAVER2,16.679147088005692,4.68345890025863,0.39026176465897405
METTL17,20.01048355392478,8.248060272124143,0.39003864051192016
TTC26,13.796169758691054,1.6080062970875968,0.38994233573232745
STAMBPL1,14.326899676133067,2.1758686607444058,0.3899084262937364
TMEM68,20.29690922365539,8.557292252333296,0.3898694139623917
INPP4A,30.868450118876012,19.858315529067806,0.38974791330621295
CUL1,50.805923207967496,41.18407736421904,0.3888359650210189
CPOX,17.989591328603254,6.1171708085010685,0.38845509857116156
MOB1B,35.552352247411875,24.90160800629709,0.3877203004337261
SSBP2,44.272422636988225,34.22354660969302,0.3876121489682016
MCM9,25.07815863863564,13.713032722365906,0.3873833436706592
ERI2,15.056068292865568,3.00236140784887,0.38733558215026215
TRDMT1,15.11129415729075,3.0642078038907004,0.3871816683914828
AP3B1,56.10947825598592,46.8851905993478,0.3870516802730477
GNG2,32.5598592208473,21.719329809962893,0.3868431125237721
CLHC1,14.57401201864575,2.496345440233892,0.3868335418563852
LINC00667,17.923133084972946,6.077814011019903,0.38672720942652183
POLE,16.2888219106277,4.334870122568312,0.38652003935707036
ZNF585B,13.787745474287211,1.6698526931294275,0.3860772153720008
CDH2,12.481045360091358,0.27549758236815475,0.3859551405705757
NAA16,31.175468483816015,20.257505903519622,0.38587183487989574
PPWD1,24.681281240054666,13.319464747554255,0.38571335057782963
SYCP2,14.158413988056237,2.07466546722141,0.3856056225243855
PSMD1,54.22431061272629,44.90610592600922,0.3851002730275901
TRIM33,45.96383173895951,36.078938490947934,0.38501406920860637
GINS1,12.869498474268493,0.7084223546609693,0.38498689739446024
MPDU1,21.016717524383623,9.423141796918925,0.3846037569823023
FAM174A,18.62234869049179,6.864949960643202,0.3845549622775307
PGRMC2,32.44659939719565,21.640616215000563,0.3845334421555586
BCKDHA,13.555609637381357,1.450579107162937,0.3845043464808538
PEX3,17.87820356815246,6.072191611379737,0.3844142552012163
RASSF8-AS1,21.18894733886216,9.61992578432475,0.38391060963396256
PMPCA,23.57208379354887,12.178117620600473,0.3833044855266963
RFFL,20.892225321526855,9.316316203755763,0.3831727729162779
ZNF318,17.518767433588557,5.712358034409086,0.38308699867810714
IDH2,24.357414306306982,13.021477566625435,0.383086072374875
SLC27A3,14.635790104273921,2.631283031597886,0.3830742907743058
CPSF6,46.897055244585054,37.12470482401889,0.382376796926184
AFMID,16.83827246007825,5.003935679748117,0.38205668286066036
MRPL35,19.010801804668926,7.325986731136849,0.3820531139871889
FLYWCH2,17.94091768538106,6.184639604183065,0.3819364647781879
ZNF714,14.962465132822883,3.00236140784887,0.38187792538328086
RBMS2,20.600183462193684,9.029573822107276,0.3817876559684064
LRRC69,16.19521875058502,4.323625323287979,0.38167582463578
KALRN,20.398000636501486,8.815922635780952,0.3816545162198479
FPGT,12.822696894247148,0.7196671539413021,0.3816446269652789
CMTR2,16.398337607877643,4.54289890925447,0.3815568199291628
TRMT44,14.944680532414775,2.9911166085685372,0.38145441264324514
POLR1B,16.793342943257763,4.970201281907118,0.3812773337495811
TUBGCP6,16.645449950390326,4.812774091982458,0.3812424246974192
SFN,12.87885879027276,0.7871359496232991,0.38123856875132434
ARMCX6,13.79991388509276,1.7766782862925896,0.38095901131764787
RBFA,19.031394499878314,7.3709659282581805,0.38080003029316234
LRRC47,21.065391167605817,9.552456988642753,0.3803871549756908
EARS2,15.845142932025386,3.9806589452378276,0.379974170720833
NEK4,19.536851564108805,7.927583492634656,0.379905995573177
ATP6AP1,36.16826104049273,25.705611154840884,0.37977057569358597
SREK1IP1,31.31212909747833,20.516136286967278,0.3797308467088048
CALML4,12.564352172529345,0.4835263690543124,0.37946377724791314
H6PD,21.432315554973137,9.962892162374901,0.379390534834551
KANSL3,25.375816687571373,14.179691892499719,0.3792808472935004
RHOBTB1,13.314113484471235,1.2931519172382773,0.3790117806617106
NDUFA7,18.53716981485295,6.876194759923536,0.37897505257388725
VPS33B,13.995544489581969,2.0240638704599125,0.3788697889554459
DDI2,31.576090008798698,20.8141234678961,0.3788652245808914
ABCB10,17.790216597712337,6.083436410660069,0.3786706157945633
TMTC3,19.06789973229496,7.449679523220511,0.37863442211245096
HSF1,39.08493550742273,28.848532553693918,0.3783741087822019
CCDC136,13.110058595578186,1.090745530192286,0.378156045732122
C3orf14,14.524402343823128,2.6031710333970537,0.37811328433582464
KIF3B,25.469419847614056,14.303384684583381,0.3779906415578852
WDR4,19.963681973903437,8.422354660969301,0.37780146042022567
ULK3,17.44388490555441,5.729225233329585,0.37780071019598616
KDM5B,47.5962708501039,37.95681997076352,0.37775078159443076
NAA20,39.15232978265346,28.93849094793658,0.37739608528890367
DNAJB14,44.46524514667615,34.61711458450466,0.3773844503090129
FAM83H,12.442668064473857,0.39356797481164957,0.37727635981636226
DHX16,23.631053784375762,12.352412009445631,0.3772344575816906
PTPRK,32.83037235337065,22.185988980096706,0.37715789568418834
GPATCH2L,47.190969167119086,37.53513999775104,0.37712320450679937
ALG3,23.364284778254113,12.076914427077478,0.37670946591521326
SNX2,35.077784225995465,24.5979984257281,0.3766129158587769
TXLNA,29.09186214126589,18.20533003485888,0.37633756858542544
PPP1R8,19.80081247542917,8.28179466996514,0.3759731632168106
NUDT2,17.16401145702679,5.464972450241763,0.3758982045364412
TRAPPC2L,22.10157814927832,10.744405712358034,0.37577855854297115
PPM1F,20.443866184922403,8.973349825705611,0.3757405793960007
MTHFR,20.679746148229963,9.2263578095131,0.3756914284207552
PSIP1,31.825074414512233,21.14584504666592,0.37528605123318914
TMEM62,15.810509762809593,4.031260541999325,0.3751943485114424
TNK2,19.70252915738435,8.197458675362643,0.3748434389541598
GOLGA5,23.630117752775334,12.397391206566963,0.3747261128312584
HSCB,20.470075069734353,9.023951422467109,0.3745082340851478
GOLGA2,37.85405395286145,27.605982233217137,0.37439126834520864
HAUS1,20.794878035082466,9.395029798718092,0.37320271555878354
KATNBL1,42.99193140760432,33.12717867986056,0.37276200385073077
LSM14A,62.70756500739465,54.19993253120432,0.372717855055829
PLEKHG4,13.02113559353764,1.0963679298324525,0.3726645507806448
DTD2,12.970589887114588,1.0457663330709548,0.3724779053320824
NUDT5,30.044742310500403,19.29607556505116,0.37239263604130785
KIF23,13.252335398843066,1.3493759136399415,0.3723425169670502
XRCC1,18.540913941254658,7.005509951647364,0.372138775319125
SH3TC2,12.616769942153248,0.6746879568199707,0.3720915502606827
PPIE,21.562423947432467,10.238389744743056,0.3719473476212357
SIGMAR1,17.155587172622948,5.53244124592376,0.37172636315326946
DTX3,13.596795027800137,1.7316990891712583,0.3715696643160611
MYO6,25.949604058633017,14.938715843922187,0.3713289451909807
DSN1,15.443585375442275,3.716406162150006,0.37097671126421244
AHCY,30.386393844656194,19.695265939502978,0.37053589061877334
STARD3,28.383286219742775,17.558754076239737,0.37029602448658633
NSUN2,29.691858397139487,18.964353986281345,0.36991381037766075
RALGPS1,17.701293595671793,6.150905206342067,0.369805189591788
EHHADH,12.48010932849093,0.5734847632969752,0.3696443497921055
SELENBP1,13.681037871838553,1.861014280895086,0.36942697188090257
FAM111A,18.400509201190633,6.909929157764534,0.36916654755702316
GORAB,18.378980474380814,6.887439559203869,0.3691381705919984
ACY1,12.341576651627758,0.43854717193298104,0.3689283223252602
RAB4A,31.735215380871256,21.168334645226583,0.36881981664550606
TCTA,13.996480521182395,2.209603058585404,0.3688025717692211
AP4S1,19.58833330213228,8.186213876082311,0.36879853974413346
CEP44,17.254806522268193,5.695490835488586,0.3686165696637562
ENOPH1,25.918715015818933,14.955583042842685,0.3686077553893412
TRAPPC5,18.158077016680082,6.673788372877544,0.3679134994900439
PELP1,21.234812887283073,9.962892162374901,0.3678748790562206
ZNF841,15.280715876968006,3.603958169346677,0.3676148089465709
FANCD2,13.99835258438325,2.2377150567862363,0.3673781197903344
POC5,14.98118576483142,3.289103789497357,0.3673266845715674
PSRC1,12.044854634292454,0.15180479028449342,0.3672703225390397
TMEM185A,17.13125035101185,5.588665242325424,0.36724016216540156
SYN3,15.352790310200874,3.69391656358934,0.3669096682916219
TMEM129,15.357470468203008,3.699538963229506,0.36687583010712577
MPLKIP,29.842559484808206,19.183627572247836,0.36673851788153405
C1orf112,15.065428608869835,3.3959293826605195,0.36641087622779006
YTHDF3,43.17539360128798,33.442033059709885,0.3662826338346775
DNAJC17,20.86133627871277,9.60305858540425,0.36572897401806437
OS9,45.541681487167004,35.9833576970651,0.36561429457789085
PIGP,17.82297770372728,6.3589339930282245,0.36555146554358775
ZNF266,18.336859052361607,6.909929157764534,0.3654553409554758
CUL4B,22.139019413295394,10.980546497245024,0.3650793382902614
PELI2,34.63410524739315,24.339368042280444,0.36485278983416974
LNPEP,33.78138045940431,23.428539300573483,0.3648223423879083
TMEM91,16.120336222550876,4.554143708534802,0.3647341372855382
ZC3H8,25.7989029709643,14.904981446081186,0.364382443933213
EZH1,28.017297863975887,17.277634094231416,0.36429263766995457
VRK3,21.658835202276432,10.48577532891038,0.36407300908603357
MICU3,20.7611808974671,9.529967390082087,0.3638766545743833
RAF1,49.76224797349158,40.52625660631958,0.3638694517420775
TJAP1,19.581781080929293,8.270549870684809,0.3638156884277654
MELK,12.893835295879589,1.1244799280332844,0.3637085324633238
GGA3,22.365539060598685,11.250421679973012,0.36356425856978186
LMAN2L,14.457008068592394,2.7999550208028787,0.36344853566401303
TRPC4AP,53.91354812138458,44.973574721691215,0.36330020028706866
C3orf62,14.829548645562273,3.204767794894861,0.36308609595173724
WDR90,13.545313289776661,1.8329022826942538,0.3630469746830062
PPP1R16A,16.98710148454612,5.515574047003261,0.3628227440412394
USP3-AS1,27.465975251324487,16.715394130214776,0.3628191415969645
ASPM,12.513806466106296,0.7365343528618014,0.36271419656570536
WDR46,32.610404927270345,22.22534577757787,0.3621853551218656
CNOT4,52.88297732931464,43.89969639041943,0.3617951146460565
LRRC23,15.45107362824569,3.896322950635331,0.3615982510745217
HIP1,47.19190519871951,37.82188237939953,0.36153500890935875
LRRCC1,12.975270045116725,1.2537951197571122,0.3614021103251559
CCNC,34.3008779976412,24.047003260991794,0.3613730249316718
LINC00665,13.20085366081959,1.4955583042842686,0.3613660591512331
TMEM141,18.316266357152216,6.966153154166197,0.36118744623828714
HSPBP1,19.399254918846058,8.124367480040481,0.3611480043261295
ABCB4,12.802104199037759,1.0851231305521196,0.3605070759915993
TIPIN,17.32594492390063,5.920386821095244,0.3604955478928501
PUM2,64.10693225003277,55.92038682109525,0.36045319073153914
ALG9,13.314113484471235,1.6417406949285955,0.35999507724530266
DPP7,41.30520246363517,31.55852918025413,0.3599901942835658
MRPL16,21.819832637549844,10.7331609130777,0.3599644537200484
EBP,19.808300728232588,8.585404250534127,0.3598468405245238
GFM1,26.294063687590093,15.517823006859327,0.3598208567404068
AAR2,17.69286931126795,6.325199595187225,0.3598056487745557
SENP1,20.248235580433196,9.063308219948274,0.3594265403874855
DHRS4,14.555291386637212,2.979871809288204,0.359364002538294
RPP14,13.567778048186907,1.928483076577083,0.359142554918712
GOLGB1,63.07448939476197,54.84650848982346,0.35883895195518667
EDC3,18.196454312297583,6.8818171595637025,0.3588024609192305
MLXIP,44.4352921354625,34.92634656471382,0.3587683438870881
SARS2,12.970589887114588,1.2987743168784438,0.3586754593040444
PPP4R1,35.173259449239005,25.030923198020915,0.3585622070020106
BPNT1,13.961847351966602,2.3614078488698977,0.35850177114861526
BMP2K,41.897710466705355,32.22197233779377,0.3583440809228122
TMEM242,23.416702547878014,12.470482401889127,0.3582952821055524
PLCE1,14.135949229645991,2.5525694366355562,0.35822449795846034
LIAS,15.238594454948798,3.7332733610705047,0.35810427987598764
TTF2,21.080367673212645,9.9797593612954,0.35794958232216584
TTN,19.878503098264595,8.697852243337456,0.3578056626428536
WBP1,12.34438474642904,0.6465759586191386,0.35774337418299396
GTF2H4,12.989310519123126,1.3381311143596086,0.35761994349752374
SNAP47,20.05166894434356,8.889013831103115,0.35747381288502894
EYS,15.119718441694591,3.6208253682671763,0.35730747623882747
COQ5,14.614261377464102,3.0810750028111995,0.3572813478902769
NRIP1,41.41191006608383,31.727201169459125,0.35701029231256554
ZFP90,16.688507404009957,5.307545260317104,0.35676149679984487
NUFIP1,19.289739221596122,8.090633082199483,0.3566028720458334
MIR4458HG,18.362131905573133,7.1010907455301915,0.3565003935058211
RBM45,13.059512889155137,1.4337119082424379,0.3564989286843895
GNE,22.39642810341277,11.413471269537839,0.3564703756403722
PRRT3-AS1,12.626130258157515,0.9726751377487911,0.3563811017265805
SLC41A3,18.280697156335997,7.016754750927697,0.35635304746122665
ATF7IP,45.06617743415018,35.651636118295286,0.35598593854949856
ZNF500,14.63298200947264,3.1260541999325313,0.35591911106091095
DGCR6L,17.163075425426364,5.83042842685258,0.3559067614838276
CWF19L2,29.21822640732351,18.716968402114023,0.35579379214192863
SNAPC5,16.087575116535934,4.68345890025863,0.3557693738916531
HSPA4L,15.28258794016886,3.8232317553131674,0.3557618421909443
SNTA1,14.72190501151319,3.23850219273586,0.35496946453263734
CDCA7,12.49508583409776,0.8602271449454628,0.3548748027097127
CREBBP,56.89855289514574,48.31890250759024,0.3548458659931504
SMARCA1,25.806391223767715,15.09052063420668,0.3546972627206769
AAAS,16.06230226332441,4.677836500618464,0.3546025275874133
TMEM222,20.20143400041185,9.10266501742944,0.3545506648440777
MFSD8,18.74871295654941,7.556505116383673,0.3541961131029847
GART,35.80133665312541,25.789947149443382,0.35377574582434035
HERC6,13.598667091000994,2.0690430675812435,0.3532755560806835
SSBP1,44.935133010090425,35.56167772405263,0.3532527554412497
TACO1,12.829249115450136,1.248172720116946,0.3531948867915104
TMED10,59.07295430293726,50.67468795681997,0.3531111241179463
ZMIZ2,28.98234644401595,18.51456201506803,0.3530824539115667
PCDH9,15.89381657524758,4.526031710333971,0.35306021302367013
RUFY1,34.51429320253852,24.434948836163276,0.35265273178406387
WWC3,28.42447161016156,17.929832452490725,0.352453805956269
RBAK,15.151543516109104,3.750140559991004,0.35210849601415956
SUFU,22.099706086077468,11.177330484650849,0.3520518866485443
ARRB1,26.2875114663871,15.664005397503654,0.3514640741727404
GPR89B,21.445419997379112,10.491397728550545,0.3513228306344711
MLLT3,24.737443136080277,14.011019903294727,0.3512612588280477
SFXN5,18.292865567141547,7.129202743731024,0.3509281223840285
DDX49,24.802029316509724,14.089733498257056,0.35073294767743046
FEM1B,29.29498099855851,18.896885190599345,0.35045399795980425
TAPBP,48.18316266357152,39.086922298436974,0.35031936393149943
LINGO2,16.91877117771496,5.673001236927921,0.350250465961675
BDH2,18.800194694572887,7.685820308107501,0.35014324079938264
PCSK7,32.0609543778198,21.859889800967053,0.3500857763846301
ZNF282,18.554018383660633,7.427189924659845,0.3498987705531056
AASDHPPT,21.629818222663197,10.716293714157201,0.34980557355161246
FKBP15,24.80390137971058,14.112223096817722,0.3496152167213891
XPNPEP1,26.04414325027613,15.439109411896998,0.3495430074924011
MRPL46,14.427055057378738,3.0248510064095355,0.34943324458476754
FBXO11,65.1580957373121,57.24727313617451,0.3493565148332496
CISD1,31.098713892581014,20.847857865737097,0.34919084893221575
THOP1,16.61456090757624,5.369391656358935,0.3490760167026318
CTBS,20.395192541700208,9.411896997638593,0.348978358095238
HLA-F,39.38165752475803,29.70875969863938,0.34874656423820294
JUP,18.625156785293072,7.52839311818284,0.3485256112847961
AP4E1,18.981784825055694,7.910716293714157,0.3484622540135147
IFIT3,13.79991388509276,2.3726526481502304,0.34844658289604724
CINP,20.435441900518562,9.468120994040257,0.34825794027658696
CDC73,48.57816799895164,39.54795906893062,0.34819955161484595
TTN-AS1,19.528427279704964,8.501068255931632,0.34812926213392936
DCAF17,16.227043824999534,4.9758236815472845,0.34795178928650006
C15orf40,19.74184248460228,8.737209040818621,0.3476904366031442
EXOSC3,21.633562349064906,10.761272911278533,0.3475701116395295
USP4,38.4559222719359,28.741706960530756,0.347526354742149
PXK,29.88093678042571,19.577195547059485,0.34750568555682637
EAPP,34.630361120991445,24.65984482176993,0.34715138526130906
NEIL2,14.68352771589569,3.3453277858990216,0.3469041258241145
AHCTF1,45.43871801112005,36.219498481952094,0.34672858917470917
HYI,15.35091824700002,4.064994939840324,0.3465569276484931
EVI5L,13.728775483460321,2.3332958506690655,0.3464458109130587
ZNF12,21.23013272928094,10.350837737546385,0.34643824564154657
DALRD3,21.861018027968623,11.025525694366356,0.34641632950956486
INPPL1,21.16835464365277,10.288991341504554,0.34621012342663726
IFNLR1,13.060448920755565,1.6248734960080964,0.3461249904753196
NDUFS3,29.30995750416534,18.992465984482177,0.34611296565415106
KLHL8,22.607971245109233,11.829528842910154,0.34610732424319823
SCRN2,13.420821086919895,2.0128190711795795,0.3459732184518722
NME3,34.237227848812175,24.26627684695828,0.3456996984391583
COPS6,37.97199393451523,28.25818059147644,0.3456882772215518
COA5,17.853866746541364,6.758124367480041,0.34557529965467604
TTF1,27.25817623602973,16.810974924097604,0.34548888618589646
KLHL23,14.39616601456465,3.069830203530867,0.3451784496689015
SRFBP1,31.660332852837115,21.522545822557067,0.3451302667926683
MNS1,11.979332422262576,0.4891487686944788,0.3450467014314357
MRPL55,24.890016286949848,14.29213988530305,0.34482118821596236
NDUFAF1,15.11129415729075,3.8457213538738335,0.34454744621598754
RSBN1L,46.15759028024786,37.02912403013606,0.34447556585540284
TEN1,11.66201770971788,0.16304958956482626,0.34433506431639627
HMGCR,22.238238762940636,11.469695265939503,0.3441797254757212
BCAR1,24.67379298725125,14.072866299336557,0.3441761209752022
MRTO4,28.65660744706741,18.34026762622287,0.3435981600706762
COA6,22.566785854690455,11.835151242550321,0.3433992342428813
EVA1C,31.204485463429243,21.067131451703588,0.34339588118793807
ACLY,30.71681299960687,20.56111548408861,0.3425663814880424
MRPS26,32.562667315648575,22.534577757787027,0.34253229391421414
LACTB2,17.558080760806487,6.4994939840323855,0.3424382713218988
TONSL,12.780575472227943,1.394355110761273,0.3423821586787028
RPAIN,35.15734691203175,25.312043180029235,0.3422983542093593
SLC36A1,14.430799183780444,3.1597885977735296,0.3422902463071599
MFN1,26.72931838178857,16.304958956482626,0.34225801750852886
GALNT7,23.62262949997192,12.987743168784437,0.3420837928911447
TMA16,22.61452346631222,11.91386483751265,0.3418885448742076
TTLL11,15.81144579441002,4.644102102777466,0.3418163335889757
TMEM44,17.17898796263362,6.1115484088609024,0.34149851199195014
HAUS4,14.50006552221203,3.2497469920161928,0.3414213759492013
HUWE1,61.30164554355355,53.27785899021702,0.3410460981623995
TGOLN2,43.169777411685416,33.91431462948387,0.3401906085096541
ZFAND1,22.704382499953198,12.043180029236478,0.34007331184506795
LOXL3,13.009903214332516,1.6867198920499271,0.3398039245698516
USP9X,55.51229009491361,47.115708984594626,0.3396562681630517
TRAF3IP2,29.64505681711815,19.47599235353649,0.33927336891524895
ARFGAP2,23.10313196173503,12.487349600809626,0.33909196886762993
GOLGA7B,11.865136567010502,0.4779039694141459,0.3390018022214091
SIMC1,22.68940599434637,12.048802428876645,0.3388933657395057
CNTRL,27.487503978134303,17.18205330034859,0.3386165577572111
STPG1,12.492277739296478,1.158214325874283,0.33845485879590287
RPGRIP1L,13.754048336671845,2.513212639154391,0.33810430550909426
ZNF420,16.346855869854167,5.285055661756437,0.338067933691745
NUSAP1,12.59524121534343,1.2762847183177781,0.3380171397598311
MRPL1,35.11335342681169,25.345777577870237,0.33789292939180654
CHIC1,17.02173465376191,6.010345215337906,0.3378506270346368
CHPT1,38.85654379691859,29.34892612166873,0.33775925523753747
GPR135,13.252335398843066,1.9847070729787475,0.33768304138553257
HMGXB4,30.746766010820526,20.68480827617227,0.3375649691508801
TNIK,31.961735028174555,21.983582593050713,0.33755279770903396
FMO5,14.560907576239773,3.3903069830203534,0.33730082727660676
PEX7,14.084467491622519,2.8842910154053754,0.33712624638874883
MND1,11.502892337645319,0.12931519172382772,0.33689737394960007
ZNF44,22.291592564164965,11.66085685370516,0.3368620750561606
DOCK6,21.609225527453805,10.935567300123692,0.33664276917191027
WDR36,24.475354287960762,13.999775104014391,0.33659326192619105
KHDC1,11.934402905442088,0.6015967614978073,0.33629260572637887
ZMYND11,36.784169833573586,27.161812661643992,0.336241212303392
PTPN3,13.28977666286014,2.057798268300911,0.33587873079533626
RNFT1,16.754029616039837,5.762959631170583,0.3357374536862635
PPIL3,17.35308984031301,6.403913190149556,0.3357002603905801
ZNF429,14.454199973791116,3.305970988417857,0.3356799139049276
PLK2,21.055094820001123,10.362082536826717,0.33561898544160135
SYDE2,13.4872793305502,2.277071854267401,0.33543226668270015
SH3PXD2A,32.3820132167662,22.472731361745193,0.3353729476052388
DNM1L,43.84278413239231,34.72394017766783,0.3352633333745274
ARHGEF28,17.855738809742217,6.949285955245699,0.33525593801327574
CDK8,36.912406162832056,27.31923985156865,0.3351300134344878
SLC2A1,21.793623752737894,11.16046328573035,0.3351255120890517
NIPA1,20.55150981897149,9.833576970651075,0.33508856818269983
ESYT1,22.501263642660575,11.925109636792982,0.3346713381404699
THAP6,15.144055263305688,4.07061733948049,0.33418878517061945
DDX31,21.743078046314842,11.126728887889351,0.33401870357195346
TCF7,18.18054177509033,7.320364331496683,0.33395041948691134
MAML2,69.04262687908343,61.68334645226583,0.3338463836380332
MAGOHB,18.698167250126364,7.876981895873159,0.33376588014663355
SEZ6L2,12.031750191886479,0.7534015517823006,0.33368710114721645
TRPC1,17.42048411554374,6.516361182952885,0.33349535280590054
ZNF549,13.3478106220866,2.1646238614640727,0.3334347785568039
MOV10,16.63234550798435,5.68986843584842,0.33262987318617665
MAPT,12.35936125203587,1.1244799280332844,0.3325453123238614
RIN3,34.56671097216242,24.862251208815923,0.3323982218373312
TCOF1,26.27534305558156,16.00134937591364,0.33235131742231583
FSCN1,23.378325252260517,12.909029573822107,0.33213340304915784
TRIM9,15.476346481457215,4.4641853142921395,0.33209299509423246
VPS72,20.473819196136063,9.805464972450242,0.332092318180332
PAQR4,12.372465694441845,1.1469695265939504,0.33208250017985763
CCDC142,13.127843195986296,1.9565950747779153,0.33195796299967395
LMNA,71.37989778534923,64.21904868998088,0.3317928918063284
NCAPD3,19.26353033678417,8.51793545485213,0.33176393041483687
SPECC1,21.577400453039296,10.991791296525356,0.3317199556426839
CAB39L,17.89318007375929,7.056111548408861,0.3316113012860077
C1orf35,29.865960274818875,19.863937928707973,0.3309896883089993
PPAN,22.21109384652826,11.683346452265827,0.33094160614517587
MED14,29.285620682554242,19.245473968289666,0.33089152886669804
SEMA3D,12.92940449669581,1.7766782862925896,0.3302028033847232
TAF3,33.50244304247711,23.76588327898347,0.3301552638515868
RBBP8,25.211075125896247,14.910603845721354,0.3298016384137258
KIF9-AS1,19.147462418331244,8.4392218598898,0.3292905303436143
ADI1,26.43072430125241,16.231867761160462,0.3288354657188477
CDK11A,28.82322107194339,18.790059597436183,0.32877510728827974
MTFR1L,18.70565550292978,7.978185089396154,0.32868151427677683
CSNK1G3,33.379822902821196,23.675924884740805,0.32791326985236624
FBLIM1,16.34030364865118,5.464972450241763,0.3278708249870071
RABL2A,12.864818316266359,1.7541886877319242,0.3276639043068874
FAM133B,50.91263081041616,42.421005285055664,0.3275790687094138
NDUFB7,31.804481719302846,22.000449791971214,0.3274637712719696
ARHGEF26,14.69195200029953,3.7107837625098394,0.32745844844819894
PRCC,30.957373120916564,21.09524344990442,0.3274540622088816
MTRF1,13.956231162364041,2.9292702125267063,0.3271954884352223
DMAP1,16.405825860681055,5.554930844484426,0.3267836483583691
NMT1,48.66615496939177,40.048352636905435,0.32603157794257775
RAB3GAP1,48.10734410393695,39.45237827504779,0.32596179546530113
RCCD1,12.522230750510138,1.422467108962105,0.3257854208876084
CRYZ,13.82144261190258,2.8111998200832113,0.3257776041705206
HAUS5,12.54750360372166,1.450579107162937,0.32572538310046667
BACE1,14.195855252073311,3.2160125941751936,0.32552431759358436
FAM117B,18.883501507010877,8.231193073203643,0.325248616106003
ACVR2B,17.895052136960143,7.179804340492522,0.3249725919187509
DEPTOR,13.118482879982027,2.07466546722141,0.3249710558432248
SLC24A1,13.895389108336298,2.9067806139660406,0.32487489562806576
PRPF8,45.03809648613738,36.197008883391426,0.32459670230341175
CEP97,16.359960312260142,5.549308444844259,0.3244161175653938
TM9SF1,16.730628826029168,5.954121218936241,0.3239445247177785
DHX15,48.671771158994325,40.09895423366693,0.32359854814298883
SNTB2,33.68028904655821,24.086360058472955,0.32304171340666954
RFWD3,21.802048037141734,11.39660407061734,0.32273441823857785
GDF11,16.989909579347398,6.257730799505229,0.32249929872867045
MYL6B,23.368028904655823,13.0777015630271,0.32233143011943133
MEF2C-AS1,13.11193065877904,2.119644664342742,0.32213525168677376
DDX60L,20.62077615740307,10.148431350500394,0.32195085691092956
THOC5,17.611434562030816,6.9324187563252,0.32193161691999084
FMO4,11.8510960930041,0.7758911503429664,0.3219269394955617
FRYL,58.088249059288245,50.19678398740582,0.3217678618711548
GK5,20.827639141097404,10.373327336107051,0.3217434374521465
HERC4,56.615871351816835,48.62813448779939,0.3214940863003761
MAX,53.314487897111405,45.10288991341505,0.32131661345294704
SH3D21,19.064155605893255,8.501068255931632,0.3210592845697028
PDZD11,14.64140629387648,3.7782525581918365,0.32083066151988565
LTB4R,13.186813186813188,2.2320926571460697,0.3203669566434531
WDR25,17.303480165490388,6.63443157539638,0.32023214036742303
COLGALT1,29.512140329857534,19.689643539862814,0.3198680974380144
SHISA5,29.373607652994366,19.543461149218487,0.3197655120168601
ATAD2,23.659134732388566,13.448779939278083,0.31906115515695355
MEIS1,16.154969391766667,5.431238052400764,0.31890499072545614
YPEL1,14.165902240859651,3.305970988417857,0.3188703310626255
ZFP82,13.370275380496846,2.4682334420330596,0.3181816809472339
YIF1B,17.7190781960799,7.117957944450691,0.31808612844812456
USP22,46.75852256772189,38.15922635780951,0.3178627967075194
KDM1A,39.18041073066627,30.062970875969864,0.31768917774994043
ACTN4,65.79178913080106,58.5066906555718,0.31759934202836737
SYNM,13.544377258176235,2.6650174294388846,0.31759768673423366
SMAD4,34.41694591609413,24.974699201619252,0.31753155055325577
STX10,19.491922047288316,9.023951422467109,0.3174757208701947
CLTCL1,14.24359286369508,3.418418981221185,0.3172657657223144
ZC3H7A,46.449632139581034,37.84437197796019,0.3170289066558172
PTDSS1,27.965816125952415,18.09288204205555,0.3168163781355481
ANKRD11,73.86880581088417,67.16518610142809,0.31619016926942534
ZBTB8A,14.313795233727092,3.5139997751040144,0.31614475090918026
NBR1,34.875601400303275,25.49195996851456,0.3160557346096969
NFIB,32.863133459385594,23.349825705611156,0.31557682382365726
POLA2,12.909747833086845,2.0240638704599125,0.31556097045846443
TTC5,13.504127899357881,2.659395029798718,0.3155576153472771
ZNF439,13.37776363330026,2.524457438434724,0.3155510832601396
CARD14,11.87730497781605,0.9220735409872933,0.3154803367963389
CEP72,12.404290768856356,1.489935904644102,0.3152281210870686
HADHB,47.4043843720164,38.901383110311485,0.3150334533841106
ZFAND3,77.50341651534156,71.07837625098392,0.3146331496309829
ACCS,11.903513862628003,0.9726751377487911,0.314247991485486
NAGK,23.328715577437894,13.184527156190262,0.3142115148432386
MTRR,22.06320085366082,11.835151242550321,0.31403704083652273
ZC2HC1C,13.53688900537282,2.726863825480715,0.31378714294157706
SAMD9L,12.850777842259955,1.9959518722590803,0.3136562518094927
BECN1,29.279068461351255,19.554705948498817,0.31363983663651857
MAGED2,31.858771552127603,22.315304171820532,0.31345283491748255
SP2,15.25918715015819,4.582255706735635,0.31299008991508503
ZDHHC13,19.052923226688133,8.641628246935792,0.3127363401865328
MORN2,12.761854840219405,1.9228606769369168,0.3124588511778492
NAPB,19.47881760488234,9.10266501742944,0.3124175546029833
RPS6KA4,14.376509350955688,3.654559766108175,0.3121333553719253
CBFB,46.78379542093341,38.29416394917351,0.31197505948631665
BAZ1B,48.512645786921766,40.14393343078826,0.311866763456359
IFFO2,18.8320197689874,8.422354660969301,0.3118183901074235
RAPH1,42.62594305183743,33.8580906330822,0.3115488329219469
VARS2,11.059213359043001,0.1236927920836613,0.3113348018969545
MGAT5B,11.231443173521537,0.30923198020915327,0.3112550965943054
GAMT,12.238613175580808,1.3887327111211065,0.31108904702072726
ZNF585A,13.161540333601662,2.3838974474305634,0.3106119216995452
GRIPAP1,27.76831345826235,17.99730124817272,0.3105149797455876
SLC26A2,21.695340434693076,11.509052063420668,0.3103782690673135
EXOSC1,22.438549525431977,12.307432812324299,0.3101576785531128
CTNNA1,66.25138064661063,59.13639941527043,0.3100436821955719
TIMP3,34.790422524664436,25.520071966715395,0.3095556618375176
SCUBE3,11.723795795346051,0.8714719442257955,0.3092902689040974
METTL23,24.23666622985192,14.247160688181715,0.30918051216519626
PRPF31,29.363311305389672,19.729000337343976,0.30904337601859777
TIMM21,14.095699870827637,3.418418981221185,0.30864266803048396
C8orf76,21.48098919819533,11.312268076014844,0.3086154708705118
HSPH1,45.194413763408654,36.65804565388508,0.3085598652309558
SPAG16,15.345302057397458,4.756550095580794,0.30850278243250373
MMP14,43.6331130538967,34.99381536039582,0.3083155731199154
CCAR2,21.313439541718928,11.14359608680985,0.3080478959429741
ATP8B2,26.722766160585582,16.9290453165411,0.3078299479990131
ZNF561,14.149053672051966,3.4915101765433483,0.3077661590906744
ZNF512B,12.525974876911844,1.7598110873720905,0.30760046578757017
B9D1,12.151562236741112,1.3606207129202745,0.30754703134166117
KIFC2,12.029878128685624,1.2313055211964468,0.3075066610700272
SPIRE2,12.013965591478367,1.2144383222759474,0.3074990224881762
ZNF43,21.503453956605576,11.357247273136174,0.307471540311825
PAXBP1-AS1,13.457326319336541,2.760598223321714,0.3073078085525713
CEP57L1,14.514105996218433,3.896322950635331,0.3069671068370403
NQO2,32.27343355111669,22.877544135837173,0.3069581521106803
NUP85,23.15554973135893,13.133925559428764,0.30687533902993114
RPL39L,12.93408465469794,2.209603058585404,0.30685816746398487
PDPK1,25.183930209483872,15.304171820533002,0.30674844635213133
PPL,13.465750603740382,2.783087821882379,0.30657211357021846
BRCA2,15.566205515098188,5.032047677948948,0.30635352228316
RBM19,25.960836437838143,16.1419093669178,0.30634556511412686
PPP2R3C,36.359211486979795,27.257393455526817,0.3062491931929273
MRPL40,20.63294456820862,10.45204093106938,0.3060974170569916
DCAF5,39.00069266338432,30.085460474530528,0.3059835926659559
TRIM38,29.272516240148267,19.695265939502978,0.30558977509169766
RINT1,20.68629836943295,10.519509726751378,0.30552762914002735
COLQ,14.208023662878858,3.5983357697065106,0.3053767834198121
ANKRD46,16.336559522249473,5.875407623973912,0.3052618840486218
YARS2,21.457588408184662,11.351624873496007,0.30510400951884964
CENPQ,13.29820094726398,2.631283031597886,0.3050843755741451
RNF215,14.811764045154163,4.256156527605983,0.3046923098939417
NOD1,19.400190950446486,9.16451141347127,0.30445919166742086
PHF21A,47.752588127375176,39.46924547396829,0.3043571132499061
IFI44,16.415186176685324,5.9878556167772405,0.30371189527598
ZBTB40,19.81204485463429,9.61992578432475,0.3036284785916696
DRAM2,23.609525057565943,13.684920724165073,0.3032863141109514
C20orf96,12.145010015538125,1.4337119082424379,0.30317762207098364
ATL1,14.723777074714043,4.194310131564151,0.30293604378427774
COIL,20.156504483591366,10.002248959856066,0.30285562594068066
MRPS14,21.187075275661307,11.104239289328685,0.30282710646746663
MAP3K6,12.766534998221541,2.1083998650624087,0.30260994026230387
PARPBP,12.543759477319954,1.8722590801754189,0.302503000116391
ITGA9,25.017316584607897,15.208591026650176,0.3022480746952747
APH1A,32.931463766216744,23.670302485100642,0.30207781496137154
SLC5A10,11.557182170470075,0.8264927471044643,0.30202940804163325
C21orf58,11.81833498698916,1.1076127291127853,0.30192021927924617
PAFAH1B1,68.09442686785106,61.25604407961318,0.30187111832475644
HABP4,26.05818372428253,16.33307095468346,0.3015930133750471
PCBP4,12.989310519123126,2.3726526481502304,0.3011832752939905
SOS2,43.9017541232192,35.415495333408295,0.3009749713277552
KIF3C,12.44173203287343,1.793545485213089,0.3008482485602155
DPY30,29.17423292210345,19.67839874058248,0.3007793985549032
ATL2,35.554224310612724,26.498369504104353,0.3007206830810033
OCRL,14.588988524252578,4.0931069380411556,0.3005979964510399
TMPRSS9,11.928786715839527,1.2594175193972788,0.30007878664746124
ZNF277,32.56921953685156,23.32171370741032,0.29997338668956264
CC2D1B,16.48445251511691,6.134038007421568,0.29977581468956865
ETNK1,50.64024561469195,42.640278871022154,0.2997351676265321
POU2F1,41.41471816088511,32.78421230181041,0.29951046972066064
SUPT6H,39.30771102832431,30.535252445743843,0.29934702503403043
TSPAN6,12.956549413108187,2.3726526481502304,0.29927309542554703
HDAC6,16.187730497781605,5.83042842685258,0.29903797797188386
EFR3A,36.03628058483254,27.05498706848083,0.2984622341692724
PRKAB2,17.344665555909167,7.078601146969526,0.29840254854011694
PTP4A1,10.984330831008855,0.2811199820083211,0.29838048784370164
RNF13,51.966602392496775,44.09648037782525,0.297629419097726
GPR137,20.918434206338805,10.913077701563028,0.29759214632297043
RSPH3,14.26044143250276,3.800742156752502,0.2973911143868912
PIGZ,11.885729262219892,1.2650399190374453,0.29726154351180445
CCDC90B,22.03886403204972,12.121893624198808,0.2969752779119977
IPO8,20.63388059980905,10.620712920274373,0.2969503629393028
ZNF566,15.85543927963008,5.515574047003261,0.296839673728437
MIS18BP1,33.167343729524305,24.01889126279096,0.2968144065977562
P4HA2,17.36432221951813,7.129202743731024,0.2967881672555752
DLG2,22.040736095250576,12.127516023838975,0.29677771002449216
NPHP1,11.854840219405807,1.2425503204767796,0.29668740087008183
TSTD2,18.154332890278376,7.978185089396154,0.2965359159192577
WNK4,10.80274070052605,0.1236927920836613,0.29638082235542607
ZNF121,22.937454368459477,13.0945687619476,0.29630604592278176
PPAT,18.843252148192523,8.720341841898122,0.2962170947086609
TMEM87B,29.98951644607522,20.63420667941077,0.2961730151116102
DDX56,23.644158226781737,13.859215113010231,0.2957972954065306
WIPF2,35.53269558380291,26.58270549870685,0.2948646066819185
CENPC,35.52707939420035,26.577083099066684,0.29484386829874487
KIAA2013,23.259449239006308,13.465647138198584,0.294836797693408
TMEM182,11.94282718984593,1.3718655122006072,0.2947630147056026
FBF1,12.66076342737331,2.142134262903407,0.29460246197854356
ZBED5,17.281951438680572,7.084223546609693,0.2944391974833945
KLHDC1,13.981504015575567,3.5589789722253453,0.2943163012036349
NFIC,52.59935975438531,44.83863713032722,0.2940360038269403
WSB1,69.50128236329259,62.903407174181936,0.2940304398388145
SCN8A,11.656401520115319,1.0795007309119533,0.29401207818659525
THRA,17.706909785274348,7.550882716743507,0.29375911430932955
ETAA1,13.151243985996967,2.681884628359384,0.2937553652443769
USP46,17.880075631353314,7.736421904868998,0.2937339855743504
LINC00920,11.268884437538611,0.6746879568199707,0.293501292816154
NUDT14,13.090401931969224,2.62566063195772,0.29327509857429207
INCENP,13.830802927906847,3.418418981221185,0.29319749937992745
MRPL4,28.76705917591778,19.386033959293826,0.2929880848064903
ADCY3,23.748057734429114,14.022264702575061,0.292960384755366
CCDC77,14.587116461051725,4.233666929045317,0.29282081774456825
MSRB3,23.959600876125577,14.252783087821882,0.2927191271120867
CDK18,13.416140928917761,2.9854942089283707,0.29263759866128813
ZNF786,13.690398187842822,3.283481389857191,0.29237231877774267
PRKG1,25.392665256379054,15.793320589227482,0.292234291954959
UAP1L1,15.376191100211543,5.0882716743506125,0.2922072688177355
SLC25A4,22.008911020836063,12.178117620600473,0.2921616175181109
TMEM41A,15.92002546005953,5.673001236927921,0.29201726825798596
LHPP,14.368085066551847,4.014393343078826,0.2920120208007986
XRCC3,11.995244959469833,1.4786911053637692,0.29199160306105165
SEC61A1,46.49830578280323,38.35601034521534,0.29195527509572616
CDC23,15.159967800512945,4.863375688743956,0.29186892259982056
NQO1,21.125297190033134,11.239176880692678,0.2918637484529721
EPHX2,11.190257783102757,0.6297087596986394,0.2913706293146522
DOK6,13.518168373364285,3.1204318002923648,0.29122513998901056
DIS3,29.80605425239156,20.533003485887775,0.2909969862595423
RAE1,21.52591871501582,11.683346452265827,0.29099155861087367
SNRPC,29.767676956774057,20.49364668840661,0.2909063941449968
DTNA,20.40923301570661,10.50264252783088,0.2902931281782991
CIR1,33.7495553849898,24.76104801529293,0.2902738566728009
XPOT,28.16238276204205,18.790059597436183,0.29024405051339286
MLH1,20.63388059980905,10.744405712358034,0.2902025004367065
CDCA4,17.73873485968886,7.652085910266501,0.29009373919888815
BRD1,32.998858041447484,23.96828966602946,0.2897511136227982
MAPKAPK5,25.33275923395174,15.776453390306983,0.28966155469262717
ZNF626,13.043600351947882,2.6425278308782185,0.28962610712226566
XRN2,59.54377819795196,52.3445406499494,0.289466993870811
RNF130,57.501357245820614,50.16304958956482,0.2893886800792542
PYCR1,15.127206694498005,4.874620488024289,0.28934530068568654
EVC2,15.283523971769286,5.043292477229282,0.2892579568011863
HACL1,26.307168129996068,16.83346452265827,0.2888122093419865
ANKZF1,17.500046801580023,7.421567525019679,0.2887522763797431
TBC1D31,14.431735215380872,4.143708534802654,0.2886686438769041
GEMIN5,17.065728138981974,6.960530754526031,0.28857987285426434
PIGS,16.67072280360185,6.53885078151355,0.2885526380110004
BRWD1,59.073890334537694,51.86101428089509,0.28844756486526024
TRIM5,16.399273639478068,6.268975598785562,0.2874480424833288
PHF6,23.368964936256248,13.718655122006071,0.2874198100827381
AXIN1,22.047288316453564,12.307432812324299,0.2873446732671317
RFXANK,17.55995282400734,7.511525919262341,0.2873376403450865
SH3GLB2,15.481962671059776,5.290678061396604,0.2873324641419938
CYP20A1,36.6418930303087,27.909591813786122,0.2871516779791571
ZBTB24,17.493494580377032,7.444057123580344,0.28714335631467314
PAFAH2,11.911938147031844,1.4786911053637692,0.28713428853843825
DUS2,12.936892749499224,2.580681434836388,0.2867783096592055
HSPA4,45.6671097216242,37.56325199595187,0.28673894722611903
TYSND1,13.623939944212516,3.31721578769819,0.28665705633611416
ZNF546,12.261077933991052,1.861014280895086,0.28663431872579836
OSBPL2,23.595484583559543,13.977285505453727,0.2865181724079493
EPDR1,11.024580189827208,0.545372765096143,0.28631139217977486
PTCH1,13.827994833105567,3.5533565725851792,0.2856724651286311
DYNC1I2,45.12795551977835,37.0066344315754,0.28566822550999116
LTV1,22.011719115637344,12.301810412684134,0.28557748471852407
DCUN1D4,33.24222625755846,24.311256044079613,0.28523103882338635
CHFR,29.36892749499223,20.173169908917128,0.28513987461983853
GTDC1,41.13484471235749,32.75047790396942,0.2850324021244588
HAT1,32.8949585338001,23.945800067468795,0.2849199987028299
EIF3A,66.02954115730947,59.36129540087709,0.2848401947440147
ZNF680,17.988655297002826,8.023164286517485,0.2844220952589387
TMEM53,11.932530842241235,1.5517823006859328,0.2843475997301854
ALKBH4,14.013329089990078,3.7782525581918365,0.28420978461344215
SLC25A51,13.513488215362152,3.2441245923760262,0.2842043946480652
ARHGEF10L,25.436658741599118,15.990104576633307,0.28406415483585523
IP6K1,38.13018327498736,29.55695490835489,0.28405916088048744
LEPROT,35.92021266637962,27.195547059484987,0.28402671420708425
EDC4,11.51131662204916,1.1076127291127853,0.2840191050835479
NUCKS1,63.989928299979404,57.196671539413025,0.284005447586932
POLDIP3,24.25070670385832,14.725064657595862,0.28392787373839373
PPIP5K1,11.823951176591722,1.450579107162937,0.28353769629170245
ZNF766,20.371791751689535,10.586978522433373,0.2835092501288273
BTBD1,32.02070501900145,23.040593725402,0.2833275691773178
PTCD2,11.365295692382576,0.9670527381086248,0.28317318609818964
SLC44A1,47.254619315948105,39.328685482964126,0.28299040482069904
POLI,14.111612408034896,3.9075677499156645,0.2828857406933308
GALNS,15.577437894303312,5.4762172495220955,0.28277748029042
ZNF226,14.371829192953554,4.188687731923985,0.28272197536327387
NME6,13.911301645543553,3.699538963229506,0.2825550330572667
COL18A1,32.32772338394144,23.38918250309232,0.28221197995660746
PPT2,13.698822472246663,3.4802653772630157,0.2821282720871857
ME2,26.56270475691259,17.232654897110088,0.2819344196938294
FTCDNL1,11.202426193908305,0.8208703474642978,0.28165160991761984
FLVCR1,17.14061066701612,7.16855954121219,0.28159732042257346
OIP5,11.578710897279892,1.2313055211964468,0.281200755453178
HMGN5,13.666061366231725,3.4633981783425165,0.28113825528727826
HRH2,13.64921279742404,3.4465309794220174,0.2810760401377574
HADHA,48.1719302843664,40.346339817834256,0.2809589360021165
COMMD9,15.506299492670871,5.436860452040931,0.28077670830743123
WDR18,17.410187767939046,7.472169121781176,0.28075243667783356
UBN2,35.7208379354887,27.043742269200493,0.28068337291023704
DENND1B,24.91903326656308,15.50095580793883,0.2805680419019894
ZNF16,12.413651084860625,2.142134262903407,0.2801942481137132
FAM98B,15.725330887170752,5.684246036208253,0.2800519001369746
ABCA3,12.673867869779285,2.4232542449117283,0.28003048278365644
COPS4,23.45414381189509,13.949173507252896,0.27981071580403405
TUBGCP2,30.644738566374002,21.634993815360396,0.2797802704140167
MCM5,14.350300466143736,4.2224221297649835,0.27962638816979646
DTWD1,25.402961603983748,16.040706173394806,0.279338909194134
ANKRD16,14.576820113447031,4.4698077139323065,0.27933819254069814
ADPGK,31.18857292622199,22.22534577757787,0.27928354883142187
DDOST,37.278394518598944,28.73608456089059,0.27917575363637104
PCYT2,12.288222850403429,2.0296862701000786,0.2790154085028641
HCG25,11.5440777280641,1.236927920836613,0.2788747014265497
SLC33A1,19.939345152292343,10.210277746542225,0.2788451843960088
CAMSAP1,22.532152685474664,12.98212076914427,0.2788088125786595
DLL3,10.736282456895745,0.3767007758911503,0.27870344002283154
E4F1,16.539678379542096,6.583829978634881,0.27845815035446453
CDS2,36.2684164217384,27.67345102889913,0.27825791043840475
ITGA10,17.03671115936874,7.123580344090858,0.27799308959398655
BRAF,61.534717412059834,54.68345890025863,0.27795540780086014
TMEM41B,31.154875788606624,22.214100978297537,0.27793223444099924
MED25,20.59456727259112,10.929944900483527,0.2777884908406797
RNF141,14.626429788269652,4.559766108174969,0.27732321426167356
FAM118A,22.78020105958777,13.274485550432924,0.2773221098232044
UBAC1,21.89471516558399,12.329922410884965,0.2772218086455711
CCDC167,15.322837298987213,5.307545260317104,0.27713428456958983
RRM1,19.849486118651367,10.148431350500394,0.27697976515100503
NUDT1,18.077578299043378,8.264927471044642,0.27641786520522355
POLL,12.891963232678735,2.726863825480715,0.2761838878170769
PUS1,17.06292004418069,7.191049139772855,0.27584058121459776
ZDHHC5,27.230095288016926,18.05914764421455,0.2757595220841479
TRUB1,11.632064698504221,1.3887327111211065,0.2757234311706893
C17orf75,12.634554542561357,2.4626110423928935,0.2755912197816072
PLXNA2,20.540277439766367,10.913077701563028,0.27554321298436657
ZNF529,21.160866390849357,11.576520859102665,0.2755343966537077
NR3C2,18.979912761854838,9.248847408073765,0.2753534974409962
ZNF737,12.084167961510381,1.883503879455752,0.27509246334482285
MAP2K4,36.66061366231724,28.151354998313284,0.2750542053502055
ZNF445,16.73811707883258,6.8593275610030355,0.2749990525810453
SNX12,16.934683714922215,7.07297874732936,0.2748047329235847
ATF7IP2,18.25916842952618,8.4898234566513,0.2747368784193553
SHC1,28.174551172847593,19.088046778365005,0.2746973316822997
MAP3K12,17.904412452964415,8.11312268076015,0.2746026678031312
TRIM62,13.535952973772394,3.4465309794220174,0.2744722754497102
ANLN,10.747514836100867,0.4666591701338131,0.2744508224693447
CYP3A5,11.655465488514892,1.4393343078826042,0.274327356156827
TUBB4A,11.106014939064343,0.8602271449454628,0.2738831762877123
SNX1,48.79719939345152,41.14472056673789,0.2738616979615196
LSG1,25.455379373607652,16.198133363319464,0.27380700834397564
CERCAM,13.77932118988337,3.722028561790172,0.27363285292444217
UVSSA,17.833274051331973,8.056898684358483,0.27352205888867837
HMBS,13.122227006383735,3.0248510064095355,0.27335350925305013
NUDCD1,26.39515510043619,17.22703249746992,0.27247193510377865
RCBTB1,15.452945691446542,5.53244124592376,0.2724515865618821
TSPAN3,41.28460976842578,33.144045878781064,0.2722941813524584
PXMP4,10.922552745380685,0.7027999550208028,0.2717743576640973
MED1,25.24383623191119,16.01259417519397,0.2715944978044928
AK9,14.796787539547335,4.8521308894636235,0.27130665638962415
ZDHHC24,16.10348765374319,6.252108399865063,0.2711220101682043
CEP85,14.26980174850703,4.295513325087147,0.270945430053204
RNF220,20.429825710916,10.87934330372203,0.27094350413640045
ANO5,11.400864893198795,1.2313055211964468,0.27083120759591395
SKP2,12.015837654679222,1.8891262790959182,0.27080165288208125
PDIA6,51.8140292416272,44.428201956595075,0.2706368982196745
FBXW2,27.176741486792594,18.098504441695713,0.2705016105670516
CHPF,17.398019357133496,7.652085910266501,0.27022786856707676
MYO9B,63.202725724020446,56.61194197683571,0.27000554055253145
KIAA1614,11.161240803489527,0.9951647363094569,0.2697418892319443
RAD54B,10.544395978808245,0.33734397840998537,0.26966229081043713
CDIP1,16.164329707770932,6.347689193747892,0.2694552296783719
NAGPA,12.392122358050809,2.316428651748566,0.26943063534910366
FOXP1,51.71012973397981,44.34386596199258,0.269179714551004
DNPEP,27.509968736544543,18.480827617227032,0.26907383910402466
ATP6V1B2,43.55823052586255,35.634768919374785,0.26898325110196786
AGPAT5,31.532096523578634,22.781963341954345,0.2689477679045591
QSOX1,24.59142220641369,15.366018216574833,0.2688275477658424
ZNF850,12.72254151300148,2.681884628359384,0.2687592972516032
RIMS2,12.132841604732576,2.0521758686607448,0.2687288141782943
MTMR14,27.328378606061744,18.295288429101543,0.26860777872997593
NIPA2,34.687459048617484,26.161025525694363,0.2685860427894756
STK35,16.953404346930753,7.207916338693354,0.268534959728694
XYLT2,13.823314675103433,3.868210952434499,0.2682232050109458
PACS1,45.405956905105114,37.63072079163387,0.2678314325720983
TXNRD3,12.237677143980381,2.181491060384572,0.2677868062318717
ANP32A,46.94853698260854,39.2837062858428,0.26759763537543324
SMCR5,14.088211618024223,4.171820533003486,0.2671054384278566
RRM2,10.999307336615685,0.8770943438659621,0.26674128450481793
DDX51,14.844525151169103,4.987068480827618,0.26672875679249763
NIPSNAP3A,12.879794821873187,2.8899134150455414,0.266579482774856
KLHDC8B,13.40678061291349,3.4577757787023504,0.26632726706558557
TTLL12,14.666679147088004,4.807151692342291,0.2661742816662827
ZNF594,11.128479697474587,1.0288991341504554,0.265991383226429
MPHOSPH6,25.983301196248387,16.9121781176206,0.2656346226083979
TP53I3,12.340640620027333,2.3332958506690655,0.2655087610587281
COQ7,12.414587116461052,2.417631845271562,0.2652194945619639
ALAD,12.019581781080928,1.9959518722590803,0.2651922597187
IGFBP7,43.02843664002097,35.13999775104014,0.26508436381124034
CUEDC2,23.00016848568808,13.741144720566739,0.2646897583294512
CPNE5,11.361551565980868,1.30439671651861,0.2645516184567931
TAF1C,13.79148960068892,3.901945350275498,0.2645272755731004
DZANK1,11.348447123574893,1.2987743168784438,0.26409426753226095
UNC45A,28.711833311492597,19.858315529067806,0.2640035013949672
AUH,36.843139824400474,28.550545372765097,0.2639194434238037
COA3,20.579590766984293,11.171708085010684,0.2637262617756153
SACM1L,29.6712657019301,20.892837062858426,0.26350781505299103
CLPTM1L,30.588576670348388,21.882379399527718,0.26300995134863514
THNSL2,11.092910496658368,1.0457663330709548,0.2629973105864404
GM2A,18.192710185895873,8.636005847295626,0.26288719552082096
ENDOV,14.866989909579347,5.082649274710446,0.26282433702820324
GPAM,10.662335960462025,0.5903519622174744,0.2627364923087955
FARSA,25.605144429675946,16.56921173957045,0.26229567166335643
ZNF516,31.489039069959002,22.860676936916676,0.2621431514719138
SRGAP3,13.302881105266115,3.4296637805015178,0.2618028731684632
ZNF625,10.29728363629556,0.21927358596649052,0.26169521842535803
PKN1,29.253795608139733,20.48240188912628,0.26155730053996096
MRPL11,17.52063949678941,7.944450691555156,0.261427905743867
TRMT2A,13.958103225564894,4.138086135162487,0.2613596216588247
TCEA3,11.727539921747757,1.7541886877319242,0.2613533745880662
PRC1,13.131587322388002,3.255369391656359,0.26132371299309143
TBCE,12.21146825916843,2.277071854267401,0.26104440494874703
ADAT1,14.924087837205386,5.183852468233442,0.26063252924484664
PIP5K1B,13.559353763783067,3.7276509614303386,0.2605006384991912
MTO1,16.423610461089165,6.797481164961205,0.26003525709528674
ARL10,14.259505400902334,4.486674912852806,0.25991657303209614
SLC27A5,13.286968568058857,3.452153379062184,0.25964818742669504
YBEY,14.943744500814349,5.2232092657146065,0.25963159000599567
LMBRD2,13.258887620046053,3.4296637805015178,0.25923777448798196
TACC3,15.488514892262764,5.813561227932081,0.2591894449910707
PPP1R11,26.061927850684242,17.114584504666592,0.2591770974702316
KDELR3,11.636744856506356,1.6979646913302597,0.2591266577525474
TPX2,12.164666679147087,2.2658270549870685,0.25892901861094686
USP19,13.655765018627028,3.8625885527943327,0.25876072042089476
RCHY1,21.70563678229777,12.470482401889127,0.25852931640513693
COMMD8,13.735327704663309,3.9525469470369954,0.25849219230730397
CHTF18,10.837373869741842,0.8602271449454628,0.25821970136647643
PDIA4,30.562367785536438,21.94422579556955,0.2581078762025822
NEXN,12.247973491585077,2.378275047790397,0.25765191267665444
ECHS1,23.97364135013198,14.910603845721354,0.2576514159542351
ATXN1,64.36340490854971,58.079388282919155,0.25762629750047594
GPR153,14.849205309171237,5.161362869672776,0.25749328792264287
DTL,11.193065877904038,1.2537951197571122,0.25748832548183453
USP34,74.31529288428777,68.7225908017542,0.2572614687197805
SAAL1,13.593050901398431,3.8232317553131674,0.2572511375469344
C5orf15,29.534605088267778,20.8647250646576,0.2570732412874244
CWC22,25.737124885336126,16.810974924097604,0.25680196372245234
RCN1,33.60072636052193,25.21646238614641,0.25675177956283246
PDS5A,60.012730029765805,53.446530979422015,0.25669253379571044
RBMX2,19.037946721081305,9.653660182165748,0.2566533309916638
LMBRD1,30.80948012804912,22.2365905768582,0.2565665968794575
DHRS1,15.821742142014713,6.22399640166423,0.25622806841381734
DPH7,18.32469064155606,8.900258630383448,0.2561666034885361
ARL6IP6,27.671902203418387,18.891262790959182,0.25612495064319607
ANAPC15,13.216766198026844,3.4465309794220174,0.2558616658743044
CCDC154,10.275754909485745,0.30360958056898685,0.255839142026273
ANKRD39,13.568714079787334,3.8232317553131674,0.2558321467875193
PRPF40A,59.226463485407265,52.625660631957714,0.2556294862884807
ELAVL1,42.29458786528633,34.53277858990217,0.2554222052253986
ALDH4A1,10.99462717861355,1.0851231305521196,0.2551197238211932
PTER,14.133141134844712,4.447318115371641,0.2546957835565885
EXOSC5,18.84138008499167,9.484988192960756,0.25439388246636196
ZNF839,11.081678117453245,1.1919487237152817,0.2543676451804251
CCNF,12.19087556395904,2.378275047790397,0.2543227420487959
LIG3,14.241720800494226,4.571010907455302,0.2542788029036904
AVEN,19.894415635471855,10.615090520634208,0.254141595502997
CPSF4,19.07726004829923,9.74361857640841,0.25403801046827124
RAP1GAP,10.201808413052024,0.25863038344765543,0.2539813613631201
ZBTB48,14.214575884081846,4.548521308894636,0.253922966532647
GTF2E2,30.236628788587904,21.67435061284156,0.2538378397500618
SIRT7,21.54931950502649,12.391768806926796,0.2537091239241125
LRRC39,10.541587884006965,0.6353311593388058,0.2532423468966275
WIPI2,37.25405769698785,29.1858765321039,0.2532190810493332
PPP2R5D,18.02048037141734,8.63038344765546,0.2531518280924211
DARS2,16.25138064661063,6.7412571685595415,0.25306037887249433
RB1,57.5387985098377,50.871471944225796,0.252924893907541
ZNF564,10.97684257820544,1.1076127291127853,0.2528558849440855
STAG1,68.81049104217757,62.92027437310244,0.25283276982995684
RIOK1,25.64258569369302,16.78848532553694,0.2525166144791827
DCTN1,21.801112005541306,12.684133588215452,0.2524407274393366
MANBAL,20.92217833274051,11.745192848307658,0.25241574121254684
TIPRL,38.97073965217066,31.035646013718655,0.2524012896396677
SNX27,35.2986876836962,27.11121106488249,0.25238868861700847
TMEM14C,31.290600370668514,22.832564938715844,0.25210652424014013
THEM6,10.924424808581538,1.0738783312717868,0.25163992329164775
SASS6,12.479173296890503,2.7381086247610478,0.2515021794289994
ZNF589,12.74594230301215,3.0248510064095355,0.25141372904978593
MRPS18A,17.374618567122827,7.978185089396154,0.25107363505030467
RFC5,11.998053054271113,2.243337456426403,0.25044127365710167
CLSPN,12.765598966621114,3.0642078038907004,0.25041278981093507
ANKDD1A,24.46412190875564,15.57404700326099,0.2500564567174724
MPHOSPH10,31.339274013890712,22.922523332958505,0.250036969393446
AGO3,51.29546773499073,44.25390756774992,0.24990983143880197
SLC39A3,15.290076192972274,5.774204430450917,0.2497662598049874
MX1,17.000205926952095,7.60710671314517,0.2494865954901691
EXOG,15.52221202987813,6.032834813898572,0.24919208153621764
HEATR3,15.28820412977142,5.78544922973125,0.24904366462395733
MYO15B,15.429544901435873,5.937254020015743,0.24900325872527607
SP140L,18.08506655184679,8.776565838299787,0.24894286466766058
STAG3,12.47730123368965,2.783087821882379,0.24893925811089745
DSP,16.017372746503924,6.566962779714382,0.24892458866324552
YIPF1,15.64296010633319,6.167772405262566,0.2488711542173363
LHX4,10.113821442611902,0.25863038344765543,0.2488511640021579
A1BG-AS1,13.074489394761969,3.4240413808613512,0.2487929116798745
EDEM2,18.307842072748375,9.018329022826943,0.24874308379072826
TTC38,14.565587734241909,5.020802878668616,0.24862461348982223
DNAJC30,11.901641799427148,2.1758686607444058,0.2485005394612545
APPL1,34.86343298949773,26.71764309007084,0.24848105624971673
DCAF11,16.67633899320441,7.281007534015519,0.248392922401441
VDAC3,35.61319430143961,27.52164623861464,0.24833578068635886
NACC2,22.268191774154296,13.26324075115259,0.24808216935350813
LYRM9,10.603365969635135,0.7983807489036321,0.24794949070032157
UST,29.061909130052232,20.52738108624761,0.24791533598488738
TET3,29.966115656064552,21.494433824356236,0.24788028442453564
NRSN2,12.50631821330288,2.833689418643877,0.24787064250305396
AP3M1,18.022352434618195,8.731586641178454,0.24774000281654576
MITD1,26.664732201359122,17.974811649612054,0.2473960905542612
PEX11B,14.528146470224835,5.003935679748117,0.2473617138515654
SLC22A15,13.825186738304286,4.256156527605983,0.24716860756996034
KLHL18,20.978340228766122,11.902620038232318,0.2471021466330675
KIF18A,11.114439223468183,1.3606207129202745,0.2470761943635098
JMJD4,12.818016736245017,3.1822781963341957,0.24702793612069346
MDM1,12.195555721961174,2.5188350387945575,0.2469275993160127
IRAK4,18.222663197109533,8.962105026425277,0.24684382636122834
PDSS1,15.20302525413258,5.7348476329697515,0.24683768617161211
BCS1L,13.194301439616602,3.5927133700663445,0.24657708165625147
GTF2H2C,12.632682479360502,2.9967390082087033,0.24634356947596514
PTRHD1,17.24919033266563,7.933205892274822,0.24621414316531226
CHTF8,10.53971582080611,0.7702687507027999,0.24577188921300097
ASB7,18.000823707808376,8.748453840098955,0.24556457869160397
AKAP11,24.496883014770578,15.692117395704486,0.24552549510616462
DESI2,33.911488851863645,25.756212751602387,0.24542598183606246
EGLN2,18.618604564090084,9.411896997638593,0.2453920326579356
AACS,16.89443435610386,7.584617114584505,0.24454632743486146
C2orf76,14.768706591534531,5.324412459237602,0.24390479344052562
RAB22A,38.4559222719359,30.642078038907005,0.2438546490204414
ZBTB47,13.934702435554225,4.436073316091308,0.24373899325627912
OSGEPL1,10.65203961285733,0.9276959406274599,0.24373288869371013
LINC00630,11.829567366194283,2.187113460024739,0.24368470170498846
KCTD21-AS1,10.651103581256903,0.9276959406274599,0.2436783121260404
RFC4,12.600857404945993,3.0136062071292025,0.24356780310665588
YIPF6,29.054420877248816,20.600472281569772,0.24349135014654005
RBBP6,46.89892730778591,39.67727426065445,0.24323460568976252
AK1,15.598030589512701,6.22399640166423,0.2431842687407324
WRNIP1,25.506861111631128,16.822219723377938,0.24276268602998818
MRPS10,23.032929591703017,14.185314292139886,0.24236897739311672
SNX19,17.705037722073495,8.495445856291466,0.24212082933598136
HDAC5,26.72089409738473,18.13223883953671,0.24208249597478176
RP9,21.26851002489844,12.307432812324299,0.24193696896584838
SETD2,62.01583765467922,55.85854042505341,0.24190306980847787
UBE2J2,32.51586573562724,24.339368042280444,0.2413460171973862
ORC6,12.192747627159893,2.6200382323175533,0.2412428912017881
ZMYM5,36.29930546455248,28.38749578320027,0.2411053672701564
SRM,38.23314675103431,30.456538850781513,0.24098721966892078
THOC3,15.144055263305688,5.779826830091083,0.24094559422565154
ZNF765,14.42331093097703,5.009558079388283,0.24094241724970128
SPRYD7,16.57337551715746,7.30911953221635,0.2408558948435353
CHCHD5,16.951532283729897,7.713932306308332,0.24082091453727827
DNTTIP1,24.92839358256735,16.243112560440796,0.24062663256310948
KAT5,20.483179512140328,11.49218486450017,0.2406217770034432
UBP1,31.792313308497295,23.580344090857977,0.2405656684727358
DBF4,22.19050115131887,13.325087147194422,0.24017838298561558
HSD17B4,26.60576221053223,18.047902844934217,0.23997039349407417
ARMC6,13.673549619035139,4.233666929045317,0.23955408769883219
APIP,22.704382499953198,13.887327111211064,0.23946881635181314
HACE1,18.169309395885204,9.040818621387608,0.23943886768421502
PHC1,16.989909579347398,7.781401101990329,0.23937790153759714
TSIX,11.790254038976355,2.2264702575059037,0.23924543870293935
MDK,13.655765018627028,4.2224221297649835,0.23913057495879625
DLGAP4,42.05589980717749,34.5777577870235,0.23905141228683469
POMT1,13.420821086919895,3.9750365455976615,0.23892758147886634
SNRNP40,28.98515453881723,20.611717080850106,0.2388392420932834
FECH,12.118801130726172,2.5863038344765545,0.23877166849294462
CPT2,11.822079113390869,2.271449454627235,0.23864727382095063
C1orf50,12.503510118501602,3.00236140784887,0.2385052821146859
SERPINB6,32.92865567141547,24.834139210615092,0.2384228335293876
PRPF38A,23.758354082033808,15.039919037445182,0.23804422186473662
COPG1,27.782353932268755,19.341054762172497,0.23802730380061068
AP5M1,17.427972368347156,8.276172270324974,0.2379282851966837
PLEKHB1,10.48074582997922,0.8546047453052963,0.23773275010712336
TP63,10.547204073609526,0.9276959406274599,0.23762031311469134
MKI67,10.119437632214463,0.4779039694141459,0.23721650351721046
DCAF13,31.008854858940037,22.804452940515013,0.23721258248575317
CREBL2,24.3162289158882,15.652760598223322,0.23713926470580787
PERP,26.992343261508513,18.520184414708197,0.2367459500227022
PECR,11.151880487485258,1.5911390981670979,0.2366836951336455
NDUFAF7,18.100979089054047,9.018329022826943,0.23668166233569995
ZNF207,65.3818072898141,59.55245698864275,0.23664469513976538
LEO1,22.26163955295131,13.47126953783875,0.23635145553454362
FDXR,10.787764194919221,1.2200607219161137,0.2356969978178779
TMCC2,12.416459179661905,2.9686270100078715,0.2352699874584651
EMG1,25.0978153022446,16.524232542449116,0.23516894016908077
SH2D4A,12.721605481401053,3.3003485887776907,0.23496540817095163
PSKH1,11.835183555796844,2.355785449229731,0.2348105304256486
RNF207,9.95188797573806,0.3429663780501518,0.23480860245260105
PSMB10,17.2969279442874,8.197458675362643,0.2345816600427442
SLC20A1,30.829136791658087,22.66389294951085,0.23440190706428182
NR2C1,25.625737124885333,17.103339705386258,0.2343578589817897
ACSF2,12.532527098114832,3.1148094006521982,0.23406273525554416
C2orf68,17.91658086376996,8.872146632182616,0.23390482509872443
ATP13A1,17.427036336746728,8.34926346564714,0.23388633533202494
OSBPL5,19.7774116854185,10.862476104801528,0.23382379953907784
PTGR2,11.648913267311904,2.187113460024739,0.2331514241447148
DPCD,12.074807645506112,2.6425278308782185,0.23313935958401066
PHF7,11.203362225508732,1.7148318902507589,0.23293754385288878
ALG12,14.454199973791116,5.189474867873608,0.23292837125175592
HNMT,15.23204223374581,6.021590014618239,0.2328867876042664
LIN54,19.102532901510756,10.159676149780726,0.23281422210480485
CPT1B,10.008985903364099,0.4441695715731474,0.23261679466924468
PSMG1,22.448845873036674,13.746767120206904,0.23223743894908683
SLC25A53,16.330007301046486,7.207916338693354,0.2321869656605996
TEAD2,15.047644008461724,5.841673226132913,0.23195027650436278
LRRC37B,16.775558342849656,7.691442707747667,0.23178740390673508
TARBP2,12.671059774978003,3.3115933880580233,0.2314048314710913
ZNF84,20.14433607278582,11.30102327673451,0.2312935742837115
KCNN4,17.97648688619728,8.984594624985943,0.23126330497268685
IRF3,28.444128273770524,20.173169908917128,0.2312182257620647
FAM89A,24.107493868993018,15.54593500506016,0.23079638954950046
VPS4A,29.266900050545708,21.06150905206342,0.23072910713427353
PAQR8,10.813973079731172,1.3493759136399415,0.2301705581871909
POLQ,9.92848718572739,0.4048127740919825,0.23007025700955763
PRICKLE1,11.784637849373796,2.38951984707073,0.23002306963440722
TTBK2,34.106183424752416,26.250983919937028,0.2297864579009976
NUP35,16.652002171593313,7.60710671314517,0.22918411231699914
ACOX3,16.43484284029429,7.376588327898347,0.22909791055425993
MYBBP1A,17.28382350188142,8.287417069605308,0.22891005172984194
FOXM1,10.047363198981598,0.5566175643764759,0.22872001348680104
MBD6,19.69410487298051,10.868098504441697,0.2286597639936191
TMX3,29.130239436883386,20.95468345890026,0.22858862768854124
SPC25,9.838628152086415,0.34858877769031826,0.22789811674170868
DCTN3,21.02326974558661,12.307432812324299,0.22763790823635774
GDPD5,12.990246550723553,3.7276509614303386,0.22731808535594566
CNST,44.99129490611603,37.93433037220286,0.22709107786072602
COMTD1,14.010520995188797,4.82401889126279,0.22699594466120887
CNPY4,11.684482468128124,2.344540649949398,0.22663714507649957
HCG11,11.852032124604527,2.524457438434724,0.22659127795834666
MR1,14.798659602748188,5.678623636568087,0.22632781916670636
PURA,32.86968568058858,24.997188800179917,0.22608960010367624
ABHD11,11.150008424284403,1.7879230855729227,0.2258393061987206
FOXN2,37.35982926783608,29.804340492522208,0.22564692068304026
COMMD2,24.6475841024393,16.2262453615203,0.22517382533070177
GOT1,17.570249171612033,8.664117845496458,0.22506017290617003
SNAPC4,14.858565625175506,5.768582030810751,0.2249131831320496
ZWINT,9.744088960443305,0.30360958056898685,0.22483965158982
POLR3GL,19.97865847951027,11.244799280332845,0.22470073203460772
VIPAS39,12.841417526255686,3.6208253682671763,0.22446811053050603
DENND6B,10.336596963513488,0.9445631395479591,0.22442042232044768
GMCL1,26.21262893835296,17.912965253570224,0.2244095396210401
CACNB2,15.063556545668982,5.999100416057574,0.22428988951508166
DNAJC5,35.41569163374956,27.752164623861464,0.22424456297137219
KLHDC3,25.324334949547893,16.97402451366243,0.2238387877175519
FAM76A,15.24140254975008,6.201506803103564,0.22361748054991537
TSTD1,13.7559203998727,4.615990104576633,0.22349979610029602
ARHGAP11B,10.140030327423853,0.7590239514224671,0.22308113686368192
DLG5,20.455098564127525,11.790172045428989,0.2227282657625487
ABCF2,21.095344178819477,12.476104801529294,0.2226386732615745
MX2,18.773985809760937,9.9966265602159,0.22255275651521428
EPB41L1,12.864818316266359,3.682671764309007,0.22245859347095331
PYCR2,20.000187206320085,11.312268076014844,0.22227534081686975
LAP3,29.82383885279967,21.81491060384572,0.22210154783654273
SMARCD2,23.04041784450643,14.57325986731137,0.2216418393581501
RNF167,22.087537675271918,13.555605532441245,0.22159939860527944
IGF2BP3,10.252354119475074,0.9108287417069606,0.22134885736723642
ODF2,25.826983918977103,17.558754076239737,0.22124741818033095
SENP5,48.31795121403298,41.60013493759136,0.22107409246410792
PCGF2,21.283486530505268,12.706623186776117,0.2210330014265497
TOR3A,16.72875676282831,7.84324749803216,0.22077710790642152
OMA1,10.131606043020012,0.7983807489036321,0.2204429005947366
DCTD,24.047587846565698,15.675250196783988,0.2202489056931907
EIF4G1,45.28146470224835,38.37287754413584,0.22008557405643514
RHOBTB2,11.655465488514892,2.4344990441920613,0.22003773511321068
SIPA1L2,32.064698504221504,24.24940964803778,0.2199476479460617
RUFY2,23.757418050433383,15.371640616215002,0.21989310494919484
UBE2D4,14.061066701611846,5.009558079388283,0.21982128556148417
SLC35D2,18.85916468539978,10.142808950860227,0.21954447757918966
OXA1L,26.87065915345302,18.70572360283369,0.21952920247173177
GMEB1,18.948087687440328,10.238389744743056,0.2195149941194518
STK36,10.27107475148361,0.9670527381086248,0.21937317849217974
RAC3,10.76717149970983,1.501180703924435,0.21916026218687756
LGI4,10.266394593481476,0.9670527381086248,0.2191002956538307
RYK,40.98227156148791,33.79624423704037,0.21908631134505563
NUBP2,22.599546960705393,14.157202293939052,0.21863363167622035
ATPAF2,14.498193459011176,5.498706848082762,0.21862381367574607
PICK1,13.35155474848831,4.278646126166648,0.21832598023765454
WWC2,34.356103862066384,26.728887889351178,0.21828711452698768
TMEM219,29.27438830334912,21.29764983695041,0.21828343671612982
HDLBP,62.22550873317483,56.51636118295288,0.21824186129361722
ZFAT,17.705037722073495,8.933993028224446,0.21819658955404894
UBLCP1,20.304397476458806,11.717080850106825,0.21792881166469788
SYCP3,11.568414549675197,2.3838974474305634,0.21772260352552586
TRNP1,10.67824849766928,1.4337119082424379,0.2176561405323888
ARHGAP18,28.755826796712658,20.7635218711346,0.21718651539735667
PRIM1,11.174345245895502,1.9734622736984144,0.21713650320424127
TFPT,18.981784825055694,10.322725739345552,0.2168789352128857
CDK7,19.92436864668551,11.334757674575508,0.2166277547442339
ABCD1,12.942508939101785,3.8738333520746653,0.21655993381080774
SLC12A2,28.250369732482167,20.235016304958954,0.21654694500311555
ZNF274,21.057902914802405,12.549195996851456,0.21646823725779343
MORC2,18.059793698635264,9.350050601596761,0.21618375301035614
SEC23IP,25.292509875133383,17.080850106825594,0.21615548498271797
COPS7B,16.963700694535447,8.180591476442146,0.21607256502082692
RARG,13.920661961547824,4.936466884066119,0.2156221737080013
ZNF343,11.319430143961661,2.1590014618239066,0.21547407743916758
AMT,9.62989310519123,0.35421117733048463,0.21542082112849548
RCAN3,21.975213883220697,13.54998313280108,0.21535693150774718
DHRS12,11.575902802478613,2.4401214438322274,0.21509200583843147
CHERP,21.919051987195086,13.499381536039582,0.21484282665316604
LETM1,24.400471759926614,16.158776565838302,0.2144462637400148
RBM25,69.64075107175618,64.51141347126953,0.21444013588786381
NADSYN1,18.108467341857462,9.434386596199259,0.21442091918650716
SRSF6,35.50929479379224,28.033284605869785,0.21436616859608892
PIAS4,17.30535222869124,8.57978185089396,0.21421581959829275
TOP2A,11.286669037946721,2.15337906218374,0.21387061859356948
ITGA2,18.52312934084655,9.895423366692905,0.21344721479092
NLRX1,9.803994982870622,0.5791071629371415,0.21330322180126882
NHEJ1,11.876368946215624,2.794332621162712,0.2132876596211878
TRIB3,14.983993859632703,6.1171708085010685,0.21320973978339658
SMURF1,45.31422580826329,38.53592713370067,0.21310084426236497
MCOLN1,19.27757081079057,10.710671314517036,0.21296138002022108
GTF3C5,16.982421326543985,8.259305071404475,0.21287000205438927
FCHO2,33.34238163880413,25.74496795232205,0.21285687073850756
TEX10,27.31621019525619,19.312942763971662,0.2123817782152709
PPP2R5A,36.921766478836325,29.579444506915554,0.21237392792737975
BOLA2,9.241439991014097,0.0,0.21209496998477684
ABHD10,12.281670629200441,3.2497469920161928,0.21207491057174777
BCL7C,25.295317969934665,17.15956370178792,0.21202512036589358
NCAPG,9.846116404889829,0.652198358259305,0.2117717940494216
ZNF782,16.82423198607185,8.11312268076015,0.21162130871216853
RPA2,23.671303143194113,15.43348701225683,0.21149812947227403
APOBEC3C,12.163730647546661,3.137298999212864,0.2113326835022573
SLC25A1,18.383660632382952,9.788597773529743,0.2111430056421787
NAPA-AS1,10.907576239773855,1.7991678848532553,0.21109053312654902
BEST1,18.89754198101728,10.339592938266053,0.21104688105406674
INO80D,35.89587584476852,28.51118857528393,0.21083500410187117
CS,29.187337364509425,21.34262903407174,0.210754047740075
CENPI,9.623340883988243,0.43854717193298104,0.21043796981212737
DUS1L,22.19050115131887,13.870459912290567,0.21042644376962244
RPRD1B,26.28657543478668,18.250309231980207,0.21031782709623809
ZWILCH,12.38557013684782,3.3959293826605195,0.21015816298911943
IMPA1,21.71874122470375,13.381311143596086,0.20960458265157772
PHPT1,29.080629762060767,21.25267063982908,0.20943985539124105
GTPBP3,13.593050901398431,4.705948498819296,0.209095936960224
TRAFD1,15.617687253121664,6.8705723602833695,0.20905745903459022
PFAS,11.497276148042758,2.4682334420330596,0.20897396903994092
KDM6A,49.143531085609446,42.70774766670415,0.20878658364835978
SLC4A2,25.351479865960275,17.283256493871583,0.20855185192348588
UBE2K,65.67197708594642,60.37894973574721,0.20847544075915003
FEZ1,14.465432352996238,5.650511638367255,0.20843216619047994
ZFYVE1,21.48192522979576,13.150792758349263,0.20837227296777217
MRPL15,23.69095980680308,15.517823006859327,0.20804342205066084
TBCB,27.451934777318083,19.53783874957832,0.20802653961358214
NFS1,12.0429825710916,3.069830203530867,0.20797295854699516
CEP128,20.249171612033624,11.840773642190488,0.2079609316695826
SNRNP25,14.129397008443004,5.301922860676937,0.20785588181342535
PTS,29.840687421607353,22.09603058585404,0.20774787491233476
RRP1,22.73714360596814,14.505791071629371,0.20763968370727487
GALK1,11.787445944175074,2.8055774204430453,0.20748944364686506
MRAS,17.01050227455679,8.388620263128303,0.20745271555904185
LGR6,9.652357863601475,0.545372765096143,0.20630214397583102
PSMG3,21.74963026751783,13.476891937478916,0.20619135199631133
UCKL1,21.994870546829663,13.741144720566739,0.20607452465207354
DRG2,17.065728138981974,8.4729562577308,0.20607191770888153
NFU1,19.047307037085574,10.59260092207354,0.20597668585319875
SLC19A1,14.648894546679896,5.892274822894411,0.20594016947141558
TAF6,15.742179455978434,7.061733948049027,0.20588762775793534
HTATSF1,21.232004792481792,12.931519172382771,0.20576244929089862
EPHA2,13.792425632289346,4.981446081187451,0.20569141575447475
FAM114A2,13.247655240840931,4.402338918250309,0.20552011872370923
IFI27L2,17.960574348990022,9.440008995839424,0.2054911004718316
SMARCC2,27.108411179961433,19.217361970088835,0.20548003758094255
ZFP30,12.662635490574162,3.7782525581918365,0.20545579746590403
ZMYM3,11.713499447741356,2.76622062296188,0.20532494196086715
CHTOP,30.23756482018833,22.57393455526819,0.20481705266248534
MVK,10.234569519066964,1.197571123355448,0.20466913041640034
STARD9,22.320609543778197,14.117845496457887,0.20451686167053354
AP1G2,14.702248347904225,5.976610817496908,0.20445021848591544
TRAF2,19.91220023587996,11.548408860901834,0.2042628604964052
AKT3,71.86476215437033,67.07522770718542,0.20424927425388395
DDX52,28.879382967968997,21.134600247385585,0.2041470348219826
AGBL3,14.589924555853006,5.8641628246935795,0.2040354508224439
METTL22,14.939064342812214,6.2408636005847296,0.2038422020326493
UBIAD1,14.968081322425444,6.274597998425728,0.20369374949334162
STMN3,14.749985959525993,6.044079613178905,0.2035529711629323
ZNF595,13.3478106220866,4.548521308894636,0.20338506487040142
KRT8,11.202426193908305,2.260204655346902,0.2031310280692259
HAUS6,21.47911713499448,13.246373552232093,0.20299428587639273
TRMT12,12.12535335192916,3.255369391656359,0.20265390274804396
ALDH1A2,16.556526948349777,7.9950522883166535,0.2024535518383535
ENTPD3-AS1,10.650167549656476,1.6867198920499271,0.20221639747425657
NABP2,14.325963644532639,5.616777240526257,0.20214058374474964
RAB10,64.58524439785087,59.33880580231643,0.20185543492087676
TTC31,11.754684838160136,2.8786686157652084,0.201591890481433
STIL,10.20555253945373,1.2256831215562802,0.2014436517044097
SCIN,10.01085796656495,1.0176543348701226,0.20144040347436454
CNOT7,29.102158488870582,21.42696502867424,0.2011867647394427
STK19,18.31252223075051,9.895423366692905,0.20116748706521229
ZDHHC4,14.793043413145629,6.134038007421568,0.20115595691021915
SLC25A39,26.599209989329243,18.756325199595185,0.2009415086418792
BIRC5,9.291049665836718,0.25863038344765543,0.20087836102039347
MCRS1,15.24982683415392,6.6288091757562135,0.2007978719227016
GRK4,12.256397775988917,3.4296637805015178,0.20078627051361375
RABGGTA,11.118183349869891,2.2152254582255706,0.2006729051617051
PTGES2,21.53527903102009,13.353199145395255,0.20044118050252097
ZNF493,14.951232753617763,6.319577195547059,0.20025760309252277
TRIM24,28.24381751127918,20.52738108624761,0.20021541584147187
SUPT7L,16.69412359361252,8.186213876082311,0.20004779250907595
TMPRSS13,9.453919164310987,0.4497919712133138,0.19994616901820095
SENP3,14.766834528333678,6.128415607781401,0.19993453403830974
SCRG1,14.471984574199226,5.813561227932081,0.1999192925016553
PDHA1,25.0453975326207,17.114584504666592,0.19990694498081601
CAMK2G,17.618922814834228,9.18137861239177,0.19967982032323356
IGSF6,14.835164835164836,6.207129202743731,0.1996245291583718
RNASEH2A,10.077316210195256,1.130102327673451,0.19918091932201543
TRIM14,17.816425482524288,9.406274597998426,0.1989266351877522
AKIP1,16.198962876986727,7.680197908467335,0.1987816802678215
TXNDC9,24.29282812587753,16.33307095468346,0.19866160674978267
ENPP2,13.90662148754142,5.2344540649949405,0.19854731098215378
LINC00205,11.633000730104648,2.8111998200832113,0.1981775889585009
PIEZO1,24.83666248572552,16.923422916900932,0.19816488516718797
JRKL,13.140947638392273,4.424828516810974,0.19807150591796963
ARMC2,13.010839245932942,4.28989092544698,0.19784666756015268
TEX261,13.094146058370931,4.379849319689644,0.19779644571724125
NIF3L1,13.241103019637942,4.537276509614303,0.1977767782017335
CHD2,64.66012692588502,59.49623299224109,0.19763337169479422
DPM1,35.76015126270663,28.618014168447093,0.19709370235568802
ACSBG1,9.91351068012056,0.9951647363094569,0.1969913245280852
LINC01088,11.578710897279892,2.777465422242213,0.1968524741707236
MCM7,24.923713424565214,17.04149330934443,0.19679936448072935
TIGD7,10.638935170451354,1.782300685932756,0.19634722127384896
CPS1,9.321938708650803,0.3767007758911503,0.1962382462737462
RAB2A,69.69597693618137,64.9049814460812,0.19618968178121188
PAWR,24.30686859988393,16.394917350725287,0.19610632401353179
NCBP1,19.57710092292716,11.340380074215675,0.19607312711588856
PGBD1,10.243929835071231,1.3662431125604408,0.19601326540773978
TK1,9.483872175524647,0.5566175643764759,0.19586491974957454
COG1,15.362150626205139,6.842460362082536,0.195691661174958
COG3,26.49624651328229,18.745080400314855,0.1955515282438903
MRPL9,19.62296647134807,11.402226470257506,0.19537344768041104
ARHGEF3,30.34895258063912,22.866299336556843,0.19536217102723785
TPD52L2,31.947694554168148,24.575508827167436,0.19533575766230815
MICAL1,18.42110189640002,10.120319352299562,0.19522952800109877
SPAST,22.7427597955707,14.741931856516361,0.1950848601537915
PDE7A,38.369807364696634,31.4460811874508,0.19497249852794274
CNOT6,25.276597337926127,17.457550882716745,0.19467737480169672
MTX3,11.13035176067544,2.338918250309232,0.19463453803881636
GPBP1L1,47.52700451167232,41.24030136062071,0.19458703824521595
PRRT3,9.842372278488122,0.9670527381086248,0.1943771104994061
SCD5,13.007095119531236,4.3517373214888115,0.19425443003817516
SLC4A5,9.266712844225621,0.35421117733048463,0.1942451128726086
EPC1,47.237770747140424,40.94231417969189,0.19397909304604455
TMEM18,20.565550292977893,12.436748004048127,0.19389538312037835
XRCC2,9.196510474193609,0.292364781288654,0.19352580154867072
VPS4B,37.94484901810285,31.018778814798154,0.19350553454208996
ANKS1B,14.30817904412453,5.757337231530417,0.19343560338789106
ERMARD,11.391504577194526,2.6425278308782185,0.19329846518504823
VPS26B,16.945916094127337,8.57978185089396,0.19325841761308507
PXN,32.027257240204435,24.699201619251095,0.19322690341164622
GREB1L,11.53471741205983,2.7999550208028787,0.19306049139886128
AMN1,19.938409120691915,11.795794445069156,0.19229527938596738
PARP16,13.02955987794148,4.413583717530642,0.1921903364109525
KIAA1958,20.141527977984534,12.020690430675812,0.19186955365650485
GLB1L,9.469831701518244,0.6184639604183065,0.19167233998322897
MTF2,36.53892955426175,29.55695490835489,0.19127899584180774
QRICH1,33.80010109141285,26.633307095468346,0.1910828907194897
ALDH5A1,9.32006664544995,0.47228156977397956,0.19091483575003665
NOMO1,18.57554711047045,10.367704936466884,0.19073893666142505
PRDX4,32.67124698129809,25.435735972112898,0.19059512797574352
TBC1D22B,22.652900761929722,14.730687057236027,0.19045895170318017
WWC1,10.231761424265683,1.4562015068031036,0.19039623366250746
NCOA7,39.567927813242974,32.81232430001125,0.19029729659389583
RPAP3,20.439186026920268,12.36927920836613,0.19020819875909709
PPP1R26-AS1,9.294793792238426,0.46103677049364666,0.19005471046864253
PMM1,14.953104816818616,6.510738783312718,0.18993824145112248
MRPS7,24.116854184997287,16.304958956482626,0.1899348171420847
MEAF6,30.622273807963758,23.25986731136849,0.18982805718765278
KIAA1586,15.423928711833312,7.016754750927697,0.18978536293296178
KIF4A,9.273265065428609,0.4441695715731474,0.18971961248077263
GPD1L,11.76872531216654,3.1148094006521982,0.18952825603697798
PGPEP1,14.729393264316604,6.280220398065895,0.1894700037146944
NELFB,21.556807757829905,13.589339930282243,0.18881415859942455
ZNF75D,18.636389164498194,10.468908129989881,0.18876543514874763
PNPLA7,10.60804612763727,1.8891262790959182,0.1887184951066846
SIRT3,12.674803901379711,4.098729337681322,0.18868219454343016
L3HYPDH,13.462942508939102,4.942089283706286,0.18862751109461812
IGF2R,57.795271168354645,52.3276734510289,0.18843812853213882
PLCL1,17.867907220547767,9.653660182165748,0.18843262140439934
GMFB,21.428571428571427,13.460024738558415,0.1883917523541019
PARP10,13.32721792687721,4.801529292702125,0.18838193435362754
PDS5B,47.623415766516274,41.46519734622737,0.18793958380139464
RAB7A,77.77954583746747,73.69841448330148,0.18780124044767277
TOR1AIP1,29.02446786603516,21.590014618239064,0.18776199996033527
COL24A1,11.175281277495928,2.513212639154391,0.18774586157876338
CCDC65,20.753692644663683,12.751602383897447,0.18768889594267416
NADK,21.892843102383136,13.971663105813562,0.1875501168394071
MVP,33.16079150832132,26.014843135050043,0.18754640751398965
HSDL1,14.474792669000506,6.044079613178905,0.1875074602680077
WDR77,13.911301645543553,5.442482851681098,0.18747151597522693
CCDC51,11.011475747421233,2.344540649949398,0.18739659292190503
GTF3C6,25.49750079562686,17.83987405824806,0.18670041521829267
SETMAR,10.599621843233427,1.9172382772967504,0.18669370088342985
ZNF280B,9.08418668214239,0.2979871809288204,0.18666989240544818
PML,25.226987663103507,17.558754076239737,0.18626383830398185
PLA2G15,12.145946047138551,3.5814685707860114,0.18606476791175308
PARP2,11.697586910534099,3.1035646013718656,0.18599387893976294
CLUH,18.95932006664545,10.868098504441697,0.18581715837281704
GSTM4,10.147518580227269,1.450579107162937,0.1857910635950698
RTN4IP1,9.46234344871483,0.7196671539413021,0.18571474903065543
TMEM140,15.042027818859166,6.685033172157877,0.18561466367155077
CDC123,35.7554711047045,28.826042955133254,0.18547214167206338
SPHK2,12.234869049179101,3.6882941639491733,0.18542184240632476
AGAP2-AS1,9.314450455847389,0.5678623636568088,0.1853731189556479
HMGCS1,23.691895838403504,15.939502979871808,0.18509392190493393
TIMELESS,10.529419473201415,1.8722590801754189,0.18505422649095637
PTPN18,14.079787333620382,5.667378837287754,0.18502645724198163
MNT,17.16962764662935,8.973349825705611,0.18483174568699978
AHRR,10.192448097047755,1.5292927021252671,0.1841166445233866
UBE2T,11.354063313177452,2.7718430226020465,0.184060818952814
USP20,15.85543927963008,7.584617114584505,0.18396633732137058
FBXO4,12.141265889136417,3.6152029686270097,0.1839515589363323
EXD2,11.141584139880562,2.5469470369953893,0.18394077900557837
WDR5,22.36647509219911,14.545147869110536,0.18388031575011218
IDUA,10.972162420203306,2.3670302485100643,0.18387749298839184
ZNF394,30.343336391036562,23.074328123243003,0.18368603377594328
SPTLC3,9.873261321302207,1.197571123355448,0.1836025752958531
S100A8,11.548757886066234,2.9911166085685372,0.1834506251371686
ANXA3,10.499466461987756,1.8722590801754189,0.18330777632552242
SLC35G1,9.651421832001049,0.9670527381086248,0.18324349069476453
TOLLIP,22.161484171705638,14.342741482064545,0.1829700042528541
FAM136A,22.42731714622686,14.629483863713034,0.1828269773059708
CCM2,42.52953179699347,36.12391768806927,0.1823188742453048
CTHRC1,18.68412677611996,10.648824918475205,0.18173376736885877
GHRL,9.67201452721044,1.0176543348701226,0.18168368597789286
C16orf95,10.488234082782636,1.8947486787360845,0.18142597342210354
UNKL,17.06292004418069,8.922748228944114,0.1813705061782487
ZNF41,12.144073983937698,3.6658045653885076,0.18135479943373423
PHRF1,22.05384053765655,14.258405487462047,0.1812945143135051
PPP1R3E,12.157178426343673,3.6882941639491733,0.18089198728973033
ERP29,40.11457026789225,33.57697065107388,0.18045595300610695
BLM,11.969972106258307,3.497132576183515,0.18040518853250787
ZFPL1,13.330962053278919,4.953334082986618,0.18031877300748406
RPE,19.07445195349795,11.092994490048353,0.18026123528239235
ZNF212,12.222700638373551,3.77263015855167,0.1801115316839378
TBL2,17.045135443772583,8.933993028224446,0.17972010934683197
DGKD,30.026021678491865,22.815697739795347,0.17929374438676032
RNLS,11.238931426324953,2.7381086247610478,0.17918822726649908
CENPT,15.270419529363311,7.050489148768695,0.17899447969804083
ZNF605,11.354063313177452,2.8674238164848758,0.178846561564444
EPB41L5,23.740569481625702,16.108174969076803,0.1787302727384055
MTX1,17.31190444989423,9.237602608793432,0.1787114958990826
PURB,29.382967968998635,22.141009782975374,0.1786061651390347
ZCCHC14,30.55581556433345,23.394804902732485,0.17859181633480908
ZC3H18,30.099968174925586,22.91127853367817,0.17839103584430588
F2R,18.951831813842034,10.997413696165523,0.17832596230601697
EID1,40.25029484995413,33.762509839199375,0.17824776156433442
INO80C,14.877286257184041,6.645676374676713,0.17815623492158073
ERAL1,13.783065316285079,5.4762172495220955,0.1781542000673912
HSD17B8,9.410861710691352,0.8040031485437984,0.17811222246613623
TAF6L,12.613961847351968,4.22804452940515,0.17808013411945073
B4GALT7,13.855139749517944,5.554930844484426,0.17806250145813257
AREL1,20.452290469326247,12.611042392893287,0.17778326672412717
ZKSCAN5,12.893835295879589,4.537276509614303,0.17752887159623343
GMPS,34.28402942883352,27.403575846171147,0.17727819607497763
GOLGA3,34.13613643596608,27.24614865624649,0.17724328702281544
TMEM184B,30.70090046239961,23.57472169121781,0.17723611159258068
FBXW9,9.66265421120617,1.090745530192286,0.17715054700420596
LUC7L,46.87833461257652,40.86922298436973,0.1770090643578257
RRAGC,21.890035007581858,14.162824693579221,0.1769578723596579
NUDT19,13.23080667203325,4.908354885865288,0.17693284844957657
ABCE1,33.017578673456015,26.059822332171372,0.17674242447774646
RXRB,17.955894190987888,9.962892162374901,0.17669316250887063
ASB8,14.445775689387276,6.212751602383897,0.17661395598488505
DCAF4,12.560608046127635,4.199932531204318,0.17650287487649768
STK11IP,10.400247112342512,1.8947486787360845,0.1762957760611411
ZNF461,11.530973285658124,3.1035646013718656,0.17627924989453647
DPP3,12.847969747458674,4.514786911053638,0.17608150387179383
EXOSC9,16.623921223580506,8.551669852693129,0.17601768344889618
LINC01010,11.506636464047027,3.0866974024513665,0.17578042220365708
RING1,23.399853979070333,15.798942988867648,0.17573405836308492
FAIM,10.998371305015258,2.5469470369953893,0.17559056415209728
NUP43,16.017372746503924,7.916338693354323,0.17531154318037612
KPNB1,62.118801130726176,57.19104913977285,0.17521360983782452
RRP36,30.47625287829717,23.37231530417182,0.17517969217425622
TMEM138,15.90879308085441,7.803890700550996,0.17511508178758367
NFAT5,68.7758578729618,64.30900708422355,0.1750533441833877
SNF8,33.05689200067394,26.132913527493535,0.17504726702288975
MTMR12,21.02607784038789,13.274485550432924,0.17504562200997748
SERPINF1,26.0675440402868,18.666366805352524,0.17484955457095064
TCEANC2,10.993691147013124,2.5581918362757228,0.17470423926805756
PIK3C2A,46.47022483479042,40.47565500955808,0.17468415245295765
PXN-AS1,10.440496471160866,1.9678398740582481,0.17465519517395434
ZNF107,13.995544489581969,5.768582030810751,0.17459358774048328
ACP2,11.926914652638674,3.5589789722253453,0.1745207351683984
PRPF3,31.652844600033696,24.642977622849433,0.17446348657217398
PDIA5,21.278806372503137,13.555605532441245,0.17444524413856227
ZNF770,22.347754460190576,14.708197458675363,0.1738938747342027
BHLHE41,14.072299080816968,5.8641628246935795,0.17385460890103804
DUSP23,18.43701443360728,10.536376925671878,0.17345997396093446
CHMP6,14.26980174850703,6.083436410660069,0.173408144788402
ZNF592,22.228878446936367,14.590127066231867,0.17340379211988766
ACOX1,22.076305296066796,14.42707747666704,0.1734027212522219
IDNK,10.666080086863733,2.2320926571460697,0.17339225990865048
ATXN7L3B,20.969915944362285,13.246373552232093,0.17330463306401536
LPCAT3,32.043169777411684,25.08152479478241,0.17329767550855307
BAIAP2L2,9.132860325364584,0.5959743618576409,0.1732516597134781
CEP170B,15.042963850459593,6.915551557404701,0.1730936783025636
GTSE1,8.885747982851901,0.33734397840998537,0.172952612899531
MARK2,29.75363648276766,22.641403350950185,0.1729203149030495
SEMA4C,20.398936668101918,12.644776790734285,0.1728320762298762
LRRC8B,19.061347511091974,11.216687282132014,0.17274930083241863
MOGS,25.276597337926127,17.862363656808725,0.17259346115683605
IFI44L,9.994009397757269,1.5292927021252671,0.17254641217738675
ENGASE,13.739071831065017,5.53244124592376,0.17252189115845712
APOL6,18.092554804650206,10.187788147981557,0.17239250047485172
PTP4A3,11.362487597581294,2.9967390082087033,0.17228316714803082
BCL2L12,13.975887825973004,5.791071629371416,0.1722205957280361
RRAGD,17.363386187917705,9.411896997638593,0.17220485541271824
BTN2A1,25.945859932231315,18.587653210390194,0.1720486950937093
SRCIN1,9.011176217309098,0.5003935679748116,0.17137096330477253
ZNF480,17.488814422374897,9.563701787923087,0.17123664786364998
CTIF,25.511541269633263,18.14348363881705,0.17095612849969424
UBE4A,28.517138738603816,21.359496232992242,0.17075706221995401
NPIPA1,14.907239268397701,6.814348363881704,0.17070105440165617
FTSJ3,19.88692738266844,12.138760823119307,0.17058358577056512
PTPN12,56.072973023569276,50.815247947824126,0.1705251991650687
NFKBIL1,16.39272141827508,8.411109861688969,0.170205296805585
LMBR1,45.88801317932493,39.947149443382436,0.16956930350979182
PSTK,10.494786303985624,2.119644664342742,0.1695391684819807
ZNF483,12.363105378437576,4.121218936241988,0.16928131341800157
SAMD4B,40.37946721081303,34.066119419768356,0.16921639266912303
ARHGAP4,11.956867663852332,3.6882941639491733,0.1692126018083906
SLC45A4,14.286650317314711,6.179017204542899,0.16917626561808863
ETNK2,10.60804612763727,2.248959856066569,0.16908834964458608
MIEF1,16.652002171593313,8.714719442257955,0.16876007081647726
SLC6A16,10.937529250987513,2.60879343303722,0.1686691560022613
FAM216A,12.086976056311661,3.8400989542336674,0.16851727709767161
ZNF709,8.70883801037123,0.23051838524682333,0.16846534104399702
ZFYVE27,20.38489619409551,12.712245586416282,0.1683327754406853
PCMTD1,50.80124304996537,45.22658270549871,0.16803066675690714
RPS6KB2,19.395510792444355,11.66085685370516,0.16800217468576376
IRS1,12.141265889136417,3.9131901495558306,0.16769534472553194
BMP8B,9.22552745380684,0.7983807489036321,0.16761278309035899
TMEM218,10.26826665668233,1.9172382772967504,0.16737359592831658
LRCH4,12.926596401894527,4.76217249522096,0.16717021055086528
LIPE,10.420839807551904,2.085910266501743,0.1670679457731371
TBC1D20,29.99887676207949,23.01248172720117,0.16697578812475095
TAOK1,55.0901398431211,49.831328010795005,0.16689598210969203
ACADSB,11.633000730104648,3.384684583380187,0.16689204462828133
NUDT22,19.68006439897411,11.986956032834813,0.16680363193235964
PEAK1,57.43864312859203,52.3445406499494,0.1667242931814057
HIF1AN,16.279461594623434,8.354885865287304,0.16666874234599077
MARVELD1,12.96684576071288,4.818396491622624,0.16644979273221416
DIAPH2-AS1,18.189902091094595,10.401439334307883,0.16641306464439098
CD226,15.387423479416665,7.410322725739346,0.16618640519466882
P4HB,62.220828575172696,57.47216912178118,0.16582640457156872
IL17RE,9.642997547597206,1.2819071179579444,0.1655759243064001
CUL2,22.888780725237286,15.444731811537164,0.1652586768546211
SOX15,9.054233670928731,0.663443157539638,0.16498657575507047
CABYR,9.69822341202239,1.354998313280108,0.16480856850193026
SPATA33,11.691034689331111,3.485887776903182,0.16475481341259457
FBXO44,12.68978040698654,4.559766108174969,0.16440429575283333
AP5S1,9.530673755545987,1.1863263240751152,0.1642409935743926
RNPS1,50.572851339461224,45.05228831665355,0.16422233595367675
TTPAL,15.707546286762641,7.792645901270662,0.16399456178426475
APC2,9.057977797330437,0.6859327561003036,0.1639779979343685
THRAP3,64.9662092592246,60.44079613178904,0.16395077748481413
ZC3H3,20.832319299099538,13.280107950073091,0.1634415514794812
CBX3,68.72905629294046,64.47205667378837,0.1634296061373841
CETN3,12.95561338150776,4.863375688743956,0.16334110573741428
GMNN,18.30316191474624,10.581356122793208,0.16320175660138891
NDUFS7,25.82604788737668,18.62701000787136,0.16291584727205644
RWDD2B,10.075444146994403,1.793545485213089,0.16287868549093176
ACAP2,58.969054795289885,54.064994939840325,0.1621003483308887
GNAL,13.390868075706235,5.3525244574384345,0.16203448071633647
STRN,34.2381638804126,27.634094231417972,0.16202838232249972
TUT1,11.059213359043001,2.8674238164848758,0.1616549427484535
SLC4A1AP,20.364303498886123,12.813448779939279,0.16161111254073435
DMWD,15.306924761779959,7.415945125379513,0.16118609935221984
ZNF224,16.993653705749107,9.220735409872933,0.1610756259598826
TIMM17A,34.68558698541663,28.134487799392783,0.16081781063543898
RTF1,49.386899301720426,43.84909479365793,0.16071212360491738
LINC00265,10.53971582080611,2.3332958506690655,0.16050344486201062
LRRC37A2,16.355280154258008,8.551669852693129,0.16035420852766036
EIF2S3,49.436508976543045,43.91094118969976,0.16023075044011903
PHAX,25.133384503060824,17.941077251771056,0.15994915198352094
MKS1,8.925061310069827,0.6184639604183065,0.1599087775993986
FAM219A,17.73686279648801,10.041605757337232,0.15962815135430058
NFYA,22.20734972012655,14.820645451478692,0.15957296912682517
CDKN2AIPNL,13.801785948293615,5.841673226132913,0.15930886493584367
PPFIA3,10.361869816725013,2.1702462611042392,0.15902880666725983
FRMD8,28.32057210251418,21.365118632632406,0.15898926198644842
AFAP1,23.163974015762772,15.855166985269312,0.15891355308183952
SNUPN,17.696613437669654,10.013493759136399,0.1588149640587252
MTM1,22.76054439597881,15.427864612616665,0.15870185015239266
THBS3,10.11194937941105,1.9116158776565837,0.15856603015030335
NPDC1,16.32251904824307,8.551669852693129,0.15844402865921703
RNF135,13.033304004343185,5.037670077589115,0.1583626091458044
UBAP1L,11.279180785143307,3.1654109974136957,0.15822422194005892
ANAPC16,46.42435928636951,40.72866299336557,0.15820745460909924
MUTYH,11.896025609824587,3.828854154953334,0.15799709933872075
C18orf25,23.399853979070333,16.1250421679973,0.15794423903805815
STRN3,51.55849261471067,46.22174744180816,0.15789348895816846
PSMD9,29.119943089278692,22.24221297649837,0.1577491712126023
ACOT11,9.160005241776963,0.9164511413471269,0.15735128187372116
ZFYVE19,11.38401632439111,3.2947261891375237,0.15728221399363607
TIMM22,17.486942359174044,9.827954571010908,0.15671160665458184
PROSER1,14.53001853342569,6.668165973237378,0.15668144422469954
MCUR1,31.218525937435647,24.508040031485436,0.15650126372166856
ISG20L2,21.532470936218807,14.162824693579221,0.1561096235097898
NAA40,12.55686391972593,4.576633307095468,0.15573426007518426
TTC21A,9.689799127618548,1.5124255032047678,0.15572919075323377
GPT2,10.330980773910929,2.1983582593050714,0.15569417481992964
ABCF1,46.19690360746579,40.531879005959745,0.15568058446492006
ZNF736,15.144991294906115,7.348476329697514,0.15542500541948573
CCDC180,8.603066439522998,0.3654559766108175,0.15493688434902142
RCBTB2,20.97553213396484,13.589339930282243,0.1549221100764714
ALKBH1,15.732819139974167,7.989429888676487,0.15473289331176465
DPY19L2,9.277009191830317,1.090745530192286,0.15466500112424364
TMEM104,12.672931838178858,4.7228156977397955,0.15452700787226342
TRMT1L,14.764026433532395,6.960530754526031,0.1543760929541974
CDCA7L,9.229271580208549,1.0457663330709548,0.1543353643558455
GGNBP2,49.94009397757268,44.5575171483189,0.15432002621926943
NCK2,45.010951569724995,39.289328685482964,0.15431741927607767
RTCB,38.048748525750234,31.85651636118295,0.15386210114949128
DNM2,45.54916973997042,39.87405824806027,0.153799959310309
OPN3,17.83982627253496,10.260879343303722,0.15366945390701361
MCF2L2,19.969298163506,12.54357359721129,0.15330241008064768
ATG13,23.661942827189847,16.490498144608118,0.1532888115006617
SNRNP48,22.50032761106015,15.253570223771506,0.153037916048389
SGK1,45.003463316921575,39.30619588440346,0.15296064366618323
IRF6,8.901660520059156,0.7252895535814685,0.15271666397359285
MTHFSD,9.889173858509464,1.782300685932756,0.15263139057032982
SKI,39.52580639122377,33.45890025863038,0.15256843342154658
GINS2,8.510399311080743,0.3148543798493197,0.15229429335531786
OAS1,10.442368534361721,2.3838974474305634,0.15206699261874257
SGCB,16.45730759870453,8.815922635780952,0.15188716632994115
DKC1,36.2824568957448,30.0067468795682,0.15178733447265647
EIF5B,60.631446917647935,56.03283481389857,0.1516759745166225
DVL2,13.46949473014209,5.628022039806589,0.15158958228118163
FUNDC1,11.30538966995526,3.31721578769819,0.15147089821799087
TSPAN17,13.02955987794148,5.161362869672776,0.1513964403725292
RNF123,10.714753730085928,2.6875070279995503,0.15138583857701204
GCC2,52.39156073909055,47.23377937703812,0.1512568500721485
CTSO,9.752513244847146,1.6642302934892612,0.15110435317028836
CENPH,9.627085010389951,1.5349151017654334,0.15084567662797532
RAB25,8.598386281520865,0.43854717193298104,0.15067662821368377
SLC5A6,13.78868150588764,5.9878556167772405,0.1505700463944888
TMEM97,11.36061553438044,3.3959293826605195,0.15039682139067567
CISD3,19.62483853454893,12.22871921736197,0.15039461045749336
HAX1,31.197933242226256,24.5979984257281,0.15039304286740796
PEG10,10.0997809686055,2.057798268300911,0.14988178817661824
VPS37B,31.43006907913211,24.856628809175756,0.14981886459863786
WIPI1,38.2256584982309,32.120769144270774,0.1497611843653568
SLC30A7,34.211018964000225,27.830878218823795,0.14971042606049034
ZDHHC8,17.61330662523167,10.09220735409873,0.14966355521627803
ITGB4,10.251418087874645,2.2264702575059037,0.14952156145376905
PART1,8.986839395697999,0.8770943438659621,0.14940166401472288
YEATS4,16.098807495741056,8.478578657370967,0.14938760228312065
CHAF1B,10.387142669936537,2.378275047790397,0.14915369614906904
HNRNPUL2,24.214201471441676,17.15956370178792,0.1489891847072612
ALDH6A1,10.603365969635135,2.6144158326773868,0.1488786003212932
LSM2,27.401389070895032,20.572360283368944,0.14864273675587888
DUSP12,21.27787034090271,14.027887102215225,0.1486261016518881
DHX38,21.34807271093472,14.106600697177555,0.14842524990728978
SLC44A2,19.07726004829923,11.683346452265827,0.1482192575866465
MAP3K11,24.952730404178443,17.963566850331723,0.14818899033186583
PPARA,28.24381751127918,21.4831890250759,0.14807284195777265
ARIH2,51.69421719677256,46.55346902057798,0.14771055092241925
CHEK1,10.225209203062695,2.2377150567862363,0.14737997551332382
ATP8A2,9.582155493569463,1.5517823006859328,0.14730583831128852
STX6,33.141134844712354,26.73451028899134,0.1471400086687269
NTHL1,10.65765580245989,2.7043742269200495,0.1471365048806177
ZFP41,8.546904543497389,0.4497919712133138,0.14706147494615351
CCNB2,8.545032480296536,0.4497919712133138,0.14695232181081386
USP36,35.9370612351873,29.731249297200048,0.14667791112191508
SSBP3,34.013516296310165,27.679073428539304,0.1464762378989828
DUS4L,9.22552745380684,1.1919487237152817,0.14614231149118873
UBXN2B,17.430780463148434,9.962892162374901,0.14607570804610623
ADCK5,10.492914240784769,2.5525694366355562,0.14581249658755369
ZNF426,12.353745062433308,4.54289890925447,0.14573147102790684
PALLD,28.392646535747048,21.685595412121895,0.14570855939484229
FAM200A,11.761237059363124,3.9131901495558306,0.14553725825158847
MIR503HG,8.482318363067936,0.4104351737321489,0.14544273893685344
SHMT2,22.26444764775259,15.141122230968177,0.14541904145250234
NR2F6,17.65074788924874,10.210277746542225,0.14540547644331933
ZNF268,9.858284815695379,1.883503879455752,0.1453093854260109
GINS3,9.876069416103487,1.9059934780164174,0.14511945612035604
HTR2B,9.297601887039706,1.2931519172382773,0.14482372879054906
CWC15,32.50650541962297,26.099179129652534,0.1447965713701127
CRBN,30.73366156841455,24.20443045091645,0.1447935369023518
NLRC5,21.343392552932585,14.168447093219386,0.14477843581764246
HSD17B1,9.131924293764158,1.1188575283931181,0.14467202802119639
SNX24,14.202407473276299,6.53885078151355,0.14463422906570722
PDHB,19.193327966752157,11.874508040031486,0.14455823720096328
IFT122,14.963401164423312,7.354098729337681,0.14453043026869705
CDK5R1,9.47357582791995,1.489935904644102,0.14434888771288845
HDDC3,11.37559203998727,3.5252445743843475,0.14421546294795096
OTUD3,15.464178070651666,7.899471494433824,0.14397695475605332
ZDHHC3,24.92745755096692,18.01416844709322,0.14395493379917354
PCNA,19.673512177771123,12.403013606207129,0.14372424026811959
DDT,27.69530299342906,20.977173057460924,0.14369586535933926
ADNP2,24.523091899582532,17.58686607444057,0.14368865430205702
ZNF821,16.361832375460995,8.866524232542448,0.14355986722201292
MFSD3,9.590579777973304,1.6304958956482627,0.14350293310048268
ZFX,37.34859688863096,31.31114359608681,0.14279076774846466
SYT6,8.240822210157814,0.20802878668615765,0.14240394130047251
FAM81A,9.22271935900556,1.2594175193972788,0.14229792951403586
ARPC1B,57.98622161484172,53.379062183740025,0.14221491706471134
CCT6A,49.69485369826086,44.51816035083774,0.14216801264969603
TFAP4,11.261396184735197,3.4409085797818513,0.1421579370349133
TMEM45A,14.586180429451298,6.999887552007196,0.14185949793701624
PKD2L2,12.861074189864649,5.161362869672776,0.14157265819196296
DONSON,16.052005915719715,8.574159451253795,0.14144451651126022
SMIM15,18.078514330643802,10.744405712358034,0.14120847069812079
GABPA,16.831720238875263,9.411896997638593,0.14120536497626515
HOMER1,18.55121028885935,11.250421679973012,0.14116474531529963
ZNF573,11.069509706647697,3.255369391656359,0.14109153441649658
AP1M1,21.905011513188686,14.83751265039919,0.1410245747009402
OLFM2,13.261695714847333,5.5999100416057574,0.14100718937270978
IMPDH1,18.025160529419473,10.693804115596537,0.1408580955465491
HOTAIRM1,17.661980268453863,10.305858540425053,0.14084613786698724
TBC1D24,12.182451279555199,4.458562914651973,0.14034477448701066
NSF,21.707508845498623,14.640728662993366,0.14024415472219498
FAM3A,16.172753992174776,8.725964241538287,0.14020342612384323
PRR7,13.839227212310687,6.2352412009445635,0.14002145604346572
LRRC45,8.660164367149035,0.7027999550208028,0.1398627936061626
PI4K2B,19.48536982608533,12.2736984144833,0.13980893369192904
APOC1,14.592732650654286,7.044866749128528,0.1397877657279426
NT5C2,38.951082988561694,33.082199482739234,0.13960872940291624
NUDT16L1,14.899751015594287,7.376588327898347,0.13959233957576878
FANCB,10.410543459947208,2.591926234116721,0.13886271147269325
C14orf93,9.676694685212572,1.8104126841335881,0.13870890459505603
FYCO1,21.344328584533017,14.280895086022715,0.13869859192840678
LRRC40,17.640451541644044,10.322725739345552,0.13867071374204556
DNAJB12,20.321246045266488,13.190149555830427,0.1385502818972887
CNNM1,8.779040380403243,0.8546047453052963,0.1385125500834059
ATG4D,15.152479547709529,7.668953109187002,0.1383785196586627
TRIM41,12.205852069565868,4.520409310693804,0.13833525742745767
SNAPIN,14.852949435572945,7.354098729337681,0.13809039528365924
EPS8L2,11.048917011438306,3.289103789497357,0.13805052379068894
FAM98C,10.962802104199037,3.199145395254695,0.13793701593059082
CCNJL,8.676076904356291,0.7590239514224671,0.13772338502809667
TMEM179B,30.758934421626073,24.361857640841112,0.13767891558976836
RAP2B,22.30937716457308,15.332283818733835,0.13761020192391354
SLC39A4,13.198981597618737,5.5999100416057574,0.1373505593388325
ABCC4,21.88348278637887,14.882491847520521,0.13731554546177238
TTC39A,8.728494673980194,0.8264927471044643,0.13709902054346257
NETO2,17.702229627272217,10.418306533228382,0.13705850981988332
BRAP,20.346518898478013,13.246373552232093,0.1369566389959207
SPRTN,17.321264765898498,10.013493759136399,0.13692976042313088
MDFIC,31.324297508283877,24.980321601259416,0.1369038499493529
KIF2C,8.397139487429095,0.4779039694141459,0.13679561900475712
SYTL1,9.689799127618548,1.861014280895086,0.13671248733682584
CDC45,8.189340472134338,0.25863038344765543,0.13664174087302516
ZDBF2,14.31098713892581,6.803103564601372,0.1365492228416767
MBLAC2,8.663908493550743,0.7702687507027999,0.13640044760269854
AMACR,8.121946196903608,0.1911615877656584,0.13639288027494223
PITPNA,44.013141883669995,38.55279433262117,0.13631925213279117
IPPK,15.276035718965872,7.84324749803216,0.136074274882874
RBBP5,22.214837972929967,15.26481502305184,0.13577862086340584
ERLIN1,16.583671864762152,9.248847408073765,0.13563748420627852
ZNF701,12.25826983918977,4.627234903856966,0.1355638457829067
EXPH5,9.833011962483853,2.035308669740245,0.13555435048210307
CCDC85C,13.568714079787334,6.032834813898572,0.13529078480932077
CORO7,18.72344010333789,11.542786461261667,0.13525734057858999
FAM104B,11.815526892187881,4.160575733723153,0.13520697417124483
RFC2,17.927813242975084,10.693804115596537,0.13518213250888877
RFXAP,10.147518580227269,2.378275047790397,0.13518209482559718
ATRAID,26.35396971001741,19.700888339143148,0.13511331607437954
SHISA4,9.87232528970178,2.085910266501743,0.13508607711862752
KIF9,12.629874384559223,5.037670077589115,0.13484010848011574
CAMTA2,17.74809517569313,10.508264927471044,0.1348252252701794
GAL3ST4,8.146283018514705,0.2473855841673226,0.13474466080590453
LSS,25.22979575790479,18.508939615427863,0.1345917151461375
ZCCHC4,9.998689555759402,2.2320926571460697,0.1344791671600747
MINPP1,11.844543871801113,4.205554930844484,0.13444507958624674
LENG8-AS1,10.92068068217983,3.22163499381536,0.13425418629406816
PBK,8.05642398487373,0.16304958956482626,0.13410612565228197
FBXO31,21.47911713499448,14.517035870909703,0.1336753347133575
GSN-AS1,8.577793586311474,0.730911953221635,0.13352645053699286
SNX5,33.860943145440594,27.757787023501628,0.1332861630489699
KPNA6,41.50644925772694,35.93275610030361,0.13309520055894075
AZI2,25.731508695733567,19.076801979084674,0.13286593210978193
SLC39A1,30.235692756987476,23.8951984707073,0.13262845915850274
CDC7,13.926278151150385,6.4657595861913855,0.13252151490010167
EI24,28.644439036261865,22.197233779377036,0.13247804301910054
GSAP,18.70191137652807,11.5708984594625,0.13246847440795767
NCOA5,23.67223917479454,16.884066119419767,0.13241868214585933
BTBD7,41.352004043656514,35.78095131001911,0.13237153451024453
PPP2R1A,35.93050901398431,29.989879680647704,0.13218670809734323
CTR9,25.159593387872775,18.480827617227032,0.1320320776851279
CAPS,8.695733567965254,0.8939615427864613,0.13150818840087564
SLC25A33,29.153640226894062,22.75947374339368,0.13149559354694906
NRG1,8.855794971638243,1.0682559316316205,0.13133242976420956
DSCC1,8.382162981822267,0.5622399640166422,0.1313215785793609
GDAP2,22.180204803714172,15.30979422017317,0.13130551967686044
TMEM147,34.66312222700638,28.65174856628809,0.1312896389095971
SLC16A5,9.417413931894341,1.6698526931294275,0.13125922092165054
WASL,41.33609150644926,35.78657370965928,0.13113701183701232
HEATR6,11.545013759664528,3.946924547396829,0.13108974498279036
VCL,33.99573169590205,27.943326211627124,0.13102339503952765
SFXN1,28.343036860924425,21.904868998088382,0.1308538814173762
GXYLT1,19.752138832206974,12.723490385696614,0.13082557365020217
TMEM126A,19.096916711908193,12.026312830315979,0.13065538311414987
ECI1,24.120598311398993,17.395704486674912,0.1306492449807778
PSMD5,23.762098208435518,17.01900371078376,0.13029672809387444
RANBP3,20.84635977310594,13.904194310131565,0.1302141664587013
YKT6,23.151805604957225,16.372427752164622,0.12998572360036553
PDE3B,33.334893386000715,27.263015855166984,0.12960558202892114
TMEM231,9.841436246887694,2.1590014618239066,0.1292976770885349
MPI,10.050171293782878,2.3838974474305634,0.12919941076509145
EPHB1,8.538480259093548,0.7702687507027999,0.12908718753494386
CDK4,29.263155924143998,22.922523332958505,0.12898614230180355
UPF2,46.10049235262183,40.91982458113122,0.1288954474186048
THAP8,8.2717112529719,0.4891487686944788,0.12886891689131186
RGS14,12.616769942153248,5.133250871471944,0.12886177914436864
SCO1,19.312203980006366,12.2905656134038,0.1287921056044781
RNFT2,8.111649849298912,0.3204767794894861,0.1287379545051327
DLAT,13.213022071625138,5.779826830091083,0.12835413512283034
HSD11B1L,9.055169702529158,1.3381311143596086,0.1282346295813055
IFNGR2,51.328228841005675,46.51973462273698,0.1282114391005944
RMI2,9.604620251979707,1.928483076577083,0.12806536740472962
FAM135A,24.743059325682832,18.109749240976047,0.1279890925798507
MEF2A,55.405582492464944,50.88271674350613,0.12793145414234908
DHX37,14.414886646573189,7.078601146969526,0.12757789173360667
DGKG,13.662317239830015,6.274597998425728,0.12755943759395438
PRDM15,11.677930246925136,4.160575733723153,0.1271842187237825
CCNY,51.034314918471644,46.22736984144833,0.1270238900402283
API5,30.631634123968027,24.42932643652311,0.1265758501125307
FAM76B,21.709380908699476,14.893736646800853,0.12655086182949665
MORN4,8.384035045023118,0.652198358259305,0.12652319534917578
TINCR,9.704775633225378,2.0690430675812435,0.12623703457426716
GDPD1,8.958758447685195,1.2762847183177781,0.1259871743626132
EBAG9,16.79147088005691,9.653660182165748,0.12566956858411585
LRP1,31.157683883407906,25.00843359946025,0.12565561578990003
PAGR1,12.534399161315685,5.1051388732711125,0.12559264630365152
GALNT10,24.069116573375517,17.435061284156077,0.1255004865990211
RPP30,18.393020948387218,11.368492072416506,0.12550016389935048
SURF1,19.323436359211488,12.363656808725965,0.125459651119527
ZNF205,9.626148978789525,2.0015742718992464,0.1253332551641465
TPRKB,22.64541250912631,15.917013381311143,0.12530420334146578
ZSCAN9,11.266076342737332,3.7557629596311704,0.12525444259392637
MRPL2,19.175543366344048,12.211852018441471,0.12511802104451952
NUDT6,9.425838216298182,1.793545485213089,0.12500254752808249
MDP1,9.56530692476178,1.9453502754975822,0.12485298849406157
DNAJC25,18.954639908643315,11.981333633194648,0.1248135130111008
CPB2-AS1,18.85916468539978,11.880130439671651,0.12476768151999532
CCDC24,8.399947582230375,0.7027999550208028,0.12469050779395496
GLI4,9.404309489488364,1.7766782862925896,0.12466744954021258
TMEM177,9.019600501712938,1.3662431125604408,0.12462711489562628
SEC23B,25.06411816462924,18.51456201506803,0.12462494164573543
SOX12,10.840181964543124,3.31721578769819,0.12434634408609457
KNSTRN,9.45579122751184,1.8385246823344203,0.12429522951075411
ZKSCAN8,14.687271842297395,7.432812324300012,0.12413624848626847
USP42,29.494355729449428,23.25986731136849,0.12406329314552977
ABCA10,10.303835857498548,2.7549758236815474,0.1237460730958212
WDR26,51.735402587191345,47.036995389632295,0.1237339119351959
KLF5,14.811764045154163,7.573372315304172,0.12372690641522116
BRWD3,34.273733081228826,28.376250983919938,0.1236151168783749
CYB5RL,8.121010165303181,0.42730237265264814,0.1234560207477704
CCDC150,9.088866840144522,1.46182390644327,0.12345152351482225
ZNF234,10.594005653630866,3.0754526031710334,0.12318171077128148
PAQR3,19.776475653818075,12.897784774541773,0.12273621270141355
NOS1AP,10.438624407960011,2.9180254132463737,0.12271018917776066
C4orf47,9.862964973697512,2.3108062521084,0.12227147052811793
PAIP1,34.35516783046595,28.488698976723263,0.12222885780874237
ZDHHC1,10.921616713780258,3.4465309794220174,0.12203992194792646
TRIM65,12.46232472808282,5.0995164736309455,0.1216969716159213
NEU3,12.593369152142575,5.240076464635107,0.12166966551856279
IKBKE,9.571859145964767,2.018441470819746,0.12124765117076153
MED26,14.285714285714285,7.061733948049027,0.12096648846370844
TCTN3,20.95025928075332,14.185314292139886,0.12093611432778588
EGR1,18.026096561019898,11.06488249184752,0.12066908460642975
NSUN4,18.82453151618399,11.919487237152817,0.12060130135629535
CDC27,45.172885036598835,40.08208703474643,0.12051150126176924
MFAP3,15.428608869835445,8.293039469245473,0.12043257358543019
ABCB9,10.892599734167026,3.4465309794220174,0.12034804835016233
NOP58,52.769717505662996,48.20645451478691,0.12024304645851758
VMP1,73.20983956418368,70.05509951647363,0.12011365988739975
PFDN6,23.096579740532043,16.496120544248285,0.12001784360525027
ZFP62,9.933167343729524,2.428876644551895,0.11992357162360268
CCDC159,9.75719340284928,2.243337456426403,0.1197849706555727
DYRK4,11.056405264241722,3.632070167547509,0.11977715393848476
NOTCH1,21.174906864855757,14.449567075227707,0.11961860249481207
PHF8,21.269446056498868,14.550770268750703,0.11960985741824787
RHPN1,8.809929423217328,1.236927920836613,0.11945654726303001
PSME3,25.300934159537224,18.863150792758347,0.11941610984978973
ZNF577,10.10258906340678,2.6200382323175533,0.11937341559509873
MSH6,28.02010595877717,21.775553806364556,0.1190795490967328
NOP14-AS1,10.55750042121422,3.1148094006521982,0.11890617747224175
MKRN1,33.92459329426962,28.08950860227145,0.118900829302645
NCKIPSD,10.728794204092331,3.3003485887776907,0.1187718956019228
GTPBP8,15.762772151187823,8.680985044416957,0.11875265766722792
TMEM201,9.819907520077878,2.3332958506690655,0.11853406432392555
SLC25A14,9.622404852387817,2.125267063982908,0.1183670863908709
TMEM167A,34.93269932792931,29.180254132463734,0.11817591425104601
CCDC115,13.91223767714398,6.718767569998875,0.11790042035701631
ZNF286A,11.07138176984855,3.682671764309007,0.11788988981559423
SEH1L,22.415148735421308,15.810187788147982,0.11770606712875253
GNAO1,11.796806260179343,4.4641853142921395,0.11755250758420299
NDOR1,10.509762809592452,3.0923198020915326,0.11734965661246266
FAM204A,29.35207892618455,23.23175531316766,0.11730125997394486
HDAC11,8.627403261134097,1.0851231305521196,0.11709558418423971
HDHD3,13.564969953385624,6.3645563926683915,0.11697593819076929
ECM1,17.12844225621057,10.176543348701225,0.11679207782063619
IQSEC2,12.093528277514649,4.795906893061959,0.11675673918766116
CENPE,9.425838216298182,1.9453502754975822,0.11672107991125968
TCEA1,50.93041541082427,46.30608343641066,0.11667179670904515
DHODH,9.853604657693243,2.406387045991229,0.11651144746304976
PRADC1,9.505400902334463,2.035308669740245,0.116452551797669
OXR1,35.19666023924968,29.495108512313056,0.11639012905459656
ARHGAP21,39.11395248703597,33.683796244237044,0.11628590273301764
C18orf32,19.21298463036112,12.414258405487463,0.11625912692888153
ABLIM3,13.595858996199711,6.415157989429889,0.11601647571826545
DDX27,32.04223374581126,26.132913527493535,0.11588626766881416
CLIP3,9.448302974708426,1.9847070729787475,0.11588387037541814
ANGEL1,11.820207050190014,4.520409310693804,0.11584971154749535
BTN3A3,10.305707920699403,2.9067806139660406,0.11557375861433827
BCL11A,9.931295280528671,2.5075902395142244,0.11552032416842906
BET1,20.24074732762978,13.527493534240415,0.11545343570696738
HHLA3,8.556264859501656,1.0401439334307883,0.1154015332240963
TDRD12,8.070464458880132,0.5228831665354774,0.11529462870523066
LIMCH1,11.062021453844281,3.722028561790172,0.11519707697897907
ZBED5-AS1,8.50478312147818,0.9895423366692904,0.11516031120786419
PITPNA-AS1,10.236441582267817,2.84493421792421,0.11490902385807023
POLR3F,12.629874384559223,5.403126054199933,0.11490324199517199
ETFDH,18.72250407173746,11.919487237152817,0.11465245548028571
STIM1,29.314637662167474,23.24300011244799,0.11450475522146181
TIRAP,10.290731415092573,2.912403013606207,0.1143938125087759
POP4,15.314413014583373,8.28179466996514,0.11438767437540376
DNAJC6,10.998371305015258,3.671426965028674,0.11424635958303953
RBM23,30.94988486811315,24.997188800179917,0.11415305981289242
DHRS4L2,13.925342119549954,6.803103564601372,0.11406367696171421
DNA2,9.071082239736414,1.6248734960080964,0.11351965906658257
CEP76,11.76872531216654,4.509164511413472,0.11346144237134637
CSE1L,33.291835932381076,27.516023838974473,0.11329261388807155
SCIMP,8.130370481307448,0.624086360058473,0.11326655062488333
BTBD19,10.863582754553795,3.5533565725851792,0.11282847531833773
KIAA0232,44.00658966246701,38.98009670527381,0.1126264184228607
POC1A,8.19776475653818,0.7084223546609693,0.11259524815443045
TMEM9B-AS1,8.833330213227999,1.3887327111211065,0.11253949383795259
SPIN3,9.221783327405134,1.8047902844934218,0.11249141373037308
LRRC27,8.895108298856169,1.4562015068031036,0.11246089503001655
SLC25A45,9.956568133740195,2.5975486337568876,0.11208635512998932
CCNT2,33.73364284778254,28.01079500730912,0.11206130381783719
ZNF283,9.933167343729524,2.5750590351962215,0.11194882502962522
CDK5,9.162813336578242,1.7598110873720905,0.1115068581499371
GRM7,8.062040174476289,0.584729562577308,0.11142950834490406
TRIM52,13.905685455940992,6.831215562802203,0.1113839639264218
TSACC,8.587153902315741,1.1469695265939504,0.11137486052313939
ZRSR2,19.599565681337403,12.925896772742608,0.11088763629759249
COQ6,11.044236853436171,3.783874957832003,0.11078619094195441
TEX22,8.568433270307207,1.1413471269537838,0.11059005019258872
YIPF5,21.734653761911,15.21421342629034,0.11054133085440009
PSMB9,23.745249639627833,17.36759248847408,0.11029764645940968
MPZL2,10.597749780032574,3.31721578769819,0.11021101305961323
ZMAT5,11.725667858546904,4.526031710333971,0.110030757189999
MOSPD3,11.77714959657038,4.582255706735635,0.10996525818338576
AGAP3,39.79070333414456,34.527156190262005,0.10973660773149796
PRRC1,21.63449838066533,15.124255032047678,0.10960917447925489
BFSP1,8.754703558792144,1.3606207129202745,0.10948866726791484
HDAC10,11.099462717861355,3.868210952434499,0.10940539309179398
ZNF324,10.697905161278245,3.4409085797818513,0.10930284329768669
GNA11,20.06383735514911,13.460024738558415,0.10881911669151678
FAM118B,14.043282101203737,7.027999550208029,0.10867148357429901
NFXL1,18.050433382631,11.312268076014844,0.10859235036065229
SPRYD4,9.504464870734036,2.181491060384572,0.10842322863602183
KLHL13,8.791208791208792,1.422467108962105,0.10824322215573934
EXOSC8,26.599209989329243,20.45991229056561,0.10800503871975661
PSMC2,32.389501469569616,26.650174294388844,0.10791584017254796
C6orf226,11.701331036935807,4.548521308894636,0.10738488233920296
POLD4,18.02422449781905,11.306645676374677,0.10737092748874291
TRAF4,26.719022034183876,20.600472281569772,0.10732281381036024
MEST,8.009622404852387,0.6072191611379737,0.1071463364640135
CAPN5,8.574049459909766,1.2144383222759474,0.10693013630161863
FBXO41,8.402755677031656,1.0401439334307883,0.10645097612624721
NREP,9.89291798491117,2.6369054312380524,0.10622810136852512
CENPN,13.01739146713593,5.976610817496908,0.1062123966802545
SPDL1,10.518187093996294,3.305970988417857,0.10618544685336984
ENO2,15.14124716850441,8.248060272124143,0.10613133549356041
UBXN11,10.289795383492146,3.0642078038907004,0.10605776832428326
RICTOR,49.386899301720426,44.85550432924772,0.10580906051561079
MED23,20.546829660969355,14.033509501855393,0.10569508127891983
NDUFS2,38.59819907520078,33.32958506690655,0.105537638386205
TPP1,27.83664376509351,21.83177780276622,0.10531533160499684
WBP4,31.222270063837353,25.458225570673566,0.10488371713149369
ALKBH8,9.072018271336841,1.7879230855729227,0.10467932597173901
C17orf80,11.765917217365258,4.672214100978297,0.1044028030058235
RPF2,28.89061534717412,22.97874732936017,0.10419745814076559
COL7A1,9.64767770559934,2.417631845271562,0.1038911605300008
ZNF414,9.50352883913361,2.2658270549870685,0.10376783672567258
TCERG1L,7.725068798322631,0.3654559766108175,0.10374406387473822
C22orf39,16.11191193814703,9.333183402676262,0.10353007875801412
FBXO21,24.27504352546942,18.05914764421455,0.10346129795055259
CNOT11,19.066963700694536,12.492972000449793,0.10345108805255696
NDUFS8,34.446898927307785,28.932868548296415,0.10334640063560607
PLCD4,8.08918509088867,0.7646463510626336,0.10319715607627944
GSDMD,19.950577531497462,13.448779939278083,0.10282879404915993
CADM4,8.984031300896717,1.7373214888114248,0.10230961781638426
UBXN6,19.704401220585208,13.195771955470596,0.1022776027800375
ANKRD10,56.4820188329558,52.513212639154396,0.10174541033749862
TBC1D13,11.746260553756295,4.70032609917913,0.10172308997053114
FIBP,19.123125596720143,12.594175193972786,0.10120470370153041
WDR83,15.033603534455322,8.225570673563478,0.10108191430291302
NEDD1,15.13188685250014,8.338018666366805,0.10067803345133758
ALDH1L2,9.180597936986352,1.9790846733385807,0.10058169304469733
PEBP4,8.083568901286107,0.809625548183965,0.10041592848749814
ASB13,10.171855401838366,3.0417182053300347,0.10040800488926815
SEPSECS,10.295411573094707,3.1822781963341957,0.09994408625055107
PRR11,8.14815508171556,0.8883391431462948,0.09988761733688123
SIAE,8.820225770822022,1.6080062970875968,0.09981330199960892
KIF15,8.139730797311717,0.8827167435061284,0.09970314925069823
VPS18,11.995244959469833,5.003935679748117,0.09967752173705535
ARL16,21.873186438774173,15.562802203980658,0.09960195945312439
FLNB,24.539940468390213,18.413358821545035,0.09958304216185607
KCTD2,12.319111893217514,5.3525244574384345,0.09954431073440217
GOLIM4,29.873448527622294,24.120094456313954,0.09923848655647427
FBXL6,11.729411984948612,4.728438097379962,0.09920710663824805
BOLA1,10.4067993335455,3.31721578769819,0.09907739325497167
KRT1,7.377801074564277,0.08433599460249634,0.09883220841150253
NOC3L,20.927794522343074,14.5676374676712,0.09876924715023082
PPM1K,20.93809086994777,14.578882266951535,0.09875614734890824
MSANTD2,15.519403935076848,8.787810637580119,0.0987350506390165
ECHDC3,9.174045715783365,2.007196671539413,0.09866605195678224
BUB1B,7.773742441544827,0.5116383672551444,0.09860729879959085
PLRG1,19.594885523335268,13.150792758349263,0.09834591254543192
DCAF6,48.888930490293355,44.46193635443607,0.09824479811444142
UBFD1,17.065728138981974,10.45204093106938,0.09810611766733981
NRCAM,17.381170788325814,10.789384909479367,0.09809515960134879
SIRT6,13.456390287736115,6.5950747779152135,0.09806949440441454
IAH1,30.719621094408144,25.047790396941416,0.09796673496051084
CWF19L1,17.229533669056668,10.631957719554705,0.09784194427850754
TMPO,26.465357470468202,20.51051388732711,0.09744010033736564
ZNF696,8.50478312147818,1.315641515798943,0.09737049188283742
HNRNPM,63.962783383567036,60.59260092207354,0.09716322932595345
MCAT,10.739090551697025,3.7107837625098394,0.09698160317858451
ARHGEF7,44.83216953404347,40.149555830428426,0.09696497835581463
ZNF90,8.392459329426961,1.208815922635781,0.09664900319652048
SPESP1,9.024280659715073,1.8891262790959182,0.09637494260936341
SORCS2,12.24984555478593,5.3412796581581015,0.09611908677252679
DEF8,24.732762978078142,18.683234004273025,0.0961032060052634
FAHD2B,8.58808993391617,1.4280895086022716,0.09609338594854488
ZNF777,9.44455884830672,2.344540649949398,0.09603541864264054
MAPKAPK3,15.703802160360933,9.035196221747443,0.09599090946477651
RMI1,9.530673755545987,2.4401214438322274,0.09584220547989308
EPHB4,12.621450100155382,5.746092432250085,0.09570207049258117
CENPM,8.547840575097815,1.394355110761273,0.09558691967581479
FEZ2,29.749892356365955,24.058248060272124,0.0954083108753574
SLC35E1,24.17769623902503,18.104126841335884,0.09533156673012969
PRKCD,21.178650991257463,14.899359046441022,0.09529922693786805
ADAMTS6,9.449239006308852,2.3726526481502304,0.09477469636676294
ZSCAN29,9.81054720407361,2.760598223321714,0.09467750091098526
PCGF6,14.971825448827152,8.28179466996514,0.09441265060825266
MYLK-AS1,8.380290918621412,1.236927920836613,0.09440590270258642
HELZ2,14.392421888162946,7.668953109187002,0.0940623467107759
ORAI3,10.947825598592209,3.9919037445181607,0.09381612662668815
KIFC1,7.87015369638879,0.7084223546609693,0.09349344946999638
PXMP2,9.847052436490255,2.8224446193635444,0.09343205579880987
ZSCAN25,9.788082445663365,2.76622062296188,0.09306094226406458
FAM227A,7.9806054252391565,0.837737546384797,0.09287890092959261
KIF11,9.5624988299605,2.5300798380748906,0.09279027241514215
RPL26L1,20.18271336840332,13.8817047115709,0.09274626407218609
LTA4H,21.97708594642155,15.804565388507816,0.09247095448212583
CETN2,12.749686429413856,5.942876419655909,0.0924438244637601
ZNF140,12.60179343654642,5.78544922973125,0.09240891541159818
MRPL43,22.51155999026527,16.37805015180479,0.09234863029136885
DNAJC19,22.495647453058016,16.361182952884292,0.09234099170951798
KMT2D,24.662560608046128,18.677611604632858,0.09231668445287276
TADA1,10.584645337626599,3.632070167547509,0.09227056383289978
EIF4EBP3,8.95688638448434,1.8947486787360845,0.09213870871429164
ARHGEF4,7.670778965497875,0.5228831665354774,0.09199043431022103
NHS,15.066364640470262,8.433599460249635,0.0916434163260808
PET117,9.888237826909037,2.901158214325874,0.09153933045644758
DGKQ,9.823651646479584,2.8393118182840436,0.09114747853852856
CCDC127,15.513787745474286,8.922748228944114,0.09104628668471054
SIRPA,33.668120635752665,28.331271786798606,0.09075784577876889
KIF14,9.33504315105678,2.327673451028899,0.09057012329380831
SMURF2,39.89741093659322,34.99381536039582,0.09050049154969719
ARL6,8.852050845236535,1.8160350837737544,0.09032022745510682
GNPDA2,15.13188685250014,8.529180254132465,0.09024951867459768
REST,35.43160417095681,30.226020465534692,0.09021511456983133
ANKRD13D,29.37547971619522,23.75463847970314,0.09014061904107806
TROAP,7.249564745305801,0.10682559316316204,0.0901283345493572
MAP3K3,36.2721605481401,31.131226807601486,0.08984278765923048
TXNDC11,27.849748207499488,22.12976498369504,0.08982318934157402
LAMTOR4,34.713667933429434,29.466996514112225,0.08976222525120003
TMEM143,8.746279274388304,1.7148318902507589,0.08967405371963333
C1QTNF3,7.43302693898946,0.3148543798493197,0.08947666396736464
PCID2,27.728064099444,22.00607219161138,0.08947609804709483
PARD6B,9.046745418125315,2.0409310693804117,0.08940331261661605
DNAJC27,11.376528071587696,4.531654109974137,0.08936697642631408
MIS18A,11.149072392683976,4.28989092544698,0.08929387446489745
GFOD2,17.829529924930267,11.435960868098505,0.0889644178879804
CDC5L,36.099930733661566,30.968177218036658,0.08869560887049877
PCSK6,12.115057004324466,5.335657258517935,0.08856678205091917
MORC2-AS1,8.344721717805193,1.3100191161587766,0.08834461983414488
SERINC3,43.89800999681749,39.31181828404363,0.08819899622529048
MAP9,8.813673549619034,1.8160350837737544,0.08808258818064452
MLLT1,21.715933129902464,15.607781401101992,0.08797932790183347
UTP6,29.022595802834307,23.41729450129315,0.08796851440027681
BARD1,17.628283130838497,11.239176880692678,0.08796569163855603
DSG2,9.631765168392086,2.693129427639717,0.08793402876019485
ARHGAP20,8.577793586311474,1.568649499606432,0.08782501813304477
HSD17B7,13.935638467154652,7.297874732936018,0.08767256919569683
CCNB1,8.925061310069827,1.9453502754975822,0.08752261620791046
SERHL2,8.834266244828425,1.849769481614753,0.08744294653230866
THAP7,15.64296010633319,9.13077701563027,0.08722917517786899
TAPBPL,9.531609787146413,2.6031710333970537,0.08700187238504953
UBA7,7.892618454799035,0.8546047453052963,0.08682854050009436
CEP120,14.814572139955445,8.25368267176431,0.08677739235395071
ICA1L,9.43239043750117,2.513212639154391,0.08612429257757415
MKRN2,19.72031375779246,13.510626335319914,0.08602902715108803
POLD3,18.64106932250033,12.358034409085798,0.08598005431107966
ZNF330,26.1686354531329,20.40368829416395,0.08596702782009605
BCCIP,31.08560945017504,25.660631957719556,0.08587358142927093
TIMM23,23.01420895969448,17.04149330934443,0.08546316643431359
HINT3,11.918490368234831,5.183852468233442,0.08538717045708144
RAB3D,11.207106351910442,4.424828516810974,0.08531631711213883
ANKRA2,15.972443229683433,9.518722590801755,0.08527637642131763
LIMK1,16.67072280360185,10.266501742943888,0.08519659986457387
RAB11FIP4,9.586835651571597,2.698751827279883,0.08500763248919851
ATL3,28.994514854821503,23.445406499493984,0.084797612255956
ACTR6,18.934983245034353,12.695378387495785,0.08471383518868306
NCALD,11.68541849972855,4.947711683346452,0.0846798880668006
VPS51,28.825093135144243,23.271112110648826,0.0844276052159238
ARID2,48.82340827826347,44.647475542561565,0.08430264462365966
SMC3,40.75107175618249,36.02271449454627,0.08414437408387809
ZNF141,21.7449501095157,15.714606994265152,0.08384350206553745
MAD2L1,8.65267611434562,1.726076689531092,0.08360295490696157
HOOK1,8.428028530243182,1.489935904644102,0.08338686162570896
FCRLA,7.240204429301533,0.2248959856066569,0.08314142739290797
AQP3,11.730348016549039,5.026425278308782,0.08300546899511752
NFRKB,16.41986633468746,10.041605757337232,0.08283892064287574
ASF1B,8.554392796300803,1.636118295288429,0.0827799516671559
RUNDC1,13.25139936724264,6.656921173957045,0.08274329483342757
LRP12,23.079731171724358,17.16518610142809,0.08253566366860404
CENPW,9.686055001216841,2.8505566175643766,0.08251128104537586
PDLIM7,21.437931744575696,15.410997413696165,0.08250532310348468
TFIP11,17.408315704738193,11.104239289328685,0.08250150278443724
ARSA,14.55061122863508,8.051276284718318,0.08242875709349445
PITRM1,21.039182282793867,14.989317440683683,0.08225978198954169
ADAM17,46.31016343111744,41.999325312043176,0.08223016219034718
KMT2B,24.24228241945448,18.413358821545035,0.08222769364285587
TMED1,17.62453900443679,11.340380074215675,0.08222640695666161
NUDT12,7.874833854390924,0.9220735409872933,0.08211093344022458
PPID,19.620158376546794,13.482514337119083,0.08172293952464481
MED4,39.656850815283526,34.89823456651299,0.08168857104692595
AURKB,7.272965535316472,0.2867423816484876,0.08167767601005327
RAD51AP1,7.292622198925436,0.30923198020915327,0.08159689983973828
RGMB,14.774322781137093,8.309906668165972,0.08136338971569612
ZNF417,8.979351142894584,2.119644664342742,0.08117970542455566
RAB30,12.652339142969465,6.049702012819071,0.08094016199203918
DDX23,21.842297395960088,15.872034184189813,0.08093127646352963
RC3H2,35.22380515566205,30.18104126841336,0.0805528847298953
ZNF155,9.492296459928488,2.681884628359384,0.08041556222308344
ERMP1,17.744351049291424,11.503429663780501,0.08031729795588405
C4orf33,9.52692962914428,2.721241425840549,0.08028784806694944
CLEC2D,30.907763446093938,25.576295963117058,0.08010484891468606
TMED4,31.149259599004065,25.834926346564714,0.08007643632261441
NEK8,8.088249059288241,1.1919487237152817,0.0798317817723676
LMNB2,19.580845049328865,13.476891937478916,0.0797374447053579
PUS10,11.151880487485258,4.4698077139323065,0.07964253143685751
HARS2,13.474174888144224,6.954908354885865,0.07947630372804232
MANEA,10.169983338637513,3.4240413808613512,0.07944182220044904
SLC9A6,14.11910066083831,7.646463510626335,0.07935287304257205
SURF2,15.31815714098508,8.928370628584279,0.07933306301887483
FITM2,8.812737518018608,1.9790846733385807,0.0791331019504613
LRRC14,9.842372278488122,3.0810750028111995,0.07905000590957745
TOP3B,9.362188067469157,2.5750590351962215,0.07865711875104009
TUBD1,15.554973135893068,9.198245811312269,0.07841832554276312
COQ3,8.11539397570062,1.248172720116946,0.07834729200633939
SLC2A10,8.225845704550986,1.3662431125604408,0.07834618551162609
CYB561D1,8.582473744313608,1.7485662880917574,0.0782828282403446
FUZ,8.328809180597938,1.4786911053637692,0.07821518749839962
CSTF2,9.68043881161428,2.92364781288654,0.07819644834236816
CAPNS2,7.095119531235375,0.16304958956482626,0.0780559906553856
SMPD1,10.385270606735682,3.682671764309007,0.0778852657136222
TDG,31.46283018514705,26.211627122455866,0.07780927796136661
TRIM7,7.6904356291068385,0.8040031485437984,0.07780049108902254
ARAP2,24.675665050452103,18.95873158664118,0.07774470525798569
CPNE7,7.468596139805681,0.5734847632969752,0.07744140648793418
USP37,30.333040043431865,25.014055999100414,0.07726693864995071
TBC1D17,16.6585543927963,10.401439334307883,0.07712579993657925
REEP3,41.00286425669731,36.42752726863826,0.07674155714219633
SERINC2,15.251698897354773,8.905881030023615,0.07668501080569917
MBOAT7,23.635733942377897,17.867986056448892,0.0766140170088112
PTPN23,17.237021921860084,11.031148094006522,0.07650136419785053
NUDT8,8.14441095531385,1.315641515798943,0.07635851332995991
KRTCAP3,7.919763371211412,1.0795007309119533,0.07614242004870742
NME1,28.698728869086622,23.287979309569323,0.07613960551196353
LDB2,14.41207855177191,8.023164286517485,0.07588503019258874
CASP6,11.459834884025685,4.868998088384123,0.07582102957821002
SFMBT2,24.370518748712957,18.67198920499269,0.07559551636273686
ACVR2A,20.927794522343074,14.994939840323852,0.0754584494139887
SPTLC1,33.646591908942845,28.589902170246262,0.07539341767147989
DTX3L,14.229552389688676,7.837625098391994,0.07536439325086991
KRR1,31.4749985959526,26.2734735184977,0.0751448420897759
CEP68,24.16646385981991,18.46396041830653,0.07504650245599387
MRPL12,22.713742815957467,16.9121781176206,0.07499867173774588
HCFC1R1,17.505662991182582,11.346002473855842,0.07498846183975014
UBOX5,11.820207050190014,5.273810862476105,0.07474909448622669
SETD5,69.08849242750435,66.48487574496795,0.07458088194397838
TBP,13.871988318325625,7.472169121781176,0.07445301088594558
PPFIA4,7.35908044255574,0.5116383672551444,0.07442987932186429
NEU1,25.070670385832226,19.442257955695492,0.07439800884995126
ABHD3,23.737761386824417,18.019790846733386,0.07428139526799757
MYBL2,7.127880637250314,0.27549758236815475,0.07383175006692322
AUP1,40.46651814965273,35.910266501742946,0.07368751796916051
ZNF569,12.453900443678979,5.970988417856741,0.07366402396587335
FASTKD3,8.579665649512327,1.8385246823344203,0.07321156217181046
ZBED4,24.075668794578505,18.402114022264705,0.0731265066433199
PGM2,17.87820356815246,11.778927246148656,0.07309241701324792
SCYL2,33.641911750940714,28.629258967727427,0.07297348767321399
DEPDC1B,8.49355074227306,1.7541886877319242,0.07279133328886722
ARHGAP11A,7.456427729000131,0.6465759586191386,0.0727445378112378
MTPAP,13.599603122601419,7.21353873833352,0.07268039674491378
ANKS6,13.071681299960686,6.651298774316879,0.07257131486366897
TMUB2,19.01548196267106,13.004610367704936,0.07253776375179606
REXO4,19.397382855645205,13.415045541437085,0.07241436869337298
FAM182B,7.324447273339948,0.5116383672551444,0.0724105463180813
BTF3L4,37.69212048598761,32.9697514899359,0.07233766634392569
WDR31,7.4938689930172036,0.6971775553806365,0.0721671113124226
POLR2G,21.568976168635455,15.742718992465985,0.07204950222938639
SEC31B,8.96624670048861,2.277071854267401,0.07182744483751013
HIRA,16.07727876893124,9.878556167772405,0.07175880653823813
TMEM126B,21.80672819514387,16.006971775553808,0.07149606234378982
ASXL1,60.913192429376416,57.803890700550994,0.07148639918897048
PSMG3-AS1,7.475148361008668,0.69155515574047,0.0713823009818717
KCTD18,9.552202482355804,2.912403013606207,0.07133290061729458
S100A9,11.750940711758428,5.262566063195772,0.07132387052435107
SEL1L,35.580433195424675,30.732036433149666,0.07128789677325553
SH3BP1,12.374337757642698,5.931631620375576,0.0711720628738563
TMEM80,8.395267424228242,1.6810974924097604,0.07104816698052574
ZNF568,13.112866690379468,6.7243899696390415,0.07098531054415191
CMAS,22.22232622573338,16.462386146407287,0.07088365553871771
NUDCD2,24.24228241945448,18.621387608231192,0.07087901579758023
HOXB7,9.954696070539342,3.350950185539188,0.070876584933381
ZKSCAN4,7.474212329408241,0.7027999550208028,0.0707142823685113
ZC3H11A,10.886983544564464,4.362982120769144,0.07002506222036131
FIGNL1,9.73940880244117,3.137298999212864,0.0699793732374453
DIAPH2,45.83933953610274,41.72382772967502,0.069807478771851
TCF19,7.757829904337571,1.0288991341504554,0.06946116304743755
TNNT1,7.10541587884007,0.331721578769819,0.06945470221439465
AMMECR1L,18.585843458075143,12.60541999325312,0.06926431181336792
SCNM1,20.910945953535393,15.096143033846845,0.0689550927847171
ZNF664,14.233296516090382,7.961317890475655,0.06883483701895277
RAD23B,50.065522212029876,46.2667266389295,0.0683900953420562
OGN,8.794952917610498,2.1590014618239066,0.06828107443368558
UBE2C,6.979987644382875,0.21927358596649052,0.06827586260354568
NEB,10.595877716831719,4.0874845384009895,0.06808107979446898
LRRN4CL,9.563434861560927,2.9854942089283707,0.06800044613234357
DFFB,9.03644907052062,2.4232542449117283,0.06794594081876848
CAPN12,8.467341857461108,1.8160350837737544,0.06788925814281421
PCK2,10.401183143942939,3.885078151354998,0.0677711105415787
RHOD,8.548776606698242,1.9059934780164174,0.06772988316456319
PDZK1,7.714772450717937,1.0176543348701226,0.0675640829803168
NPM3,15.086021304079225,8.900258630383448,0.06733167935098783
TMEM38A,8.661100398749461,2.035308669740245,0.06722448775949896
RB1CC1,56.86766385233165,53.55897897222535,0.0671808459682377
ELAC1,7.718516577119644,1.0288991341504554,0.06716894720530542
RTP4,7.0146208135986665,0.2811199820083211,0.06692126435603063
ERCC6,12.910683864687272,6.583829978634881,0.0668647974986048
NAGA,9.589643746372879,3.0360958056898686,0.06676810082149065
XPR1,35.11803358481382,30.32160125941752,0.06671770701207469
PIGH,15.953722597674897,9.83919937029124,0.06670174676573998
USP18,7.598704532265009,0.9108287417069606,0.06662428802332054
SPATA21,8.427092498642756,1.8047902844934218,0.06615590777870306
E2F5,10.82052530093416,4.362982120769144,0.06615012591580471
TRAPPC6B,19.03888275268173,13.150792758349263,0.06592743134956373
PDIK1L,8.790272759608364,2.1983582593050714,0.06586114443541968
DAPK3,25.68657917891308,20.26312830315979,0.06552812104127523
PGAP3,7.805567515959338,1.1525919262341167,0.06549670549600162
RFX3,33.250650541962294,28.348138985719107,0.0654965335294968
ZNF45,8.958758447685195,2.38951984707073,0.06525641183924602
RECQL4,7.059550330419155,0.35983357697065105,0.06524684528434754
VMAC,7.180298406874217,0.4891487686944788,0.06523263898831155
LAMTOR2,23.608589025965518,18.047902844934217,0.06521622381533737
RRP12,20.109702903570025,14.309007084223547,0.06517849405769871
SWAP70,37.34204466742797,32.72798830540875,0.0651150340177632
ACBD3,49.041503641162926,45.24344990441921,0.06450655646912518
NET1,14.300690791321117,8.11312268076015,0.06448288227435645
E2F6,16.91783514611453,10.913077701563028,0.06433189610219556
TGFBI,17.57399329801374,11.61587765658383,0.06424994218307245
MYC,28.31495591291162,23.096817721803667,0.06419172754408042
DECR2,8.120074133702754,1.5180479028449343,0.06389756574811456
REEP4,13.385251886103674,7.146069942651525,0.06386301502267028
CCT3,49.53853642098957,45.78882266951535,0.06373477468580235
SAC3D1,10.199936349851171,3.7445181603508377,0.06370517406370146
SCAMP5,8.258606810565924,1.6698526931294275,0.0636934301464237
PTOV1,31.35144242469626,26.35780951310019,0.0633399198146819
DPF3,8.70322182076867,2.15337906218374,0.06323929182488952
ZNF780A,10.397439017541233,3.969414145957495,0.06295198892822007
YIF1A,22.16429226650692,16.546722141009784,0.0628990930005102
TRIM17,6.803077671902204,0.12931519172382772,0.06286842767947609
G6PC3,13.403972518112212,7.185426740132689,0.06280749921614959
GEMIN6,10.582773274425744,4.171820533003486,0.06271619250441218
KIF18B,6.833966714716288,0.17991678848532552,0.06190896520697209
NDUFB3,26.080648482692776,20.752277071854266,0.061820127042725825
M6PR,38.92019394574761,34.47655459350051,0.061740889004180954
KDM4D,7.039893666810191,0.4048127740919825,0.06164696918051904
BMS1,25.418874141191004,20.049477116833465,0.06157462155582985
MAGEF1,15.528764251081117,9.47936579332059,0.0615541305057441
BLVRA,23.792051219649174,18.31215562802204,0.061497343004891666
ARHGEF35,7.39464964337196,0.7871359496232991,0.06147445877389812
UBE2F,27.799202501076437,22.596424153828853,0.06141820979124507
ECT2,12.596177246943856,6.347689193747892,0.06140935372105022
CDKL5,15.552165041091786,9.50747779152142,0.061384939583262854
RAB23,9.874197352902634,3.4409085797818513,0.061275463748252545
GPX2,6.7740606922889715,0.12931519172382772,0.061176554081711854
GAS2L1,12.949061160304772,6.7300123692792075,0.061127690179089644
ANKDD1B,8.033023194863059,1.4843135050039358,0.060662271091893705
SLC25A15,8.521631690285863,2.007196671539413,0.06062618429092348
KMT2A,48.548214987737985,44.788035533565726,0.06058910815760288
HVCN1,8.506655184679035,1.9959518722590803,0.06036640125389703
BBS7,14.913791489600689,8.844034633981783,0.06035680112819547
NUP188,17.926877211374656,12.065669627797144,0.06028762636696838
SUPT5H,41.1039556695434,36.837962442370404,0.06024519178282994
RECK,18.60830821648539,12.79658158101878,0.060145634660703745
ZNF528,9.006496059306961,2.5357022377150567,0.060065070196428705
AFF2,8.842690529232266,2.3614078488698977,0.06002252256241558
C12orf43,9.831139899282999,3.418418981221185,0.05999182572682238
MUL1,12.065447329501843,5.807938828291915,0.059909658045414815
ARRDC1,15.215193664938129,9.175756212751603,0.05983391557000273
NBPF1,16.25138064661063,10.283368941864387,0.05982613447996238
ACAA2,17.292247786285266,11.39660407061734,0.059784515205425576
GIGYF1,28.248497669281313,23.108062521084,0.05970334919383302
CEP85L,36.03908867963382,31.434836388170474,0.05969028707580182
NENF,35.9754385308048,31.367367592488478,0.05965973274839842
CSTA,9.58870771477245,3.1654109974136957,0.059658940728379184
AK3,29.866896306419306,24.839761610255255,0.05959615965858861
B4GALT4,14.797723571147761,8.737209040818621,0.05941700617119927
SHCBP1,6.95752288597263,0.35983357697065105,0.05929799940833802
ARL17B,17.160267330625082,11.267288878893513,0.05914380268942368
HIF3A,10.00804987176367,3.626447767907343,0.05895811917114102
SRR,9.795570698466781,3.4127965815810186,0.05822463717821491
GMPR2,14.587116461051725,8.53480265377263,0.058179235267922125
DPH1,10.154070801430256,3.800742156752502,0.05796371201942774
JAGN1,22.521856337869966,17.02462611042393,0.05767605490852849
ARL2BP,18.77585787296179,13.021477566625435,0.057645999359788314
KIF1C,17.607690435629106,11.77330484650849,0.057626509979517654
SNX32,10.552820263212086,4.233666929045317,0.05759581108768019
AGTPBP1,33.51367542168224,28.77544135837175,0.05752175130847237
C2orf42,11.38120822958983,5.122006072191612,0.05743415186590772
LDLR,19.44699253046783,13.746767120206904,0.05721038643200116
CCDC102B,7.762510062339705,1.2594175193972788,0.0571584839491297
HMGB3,12.296647134807271,6.1059260092207355,0.057133856049058074
CMSS1,50.3453956605575,46.77836500618464,0.05679687599640859
CDKN3,8.744407211187449,2.322051051388733,0.05643903011700235
USP30,8.735982926783608,2.316428651748566,0.056254562030819466
IGBP1,38.10959057977797,33.71190824243787,0.05619164050908332
CANT1,16.197090813785874,10.29461374114472,0.05604725150942258
CD44,86.024112174027,84.92634656471381,0.055989765861331975
PLSCR4,12.897579422281297,6.769369166760374,0.05597893179733293
FILIP1L,43.670554317913776,39.66040706173395,0.05592018686511846
C5orf63,7.331935526143363,0.8264927471044643,0.055670781580103745
PRPSAP1,23.86225358968119,18.49769481614753,0.055468791826233266
BORA,8.559072954302938,2.142134262903407,0.05544794244942908
POGK,20.15837654679222,14.539525469470371,0.05544091363987196
SRP19,40.58352209970609,36.37130327223659,0.05535846505457376
IFIH1,14.343748244940748,8.326773867086471,0.05533800551904683
ZNF771,10.729730235692756,4.4641853142921395,0.05533522044061767
MYT1L,7.388097422168973,0.8939615427864613,0.05526472336614885
KLC3,6.803077671902204,0.2698751827279883,0.05520040210834376
GPX7,8.643315798341352,2.243337456426403,0.054838855128496844
SIDT2,11.801486418181478,5.622399640166423,0.05464085971642252
PRPF18,22.76803264878222,17.35072528955358,0.054239872880662246
C19orf44,8.464533762659828,2.0634206679410774,0.054229803434612145
CNPY3,24.234794166651067,18.919374789160013,0.05418618904542152
TMEM144,7.8373925903738515,1.3999775104014394,0.053856583791582424
CASC3,30.63631428197016,25.767457550882717,0.05384912951370102
HECTD3,9.926615122526536,3.637692567187676,0.05359651573817692
RAB15,8.178108092929218,1.7710558866524233,0.053478866915604883
ZNF441,7.838328621974277,1.4112223096817722,0.05329771831356167
MAP7D3,14.806147855551604,8.860901832902282,0.053160332777631325
TMOD2,8.750959432390438,2.38951984707073,0.05314041381654777
STARD4-AS1,8.208997135743303,1.8104126841335881,0.05313284648879146
CASZ1,11.826759271393001,5.678623636568087,0.05304721681505453
MTMR3,32.2041672126851,27.459799842572806,0.05294185248420347
AMOT,7.404945990976655,0.9614303384684584,0.052566449310061936
SPTLC2,33.30213227998578,28.640503767007758,0.05254875156338201
ZNF135,6.950970664769643,0.4779039694141459,0.052474821954898165
WNK3,12.19368365876032,6.083436410660069,0.052357317696759886
MAP3K2,48.63526592657768,45.03542111773305,0.05216900394570256
TMEM199,12.239549207181234,6.139660407061734,0.05196435928412779
LRRK2,9.286369507834584,2.9854942089283707,0.05184578210207924
ADAM22,9.086058745343243,2.777465422242213,0.05151507446601533
TCF3,22.110002433682162,16.69852693129428,0.051452184458838215
PRR5L,11.08916637025666,4.91959968514562,0.05144821957535706
TJP2,11.716307542542637,5.594287641965591,0.051207997172696196
YJEFN3,8.522567721886292,2.181491060384572,0.05117240915038945
WDTC1,23.009528801692344,17.665579669402902,0.05114425006013738
ZNF446,7.789654978752083,1.3999775104014394,0.05107317884042195
EIF4EBP1,26.80607297302357,21.724952209603057,0.051054230034594916
QPCTL,12.623322163356235,6.566962779714382,0.05102995429250862
C1orf54,13.475110919744651,7.4890363207016755,0.05039238312540972
MRPS30,19.127805754722278,13.53311593388058,0.050255175724716133
ABCD4,20.297845255255815,14.792533453277859,0.049770376194635896
GPER1,6.708538480259094,0.2698751827279883,0.049688168773692754
DEPDC4,7.753149746335436,1.3887327111211065,0.04955813474698989
C5orf34,9.026152722915926,2.749353424041381,0.04955577924937382
GPC2,6.799333545500497,0.37107837625098394,0.04946111742644921
ZNF444,14.592732650654286,8.703474642977623,0.04930506398858231
IL17D,8.140666828912144,1.8104126841335881,0.04914875704889521
NOP14,24.799221221708446,19.61655234454065,0.04906245251750205
FAM229B,7.953460508826778,1.6136286967277633,0.04896867931451809
TSR3,16.8120635752663,11.087372090408186,0.04865639224730303
UBL7,12.971525918715015,6.9830203530866966,0.04863508177512704
PIGO,8.273583316172754,1.9622174744180816,0.04861716204118571
ERCC6L,7.120392384446898,0.730911953221635,0.048550734675096074
DOLK,7.7821667259486675,1.4393343078826042,0.048489519139146564
KRBA2,8.441132972649157,2.1477566625435736,0.04826457390018757
COG8,10.059531609787147,3.879455751714832,0.04815738436494277
TSC22D4,30.491229383904,25.716855954121222,0.0481502507304874
LYPD3,10.837373869741842,4.711570898459462,0.04811580071745336
GPSM1,12.440796001273002,6.426402788710221,0.048055549168027456
SCAMP1,27.076586105546923,22.073540987293377,0.047810154674762295
USP31,20.11438306157216,14.635106263353197,0.04766155757102113
ARHGAP19,7.960012730029765,1.6473630945687618,0.047510389151134924
SMC5,50.08517887563884,46.67153941302148,0.047452289618261645
PRKRA,30.45940430948949,25.69998875520072,0.04721481049825005
COX18,9.727240391635622,3.5421117733048466,0.04718596421287691
SCN9A,7.543478667839826,1.208815922635781,0.0471480563200013
HDAC2,35.444708613362785,31.030023614078488,0.047118080250332595
CAPN10,10.766235468109404,4.655346902057798,0.04703519180300064
DNASE1L1,10.938465282587941,4.84088609018329,0.04695548650035153
KCTD5,14.18087874646648,8.309906668165972,0.046761845813035385
NT5M,7.720388640320497,1.4055999100416057,0.04672779181001063
SSRP1,26.2837673399854,21.247048240188914,0.04667179221668938
NCAPH2,13.006159087930808,7.056111548408861,0.0466670414819213
SPAG7,27.238519572420767,22.27594737433937,0.04620994405920931
ALDH16A1,13.397420296909225,7.4834139210615085,0.04616924903166075
EFNA1,15.969635134882154,10.232767345102891,0.04615907681695647
TMEM234,8.57311342830934,2.327673451028899,0.04614479721058162
BUB1,7.107287942040923,0.7646463510626336,0.04594633659064706
SLC5A3,30.502461763109125,25.77307995052288,0.045737959314072874
SNRPA,27.653181571409853,22.73136174519285,0.04554296068646746
MED9,11.17153715109422,5.1163836725514455,0.045515721730715164
ATP6V1E2,10.207424602654585,4.0931069380411556,0.04512508318865183
DNM3,19.586461238931427,14.117845496457887,0.04509870750701399
SPDYA,13.892581013535017,8.034409085797819,0.044981593090152594
PRR7-AS1,6.647696426231349,0.292364781288654,0.04491380778377374
TMEM107,11.767789280566111,5.768582030810751,0.04470135668633157
THOC6,14.327835707733493,8.506690655571798,0.04459513113761071
PLEK2,7.933803845217814,1.675475092769594,0.04444864014215377
TXNL4A,39.35451260834566,35.25806814348364,0.04443019422747829
PPARD,33.31523672239175,28.809175756212753,0.04411119282540055
GPN2,15.050452103263007,9.288204205554932,0.044094019203210155
SP1,23.23511241739521,18.036658045653887,0.0440536153607729
CHST10,7.435835033790742,1.1525919262341167,0.043938961266426046
MLLT6,35.11428945841212,30.737658832789833,0.043802045050844285
RIN1,7.925379560813973,1.6810974924097604,0.0436507300102803
ZBTB7C,8.579665649512327,2.3838974474305634,0.0434596229558174
SLC25A37,35.923020761180894,31.609130777015633,0.043414440976541124
EPB41L3,30.61478555516034,25.93612954008771,0.04339223777193635
SRA1,30.59887301795309,25.919262341167208,0.04338459919008586
ZNF20,7.082015088829399,0.7871359496232991,0.04324588517218109
EIF2B5,19.902839919875696,14.494546272349037,0.04299527884877593
ANKRD7,6.892936705543179,0.5903519622174744,0.04295665430246409
EXO1,6.711346575060374,0.4048127740919825,0.042490593928415366
IPO13,9.013984312110376,2.8674238164848758,0.042405142389914996
NPM2,6.624295636220678,0.3148543798493197,0.04232250950064742
ZNF433,7.733493082726472,1.5068031035646012,0.04197088534617277
CARM1,20.461650785330512,15.113010232767346,0.04183817723467148
C1QTNF6,7.599640563865435,1.3662431125604408,0.04183446174052208
ATG5,33.40696781923358,28.949735747216916,0.041791670885909626
BAG6,32.74332141453095,28.241313392555945,0.04174373328651948
ARHGAP10,32.431622891588816,27.909591813786122,0.04166627660034439
MFSD1,18.83295580058783,13.375688743955921,0.04165174554839371
ZNF567,14.95216878521819,9.231980209153265,0.041430689826332856
ARHGEF37,7.727876893123913,1.5124255032047678,0.041336704917308786
SKA3,6.6804575322462885,0.39356797481164957,0.04130300924100205
HYLS1,8.618042945129828,2.473855841673226,0.040789725864755155
DCBLD1,12.039238444689893,6.134038007421568,0.040591694825633406
CREB3L4,7.357208379354888,1.130102327673451,0.04058141367354284
ARHGEF1,29.20980212291967,24.49117283256494,0.04030011257078864
N6AMT1,7.656738491491473,1.4562015068031036,0.040256096002855846
OGFOD1,20.17054495759777,14.831890250759026,0.04020091583162457
C19orf33,7.889810359997754,1.7092094906105926,0.04004321532460098
ZNF142,11.407417114401783,5.4705948498819295,0.039945592344254655
PPP4R2,52.92790684613513,49.848195209715506,0.03990394772389161
PRMT5,16.450755377501544,10.868098504441697,0.039551957017721906
LRRC37A3,11.909130052230562,6.015967614978073,0.03944669339928042
PARP11,11.52348503285471,5.6055324412459235,0.0393517821870244
GBP1,13.806466106295748,8.045653885078151,0.03934710681883935
DHPS,24.457569687552652,19.43101315641516,0.03926379907191532
GOLGA6L4,6.876088136735496,0.6409535589789722,0.03921378687879995
NKAP,22.831682797611247,17.699314067243897,0.038934376065801704
QSOX2,12.120673193927027,6.257730799505229,0.038591993710310635
UNC50,21.22451653967838,15.990104576633307,0.038469600321702935
NUDT13,8.265159031768912,2.142134262903407,0.03831090020110817
RNF182,6.4969953385626305,0.25300798380748907,0.03827402754885123
KTN1-AS1,8.527247879888424,2.4232542449117283,0.038256288006390915
SEC24B,41.74607334743621,37.92870797256269,0.03818083877233458
DNMT3B,6.5962146882078745,0.3654559766108175,0.03792472326494545
CSNK1E,41.90145459310706,38.10300236140785,0.037732197297319026
UBE2L6,17.778984218507215,12.324300011244798,0.037555361624254824
MOCS2,14.077915270419531,8.371753064207804,0.03738449211805811
BAP1,15.245146676151785,9.61992578432475,0.0373494049306588
P2RX4,19.395510792444355,14.055999100416058,0.037339018953670616
BAG4,19.109085122713743,13.752389519847071,0.03720152448035374
GRTP1,8.297920137783851,2.1983582593050714,0.03715386984109881
LURAP1L,10.437688376359585,4.486674912852806,0.037080447236255365
SRSF4,63.50974408896044,61.21106488249185,0.037008858060782135
SUZ12,40.8315704738192,36.9729000337344,0.03700210604262799
PC,11.425201714809893,5.543686045204093,0.036995173832992334
BCL2L2,13.473238856543798,7.736421904868998,0.03678750498487743
SETD6,13.08291367916581,7.325986731136849,0.03641971093427204
ATP6V1E1,39.125184866241085,35.16248734960081,0.036273192536744325
RBMS1,59.793698635265926,57.264140335095014,0.03565804244902315
SIAH1,34.189490237190405,29.89992128640504,0.035581828597018084
LSM14B,12.686036280584833,6.921173957044867,0.035363159887132734
WDR62,7.808375610760619,1.7092094906105926,0.03529505393732735
TFCP2L1,7.023045098002509,0.8827167435061284,0.034593304020613
ZNF558,8.396203455828669,2.355785449229731,0.03429622080676076
UBA6,39.19819533107437,35.28055774204431,0.034089023335238
C1D,25.513413332834116,20.656696277971438,0.03396098442318976
ADAM15,23.04603403410899,18.019790846733386,0.03394931176000694
MYLIP,35.34829735851882,31.170583605082648,0.03382866820920971
CTSC,35.00102963476047,30.799505228831663,0.0338243491114989
SMARCD1,22.047288316453564,16.957157314741934,0.03368638737407748
SLC48A1,9.350955688264035,3.3903069830203534,0.03352765162643545
ZC3HAV1L,6.988411928786715,0.8658495445856291,0.03349413408536561
IFIT1,7.177490312072936,1.0682559316316205,0.03347664393223737
AFF4,60.708201508882944,58.28179466996514,0.03346284392743204
PKMYT1,6.28732426006702,0.11807039244349489,0.03341018093910031
ESCO2,6.492315180560496,0.33734397840998537,0.03340032936782278
SSH3,9.086058745343243,3.1148094006521982,0.03311181309529787
PREB,14.251081116498494,8.636005847295626,0.033065269063244584
PEX11A,6.782484976692812,0.6578207578994715,0.03283596704328284
KIF20B,15.756219929984836,10.255256943663555,0.032488735296858307
ZNF273,9.42022202669562,3.4915101765433483,0.032045339222786295
MCM6,11.31662204916038,5.521196446643428,0.03189117607467529
MAP7,10.699777224479098,4.863375688743956,0.03181157765316822
PPP1R12A,60.49946646198776,58.096255481839655,0.031414063090958066
RFPL1S,6.4455136005391545,0.3260991791296525,0.03128494303002283
HNRNPA3,69.46384109927551,67.6824468683234,0.031134507713526105
METTL9,54.34505868918135,51.5236703024851,0.03113000636809038
ECI2,20.755564707864536,15.62464860002249,0.031063606404071055
MED20,7.7877829155512295,1.7654334870122568,0.031027159220138767
DBP,8.113521912499767,2.114022264702575,0.031003101352825135
RAD54L,6.691689911451411,0.5959743618576409,0.030915971230609407
RFNG,14.33719602373776,8.77094343865962,0.030725008740580206
ZSCAN31,6.527884381376715,0.42730237265264814,0.030566702573751048
AKT1S1,13.690398187842822,8.085010682559316,0.030432565267865752
PYROXD1,14.353108560945019,8.793433037220286,0.03042592629958596
PHTF1,24.86287137053747,20.026987518272797,0.030383024451343194
CCDC71,8.060168111275438,2.0690430675812435,0.030346005178408242
ACADS,9.811483235674036,3.9413021477566623,0.030320662681144417
TTLL7,14.113484471235749,8.540425053412797,0.03025677100415214
FANCF,7.193402849280192,1.1469695265939504,0.030110351262790047
LAD1,10.730666267293183,4.930844484425953,0.0299319521121284
GIN1,7.842072748375985,1.8441470819745867,0.029898505825153743
HIRIP3,8.66765261995245,2.7324862251208817,0.0295731169003719
SMG9,17.76587977610124,12.459237602608793,0.02942998512859052
TMEM44-AS1,8.987775427298425,3.0810750028111995,0.029221599627039407
ARMCX5,7.761574030739278,1.7879230855729227,0.02827213123400285
FAP,9.45298313271056,3.603958169346677,0.027821098634323915
WDR89,11.93065877904038,6.252108399865063,0.02781967149618414
SMC1B,7.270157440515192,1.2762847183177781,0.027531046286272898
LPCAT1,19.16899114514106,13.994152704374226,0.027505420828874305
DNAH1,7.218675702491716,1.2256831215562802,0.027289824270041008
UNC93B1,11.16311286669038,5.448105251321264,0.026927992273814927
SLC3A1,6.387479641312691,0.34858877769031826,0.02667431174311341
TRIM39,8.695733567965254,2.8168222197233783,0.026609598587786776
NSFL1C,30.805736001647414,26.45339030698302,0.026307523474811467
LRRC57,11.460770915626112,5.779826830091083,0.026186800444943037
CRIPT,21.2984630361121,16.299336556842462,0.025911492911127078
TSPAN7,11.739708332553308,6.083436410660069,0.02588768237690131
PEX13,20.194881779208863,15.124255032047678,0.0256704134030845
CHCHD7,17.890371978958008,12.667266389294952,0.025339990783399685
NDUFA8,22.581762360297283,17.6824468683234,0.025282595566497743
ASB16-AS1,8.393395361027387,2.5188350387945575,0.02523758144123789
FAM219B,13.300073010464834,7.76453390306983,0.02515723485173582
HCFC2,10.742834678098733,5.032047677948948,0.025120469080620933
ATG16L1,14.48228092180392,9.029573822107276,0.025075209678517785
MAN1C1,10.216784918658854,4.475430113572473,0.024813819311870433
GAS1,8.473894078664095,2.6144158326773868,0.0247169088724718
AMZ1,16.224235730198252,10.901832902282695,0.024504101504555897
SLC26A11,16.516277589531423,11.216687282132014,0.02435561333820102
CRYBG3,22.338394144186307,17.440683683796244,0.02428169195469406
C1orf109,13.480727109347212,7.978185089396154,0.02403511354388843
BRIX1,26.16769942153247,21.539413021477564,0.023954804637677685
DNAJB2,17.017054495759776,11.762060047228157,0.023802137825557068
CDCA2,6.908849242750435,0.9614303384684584,0.023640868445061858
FBXL12,16.30379841623453,11.00303609580569,0.023622131345274633
FAM167B,7.641761985884643,1.7485662880917574,0.023433377732183902
ARNT,30.049422468502534,25.69998875520072,0.02331027385887241
ASB16,6.215249826834154,0.23051838524682333,0.02307336477161892
NSDHL,10.793380384521782,5.127628471831778,0.02285334634642089
PATZ1,10.249546024673792,4.548521308894636,0.022736625883325035
CDADC1,14.886646573188312,9.50747779152142,0.022580999970026938
ZMYM2,58.361570286612874,55.98223321713708,0.022088287122936645
C18orf21,11.918490368234831,6.347689193747892,0.02189591872810659
SLC35A4,12.517550592508004,6.9886427527268635,0.02185872543242312
GNB5,17.330625081902763,12.13313842347914,0.021841700487154836
GNL1,34.84752045229047,30.85572922523333,0.021806581785196677
DNAL4,7.797143231555498,1.950972675137749,0.02145113114294228
HIP1R,13.503191867757455,8.051276284718318,0.021357577870975086
PHF3,46.80626017934365,43.64668840661194,0.021286483361676822
RNASEL,7.319767115337814,1.4449567075227707,0.021221973687414408
ABCA7,10.928168934983246,5.301922860676937,0.021204020382669775
UTP15,10.718497856487636,5.0882716743506125,0.02063426809275304
USP11,21.92841230319936,17.06960530754526,0.020620742823105942
POU3F1,7.637081827882509,1.7991678848532553,0.020400005688227307
RBM15,14.355916655746299,8.984594624985943,0.020161141225855606
ZNF367,8.252990620963365,2.4626110423928935,0.020118306519219198
SHROOM1,9.189022221390195,3.469020577982683,0.019791811099724055
R3HCC1,12.366849504839283,6.876194759923536,0.019206318494489283
PRPF39,26.086264672295336,21.545035421117735,0.018899922227558652
YES1,33.50712320047925,29.478241313392555,0.01879958747912247
FUCA1,10.023962408970927,4.379849319689644,0.01878530376025922
ZNF571,8.639571671939644,2.901158214325874,0.01873418918491876
HFE,6.322893460883239,0.43292477229281456,0.01830771323121705
IFNG-AS1,6.64488833143007,0.7815135499831328,0.018065349093224325
DXO,10.046427167381172,4.419206117170808,0.017948094224417566
SH3GL2,6.09543778197952,0.19678398740582478,0.017927890246954847
CYB561,13.790553569088493,8.422354660969301,0.017868996637818324
MMP15,6.625231667821106,0.7646463510626336,0.01783940424069408
TMEM60,14.814572139955445,9.518722590801755,0.017765162213760732
HOXB3,10.132542074620439,4.514786911053638,0.017754881061670336
TRIB1,20.05822116554655,15.124255032047678,0.01770223452329215
NDUFA5,32.32023513113803,28.230068593275607,0.017688566745455603
AKAP12,35.528951457401206,31.65973237377713,0.01767721678194345
ZNF85,7.305726641331411,1.4955583042842686,0.01764283596675964
MMADHC,27.689686803826497,23.28235690992916,0.01761278658675164
CCDC92,17.671340584458132,12.577307995052289,0.01747661031418854
ZNF341,7.396521706572814,1.5967614978072642,0.017415784619515984
ZNF425,6.951906696370069,1.130102327673451,0.016949759872514458
TXNDC16,11.545949791264952,6.044079613178905,0.016737380029167137
TMEM50B,26.474717786472475,22.000449791971214,0.016704794960062386
AP2B1,47.400640245614696,44.366355560553245,0.01668231290781086
AMY2B,8.413052024636352,2.698751827279883,0.01656861663125475
AGAP4,8.852986876836962,3.171033397053863,0.0164550375170619
SFXN2,7.619297227474399,1.8553918812549197,0.016295840674047768
COPZ2,8.136922702510436,2.412009445631395,0.016111301333770145
ADCK2,9.482936143924219,3.851343753514,0.016071823794565177
DLGAP5,6.46704232734897,0.6297087596986394,0.015977268852782833
KREMEN2,6.034595727951776,0.16867198920499268,0.01591401846264362
SUV39H2,8.906340678061293,3.23850219273586,0.01588524960009785
NEAT1,94.43154800906079,94.64747554256157,0.015875848172075102
AKR1E2,8.017110657655802,2.288316653547734,0.015873363174630506
ARMC8,39.24125278469401,35.66288091757562,0.01574251589457032
KEAP1,18.906902297021546,13.932306308332395,0.015597913132625152
CD47,41.72080049422468,38.32227594737434,0.015236799846079396
TTC39C,28.637886815058877,24.339368042280444,0.015235297341356702
CITED1,6.045828107156898,0.19678398740582478,0.015035332160454717
SDK2,8.043319542467755,2.3332958506690655,0.014947738886623152
S100A13,31.433813205533816,27.33610705048915,0.0147731997945445
APBB3,7.9749892356365955,2.2658270549870685,0.014644301720870168
AHDC1,22.95523896886759,18.278421230181042,0.01454621764515196
ACTR5,9.448302974708426,3.8457213538738335,0.014359211813627315
FCF1,16.36932062826441,11.244799280332845,0.014253487099814222
FHAD1,7.472340266207388,1.7373214888114248,0.014168461029638646
RXRA,19.09785274350862,14.162824693579221,0.014155971000609835
UNG,12.68697231218526,7.314741931856517,0.013947264855632246
DHRS11,7.22054776569257,1.4730687057236027,0.01390325240018786
PKN3,9.944399722934646,4.38547171932981,0.013839574485479789
EED,24.858191212535335,20.330597098841785,0.01354720637934842
RGL3,8.6171069135294,2.9742494096480376,0.013436978263854482
TRAF7,20.032012280734598,15.174856628809174,0.013413601422929994
DCUN1D2,16.675402961603982,11.587765658382999,0.013390042334279706
TRPT1,12.25826983918977,6.8705723602833695,0.013182157667636418
MRPS15,27.102794990358873,22.736984144833013,0.01314521787377293
OAS3,8.700413725967389,3.069830203530867,0.013080035398097989
ZNF74,7.0108766871969594,1.2650399190374453,0.013026779087425666
ALKBH2,14.16028605125709,8.911503429663782,0.012742011879853576
ZNF674,7.770934346743546,2.085910266501743,0.012561682699900434
ZNF773,7.20557126008574,1.4843135050039358,0.012416585271780245
SCOC,18.677574554916973,13.746767120206904,0.012348447807415786
SLC39A10,25.442274931201673,20.98279545710109,0.012023345955257059
TERT,5.875470355879214,0.0730911953221635,0.011850259347145453
ZSCAN32,9.203062695396596,3.632070167547509,0.011715549952257764
RORA,46.25493756669225,43.2362532328798,0.011531519671863943
DGUOK-AS1,7.097927626036656,1.3887327111211065,0.011354537378121976
IGFBP2,13.291648726060993,8.011919487237153,0.011170320737514838
MCM2,6.209633637231593,0.4441695715731474,0.011090506497479335
CDC20,6.187168878821349,0.4216799730124818,0.01100755296478484
IFT46,8.574049459909766,2.9742494096480376,0.010926456151043151
POLG,20.21734653761911,15.422242212976498,0.01072403681635993
CECR2,7.318831083737387,1.6417406949285955,0.010432161320159339
GRK6,17.295991912686972,12.307432812324299,0.010314015775167995
DCTN4,34.33363910365614,30.518385246823343,0.010247307505187653
NRL,6.941610348765375,1.2425503204767796,0.010214997171240858
PIP4K2A,52.816519085684334,50.27549758236815,0.010098538434941684
CCDC149,11.251099837130502,5.8529180254132465,0.009974275989916515
GYG1,15.863863564033922,10.7837625098392,0.009933264431429556
NUMBL,11.423329651609038,6.038457213538739,0.009894570687267179
CNOT2,53.48390961678866,50.99516473630946,0.009751340259320118
ZNF606,7.023045098002509,1.3381311143596086,0.009748901170144597
KPNA5,19.416103487653743,14.584504666591702,0.009707927294949112
TRAPPC2,12.961229571110323,7.685820308107501,0.009694611675098053
CCDC148,6.202145384428178,0.4666591701338131,0.009427009864739544
TOR1AIP2,38.674953666435776,35.17373214888114,0.009408421441874149
ANKRD28,69.91594436228166,68.56516361182953,0.009339789311334279
TAX1BP3,17.805193103319166,12.875295175981108,0.009024845280171168
DICER1-AS1,6.453001853342569,0.7421567525019679,0.00902419988082992
ZNF658,6.456745979744276,0.7477791521421343,0.008935785128663776
UBQLN4,16.990845610947826,12.00944563139548,0.008778268925609706
LRTOMT,5.967201452721044,0.23051838524682333,0.008610574339118937
GLDC,6.333189808487935,0.624086360058473,0.008479540698845156
ZBTB49,9.156261115375255,3.6433149668278424,0.008373279523076649
MALAT1,98.77754272984257,99.43213763634319,0.008255261421669324
C1orf216,10.589325495628731,5.178230068593276,0.008195165388794168
NUP50,30.678435703989365,26.65579669402901,0.007843153449286766
MSRB1,10.402119175543366,4.987068480827618,0.007708366631571817
LINC01003,8.117266038901473,2.5469470369953893,0.0076038888644170965
POLD1,10.547204073609526,5.144495670752277,0.0075795459807245225
MAGT1,34.11835183555797,30.33846845833802,0.007509769672179978
LRRC4,6.8255424303124475,1.169459125154616,0.00743487607717308
REPIN1,17.098489244996912,12.15000562239964,0.007386548636505896
HEXIM2,6.4455136005391545,0.7646463510626336,0.007360703248090239
MLF1,14.227680326487821,9.08579781850894,0.007163173043876037
NDUFA4L2,7.2514368085066545,1.636118295288429,0.006809369470778148
TENM4,8.065784300877997,2.5075902395142244,0.006749224802494513
ASCC1,23.73495329202314,19.25671876757,0.006639040539024671
NEIL1,8.185596345732632,2.6425278308782185,0.006373720915943459
SIN3B,21.193627496864295,16.546722141009784,0.006303192326915489
SLC2A9,7.789654978752083,2.220847857865737,0.006291909505009796
TRMT5,9.076698429338974,3.5983357697065106,0.006188039453904892
ZNF253,10.031450661774342,4.6216125042168,0.006032912319270278
GORASP1,12.503510118501602,7.269762734735186,0.0057040257751115875
FGD5-AS1,28.682816331879362,24.564264027887102,0.005586131675695827
ZNF200,8.165003650523243,2.6369054312380524,0.005479757450053024
PEX19,12.224572701574406,6.9830203530866966,0.0050829807746174405
MSTO1,14.628301851470503,9.552456988642753,0.005064099110396347
CDKN2B,9.882621637306475,4.481052513212639,0.0050232636309024414
B3GALT4,8.691989441563546,3.2103901945350275,0.004920820717937424
SLC2A8,9.321938708650803,3.885078151354998,0.004844328018285937
TMEM121,7.957204635228485,2.428876644551895,0.0047124372726303765
SDHB,37.86903045846828,34.40346339817834,0.004438776807971556
HOXA-AS2,5.992474305932569,0.33734397840998537,0.004256442232143276
CUTC,18.53155362525039,13.746767120206904,0.0038345032509252974
LRRC63,6.383735514910984,0.7646463510626336,0.0037586497818827835
COASY,18.798322631372034,14.033509501855393,0.0037460528717117164
RAD51,6.580302151000618,0.9782975373889576,0.0035643301244221437
PRRG4,10.065147799389708,4.705948498819296,0.003396853412704126
CUL3,54.509800250856465,52.20960305858541,0.0033155174908512386
CCNA2,6.2564352172529345,0.6409535589789722,0.003084099081384628
COQ2,9.267648875826048,3.8625885527943327,0.002905771184818051
GLB1L3,6.045828107156898,0.4216799730124818,0.002766491246643188
C10orf88,8.486062489469646,3.030473406049702,0.0027290485616281446
LCOR,37.350468951831814,33.88058023164287,0.0027284134435073826
RYR2,8.117266038901473,2.6369054312380524,0.0026963524988925514
DSC2,11.083550180654099,5.807938828291915,0.0026588385597824393
SLC37A1,11.487915832038489,6.2408636005847296,0.0026183970340538654
GNB1,69.38989460284179,68.12661643989655,0.0025919980628330563
TRPM4,9.707583728026659,4.3404925222084785,0.0024854710477799635
ARAP3,13.303817136866542,8.186213876082311,0.00237146440901842
BCAP31,48.70078813860756,46.01934105476217,0.002313184684663794
ARL14EP,17.44107681075313,12.611042392893287,0.0022104485303431343
DTX2,13.868244191923921,8.799055436860453,0.0018485432237783095
SOBP,13.813018327498735,8.748453840098955,0.001389014936866828
CLPB,16.93655577812307,12.08815922635781,0.0013187336809264705
RPP21,18.182413838291183,13.420667941077252,0.0012672628351124149
MXD4,24.131830690604115,19.779601934105475,0.0012544501064130076
EXOSC2,12.805848325439467,7.674575508827168,0.0012483434875998345
AK4,16.30379841623453,11.413471269537839,0.0012314966775685554
C6orf136,12.794615946234345,7.663330709546834,0.0012068667212526973
INSR,31.315873223880036,27.459799842572806,0.0011486897655522688
BROX,24.076604826178933,19.723377937703813,0.0011016428423469837
LAGE3,20.031076249134173,15.399752614415831,0.0010901839414486983
ZNF117,7.487316771814216,1.9959518722590803,0.0009325190614721812
MYEOV,6.639272141827508,1.090745530192286,0.0008682334307145156
ALKBH6,7.24394855570324,1.7373214888114248,0.0008517785182046156
APOL1,10.404927270344647,5.1163836725514455,0.0008175128091395534
JAK2,23.576763951551005,19.194872371528167,0.0007895318541248364
HSD17B11,24.249770672257895,19.914539525469472,0.0007697930845221856
NPTXR,6.68888181665013,1.1469695265939504,0.0006935812887616244
SNX18,14.786491191942641,9.805464972450242,0.00048509301855675924
MDM2,43.82780762678548,40.85235578544923,6.419339044549943e-05
RAB11FIP2,19.63326281895277,14.994939840323852,-2.094367336066827e-05
TMEM186,8.361570286612876,2.9517598110873724,-0.0002355406186228537
TOMM40,30.187019113765277,26.279095918137862,-0.0002592360467301713
SLC22A23,23.410150326675026,19.03744518160351,-0.00033690855143381215
TM7SF2,6.534436602579703,1.0064095355897897,-0.000643526805624961
HDAC3,27.93773517793961,23.883953671426966,-0.0007435724251939058
MPZ,6.483890896156655,0.9558079388282918,-0.0008301722541872447
PHIP,56.46049010614599,54.37984931968964,-0.0013412303035420514
ALG11,11.235187299923245,6.044079613178905,-0.0013820404372102413
ZBED3,7.447067412995863,1.9959518722590803,-0.0014142733483296643
SRRD,10.960930040998186,5.757337231530417,-0.0017302025993551906
PLA2G4A,15.378999195012824,10.480152929270213,-0.0017744623878872545
MEIS3,9.753449276447574,4.4698077139323065,-0.0018948606618409691
CDT1,6.719770859464215,1.2313055211964468,-0.002106207320813902
NIP7,19.47600951008106,14.865624648600024,-0.0021352235164474737
ATF2,36.186045640900836,32.72798830540875,-0.0022870270544540494
PRPF19,19.054795289888986,14.421455077026875,-0.0024637181630847854
GBP3,8.406499803433363,3.0417182053300347,-0.002523401735996522
RPP40,8.609618660725985,3.2609917912965254,-0.0026424064426137095
EOGT,15.604582810715689,10.73878331271787,-0.002730676630346096
TBC1D8B,8.785592601606231,3.452153379062184,-0.0028105264974288557
IQGAP3,5.949416852312934,0.4216799730124818,-0.0028548952233472535
FAM83G,8.551584701499522,3.204767794894861,-0.002958943409689163
CMTM7,29.64599284871857,25.756212751602387,-0.00327943703526945
CDC40,23.8697418424846,19.582817946699652,-0.003291753041549328
MCAM,22.9730235692757,18.62701000787136,-0.0034335309855294677
DDX11-AS1,5.883894640283056,0.37107837625098394,-0.00391476575462657
MON1A,8.466405825860681,3.131676599572698,-0.003938037770653158
GATAD2B,55.66673530898403,53.58146857078601,-0.004067774443512029
STRIP1,19.253233989179474,14.66321826155403,-0.0040824897994320986
DCDC2B,5.736001647415616,0.21927358596649052,-0.0042563958296338855
TPK1,14.415822678173615,9.496232992241088,-0.0042575715221978006
SLX4,6.803077671902204,1.3606207129202745,-0.004303476323642252
WDR76,10.65765580245989,5.487462048802429,-0.004690401427800306
DNAJC4,15.286332066570568,10.43517373214888,-0.004723774404436276
SLC25A42,9.03364097571934,3.7557629596311704,-0.004910671298574365
CTBP1,25.998277701855216,21.888001799167885,-0.004940257526966085
PDLIM2,13.861691970720932,8.917125829303947,-0.004974634229661545
ZNF169,8.751895463990865,3.4577757787023504,-0.00508200395638736
TMEM64,17.67695677406069,12.998987968064771,-0.005200006993189399
TVP23B,19.424527772057584,14.871247048240189,-0.005443655761132357
EMILIN1,10.95905797779733,5.824806027212414,-0.00552000800883834
CRYM,8.383099013422694,3.0754526031710334,-0.005728142064813535
STK16,11.386824419192392,6.285842797706061,-0.005729640457048157
RBM48,13.442349813729711,8.484201057011132,-0.005807417786649893
ZNRF3-AS1,5.797779733043788,0.3148543798493197,-0.005868599751796211
MLX,26.381114626429785,22.315304171820532,-0.005929239086255256
TMEM9B,21.235748918883502,16.816597323737774,-0.005963471224516972
BTAF1,37.17449501095157,33.85246823344203,-0.005998376164190744
RBM12,15.366830784207275,10.54762172495221,-0.006164610041738294
CBX8,6.253627122451653,0.809625548183965,-0.006281261306983477
CENPO,7.4994851826197655,2.142134262903407,-0.0063327321527977265
LYAR,24.867551528539604,20.707297874732937,-0.006457336474587877
RCOR1,35.278094988486814,31.834026762622287,-0.006457655061770096
MOB3B,26.902484227867536,22.883166535477343,-0.006508914201544147
FAM83D,6.674841342643728,1.2650399190374453,-0.006566208706036636
ISOC2,18.187093996293317,13.572472731361746,-0.006741321943361328
RALGAPA2,32.00011232379205,28.336894186438773,-0.006804318831680645
RBM3,49.191268697231216,46.710896210502646,-0.006815379666325727
SFXN3,16.954340378531178,12.256831215562801,-0.006845942218705686
BLOC1S1,23.124660688544846,18.851905993478017,-0.00686096793683158
LAMA5,13.878540539528613,8.973349825705611,-0.007059466240057932
TRIM23,15.750603740382275,10.974924097604857,-0.007099015033357525
KCNMB3,6.516652002171592,1.1076127291127853,-0.0072014600025667175
CDIPT,23.501881423516856,19.262341167210163,-0.007257245833603654
CDCA8,6.526012318175861,1.1188575283931181,-0.007269136371559126
TMEM17,5.722897205009641,0.26425278308782185,-0.007474235959773701
RAB11B-AS1,7.516333751427448,2.187113460024739,-0.007804122117503476
SPOPL,22.6276279087182,18.34026762622287,-0.007929512290580212
KIAA1522,16.399273639478068,11.688968851905994,-0.008231023539529814
HAUS3,12.530655034913979,7.556505116383673,-0.008356025927573674
RAVER1,11.51131662204916,6.471381985831553,-0.008592750710857744
TGFBR2,34.05095756032724,30.563364443944675,-0.008688584113857534
PDK2,9.176853810584646,3.9806589452378276,-0.008829297358904808
ZNF30,6.564389613793361,1.1919487237152817,-0.009018870394085665
PIF1,5.694816256996836,0.26425278308782185,-0.00911153298986811
GAN,19.081940206301365,14.57325986731137,-0.009162465317483062
KPTN,5.994346369133422,0.5903519622174744,-0.009436850660554996
STARD3NL,24.736507104479845,20.62296188013044,-0.009497240605682272
TFAP2E,6.540052792182265,1.1807039244349489,-0.009824419107810067
POGLUT1,17.57399329801374,12.976498369504105,-0.009976545345487503
FAM120AOS,16.252316678211056,11.5708984594625,-0.010358403183939213
TMEM39B,12.127225415130015,7.162937141572023,-0.010408054994092142
MAD2L1BP,14.903495141995993,10.131564151579894,-0.010482655347743675
WDR24,7.191530786079338,1.8891262790959182,-0.010485976888127801
DYRK1A,54.8140105209952,52.78871022152255,-0.010539363369524546
OGDH,43.65932193870865,40.86922298436973,-0.01067975185865655
EIF3L,46.77256304172829,44.19768357134825,-0.0107369333132743
CENPL,10.077316210195256,4.981446081187451,-0.01092298132700742
HELQ,14.820188329558007,10.052850556617564,-0.011045875550522721
LASP1,31.148323567403637,27.51040143933431,-0.01138100505295181
MADD,21.522174588614114,17.232654897110088,-0.011960397208105815
TBC1D23,30.15425800775034,26.459012706623184,-0.01198448864622259
FBXO46,14.666679147088004,9.906668165973237,-0.012021686054394465
CDCA5,5.659247056180617,0.2867423816484876,-0.012412326652701866
STARD7,35.26405451448041,31.92960755650512,-0.012490560965187525
POLR2D,15.313476982982946,10.609468120994041,-0.012649405650215773
AP2A1,29.49903588745156,25.77307995052288,-0.012768121227965445
SLC25A11,17.713462006477336,13.178904756550095,-0.012886593585116013
MON1B,14.398974109365934,9.636792983245249,-0.012907975311386544
VPS11,11.65265739371361,6.701900371078376,-0.01292725092937308
MFAP1,22.66787726753655,18.475205217586865,-0.012944024429065393
VTI1B,31.071568976168635,27.459799842572806,-0.013095794396268512
RABL3,11.796806260179343,6.8593275610030355,-0.013110648147890092
OGFOD2,6.0561244547615924,0.7252895535814685,-0.013196101742634414
KANSL2,19.23170526236966,14.80940065219836,-0.013312497449815303
SLC26A4,6.179680626017935,0.8602271449454628,-0.013353299358506154
CHODL,6.607447067412996,1.3212639154391093,-0.013562931806716083
PDAP1,37.16794278974858,33.987405824806025,-0.013741716686166305
LAMTOR1,29.207930059718816,25.48071516923423,-0.013791940585321905
WDR53,9.401501394687084,4.312380524007646,-0.013827461466022095
CXXC1,16.852312934084654,12.279320814123468,-0.01402167218609629
ZNF707,7.651122301888911,2.445743843472394,-0.0140542634239339
MFSD5,10.692288971675683,5.701113235128753,-0.014326467292138267
C22orf23,6.202145384428178,0.9052063420667941,-0.014497229917193044
TMEM42,6.943482411966229,1.6979646913302597,-0.01452025254388789
MRPL22,24.081284984181067,20.015742718992467,-0.014574967507258979
CNTROB,11.560926296871783,6.63443157539638,-0.01459510228687122
VPS37A,26.20046052754741,22.281569773979534,-0.014622190509457011
KLHL35,5.665799277383605,0.33734397840998537,-0.014790779884620853
STRIP2,12.246101428384222,7.3709659282581805,-0.014825508745301863
CDC25C,5.849261471067263,0.5341279658158102,-0.01482900842092294
UBE2H,63.00335099312952,61.621500056224,-0.014907699716292466
FZR1,17.424228241945446,12.909029573822107,-0.015028143898513868
NKRF,12.777767377426663,7.944450691555156,-0.015111562639068266
TEF,6.8882565475410455,1.6529854942089286,-0.01528650185364444
PANK3,25.292509875133383,21.32576183515124,-0.015418887265475134
WASF1,12.430499653668308,7.578994714944338,-0.015422602759624648
RRM2B,14.018009247992214,9.2769594062746,-0.01549049289090143
NSMCE4A,15.69350581275624,11.070504891487687,-0.015642443049585897
CAND2,5.797779733043788,0.4947711683346452,-0.015683672482845523
ROGDI,6.655184679034765,1.4168447093219385,-0.015993784243925502
TCEAL3,20.794878035082466,16.529854942089283,-0.016026262431888264
IL11RA,5.81462830185147,0.5228831665354774,-0.016234899379015344
CMTM8,19.333732706816182,14.972450241763186,-0.016258561236319274
TAF5L,13.362787127693432,8.59664904981446,-0.01658084649548952
SLC16A6,9.42022202669562,4.38547171932981,-0.016723303409614698
EIF3E,62.8769867270719,61.52591926234117,-0.017061278963346638
RNF38,42.38163880412603,39.62105026425278,-0.01708469965629522
PTPN11,38.72362730965798,35.713482514337116,-0.01719881523244271
LINC00847,8.34284965460434,3.2441245923760262,-0.01727656515997411
AGAP9,6.859239567927814,1.658607893849095,-0.017285096474253914
LRRC8C,21.141209727240394,16.923422916900932,-0.017303403993228106
ABCA2,6.5905984986053125,1.3718655122006072,-0.017305799230380114
EPHB3,6.142239362000861,0.8939615427864613,-0.01737668820237037
THAP4,20.164928767995207,15.883278983470145,-0.017483374846463375
EIF2B2,17.492558548776607,13.0270999662656,-0.017485195938368503
NECAB3,7.821480053166595,2.693129427639717,-0.017617053113220704
FEN1,10.105397158208062,5.138873271112111,-0.01787387293658127
ZNF526,9.319130613849524,4.301135724727314,-0.01801675737527486
AP3S1,36.962015837654675,33.846845833801865,-0.018080536002392678
C7orf31,8.11539397570062,3.0192286067693694,-0.018269830189926672
G2E3,22.259767489750455,18.137861239176882,-0.018336146562385844
TMEM116,10.006177808562818,5.043292477229282,-0.018444731721211305
SBNO1,41.29771421083176,38.49094793657933,-0.018633439426034126
ZNF616,8.69105340996312,3.6433149668278424,-0.018751274608819757
NPW,6.1132223823876295,0.8883391431462948,-0.018761840777289263
MAPK12,7.454555665799277,2.322051051388733,-0.018767480131998027
NELFE,27.191717992399422,23.41729450129315,-0.018783251961874914
MEMO1,10.486362019581781,5.571798043404925,-0.01927872865405522
KBTBD6,6.774996723889398,1.6080062970875968,-0.019436498358929466
FBN2,6.038339854353484,0.8321151467446306,-0.020060755962421184
ZCWPW1,8.452365351854278,3.4127965815810186,-0.020092737427964913
MST1,5.741617837018178,0.5172607668953109,-0.020185150634415172
CHST6,5.628358013366531,0.39919037445181604,-0.02034777384271147
DIRAS1,5.785611322238239,0.5678623636568088,-0.0203805411595418
SPINT1,9.341595372259768,4.368604520409311,-0.020387572025342915
NPRL2,10.829885616938428,5.959743618576408,-0.020412878895559206
DPM2,17.886627852556302,13.505003935679749,-0.020579747891227573
ZNF584,9.907894490518,4.981446081187451,-0.02080134007524337
IL18,8.618978976730254,3.603958169346677,-0.020806623159478232
ELMO3,6.045828107156898,0.8546047453052963,-0.020851027512444054
ACBD4,6.6973061010539725,1.5517823006859328,-0.020899143247070873
CEP55,6.249882996049946,1.0738783312717868,-0.020915455651391412
PLEKHF2,19.811108823033866,15.568424603620826,-0.020936940146315967
THSD1,6.268603628058483,1.0963679298324525,-0.02105080838937623
PSEN1,41.182582323979254,38.412234341617,-0.02105226292958684
TMEM19,12.115993035924893,7.348476329697514,-0.021184767560024576
UCK1,11.809910702585318,7.022377150567863,-0.02124148586302632
SBNO2,28.358013366531253,24.71044641853143,-0.02132668389970621
DIXDC1,11.513188685250014,6.707522770718542,-0.0213658805350202
POU5F2,6.156279836007263,0.9839199370291241,-0.021465576052847823
MAK16,12.700076754591235,7.978185089396154,-0.021481743892734495
ARIH1,64.13688526124642,62.95400877094344,-0.021508358682483575
ATP7A,12.290094913604284,7.54526031710334,-0.021768761773024725
TEAD3,12.915364022689408,8.214325874283144,-0.021811416288179786
SAMD9,11.5057004324466,6.713145170358708,-0.02210921409922384
MANEAL,5.614317539360129,0.4216799730124818,-0.022393306449139838
ZNF554,6.066420802366288,0.9052063420667941,-0.022410832229315614
ZNF347,8.49635883707434,3.502754975823682,-0.022435175113008188
CDCA3,5.549731358930678,0.35421117733048463,-0.022478437344213176
MAMLD1,28.322444165715034,24.693579219610932,-0.02248043040262332
TMPRSS5,5.69949641499897,0.5172607668953109,-0.022641096179556786
WDR17,5.851133534268117,0.6803103564601373,-0.02269460187956074
FAM53A,5.913847651496715,0.7477791521421343,-0.022718624119826947
CPSF7,26.81356122582698,23.085572922523333,-0.022735644952607048
RBM18,14.852949435572945,10.305858540425053,-0.022938141710117377
WDR48,25.125896250257405,21.28640503767008,-0.022986469150784894
MED11,12.55686391972593,7.854492297312493,-0.023084096243619234
LY96,14.613325345863675,10.052850556617564,-0.023107297005551253
GHDC,7.853305127581107,2.828067019003711,-0.023122754360734188
MUS81,12.945317033903065,8.270549870684809,-0.023132176351198852
ZNF24,33.39760750322931,30.13043967165186,-0.023165509588298994
SLC25A30,9.459535353913548,4.548521308894636,-0.023325997229995843
ADAMTS16,5.356908849242751,0.16867198920499268,-0.023599416530299955
RGL1,25.65475410449857,21.865512200607217,-0.023742973770405684
MRM1,6.476402643353239,1.3718655122006072,-0.023964140486097185
AXIN2,9.089802871744949,4.166198133363319,-0.024026711906091958
FUT2,5.665799277383605,0.5116383672551444,-0.02429913159282482
ZNF689,8.579665649512327,3.626447767907343,-0.024325723092991525
DGKZ,21.27225415130015,17.19329809962892,-0.0243852936160283
GAPVD1,38.19944961341895,35.28618014168447,-0.024450895391295635
LZTFL1,9.828331804481719,4.964578882266951,-0.024520185258641525
ZNF775,7.634273733081229,2.62566063195772,-0.02485171437303968
KIF27,13.02581575153977,8.388620263128303,-0.024879733011346217
FBXW11,49.820281932718046,47.71730574609243,-0.025042989281518713
FBXL19,10.995563210213977,6.22399640166423,-0.025168714491731192
FBXO6,8.855794971638243,3.9413021477566623,-0.025402012909733096
CCDC134,10.204616507853306,5.386258855279434,-0.025584481768773926
ARHGEF5,6.521332160173728,1.450579107162937,-0.02563855955778027
TRIM11,14.166838272460078,9.625548183964916,-0.02582952204780936
TCTN2,6.704794353857387,1.6529854942089286,-0.025983509116927483
PDE3A,14.431735215380872,9.912290565613404,-0.026027125562362363
CHD1L,8.392459329426961,3.4577757787023504,-0.02603940594159515
ZNF688,8.225845704550986,3.283481389857191,-0.026245683278617427
UGT8,5.457064230488421,0.3260991791296525,-0.026347912429298237
INTS6-AS1,7.231780144897691,2.2264702575059037,-0.026542445849043195
CDC6,6.105734129584215,1.0232767345102889,-0.026559757866934652
RPS6KL1,6.041147949154763,0.9558079388282918,-0.026644888762008212
C6orf132,6.713218638261227,1.675475092769594,-0.026719204099280414
ZNF66,8.02366287885879,3.0810750028111995,-0.02699226507286656
FBXL8,7.670778965497875,2.7043742269200495,-0.02701732255375111
WDR6,20.310949697661794,16.215000562239965,-0.02706597063784475
MDH2,35.14798659602748,32.07578994714944,-0.027232801950221375
INPP1,19.96087387910216,15.84392218598898,-0.027234019438565165
SGPL1,13.88322069753075,9.350050601596761,-0.027336891932343066
FBXO36,7.931931782016961,2.9911166085685372,-0.027433232338983427
ORMDL2,17.945597843383194,13.701787923085574,-0.027876659927614456
CMC2,39.30209483872176,36.52873046216125,-0.027945044725066426
EMC8,22.593930771102833,18.67198920499269,-0.02799080907456554
ATP2A2,49.95881460958122,47.919712133138425,-0.028007614088817245
MRPL28,20.22015463242039,16.136286967277634,-0.028065803381982543
PDCD2L,8.050807795271169,3.131676599572698,-0.028170033816049544
FSD2,5.7388097422168975,0.663443157539638,-0.028323626931402224
OXSM,8.630211355935376,3.7557629596311704,-0.028433171964263204
TXNDC15,22.819514386805697,18.92499718880018,-0.028640302294179104
FBRSL1,21.874122470374598,17.91858765321039,-0.02885957255138214
KAT6A,54.683902128535856,52.98549420892837,-0.028860742075213608
ZNF844,6.6364640470262275,1.636118295288429,-0.02904743548828803
ZNF557,9.496976617930622,4.694703699538963,-0.029117681117180827
ERMAP,6.704794353857387,1.7148318902507589,-0.02935744036822563
DUSP18,10.353445532321171,5.616777240526257,-0.029482369445930745
ZNF35,8.21554935694629,3.334082986618689,-0.029606514728593214
ZNF430,21.071943388808805,17.075227707185427,-0.029623537617617227
HOPX,8.41960424583934,3.5533565725851792,-0.029670942867540462
NUP54,29.556133815077594,26.149780726414036,-0.029989259130741686
AURKA,7.5397345414381185,2.6200382323175533,-0.03005722668484534
JAG2,6.670161184641593,1.6923422916900934,-0.030149889280627673
PGP,27.65224553980942,24.120094456313954,-0.030271708523988916
CCDC106,7.593088342662448,2.681884628359384,-0.030320293578964375
GPR82,6.82460639871202,1.861014280895086,-0.030346386300467376
TST,7.37124885336129,2.445743843472394,-0.030372657157207383
PKNOX1,21.078495610011792,17.097717305746094,-0.03046838573530984
C1orf53,5.33350805923208,0.2698751827279883,-0.03048480913326046
ZNF180,7.285133946122022,2.355785449229731,-0.03048616501730561
MCOLN2,14.292266506917272,9.850444169571574,-0.030785102893866323
JAG1,21.01390942958234,17.03587090970426,-0.030860237653228515
HYAL2,14.58243630304959,10.17092094906106,-0.03134946521840609
CASP9,8.735982926783608,3.924434948836163,-0.03146765050293321
MCM10,5.440215661680738,0.4048127740919825,-0.03162438496718889
SMAD1,15.37712713181197,11.025525694366356,-0.03163555473921992
CENPA,7.511653593425314,2.6200382323175533,-0.03169452371493964
ZNF227,9.25267237021922,4.481052513212639,-0.03170676641088066
SORBS3,20.202370032012283,16.18688856403913,-0.031863247373316236
UTP3,17.76962390250295,13.589339930282243,-0.032002634192633134
RNF32,6.360334724900313,1.3999775104014394,-0.03226523999138031
RNF217,21.04199037759515,17.092094906105928,-0.03229015085158704
C7orf25,5.136941423142445,0.0955807938828292,-0.03243753663571691
MAL,7.14940936406013,2.248959856066569,-0.03257206789536782
PAX8,7.343167905348484,2.456988642752727,-0.032623396232992485
SVIL,42.66057622105322,40.20577982683009,-0.0327198688666015
HOMEZ,7.337551715745924,2.456988642752727,-0.032950855639011234
KRBA1,6.5007394649643375,1.5630270999662657,-0.032973664503421984
FCHSD2,40.25591103955669,37.641965590914204,-0.03306228479289586
ZNF17,6.009322874740251,1.0401439334307883,-0.03310130740546102
METAP1,21.181459086058744,17.26076689531092,-0.03335987295414381
OAZ2,27.529625400153506,24.047003260991794,-0.033433865591745604
CBX7,11.355935376378307,6.763746767120208,-0.0336019541320014
ZNF189,10.612726285639402,5.970988417856741,-0.03368808464064621
HOOK3,54.364715352790306,52.73810862476105,-0.03397562664542653
TATDN2,15.889136417245448,11.61587765658383,-0.03398787962258826
SH3BP5L,8.56094501750379,3.783874957832003,-0.0340054430860558
FBXO8,9.847988468090682,5.161362869672776,-0.03410931313716059
STOML1,6.4492577269408615,1.5292927021252671,-0.034135049588189914
SAFB2,37.26529007619297,34.465309794220175,-0.034137040590355716
GSTO2,7.310406799333545,2.4513662431125605,-0.03422685507859047
GLS,60.551884231611666,59.35567300123693,-0.03423515823687673
NBPF3,8.086376996087388,3.283481389857191,-0.03437759186141942
E2F1,6.507291686167325,1.5967614978072642,-0.03443195466680504
PARP3,5.801523859445495,0.8433599460249636,-0.03448206962857403
SUOX,6.237714585244398,1.3100191161587766,-0.03450723399060107
ZNF2,6.409944399722935,1.4955583042842686,-0.034586939293250074
SLC44A5,5.524458505719153,0.5509951647363095,-0.03468724047088345
RRS1,14.329707770934347,9.962892162374901,-0.034736460643979505
ZNF550,7.521013909429583,2.6875070279995503,-0.034829410312384956
MSL2,24.196416871033566,20.51051388732711,-0.034853499694257606
TMEM43,29.597319205496376,26.284718317778026,-0.03494919470155655
TAF1A,8.298856169384278,3.5308669740245135,-0.035484436005564945
RACGAP1,10.49572233558605,5.881030023614079,-0.035602619233848
ZNF260,10.425519965554036,5.807938828291915,-0.03570848851209507
PGRMC1,30.152385944549486,26.891937478916,-0.03571116054064949
ZSCAN18,10.030514630173915,5.386258855279434,-0.035735723355358906
ARHGAP8,6.004642716738117,1.090745530192286,-0.03613467944941773
DESI1,20.408296984106183,16.490498144608118,-0.0364193377196035
MAPK9,16.76245390044368,12.594175193972786,-0.0364373999617342
CCDC22,8.763127843195987,4.048127740919825,-0.03663279254310492
HJURP,5.125709043937323,0.16304958956482626,-0.036773107721898124
REPS1,29.49622779265028,26.211627122455866,-0.03685609071290752
HAUS2,16.184922402980327,11.99257843247498,-0.03729199276956213
CSNK1G2,31.3982440047176,28.252558191836275,-0.03729623650069003
RPUSD1,10.221465076660987,5.622399640166423,-0.03748438651021946
ZNF70,6.310725050077691,1.4449567075227707,-0.03761156626064255
ZCCHC10,26.952093902690155,23.507252895535817,-0.03766238965087143
KXD1,23.947432465320027,20.296862701000787,-0.037715467826306665
RNF125,13.541569163374955,9.175756212751603,-0.03774898742362043
PLBD2,15.208641443735141,10.958056898684358,-0.03777868464564249
TLR1,9.454855195911414,4.812774091982458,-0.03801476814207361
FAM120A,45.52015276035719,43.359946024963456,-0.038058948451534125
MED13,53.49326993279293,51.88912627909592,-0.038471536696383035
MYO3B,6.441769474137447,1.6023838974474305,-0.038559035426536936
SYCE2,5.873598292678361,0.9951647363094569,-0.038561141534821486
GEMIN2,9.397757268285376,4.76217249522096,-0.03858344956432447
ZNF808,11.312877922758673,6.814348363881704,-0.038872965450420294
ZNF177,4.941310818653237,0.005622399640166423,-0.03893650291318296
RNF187,20.956811501956306,17.125829303946922,-0.03909694464661147
RPP25L,8.343785686204766,3.648937366468009,-0.039305902237165014
TSSK3,5.3072991744201286,0.4048127740919825,-0.039374257576302085
ARHGAP5-AS1,5.911975588295861,1.051388732711121,-0.03939071248881221
CDK16,22.07724132766722,18.32902282694254,-0.03940709203473916
KRT18,9.619596757586537,5.015180479028449,-0.039451249054617055
DPF2,22.22232622573338,18.4864500168672,-0.039535912685586316
RWDD4,18.765561525357096,14.792533453277859,-0.03957146508084554
C8orf82,12.404290768856356,7.9950522883166535,-0.039648102344930825
ZBTB4,25.15491322987064,21.623749016080062,-0.03969785692373776
RPIA,17.64513169964618,13.600584729562579,-0.03987475973840898
SPIN2B,6.702922290656533,1.9059934780164174,-0.03989510828030529
TMEM185B,10.521931220398,5.9878556167772405,-0.03990217477315372
CCDC15,5.659247056180617,0.7927583492634658,-0.040017218708777835
DCAF15,14.375573319355262,10.109074553019228,-0.0400369554221362
FKRP,11.398056798397514,6.926796356685033,-0.04004091824937328
GPRASP1,6.17219237321452,1.3437535139997752,-0.04016791986455959
B3GNTL1,10.695097066476965,6.190262003823232,-0.040847466576668934
CNTNAP1,6.039275885953909,1.2144383222759474,-0.040863208948231144
SGSH,13.01458337233465,8.669740245136625,-0.04087070296564832
ZNF540,7.983413520040436,3.2947261891375237,-0.040994456350789354
RAB24,11.808974670984892,7.38783312717868,-0.04123292891563979
ARFRP1,18.490368234831607,14.533903069830204,-0.04150780892488702
AGO1,18.877885317408317,14.94996064320252,-0.04161046560013623
GINS4,6.912593369152143,2.1646238614640727,-0.04177912417315066
NUP153,42.698017485070295,40.41380861351625,-0.04188548400508485
TRIP13,6.78061291349196,2.0296862701000786,-0.042113115666307266
NT5DC2,10.193384128648184,5.678623636568087,-0.042188893768766667
POMGNT2,6.719770859464215,1.9678398740582481,-0.04228666131354675
CCT4,48.43214706928506,46.55346902057798,-0.04248878740687423
PDP2,7.726004829923058,3.047340604970201,-0.04250728745479493
ASAP3,7.299174420128423,2.591926234116721,-0.04254979946176052
ME3,11.02738828462849,6.578207578994714,-0.04263653563021075
TBCCD1,10.07638017859483,5.566175643764758,-0.04287654427058729
LDB1,12.674803901379711,8.343641066006972,-0.04289217770476317
SLC4A3,5.0208735046895185,0.16867198920499268,-0.04319240432376226
NRM,8.46078963625812,3.8457213538738335,-0.04321906707802381
TUBA8,5.470168672894396,0.652198358259305,-0.04337365980694774
UPRT,10.51631503079544,6.049702012819071,-0.043603565430470725
INIP,15.52221202987813,11.402226470257506,-0.04372649528103345
TRO,5.463616451691409,0.652198358259305,-0.04375569578063632
HSPA9,56.90510511634873,55.63926683908692,-0.0441228697777265
CCP110,14.057322575210138,9.844821769931407,-0.04417710035614364
FSTL4,5.33350805923208,0.5228831665354774,-0.04428725516129839
ASB1,11.181833498698916,6.77499156640054,-0.04436663776427707
HAS3,5.167830465956531,0.34858877769031826,-0.04443895593065117
ZKSCAN3,5.338188217234214,0.5341279658158102,-0.04462781436863994
PLK4,5.194975382368909,0.3823231755313168,-0.044696561605298224
GEMIN7,9.357507909467024,4.835263690543124,-0.04491761527111504
NRIP2,4.931950502648969,0.10682559316316204,-0.04500324700109615
SLAIN1,7.4976131194189115,2.8505566175643766,-0.04508873416664361
UBA1,35.60008985903364,32.89103789497357,-0.045346868078269376
GET4,6.218057921635435,1.489935904644102,-0.045468414642716226
CLTA,55.32789186962952,53.98065894523783,-0.04560168456199909
FAM199X,19.007993709867645,15.163611829528842,-0.045679721562153414
PLEKHH3,11.515060748450868,7.157314741931857,-0.04579440922730371
TMEM259,41.13203661755621,38.81704711570899,-0.04608331122861742
PRKAR2B,9.294793792238426,4.790284493421792,-0.04612047712223011
USP1,24.391111443922348,20.926571460699424,-0.04619892930948802
SPC24,5.199655540371043,0.4160575733723153,-0.04626400490402105
MEX3A,7.317895052136961,2.681884628359384,-0.04636580447388894
TICRR,5.054570642304884,0.26425278308782185,-0.0464419052760191
NEURL4,6.599022783009155,1.9172382772967504,-0.04656654933734494
NAB2,15.209577475335568,11.126728887889351,-0.04692573876333139
PTEN,49.23900630885299,47.498032160125945,-0.04697291791350544
AP1M2,5.249265215193665,0.4835263690543124,-0.04705209909166452
ANKRD52,14.491641237808189,10.362082536826717,-0.04707190705911757
ZSWIM3,6.331317745287081,1.6417406949285955,-0.0471461175714919
PITX1,4.924462249845555,0.14055999100416056,-0.04728018567952652
TTC32,8.80056910721306,4.284268525806814,-0.04733201279581478
CDK1,7.383417264166839,2.7718430226020465,-0.047452981102526604
GMPPA,10.331916805511355,5.92600922073541,-0.047607286758827194
RSAD1,16.00707639889923,11.99257843247498,-0.04766154062682626
ZNF778,8.721006421176778,4.205554930844484,-0.04767692672791468
XPO6,35.733006346294246,33.07657708309907,-0.04771878922305095
SLC52A2,23.251024954602467,19.740245136624313,-0.047955052910962886
FAM50A,33.64565587734242,30.850106825593166,-0.04796301007999615
RAD1,15.631727727128068,11.599010457663331,-0.04807627266325071
DNAL1,10.795252447722635,6.432025188350387,-0.048196777818346415
ZNF813,6.3425501244922025,1.675475092769594,-0.04833152489652581
SNAI3-AS1,6.015875095943239,1.3325087147194423,-0.048668764619727356
FAM111B,4.964711608663908,0.21365118632632407,-0.0489207665667134
DENND4C,43.3260946889567,41.217811762060045,-0.04912571336551719
HDX,12.225508733174832,7.978185089396154,-0.04915206370132891
CCSAP,11.984948611865137,7.725177105588665,-0.0493757955644325
SLC25A29,20.683490274631673,17.02462611042393,-0.0495123239949814
MED12,13.700694535447516,9.563701787923087,-0.04963472149607745
ZNF746,11.911938147031844,7.652085910266501,-0.049645394545689
GPRIN1,5.367205196847446,0.6578207578994715,-0.049683803273472105
TPP2,38.20225770822023,35.752839311818285,-0.04974501058444525
ZNF18,5.886702735084336,1.2144383222759474,-0.049759189478410515
TAP1,33.0971413594923,30.299111660856852,-0.0498862184956671
PRC1-AS1,5.483273115300372,0.7871359496232991,-0.049970892407857126
ZNF449,7.306662672931838,2.7381086247610478,-0.05008793351437957
MLLT11,7.878577980792631,3.350950185539188,-0.05017424215826116
ZNF320,7.053934140816594,2.473855841673226,-0.05040771871150007
MRPL39,18.59239567927813,14.80940065219836,-0.050588293168296786
DOK7,4.844899563809274,0.11807039244349489,-0.05069230984007933
MZT2A,29.372671621393938,26.335319914539525,-0.05080806014791894
DEPDC1,4.859876069416103,0.14055999100416056,-0.05104596884874346
REXO1,15.806765636407885,11.840773642190488,-0.05105945849134336
SETD1A,13.534080910571541,9.411896997638593,-0.051067882924481
RHNO1,6.745979744276166,2.1590014618239066,-0.051187032195532
PRDM10,13.868244191923921,9.771730574609244,-0.0512141937284567
NPAS1,5.460808356890129,0.7871359496232991,-0.051280730031932564
TMCO3,27.848812175899056,24.716068818171596,-0.05132305773492912
ASB2,4.901997491435311,0.19678398740582478,-0.05165723353205498
BOK,8.004942246850254,3.5139997751040144,-0.05170131518535004
GMEB2,11.634872793305503,7.399077926459012,-0.05199761254791513
NMI,14.096635902428064,10.030360958056898,-0.052006678267906115
BEX4,17.94091768538106,14.140335095018555,-0.052073782547896116
RIN2,30.92648407810248,28.022039806589454,-0.052227264669618356
THYN1,11.281988879944587,7.027999550208029,-0.052329391051645247
ZNF641,6.841454967519703,2.2826942539075676,-0.05236808479580757
RFX5,9.62989310519123,5.268188462835939,-0.052653352838287204
TSHZ1,21.6962764662935,18.165973237377713,-0.052724845413838976
ZNF576,9.898534174513731,5.560553244124592,-0.05293937110500635
TTK,5.016193346687384,0.34858877769031826,-0.0532803598931606
PAK6,4.809330362993055,0.12931519172382772,-0.05337966145722273
DYM,51.459273265065434,49.988755200719666,-0.053394712521175114
SEC24C,18.07009004623996,14.303384684583381,-0.053437125871975494
HNRNPLL,34.08184660314132,31.417969189249973,-0.053509152853238096
F2RL1,5.455192167287567,0.8264927471044643,-0.05375523659786863
ZBTB10,22.50875189546399,19.054312380524006,-0.05381430628599801
MORF4L2,60.03145066177434,59.15888901383111,-0.053844494061707326
ANO8,6.309789018477263,1.742943888451591,-0.053922357039112856
SRP72,40.29896849317633,38.07489036320702,-0.054169281439171435
MBD1,20.124679409176853,16.512987743168782,-0.054182921814937536
HNRNPA1L2,4.673605780931164,0.0,-0.05423868024390366
METTL1,10.928168934983246,6.685033172157877,-0.05424935123727126
MADCAM1,5.501057715708482,0.8883391431462948,-0.05445491603334607
GUCD1,17.357769998315142,13.566850331721577,-0.05478943987596921
TMC4,5.732257521013909,1.1469695265939504,-0.05508367086978583
NKIRAS1,16.024860999307336,12.15000562239964,-0.05521277448076814
TRIAP1,13.79148960068892,9.766108174969077,-0.05538275125453601
POLE4,23.72465694441844,20.386821095243448,-0.05561222729724635
ASTE1,6.740363554673606,2.2377150567862363,-0.05580858592138471
HPSE2,8.003070183649399,3.5927133700663445,-0.05610456264052377
ZNF793,5.840837186663421,1.2819071179579444,-0.0561140935683746
DCTN2,35.07684819439504,32.53120431800292,-0.05622502394359552
TIMM8B,22.903757230844114,19.52097155065782,-0.05624083962549645
ARHGAP23,14.017073216391784,10.024738558416733,-0.0563389654969948
NUDT15,12.222700638373551,8.107500281119982,-0.05637037692978003
PATL2,7.030533350805923,2.5581918362757228,-0.05637294824592476
ZNF776,5.941928599509519,1.3999775104014394,-0.05666096573978607
ARL4D,10.10258906340678,5.84729562577308,-0.0566844515180972
ORAI2,18.576483142070877,14.904981446081186,-0.05673035220705315
CTSV,5.793099575041653,1.2425503204767796,-0.05675045135961798
CTSK,18.975232603852707,15.332283818733835,-0.056791532115955466
OSTC,39.975101559428644,37.7769031822782,-0.056796559642126265
TRAIP,4.889829080629762,0.2867423816484876,-0.05727426527728696
ZNF691,5.43085534567647,0.8658495445856291,-0.057321274517200815
ADORA2B,6.340678061291349,1.8385246823344203,-0.05733558769437885
CSTF1,12.573712488533612,8.501068255931632,-0.0573746356527709
HMMR,6.3846715465114094,1.8891262790959182,-0.05753097821950537
MED6,18.88818166501301,15.253570223771506,-0.05757305858941397
LCA5L,5.157534118351836,0.5791071629371415,-0.057614860111675936
FAM222A,7.678267218301289,3.2778589902170245,-0.05786625434261217
ZNF671,5.520714379317446,0.9726751377487911,-0.057909623454959314
NAA10,33.92552932587004,31.333633194647476,-0.05802262431141747
LIMS1,50.002808094801274,48.52130889463623,-0.05826166485278206
VPS9D1-AS1,5.181870939962933,0.6184639604183065,-0.058342916512177934
NAB1,27.451934777318083,24.423704036882942,-0.05851402923897403
RAPGEFL1,6.527884381376715,2.0634206679410774,-0.05868911507422803
SDR39U1,15.247018739352642,11.385359271337006,-0.058851843107422086
CYTL1,5.5403710429264095,1.0120319352299563,-0.05891056269381023
SMIM20,12.877922758672334,8.855279433262115,-0.05896067559933521
THAP7-AS1,5.585300559746897,1.062633531991454,-0.05905137665126681
NOXA1,5.266113784001348,0.7252895535814685,-0.0592587248559554
MPND,6.505419622966471,2.0521758686607448,-0.059385510652613105
HEY2,6.751595933878727,2.316428651748566,-0.05944776142918118
EFHD1,11.273564595540746,7.151692342291691,-0.05956844266326988
CDPF1,5.513226126514032,0.9951647363094569,-0.059573120087698994
LRWD1,9.903214332515866,5.68986843584842,-0.059721071792098956
SLC37A4,7.170938090869948,2.7718430226020465,-0.059841861963573995
HENMT1,5.939120504708239,1.4562015068031036,-0.05989190567124847
ZNF823,8.500102963476047,4.194310131564151,-0.05994355465229961
SMYD5,6.830222588314581,2.412009445631395,-0.060077587133286925
HOXA7,5.61993372896269,1.1188575283931181,-0.06009925387593684
SSPN,11.188385719901904,7.07297874732936,-0.06024081600138864
CHUK,14.126588913641724,10.221522545822557,-0.06068874287921194
BCR,22.13433925529326,18.78443719779602,-0.060922324257348864
ECE2,4.576258494486774,0.02248959856066569,-0.061141527372945204
PCMT1,43.48802815583054,41.617002136511864,-0.06146115978065558
SLC12A4,10.277626972686598,6.122793208141235,-0.061507963483261596
DDX20,11.24829174232922,7.162937141572023,-0.06165545203604528
SLC26A6,10.778403878914952,6.662543573597211,-0.06175471797306009
ARVCF,4.987176367074152,0.4835263690543124,-0.06233353803921182
DUOXA1,4.739127992961042,0.2248959856066569,-0.06268716142082864
PPP1R13B,22.791433438792893,19.52097155065782,-0.06279002774587392
TRAPPC1,21.343392552932585,17.974811649612054,-0.06287169664861814
EGF,4.8280509950015915,0.3260991791296525,-0.06302336590341151
TAF9B,8.330681243798791,4.07061733948049,-0.06307405089793905
UBR7,13.901005297938859,10.024738558416733,-0.06310645988805136
DBR1,7.739109272329034,3.4409085797818513,-0.0632136871065877
OSBPL10-AS1,4.854259879813543,0.35983357697065105,-0.06333554814572862
RANGRF,12.71598929179849,8.765321039019454,-0.06349488544068826
CCDC61,6.894808768744033,2.5469470369953893,-0.06367310851235686
HES2,4.972199861467323,0.4947711683346452,-0.06382020516761933
SEMA4F,5.02648969429208,0.5566175643764759,-0.06402869549406842
APMAP,28.377670030140216,25.514449567075225,-0.06404168224551637
MXD3,7.592152311062021,3.3003485887776907,-0.06411418265961599
KCNIP2-AS1,5.039594136698055,0.5734847632969752,-0.06418478661522686
PPP1R12C,20.931538648744784,17.558754076239737,-0.0641880307327835
SPRY2,23.529026339929235,20.336219498481952,-0.06425824073462941
PLK1,4.814946552595615,0.33734397840998537,-0.06440087989647969
PSMA6,39.260909448302975,37.158439221859894,-0.0646991682612108
HGS,30.97890184772638,28.30878218823794,-0.06481374904521864
PLOD2,15.058876387666848,11.295400877094345,-0.06491419684352978
PRDM11,7.225227923694703,2.92364781288654,-0.06495788865554775
KATNB1,9.275137128629463,5.1163836725514455,-0.06505640436832305
WFS1,9.50633693393489,5.363769256718768,-0.06507171715907234
ZNF77,6.338805998090495,1.9790846733385807,-0.06511276640085062
KBTBD7,5.864237976674092,1.4730687057236027,-0.06517819415336912
MPST,19.075387985098377,15.596536601821656,-0.06536772744901419
COPB2,40.54327274088773,38.54154953334083,-0.06538264217350975
PLAA,19.168055113540632,15.697739795344653,-0.0654856256609182
INPP5E,8.383099013422694,4.171820533003486,-0.065538741519645
EDA,9.513825186738305,5.380636455639267,-0.06555526768624942
ST6GALNAC5,4.657693243723908,0.1911615877656584,-0.06559499667103041
MAOB,7.236460302899826,2.9517598110873724,-0.06583657495773643
IFIT2,5.178126813561225,0.7534015517823006,-0.06592252733114412
FANK1,7.082015088829399,2.794332621162712,-0.0662535199835872
DOHH,11.53190931725855,7.550882716743507,-0.06628250260841739
CA11,6.762828313083849,2.456988642752727,-0.06646086818827568
GATC,13.946870846359774,10.137186551220061,-0.06656662852913642
FBXW5,28.02853024318101,25.188350387945572,-0.06660892266132928
ZNF329,8.07420858528184,3.8625885527943327,-0.06667935259419178
ZNF667,7.200891102083606,2.9292702125267063,-0.06668360043780808
EIF4E2,32.3614205215568,29.82120769144271,-0.06671211374229014
SAP30BP,33.91242488346406,31.479815585291803,-0.06676144285277241
MYLK,14.130333040043434,10.339592938266053,-0.06691157808828369
SKP1,43.25214819252298,41.46519734622737,-0.06693298721662533
TUFT1,7.780294662747815,3.564601371865512,-0.06756018063171232
SLC4A4,5.92695209390269,1.5855166985269316,-0.06765598457639754
GTF2E1,7.3890334537693985,3.1485437984931965,-0.06767583022714219
NMD3,23.88565437969186,20.7803890700551,-0.0676955292572089
PCSK1N,6.4455136005391545,2.1477566625435736,-0.0680926683718508
NTNG1,4.877660669824213,0.4779039694141459,-0.06841227543373452
AP1G1,35.035662803976265,32.71112110648825,-0.06844146565211628
TOE1,7.7016680083119615,3.497132576183515,-0.06846396004183297
RCL1,21.25072542449033,17.98043404925222,-0.06858149787077471
ATP6V0A2,20.071325607952524,16.721016529854943,-0.06864246401739263
MAPK8,40.78102476739615,38.85640391319015,-0.06869657126471385
CCDC120,6.232098395641837,1.9341054762172496,-0.06888072693244685
PCAT6,4.794353857386225,0.39919037445181604,-0.06897549563651373
ZFP91,29.675945859932227,26.998763072079164,-0.06931833291864442
SSU72,42.35074976131194,40.55999100416058,-0.07010813720456266
TMEM187,6.631783889024094,2.3838974474305634,-0.07011421436506049
WRAP73,12.517550592508004,8.67536264477679,-0.07015758142116352
ALOX12,5.289514574012019,0.9501855391881255,-0.07016315157802167
ZNF525,7.755021809536291,3.587090970426178,-0.0702606320501783
TMEM40,4.579066589288054,0.19678398740582478,-0.07048614937814002
LAMTOR3,18.201134470299717,14.75879905543686,-0.07064080924867026
TIMM8A,10.336596963513488,6.3589339930282245,-0.07095192267956552
PITPNM2,9.039257165321901,4.9758236815472845,-0.07114167384998327
PAXIP1-AS2,6.013067001141959,1.742943888451591,-0.07122312899044303
NICN1,4.3853080479997,0.005622399640166423,-0.07135498410905106
ZNF846,10.639871202051781,6.690655571798043,-0.07136565510241866
ZNF79,6.545668981784825,2.316428651748566,-0.07145460631653966
TMEM208,31.793249340097724,29.303946924547397,-0.07162175621609868
FADD,10.950633693393488,7.027999550208029,-0.07164949600675852
HYKK,5.240840930789823,0.9276959406274599,-0.07177424900547069
LRRC7,7.265477282513058,3.0923198020915326,-0.07181272693110441
LSR,16.191474624183314,12.633531991453953,-0.07187615340023643
NOTCH2,39.15794597225602,37.180928820420554,-0.0719294747962711
CHMP7,12.6186420053541,8.815922635780952,-0.07193133768395615
ALG10B,5.432727408877323,1.1357247273136175,-0.07193473047843502
ROBO3,6.189976973622629,1.9453502754975822,-0.07195011452327904
SLC35F6,15.25918715015819,11.643989654784662,-0.07225151477859787
CLCN4,5.010577157084823,0.69155515574047,-0.07231780169274227
CKAP2L,5.0152573150869575,0.6971775553806365,-0.07235163987723847
TXNL4B,8.996199711702268,4.953334082986618,-0.07242531187141343
CNPPD1,14.837036898365689,11.199820083211515,-0.07263458599290518
COPZ1,25.751165359342533,22.866299336556843,-0.0727179293668766
BACH2,24.31529288428777,21.34262903407174,-0.07331698698129444
RNASEH2B-AS1,4.930078439448115,0.624086360058473,-0.07333073423820269
ZNF596,5.597468970552446,1.3381311143596086,-0.07337121139097857
OSBPL7,5.95971319991763,1.726076689531092,-0.07341383027908643
ZC3H4,18.965872287848438,15.630270999662658,-0.07359351200345408
HOXA10,6.842390999120131,2.6762622287192173,-0.07378397982730789
SEC24B-AS1,5.140685549544153,0.8658495445856291,-0.07424001049484241
NCDN,6.64488833143007,2.473855841673226,-0.07425767878320755
SLFN12,6.755340060280435,2.591926234116721,-0.07425878527792107
CENPV,7.057678267218301,2.9180254132463737,-0.0744203732455988
OSBP2,11.891345451822453,8.085010682559316,-0.07446359779351225
MAP3K10,12.599921373345563,8.844034633981783,-0.0745564741515789
EFCAB14,28.55738809742217,25.90239514224671,-0.0747267318292375
RNF26,6.9341220959619605,2.794332621162712,-0.07487661767541742
RNPEPL1,13.560289795383493,9.878556167772405,-0.07499758392588524
CAMK1,10.623958664844526,6.7412571685595415,-0.07505394595841297
DDX28,6.276091880861897,2.102777465422242,-0.07551725893732442
SLC9A5,5.58155643334519,1.3606207129202745,-0.07552589713274649
MYPOP,12.745006271411723,9.018329022826943,-0.07560545787096201
SORL1,12.570904393732333,8.832789834701451,-0.07563490570365239
NAP1L4,54.40215661680738,53.542111773304846,-0.07565367020551039
SAP130,23.31748319823277,20.31935229956145,-0.07567238195947085
PTOV1-AS1,5.087331748319823,0.837737546384797,-0.07581726973779512
PHTF2,35.76576745230919,33.627572247835374,-0.07586726959344547
TERF2,19.01173783626935,15.725851793545484,-0.07613351757600315
BRD7,35.981054720407364,33.863713032722366,-0.07619694198889082
USP51,5.12664507553775,0.8883391431462948,-0.07628554310127067
LYPLA2,19.950577531497462,16.732261329135277,-0.076296283292489
PRMT6,5.215568077578299,0.9839199370291241,-0.07631502656100853
LYSMD4,6.937866222363668,2.828067019003711,-0.07649863754180997
CD160,5.121964917535616,0.8883391431462948,-0.07655842593961981
ZBTB25,17.072280360184962,13.668053525244575,-0.0769562714264769
PVR,14.087275586423797,10.480152929270213,-0.07709012577222735
LRRFIP2,65.15622367411123,65.06240863600584,-0.07709486005704225
ITIH4,4.547241514873543,0.2867423816484876,-0.07724928904443795
UBXN4,60.07638017859483,59.63679298324524,-0.0772961057554058
ANAPC2,8.06484826927757,4.048127740919825,-0.07734691202478439
RBM14,19.946833405095756,16.749128528055774,-0.07743475263170393
TSEN34,20.35026302487972,17.18205330034859,-0.07752977072510239
GPATCH3,8.969990826890315,5.020802878668616,-0.07763410804031157
EDA2R,5.447703914484153,1.2594175193972788,-0.07780936789831427
C6orf62,43.59754385308048,42.038682109524345,-0.0780797780766842
CREB5,31.44504558473894,29.050938940739908,-0.07812179336123071
MEPCE,9.346275530261902,5.436860452040931,-0.07839168352759884
LSM6,18.988337046258682,15.742718992465985,-0.07841809483628429
AVPI1,13.842971338712395,10.244012144383223,-0.07845232697454596
NOA1,14.594604713855139,11.04801529292702,-0.07848844940256361
ERAP1,16.47602823071307,13.060834364106599,-0.07859567456485558
PHF2,14.687271842297395,11.149218486450017,-0.0786063476144675
ZNF382,5.52539453731958,1.3606207129202745,-0.07880049119293508
TOR2A,6.907913211150009,2.8393118182840436,-0.07885852975293439
CCDC28B,8.896044330456595,4.964578882266951,-0.07887844665777388
CYB5D1,4.439597880824456,0.20240638704599126,-0.07892477898378714
PDE6G,4.650204990920494,0.43292477229281456,-0.07922061319473628
NCKAP5L,17.295991912686972,13.949173507252896,-0.07924852289565648
SWSAP1,5.894190987887751,1.7654334870122568,-0.07938123717589018
REEP6,4.623996106108542,0.4104351737321489,-0.07952187299810987
MFSD9,6.34910234569519,2.254582255706736,-0.07954175427590204
C2orf69,15.74030739277758,12.296188013043967,-0.0797787976463683
INF2,21.715933129902464,18.683234004273025,-0.07979707159453964
IKBKG,13.529400752569407,9.93478016417407,-0.07986582088744199
ZSCAN2,5.817436396652751,1.6923422916900934,-0.07986914242782595
RPGR,24.072860699777223,21.20769144270775,-0.08009101345948871
ZNF738,9.737536739240317,5.886652423254245,-0.08011636006924061
LIMD2,15.118782410094164,11.638367255144495,-0.0801312789062244
IDH3B,22.74556789037198,19.79084673338581,-0.08018688865826856
CNOT1,42.46120149016231,40.86360058472957,-0.0802310374531705
LRRC34,4.724151487354213,0.5341279658158102,-0.0804300427600364
ZNF263,13.303817136866542,9.704261778927247,-0.08044321175920971
HCFC1,15.012074807645506,11.531541661981333,-0.08052530818652243
ZNF518B,8.687309283561413,4.773417294501294,-0.08062050647140206
ZNF136,10.452664881966415,6.662543573597211,-0.0807473635221545
CD58,41.95761648913267,40.335095018553915,-0.08076145471207163
ZNF175,6.475466611752813,2.412009445631395,-0.08076210628014546
MIR181A1HG,20.229514948424658,17.114584504666592,-0.08088949568036469
SYNGAP1,16.82984817567441,13.482514337119083,-0.08096980869906367
ODF3B,9.01024018570867,5.127628471831778,-0.0811150150645703
SLC6A9,5.043338263099762,0.8883391431462948,-0.08114285762388385
SLC35A2,11.982140517063856,8.315529067806139,-0.08174523266619727
URB2,10.61085422243855,6.8537051613628694,-0.08195243836269617
RABIF,17.012374337757645,13.696165523445405,-0.08198277687157113
SPATC1L,8.494486773873486,4.5935005060159675,-0.08204820668033397
RPUSD2,7.6576745230919,3.699538963229506,-0.08207101554474461
ZNF675,10.470449482374525,6.707522770718542,-0.08216417691919031
STARD5,6.070164928767995,2.007196671539413,-0.08230984643631312
FBXO3,17.05823988617856,13.752389519847071,-0.08237573528420344
SCAMP2,25.07160641743265,22.3209265714607,-0.08258857827916691
PUSL1,9.883557668906901,6.089058810300236,-0.08264437233518063
PSMD3,30.093415953722598,27.695940627459798,-0.0830105905707238
BRD3,20.966171817960575,17.941077251771056,-0.08302572728248032
LINC00426,5.473912799296104,1.38311031148094,-0.08302908650615592
MAP4K4,66.91128292491155,67.04711570898459,-0.08303631674053236
B4GALT2,12.670123743377577,9.074553019228606,-0.08303879351299975
CLCN2,5.131325233539885,1.0176543348701226,-0.08306724378836328
ISM1,8.812737518018608,4.953334082986618,-0.08312231913469659
BTBD8,5.4907613681037875,1.4055999100416057,-0.08327359237948062
BLMH,21.477245071793625,18.492072416507366,-0.0832855815736015
RNF6,17.862291030945205,14.629483863713034,-0.08334294321970048
C6orf52,4.5837467472901885,0.43854717193298104,-0.08340227052213822
EPS8L1,4.839283374206714,0.7140447543011358,-0.08353219766769893
SULT1A1,4.8205627421981765,0.7027999550208028,-0.08401028697540447
LMNB1,13.849523559915383,10.356460137186552,-0.08420471145776315
STAM,38.48774734635042,36.69178005172608,-0.08432156826031578
IPO4,10.178407623041354,6.437647587990554,-0.08446945693559771
HSF2BP,4.843963532208847,0.7365343528618014,-0.08448619892073095
SLC22A5,6.5587734241908,2.5694366355560554,-0.08449298039720043
CMBL,5.380309639253421,1.315641515798943,-0.08480609099899361
LIN37,7.09324746803452,3.1485437984931965,-0.08492202561080275
MFSD2B,5.320403616826104,1.2537951197571122,-0.08492506007856349
LINC00339,7.748469588333302,3.851343753514,-0.08505855609759572
CYTH2,21.645730759870453,18.711346002473856,-0.08542391928400181
PSMD10,11.191193814703185,7.539637917463174,-0.0855349311945382
USF2,26.030102776269725,23.400427302372652,-0.08559260937157537
KLHL9,9.541906134751109,5.779826830091083,-0.08569516327817084
RBM43,7.283261882921168,3.3678173844596877,-0.0858051022647972
MRPS34,30.276878147406254,27.943326211627124,-0.08580930831263378
AHR,36.87309283561413,34.99381536039582,-0.08583639859146397
ZNF593,21.700956624295635,18.778814798155853,-0.0858845540656264
C3orf33,4.644588801317933,0.5509951647363095,-0.0859892140805063
VASH1,6.4857629593575075,2.5188350387945575,-0.08598946346983805
HAAO,4.739127992961042,0.652198358259305,-0.08599795915707054
TMEM203,12.68697231218526,9.147644214550771,-0.08604378859193201
SPATA5L1,11.789318007375929,8.191836275722478,-0.08624014310358213
DIMT1,28.121197371623264,25.649387158439225,-0.08635696633533202
RPS6KB1,29.891233128030404,27.544135837175304,-0.08651766157058027
FUOM,7.975925267237022,4.121218936241988,-0.08651905925040537
PRKD2,20.995188797573803,18.036658045653887,-0.08654811107308641
BRSK1,5.574068180541776,1.5574047003260991,-0.08669774547369002
ATP2A1,4.70730291854653,0.6353311593388058,-0.08693339938930833
ING3,13.26824793605032,9.788597773529743,-0.08711793667334189
GIT1,21.799239942340453,18.90812998987968,-0.08720859798573771
VILL,5.168766497556958,1.1357247273136175,-0.08732532256132175
ISY1,19.90752007787783,16.889688519059934,-0.08739499404496814
PCBD1,15.78149278319636,12.481727201169459,-0.08749922242279123
PIH1D1,26.98204691390381,24.45743843472394,-0.08775179234629132
ACP1,30.689668083194487,28.421230181041267,-0.08781232891209623
MYL5,6.606511035812569,2.681884628359384,-0.08784399590294567
TRMT10A,6.363142819701594,2.4232542449117283,-0.08792473644621335
PEX16,15.11129415729075,11.778927246148656,-0.0882359170187152
RPP25,10.726922140891476,7.095468345890025,-0.08837394795398701
HPRT1,26.19203624314357,23.62532328797931,-0.08841970407850941
ZNF460,9.005560027706535,5.256943663555606,-0.08844248142836109
SH3BGR,4.13725967388659,0.05622399640166423,-0.0885782637471586
PNMA2,4.76346481457214,0.7365343528618014,-0.08917978374033453
GPR137C,6.182488720819214,2.254582255706736,-0.0892563833211284
DDX54,21.021397682385757,18.115371640616214,-0.08931406149816541
EP300,45.44059007432091,44.21455077026875,-0.089319552175952
RAB2B,15.516595840275569,12.234341617002137,-0.0894486660681551
C19orf47,6.0140030327423855,2.0802878668615765,-0.08957181379349055
TNFSF13B,8.674204841155438,4.925222084785787,-0.08966604603560224
FIS1,32.34644401594998,30.226020465534692,-0.08966925246986768
PRCP,23.842596926072225,21.140222647025748,-0.08983619683211855
PCYOX1L,4.655821180523055,0.6353311593388058,-0.08993511061114778
WNT4,4.401220585206957,0.3654559766108175,-0.09005732792076271
MSANTD4,10.63425501244922,7.027999550208029,-0.09009637587915487
ZNF607,4.783121478181104,0.7758911503429664,-0.09018072297918567
DHX58,5.677031656588726,1.7316990891712583,-0.09020267473821486
MMACHC,7.656738491491473,3.851343753514,-0.09040705972923724
CASP2,14.342812213340322,10.997413696165523,-0.09040905690013529
TUBB2B,10.19712825504989,6.566962779714382,-0.09043250910764311
MKNK1,22.514368085066554,19.734622736984146,-0.09060009064425917
POLR3K,13.765280715876967,10.384572135387383,-0.09065020766227266
SETD1B,14.082595428421662,10.727538513437535,-0.09085873361576913
CASC8,4.351610910384335,0.331721578769819,-0.09110955987019109
IBA57,6.303236797274275,2.417631845271562,-0.09111091575423602
CXCL10,4.208398075519029,0.17991678848532552,-0.09117830710684949
PAQR6,4.318849804369396,0.2979871809288204,-0.09117941360156268
DEFB1,4.780313383379823,0.7927583492634658,-0.09126461575073097
TSPYL4,7.804631484358912,4.025638142359159,-0.09129231374561109
ZNF547,4.657693243723908,0.663443157539638,-0.09135956259003464
SRPRB,22.24291892094277,19.45912515461599,-0.0913979651490854
VAV2,14.358724750547577,11.036770493646689,-0.09162830240966563
TRIO,58.70977404197165,58.4392218598898,-0.09164631668728429
CASKIN1,4.19061347511092,0.17429438884515913,-0.09190854086973055
IRX3,11.049853043038734,7.505903519622175,-0.09193566677560794
IFT20,17.015182432558923,13.8817047115709,-0.09194084092245652
TDRD9,5.3035550480184215,1.3662431125604408,-0.09204185875352577
MCMDC2,5.286706479210738,1.3493759136399415,-0.09210407390304653
RNF4,31.951438680569854,29.84931968964354,-0.09215025549589373
CCT6B,5.6798397513900065,1.7710558866524233,-0.09218599219512247
GSTM2,6.437089316135312,2.580681434836388,-0.09220137623996638
C8orf33,22.784881217589906,20.055099516473632,-0.0923105608898652
C21orf91,19.739034389801,16.799730124817273,-0.09231123986000983
INPP5K,15.58679821030758,12.36927920836613,-0.09271672804120626
ITPRIPL2,21.42482730216972,18.61014280895086,-0.09278301084286218
PPP1R26,7.018364940000374,3.2160125941751936,-0.09296880329853108
ZNF629,6.943482411966229,3.137298999212864,-0.09304083439228183
GLO1,38.963251399367245,37.360845608905876,-0.09309647360264073
DNAJC14,8.734110863582755,5.054537276509614,-0.09322772923017586
NRG4,4.7307037085572015,0.7758911503429664,-0.09323701076869517
STK38,38.57479828519011,36.95041043517373,-0.09335511451790635
OCLN,5.159406181552689,1.236927920836613,-0.09339206664923516
NAF1,18.69348709212423,15.703362194984818,-0.09346266649235788
PLBD1,5.864237976674092,1.9959518722590803,-0.09370324927798113
ACBD5,15.257315086957334,12.03755762959631,-0.0938311395131079
B4GALNT4,4.413388996012505,0.4497919712133138,-0.09394864788373458
LRFN4,7.016492876799521,3.2328797930956927,-0.09399811950240644
SLC2A4RG,16.053877978920568,12.89216237490161,-0.0940080758985822
SOWAHC,9.022408596514218,5.380636455639267,-0.09420796571290069
MANBA,25.57519141846229,23.074328123243003,-0.094327001934077
ITM2C,21.82919295355411,19.076801979084674,-0.09466377850566268
CAMTA1,61.08542224385495,61.036770493646685,-0.0948361004958258
RNF138,23.84727708407436,21.241425840548747,-0.09508429240498484
MYO5C,9.327554898253364,5.7236028336894185,-0.09512598704610475
SLC25A20,7.98528558324129,4.28989092544698,-0.09517492425906582
PRR4,4.370331542392871,0.42730237265264814,-0.09523228590516464
GBA2,14.980249733230993,11.767682446868323,-0.0952631944467982
POU6F1,7.451747570997997,3.722028561790172,-0.09530474452348425
ZNF317,11.317558080760806,7.854492297312493,-0.09534347183844993
C3orf38,16.542486474343374,13.443157539637918,-0.0955777678137788
CHCHD4,8.609618660725985,4.964578882266951,-0.09557887636473628
NPC1,45.527641013160604,44.42257955695491,-0.09559260922793511
NR1H3,8.577793586311474,4.930844484425953,-0.09559415352843814
FGF9,5.068611116311287,1.1807039244349489,-0.09561878348475406
RTN2,7.283261882921168,3.5477341729450127,-0.09562017499584652
ZBTB26,7.166257932867813,3.4240413808613512,-0.09569438345197645
BRF2,7.333807589344215,3.603958169346677,-0.09574025057012969
CHAC2,6.749723870677875,2.9854942089283707,-0.09605671628310997
ZNF497,4.069865398655859,0.12931519172382772,-0.09649514991637376
PDXK,34.90649044311736,33.0878218823794,-0.09652334052118472
SYT11,9.681374843214707,6.128415607781401,-0.09657995811177678
ZSWIM6,52.50669262594305,51.90037107837625,-0.09660868106605425
PTK6,4.5266488196641514,0.624086360058473,-0.09685323490389142
TAPT1,21.79643184753917,19.08242437872484,-0.09688067939695133
UBTD2,27.051313252335397,24.704824018891262,-0.09720885134391788
FHOD1,15.904112922852276,12.79095918137861,-0.09721934831453663
LY6E,31.675309358443943,29.652535702237714,-0.09751510715890266
DOLPP1,4.935694629050677,1.0738783312717868,-0.09754095665980689
ZNF852,6.658928805436472,2.9180254132463737,-0.0976699910729385
APEX2,9.146900799370988,5.577420443045092,-0.09768451801240086
FAR1,34.47029971731846,32.64365231080625,-0.09772506025053906
DPAGT1,12.306943482411967,8.956482626785112,-0.09777336028913558
WNT5B,7.755957841136716,4.098729337681322,-0.0981176685614299
NDRG2,9.969672576146172,6.4657595861913855,-0.09817363664019196
ZNF354C,7.128816668850741,3.4296637805015178,-0.09818416718161427
KHNYN,12.341576651627758,9.001461823906444,-0.09820779546811503
GALNTL6,5.179062845161653,1.3493759136399415,-0.09838037918507492
NOL6,8.892300204054889,5.318790059597436,-0.09842017736770625
ARL6IP4,40.13797105790292,38.721466321826156,-0.09882936870558723
ZNF300,4.623060074508115,0.7702687507027999,-0.09920659502787821
RCAN1,27.371436059681375,25.08714719442258,-0.099400694754322
CLDN15,10.258906340678061,6.797481164961205,-0.09940601757809242
PIGW,6.949098601568789,3.266614190936692,-0.09976795851170484
HRAS,19.6239025029485,16.816597323737774,-0.09994432075193255
DMGDH,6.872344010333789,3.187900595974362,-0.09994914274079525
TBC1D30,5.875470355879214,2.125267063982908,-0.10010291399138493
GLYCTK,4.744744182563603,0.9220735409872933,-0.10039310884762542
RAB5B,23.23511241739521,20.68480827617227,-0.10041198639935806
GPR19,4.412452964412079,0.5678623636568088,-0.10044436593115535
SH3RF2,4.5341370724675665,0.7027999550208028,-0.10071071668236697
PDE8B,4.3469307523822005,0.5060159676149781,-0.10089079441674409
FLRT2,8.490742647471778,4.936466884066119,-0.10097649534457587
BNIP1,8.582473744313608,5.037670077589115,-0.10114897012414958
CERS1,4.073609525057566,0.21927358596649052,-0.10118438001121921
POMC,4.577194526087201,0.7590239514224671,-0.10126740479800833
FAM85B,5.564707864537507,1.8160350837737544,-0.10135267820127147
NKIRAS2,14.764962465132822,11.649612054424829,-0.10137466353110386
ST6GALNAC6,5.427111219274763,1.6698526931294275,-0.10140068705475624
SLC51A,6.165640152011532,2.4626110423928935,-0.1015874393844608
SPOP,29.964243592863692,27.90396941414596,-0.10189083475443383
EDARADD,9.05704176573001,5.560553244124592,-0.1020037054401669
ZNF891,6.8330306831158625,3.187900595974362,-0.10224135858292738
PHLDB3,11.187449688301477,7.84324749803216,-0.102316172698863
FGD6,9.830203867682572,6.392668390869223,-0.10231817192600534
CCDC174,24.62699140722991,22.20847857865737,-0.10237802746542149
EMC7,32.396053690772604,30.51276284718318,-0.10241946654847711
WDR54,9.260160623022633,5.78544922973125,-0.10242943116962933
ELMO2,17.407379673137765,14.494546272349037,-0.10250585055894185
SEPHS2,22.4741187262482,19.914539525469472,-0.10276195578511031
SMIM13,18.52312934084655,15.692117395704486,-0.1027821597625729
SCO2,17.372746503921974,14.466434274148208,-0.10299157844849849
LRRC20,4.422749312016774,0.6297087596986394,-0.10321795493808572
YIPF3,25.685643147312653,23.355448105251323,-0.10322301809130369
AP4B1,6.810565924705618,3.1822781963341957,-0.10324447518415747
CBX4,19.21017653555984,16.439896547846622,-0.10351685513135495
POLRMT,12.52129471890971,9.293826605195097,-0.1036785876634661
TM4SF19,4.2551996555403715,0.46103677049364666,-0.10378552986562328
SLC9B1,7.35908044255574,3.783874957832003,-0.10408175597409386
SMG8,4.597787221296591,0.837737546384797,-0.10436081462910651
PRKCI,26.744294887395398,24.508040031485436,-0.10437472974003087
UBE2Q2,33.072804537881204,31.27740919824581,-0.10467466723016228
ENSA,50.07394649643372,49.449004835263686,-0.10472281447934861
TRMT10C,22.372091281801673,19.84144833014731,-0.10472342836413118
C2orf81,4.099818409869517,0.3148543798493197,-0.10487049350483446
TIGD1,4.746616245764457,1.0064095355897897,-0.10488477105496519
ZNF653,4.940374787052811,1.2144383222759474,-0.10493609939258997
CBX2,4.567834210082932,0.8264927471044643,-0.10549382274885
CCDC6,25.598592208472958,23.304846508489824,-0.1055381496789885
OGFR,26.055375629481254,23.7939952771843,-0.10558951364366037
PCOLCE,11.009603684220378,7.713932306308332,-0.10563113703068572
ANAPC13,15.800213415204897,12.835938378499945,-0.10573111550864822
CXXC5,21.612969653855515,19.04868998088384,-0.10573736052316235
RNF2,23.06475466611753,20.600472281569772,-0.10574410637258426
PLD6,4.524776756463298,0.7871359496232991,-0.10585729770174412
IRF9,18.96493625624801,16.2262453615203,-0.10616051699272461
DAGLA,5.522586442518299,1.861014280895086,-0.1062623919291753
PPP2R2A,51.208416796151035,50.691555155740474,-0.10636136051234657
CCNE2,7.061422393620008,3.5083773754638483,-0.10640777437367477
PSMC3IP,7.309470767733119,3.7782525581918365,-0.10666759303774853
NIPBL,67.81455341932343,68.44709321938603,-0.10674346362764187
ETHE1,26.46910159686991,24.260654447318114,-0.10692451562976285
PIAS1,53.54381563921598,53.199145395254696,-0.10699040036516516
RASA3,39.003500758185595,37.6588327898347,-0.10700589540363925
CIDEB,4.281408540352323,0.5509951647363095,-0.10716492233639319
ATP1B1,24.778628526499055,22.46148656246486,-0.10733906953095004
USP28,11.863264503809647,8.664117845496458,-0.1076931601766713
BYSL,12.75717468221727,9.61992578432475,-0.10771511193570044
CD2BP2,18.821723421382703,16.102552569436636,-0.1077628693436094
ABT1,18.0888106782485,15.321039019453503,-0.10786209965357643
CORO1C,45.81968287249378,44.96232992241089,-0.10800993830810168
EPHX1,17.819233577325573,15.039919037445182,-0.10824410000021775
PTGIS,6.734747365071045,3.1935229956145283,-0.10827861921110293
RGS5,5.592788812550312,1.9790846733385807,-0.10861029083369056
DENND2C,8.125690323305315,4.689081299898796,-0.1087656317306096
METTL18,4.679221970533725,1.0064095355897897,-0.10881428392719161
ACTR3C,4.665181496527323,0.9951647363094569,-0.10901949039654835
GTF3C4,12.129097478330868,8.973349825705611,-0.10906307121493575
BCDIN3D,5.168766497556958,1.5349151017654334,-0.10910251518333725
STT3A,25.20452290469326,22.95063533115934,-0.10919146022872617
SEC61A2,9.525057565943426,6.195884403463398,-0.10937489718677884
RGL4,4.034296197839639,0.331721578769819,-0.10961101631025705
NADK2,12.903195611883858,9.811087372090409,-0.10962968215594959
CDC42EP1,15.917217365258251,13.03272236590577,-0.10964428034950688
ACAT2,17.137802572214838,14.342741482064545,-0.10994243443102483
PRRC2C,81.06876088136735,82.67176430900709,-0.10994345322169075
MAST3,9.841436246887694,6.544473181153716,-0.10994472073079042
MMP28,4.085777935863115,0.39356797481164957,-0.10998323633971552
NUTM2A-AS1,41.36230039126121,40.23951422467109,-0.11025789436170186
HOXC4,4.901061459834884,1.2706623186776116,-0.11029552546317489
EID2B,5.930696220304397,2.3726526481502304,-0.11037862150405875
APOL2,12.821760862646721,9.737996176768245,-0.11039047024623455
ZNF763,3.978134301814029,0.2867423816484876,-0.11043184218768354
ZNF517,4.229926802328847,0.5566175643764759,-0.11047335458107799
RSPRY1,25.42261826759271,23.209265714606993,-0.1105842870125433
SDSL,5.41026265046708,1.8216574834139212,-0.11066453288963574
EXOSC4,17.73405470168673,14.994939840323852,-0.11075679947540837
ATP11A,32.49901716681955,30.777015630271,-0.11083193217852672
C17orf49,10.579965179624464,7.354098729337681,-0.11105163612903074
PLEKHH2,16.06511035812569,13.21826155403126,-0.11114297641157117
ZNF154,4.584682778890616,0.9501855391881255,-0.11125930703338971
HELB,17.270719059475446,14.511413471269538,-0.11139419250727037
RIOK2,16.52844600033697,13.718655122006071,-0.1114257464482451
SGCA,6.234906490443117,2.726863825480715,-0.11196466145062334
RRN3,20.127487503978134,17.575621275160238,-0.11198946542968774
HOXC10,6.392159799314825,2.895535814685708,-0.11199742876745356
DHRS13,6.763764344684277,3.2947261891375237,-0.11210772402455393
MED7,10.09697287380422,6.8593275610030355,-0.112221695036268
ZNF304,5.12383698073647,1.5461599010457663,-0.11233563247717882
HNRNPD,60.20648857105416,60.41830653322838,-0.11234418502479704
CNTNAP2,6.254563154052081,2.7549758236815474,-0.11235215864378356
RAB3A,4.353482973585188,0.730911953221635,-0.11277759935686704
HMGN2,32.633805717281014,30.956932418756328,-0.11278797916512318
EPM2AIP1,20.366175562086976,17.845496457888228,-0.11279504977045975
CRB3,4.204653949117322,0.5734847632969752,-0.11286708497669884
EFNA3,5.235224741187262,1.675475092769594,-0.11289560444991287
ZNF181,5.860493850272385,2.344540649949398,-0.11293825896506826
SV2C,4.706366886946103,1.1132351287529518,-0.1130592628988275
PRSS3,4.189677443510493,0.5622399640166422,-0.11312686801372529
LNP1,4.552857704476103,0.9558079388282918,-0.11342163135700856
WNK1,63.120354943182875,63.55560553244125,-0.11359766061634557
NXPE3,8.78278450680495,5.4818396491622625,-0.11370054544758768
UBE2L3,47.79658161259524,47.19442257955696,-0.1145124734590397
CERS2,27.584851264578692,25.59316316203756,-0.11456212938168098
PPIL6,6.0196192223449465,2.5469470369953893,-0.11470219928363068
MRPL20,37.079019787708035,35.74721691217812,-0.11493017076537371
CYB5R2,5.751914184622873,2.2658270549870685,-0.1149750464949324
PITPNM3,4.332890278375798,0.7534015517823006,-0.1152051679369841
SLC50A1,17.659172173652582,15.000562239964015,-0.11542964591183855
C16orf46,4.761592751371286,1.2200607219161137,-0.11566694484036932
RTN4R,4.17563696950409,0.5959743618576409,-0.11578584266584413
CHPF2,13.081041615964956,10.114696952659395,-0.1158230695323309
FAM3C,36.316154033360164,34.948836163274486,-0.11585568817223946
PHC2,44.17788344534512,43.35432362532329,-0.11601502546719877
MAST1,4.176573001104518,0.6015967614978073,-0.11603798712101965
HCN2,4.4405339124248835,0.8883391431462948,-0.1162901672032427
ANKRD49,12.72441357620233,9.74361857640841,-0.11637315430674022
CCDC157,5.764082595428421,2.3051838524682333,-0.11641259827514183
FZD7,7.278581724919034,3.924434948836163,-0.11644336636482977
TBL3,11.458898852425257,8.39424266276847,-0.11654762831345611
POP7,17.268846996274593,14.606994265152368,-0.1167176030309799
PPM1D,24.469738098358203,22.3040593725402,-0.11676114822231959
SLAIN2,38.35015070108767,37.14157202293939,-0.11688200553540118
ZNF600,9.759065466050133,6.583829978634881,-0.11689450584565086
EME2,6.42304884212891,3.0192286067693694,-0.11694426453694606
UIMC1,38.28930864705992,37.079725626897556,-0.11705555118264122
WASF3,12.800232135836906,9.83919937029124,-0.11716670971385529
ENTPD4,25.681899020910947,23.60845608905881,-0.11724377039002071
LEKR1,5.585300559746897,2.1308894636230744,-0.11732837099187177
DCAF12,18.33592302076118,15.759586191386484,-0.11737812557067898
TRIM32,5.607765318157141,2.1590014618239066,-0.11755213848202284
FAM8A1,9.537225976748974,6.3589339930282245,-0.11756031146958457
MOAP1,10.617406443641537,7.517148318902507,-0.11776348308475154
LY6G5B,4.1615964954976885,0.624086360058473,-0.11813809629511796
GPC4,5.825860681056592,2.406387045991229,-0.11833152322014939
PRDM4,17.308160323492523,14.680085460474531,-0.11841276048583643
DPH2,12.070127487503978,9.08579781850894,-0.1186358154350396
DVL3,19.350581275623867,16.86719892049927,-0.11864116771712492
APOM,4.184061253907932,0.6578207578994715,-0.11866858480811415
MUC20,4.499503903251774,0.9951647363094569,-0.11867954287410487
IL20RB,10.127861916618306,7.0111323512875305,-0.11870213591998702
ITPK1-AS1,3.9893666810191513,0.4554143708534803,-0.11897855406100444
ANKRD29,4.503248029653481,1.0064095355897897,-0.11907467864911614
ZNF354A,13.560289795383493,10.68818171595637,-0.11916541121560681
DIABLO,5.585300559746897,2.1646238614640727,-0.11916869712894351
ZKSCAN7,3.951925417002078,0.4216799730124818,-0.11932129063072539
MIR210HG,4.28796076155531,0.7871359496232991,-0.1196651693222065
MAMSTR,4.170020779901529,0.663443157539638,-0.11979395434600637
TCEA2,13.970271636370443,11.137973687169685,-0.11979855640385267
PHYHD1,5.1163487279330555,1.675475092769594,-0.11982682854397908
ISCA2,12.212404290768857,9.260092207354099,-0.11984852885743214
MYH7B,4.2093341071194565,0.7084223546609693,-0.11995550668663679
CATSPERG,6.233034427242264,2.8730462161250423,-0.12004856117994045
SLC23A3,4.2037179175168955,0.7084223546609693,-0.12028296609265576
MKLN1,68.24980811352191,69.16113797368718,-0.12031892956253154
PRRT2,4.370331542392871,0.8939615427864613,-0.12069013080132363
CDS1,4.853323848213115,1.4168447093219385,-0.12105367700831282
SNHG10,9.602748188778854,6.505116383672552,-0.12171469832667525
KCTD21,6.933186064361532,3.654559766108175,-0.1218595107384165
CEBPZ,38.37167942789749,37.259642415382885,-0.12206788595874651
TRAPPC10,35.04315105677968,33.706285842797705,-0.12229447415437411
IRX5,6.854559409925678,3.5814685707860114,-0.12245656912569192
LEMD3,26.095624988299605,24.148206454514785,-0.1225661456731118
NXPH4,3.6149540408484193,0.1236927920836613,-0.12271264078105715
HPDL,4.024935881835371,0.5622399640166422,-0.1227323439236121
IQSEC1,25.633225377688753,23.659057685820308,-0.12284224111445852
EVPL,3.9219724057884195,0.4554143708534803,-0.12290806693323097
CCDC78,3.646779115262931,0.16304958956482626,-0.12300408464020052
PLCD1,6.57094183499635,3.289103789497357,-0.12304377594168969
ZNF768,8.65267611434562,5.515574047003261,-0.12312701449076313
ZSWIM8,23.775202650841493,21.679973012481728,-0.123210927897493
USP25,29.86408821161802,28.190711795794442,-0.12337329966021326
YY1AP1,34.692139206619615,33.35769706510739,-0.12374398361414563
RECQL,26.376434468427657,24.474305633644438,-0.12398299469719493
CRK,40.80442555740682,39.89654784662094,-0.1240755462993468
RBM26-AS1,4.28515266675403,0.8658495445856291,-0.12412299334505017
AP5B1,9.456727259112267,6.39829079050939,-0.12440094344910546
ZSCAN12,5.284834416009884,1.939727875857416,-0.12441893443714158
USPL1,24.288147967875396,22.253457775778703,-0.12458851314465566
CTU2,9.046745418125315,5.965366018216574,-0.12468796132939575
SYCP2L,5.628358013366531,2.316428651748566,-0.12493964263295498
SPTB,3.9697100174101876,0.545372765096143,-0.12503219834759527
ZFP69,4.232734897130127,0.8264927471044643,-0.12503223397464258
ZNF28,7.840200685175132,4.689081299898796,-0.12541148486990217
ZNF684,6.635528015425801,3.401551782300686,-0.12541241322937846
BCLAF1,50.83306812437988,50.64095355897897,-0.125486074942333
PEX11G,4.11385888387592,0.7084223546609693,-0.12552231658895752
FGFR2,4.432109628021042,1.051388732711121,-0.12567626597478432
LINC00863,5.747234026620738,2.456988642752727,-0.1256764441100212
SCG5,3.585001029634761,0.146182390644327,-0.12568597503787227
RRP8,12.248909523185503,9.406274597998426,-0.12569478931228706
PPP1R13L,9.633637231592939,6.611941976835714,-0.12574137102763205
TUBG1,14.914727521201115,12.256831215562801,-0.12576828317122515
CDAN1,7.616489132673119,4.458562914651973,-0.1258797226063303
GRAMD1C,6.268603628058483,3.0192286067693694,-0.1259493982024651
CIB2,5.100436190725799,1.7710558866524233,-0.12596888758273572
ANKRD13A,17.807065166520022,15.354773417294501,-0.1261299726592615
LIPT1,4.770017035775128,1.422467108962105,-0.12621771255377112
APH1B,14.474792669000506,11.795794445069156,-0.12626814610272297
EBNA1BP2,24.506243330774847,22.517710558866526,-0.12628806095131823
KLHL36,18.65510979650673,16.26560215900146,-0.1263724080513491
FAM229A,5.319467585225677,2.0128190711795795,-0.12638697473034732
ZBTB32,4.287024729954883,0.9108287417069606,-0.12646760839247284
PMFBP1,4.117603010277627,0.730911953221635,-0.12653089440965948
DDHD1,22.939326431660334,20.847857865737097,-0.12655309144553195
OAS2,6.414624557725068,3.187900595974362,-0.12663708433133314
SERP2,4.829923058202445,1.4955583042842686,-0.12671218551989216
BEX2,7.360016474156167,4.205554930844484,-0.1270312561198208
TNKS2,36.68495048392833,35.55043292477229,-0.12717166995477946
GPR18,4.368459479192017,1.0120319352299563,-0.12724042541641445
ZNF473,6.70666641705824,3.5139997751040144,-0.12739901454337865
TPPP,4.938502723851957,1.6248734960080964,-0.1274358871956357
PIGV,6.646760394630922,3.4577757787023504,-0.12782470464579376
PAPLN,7.124136510848607,3.969414145957495,-0.12790226821311101
SMARCA5,40.42907688563566,39.570448667491284,-0.12817093060991458
CNNM3,9.238631896212816,6.2352412009445635,-0.12822237405365833
ASCL2,3.6729880000748825,0.2867423816484876,-0.12822380324804195
KCNJ14,6.492315180560496,3.3003485887776907,-0.12824164967164453
TMEM169,4.051144766647322,0.69155515574047,-0.1282587835542991
MRPS12,21.973341820019844,19.847070729787472,-0.128279767214316
HKDC1,4.6754778441320175,1.3606207129202745,-0.1283560146371241
PGM5,6.083269371173971,2.8674238164848758,-0.128474090984265
SLC25A44,11.177153340696782,8.315529067806139,-0.1286810808622353
SCAF4,31.455341932343632,29.989879680647704,-0.12874386193202636
PROM2,3.603721661643297,0.23051838524682333,-0.12919525902715534
ATP6V0E2-AS1,4.185933317108786,0.8546047453052963,-0.12929466747235951
NFE2L3,15.816125952412152,13.285730349713257,-0.12934099568588447
ORC1,4.023999850234944,0.6859327561003036,-0.12953478299387833
GPS2,26.717149970983023,24.940964803778254,-0.1295749689615427
MRPL54,18.828275642585695,16.512987743168782,-0.12977146803762651
ATF6,46.48800943519853,46.075565051163835,-0.12977303151522368
MRPL21,20.63668869461033,18.447093219386034,-0.12984157115832998
ZNHIT2,6.427729000131044,3.2609917912965254,-0.1298603856809445
VPS28,34.79135855626486,33.57697065107388,-0.12992098733211177
NDN,7.667034839096168,4.587878106375801,-0.12998717147760208
ARL13B,24.758035831289664,22.860676936916676,-0.13031694664170146
SPA17,4.8355392478050065,1.568649499606432,-0.13037209941086203
TRAM2-AS1,4.782185446580677,1.5124255032047678,-0.13041575353958834
CREB1,42.47336990096785,41.796918924997186,-0.1304372318657807
SCAF11,60.6473594548552,61.22230968177218,-0.13049972791919195
ZW10,10.42458393395361,7.54526031710334,-0.13053986113895927
KLKB1,3.9425651009978093,0.624086360058473,-0.13090901312985392
TAF9,22.991744201284238,20.988417856741258,-0.1311648292271546
TMEM205,25.168953703877044,23.316091307770158,-0.13120223628512262
SERPINI1,5.435535503678604,2.2264702575059037,-0.13127487920741154
DYRK1B,6.933186064361532,3.828854154953334,-0.13136786244662035
MROH6,4.170020779901529,0.8770943438659621,-0.13144935321412743
CACNA1C,12.112248909523185,9.36691780051726,-0.13151592103216253
FEM1A,8.28668775857873,5.279433262116271,-0.1315841694901574
CTDP1,15.45107362824569,12.93714157202294,-0.1316091536607031
MCFD2,31.23537450624333,29.80996289216237,-0.1317542826033824
NOP9,7.005260497594398,3.9131901495558306,-0.1317662820787242
CCT2,46.430911507572496,46.05307545260317,-0.1318753180517005
RSF1,57.71383641911751,58.11312268076014,-0.13192596536293655
ZNF668,7.71664451391879,4.68345890025863,-0.13230887077947195
ZNF726,4.0108954078289685,0.7252895535814685,-0.13244590210117269
SPIN2A,3.6486511784637847,0.3429663780501518,-0.13271000423591028
FAM184A,7.70447610311324,4.677836500618464,-0.13271164513633438
ZFY-AS1,3.962221764606773,0.6803103564601373,-0.13283011543724044
PLXNA3,8.6171069135294,5.656134038007422,-0.1328689496333484
ZNF548,6.325701555684519,3.2103901945350275,-0.13304874235134634
ADAM19,16.899114514105996,14.511413471269538,-0.1330610898721855
GSKIP,12.590561057341295,9.906668165973237,-0.13307251314603658
CNFN,3.6580114944680533,0.35983357697065105,-0.13308440162774793
FCRLB,3.6926446636838457,0.39919037445181604,-0.1332121157838818
CACNB3,6.705730385457813,3.6208253682671763,-0.13328129054510895
ZNF740,8.15096317651684,5.166985269312943,-0.13336335134537425
SLC35G2,10.715689761686354,7.910716293714157,-0.13350341507859154
DNAAF2,16.00333227249752,13.566850331721577,-0.13376173329418647
SLC14A2,4.043656513843907,0.7871359496232991,-0.1339096534840274
SENP8,4.272048224348054,1.0345215337906217,-0.13408869597778605
REC8,4.701686728943969,1.4955583042842686,-0.13418917529065633
DDX41,14.00396877398581,11.441583267738672,-0.13439673520138506
STT3B,47.39596008761256,47.13257618351513,-0.1344973131704208
WEE1,18.425782054402156,16.170021365118632,-0.13452940974208308
KBTBD4,8.388715203025255,5.442482851681098,-0.13453023327666136
BTBD6,10.11194937941105,7.286629933655685,-0.13465926768979308
TMEM8B,4.834603216204579,1.6473630945687618,-0.13472077029836582
HAP1,3.9266525637905536,0.6803103564601373,-0.13490402500869325
ZNF836,7.376865042963851,4.368604520409311,-0.1349437875642775
HCN3,3.7553587809124434,0.5003935679748116,-0.13507646416121977
RDH5,4.6754778441320175,1.4843135050039358,-0.1351038771397205
RUNX2,34.092142950746016,32.92477229281457,-0.13511004473140764
NEIL3,3.9219724057884195,0.6803103564601373,-0.1351769078470424
NBN,28.53117921261022,26.993140672438997,-0.13575875415597832
FAM124A,8.472022015463242,5.554930844484426,-0.1358073392109539
LDLRAD4,22.41702079862216,20.45991229056561,-0.1358430656289618
WNT3,3.905123836980737,0.6746879568199707,-0.13585256504225374
ZNF195,12.747814366213003,10.125941751939727,-0.13586576966847447
CHCHD10,22.084729580470636,20.105701113235128,-0.13589432271249177
FOXP4,8.454237415055132,5.538063645563927,-0.13592413092814437
LIN7B,6.896680831944886,3.8738333520746653,-0.13595011676850544
ZFR2,3.941629069397383,0.7196671539413021,-0.13617784708589342
DCP1A,39.2861823015145,38.4965703362195,-0.13622520437130414
ABHD13,14.566523765842335,12.076914427077478,-0.13625569361334586
ERV3-1,8.121946196903608,5.189474867873608,-0.13628210903451965
GLRX2,19.132485912724416,16.962779714382098,-0.13657176537256083
ZNF703,10.124117790216598,7.337231530417182,-0.136710261515693
ARHGAP33,3.6271224516539675,0.39356797481164957,-0.13672575449792335
RRP9,15.540932661886666,13.128303159788599,-0.136798317941141
P2RY1,4.330082183574517,1.1525919262341167,-0.13714609026200886
MRPS17,11.494468053241476,8.810300236140785,-0.1371710744325546
BAHD1,10.01085796656495,7.224783537613853,-0.13717960574683447
FAM83A,3.506374375198907,0.27549758236815475,-0.13732499024757805
CASP7,14.486961079806054,12.015068031035646,-0.13752077061398169
SYP,4.672669749330737,1.5292927021252671,-0.1377213750254923
EPCAM,4.347866783982627,1.1863263240751152,-0.1379494616133542
TNFAIP1,16.727820731227887,14.421455077026875,-0.13814106539023638
PTCH2,4.716663234550798,1.5855166985269316,-0.13822348657346406
COL4A3,4.210270138719883,1.051388732711121,-0.13861091251252977
PDRG1,13.250463335642213,10.716293714157201,-0.13876386022854087
FAM104A,20.907201827133683,18.902507590239516,-0.13891334595222307
FAM110C,4.261751876743359,1.1188575283931181,-0.13928985356483348
UHRF2,32.40728606997772,31.20431800292365,-0.13949123354641013
FBXO2,6.362206788101165,3.3678173844596877,-0.13950844485189184
ZNF599,3.931332721792688,0.7702687507027999,-0.13953867853586888
REPS2,9.658910084804463,6.893061958844035,-0.13960385484281157
PCGF1,9.221783327405134,6.426402788710221,-0.13963326704845447
ZNF100,12.245165396783795,9.659282581805915,-0.13971554161100436
MIER3,11.022708126626354,8.354885865287304,-0.13983326168767124
PBDC1,19.002377520265085,16.889688519059934,-0.14017053498167598
SUGT1,34.20446674279724,33.1384234791409,-0.14021625547915106
FAM50B,4.798097983787933,1.7092094906105926,-0.14022318768878672
GGACT,3.6186981672501264,0.4497919712133138,-0.1402841538354045
PSMA3,49.16412378081884,49.128528055774204,-0.14028813995222422
ZNF229,3.33414456072037,0.146182390644327,-0.14031249517338162
IDH3G,19.833573581444107,17.783650061846394,-0.14047518552328442
CAMKK1,6.591534530205739,3.637692567187676,-0.14085979486936184
PDF,3.503566280397626,0.33734397840998537,-0.1408626512018859
WRAP53,6.657992773836045,3.722028561790172,-0.14158567390748444
ST14,7.609936911470132,4.745305296300461,-0.14190453074512877
ZNF354B,10.405863301945073,7.736421904868998,-0.1420599072690953
LMAN2,37.591029073141506,36.792983245249076,-0.14212689849921112
IRGQ,11.870752756613063,9.30507140447543,-0.1422227442396758
TM2D2,15.482898702660203,13.167659957269763,-0.14232911229658632
BST1,4.380627889997566,1.30439671651861,-0.14248042322466192
FAM47E,3.4174513731583573,0.27549758236815475,-0.14250976417620997
POLR3D,16.792406911657338,14.57325986731137,-0.1426567498378422
HARBI1,4.1082426942733585,1.0176543348701226,-0.14271943225146744
MAPK8IP2,3.3687777299361628,0.23051838524682333,-0.14289397751227806
GPLD1,3.6523953048654927,0.5341279658158102,-0.14292021274197064
ZBTB45,6.870471947132935,3.9750365455976615,-0.14299923907447532
SLC22A17,5.428983282475616,2.4344990441920613,-0.14300559302637605
ERGIC1,38.83314300690791,38.13673675924885,-0.14301011766139493
PRKAB1,7.9749892356365955,5.15574047003261,-0.1430103040216083
ALDH1A1,9.94907988093678,7.269762734735186,-0.14323542739580425
NUDT7,3.6626916524701874,0.5509951647363095,-0.14324003356613868
C9orf64,6.132879045996593,3.1935229956145283,-0.14337135222279185
ZNF510,6.3481663140947635,3.4240413808613512,-0.14339430359539174
ZNF624,4.404964711608664,1.3493759136399415,-0.14351520064800916
TMX1,30.042870247299547,28.752951759811086,-0.14362127751980813
TCP11L1,15.612071063519103,13.330709546834587,-0.14369245562066565
DNAJC27-AS1,4.427429470018908,1.3774879118407737,-0.14373896813816012
MESP1,3.4548926371754307,0.3429663780501518,-0.14400735374356144
ZNF25,6.899488926746167,4.025638142359159,-0.14406785468231886
FBXL19-AS1,3.59997753524159,0.5116383672551444,-0.1447496164400991
ESPL1,4.391860269202688,1.3606207129202745,-0.144892714641077
KBTBD2,30.17204260815845,28.921623749016078,-0.14529134186673276
ARAF,12.78993578823221,10.345215337906218,-0.1453719440142992
RIOK3,37.38229402624633,36.62993365568424,-0.1454025634270648
POLR2J2,4.1522361794934195,1.1188575283931181,-0.1456753119822014
TLK2,40.89054046464609,40.38569661531541,-0.14573923106126419
GNL2,26.704045528577048,25.22770718542674,-0.14598181307402974
EME1,3.2733025066926262,0.18553918812549197,-0.14600701923183645
CDC25A,3.5073104067993333,0.43854717193298104,-0.1461653233424215
PRPF4,17.20519684744557,15.079275834926348,-0.14619337555153128
ZNF502,3.779695602523541,0.730911953221635,-0.14623303533846133
ABLIM2,8.845498624033548,6.1452828067019,-0.1462369961094544
THG1L,10.449856787165135,7.860114696952659,-0.14624267109121042
PIK3R1,44.35292135462493,44.102102777465426,-0.1466031033513675
ARHGEF25,3.1665949042439676,0.08433599460249634,-0.14670776953497988
LRRC36,3.7862478237265287,0.7477791521421343,-0.14677116243330868
AP1AR,20.091918303161915,18.177218036658047,-0.1468825244455866
RNF25,8.583409775914035,5.881030023614079,-0.14710254698327307
ZNF665,4.337570436377932,1.3437535139997752,-0.14713799249739012
ZNF772,3.3425688451242115,0.2811199820083211,-0.14718261061264026
FANCG,4.972199861467323,2.0240638704599125,-0.14724832338153793
MOCS3,4.187805380309639,1.1863263240751152,-0.14728205468489208
MOB4,29.422281296216564,28.156977397953447,-0.14729311346329238
ATXN7,29.627272216710036,28.376250983919938,-0.1473029650345702
PEBP1,41.378212928468464,40.936691780051724,-0.14736349954413108
DAGLB,14.907239268397701,12.644776790734285,-0.1473686462889086
DCUN1D1,25.506861111631128,23.973912065669627,-0.14738645502921938
ARMC7,6.897616863545314,4.0874845384009895,-0.14755093906895655
CDKL2,3.8452178145534193,0.8264927471044643,-0.14762693298994456
DNM1P35,3.243349495478967,0.18553918812549197,-0.14775346939727052
IQCC,3.33695265552165,0.2867423816484876,-0.14781679104150458
BATF2,3.2236928318700038,0.16867198920499268,-0.14797941424980066
PUS3,7.647378175487204,4.897110086584954,-0.14800293565515898
CASP1,13.933766403953799,11.621500056223995,-0.14830505050766996
ZNF418,3.5438156392159796,0.5172607668953109,-0.14833093152313304
SMPDL3A,9.924743059325683,7.337231530417182,-0.14833507042936278
HNRNPA2B1,86.2365913473239,88.90138311031149,-0.1484731164292401
PPM1A,31.6144673044162,30.52400764646351,-0.14860434259846034
ZDHHC16,11.676058183724281,9.215113010232766,-0.14866713394947195
UTP18,29.017915644832172,27.752164623861464,-0.1487862770517902
CIC,17.723758354082033,15.68649499606432,-0.14908382752974692
TMEM154,8.143474923713425,5.45372765096143,-0.14944273605184255
PDE9A,7.506037403822753,4.773417294501294,-0.14949613487070434
SLC35E4,10.517251062395866,7.9950522883166535,-0.14967446276727103
ZNF630,4.1082426942733585,1.1469695265939504,-0.14977401577690908
CCNH,60.19525619184903,61.092994490048355,-0.1498056265782699
METAP2,43.84465619559316,43.61857640841111,-0.14986017163138032
SCYL1,24.200160997435276,22.624536152029687,-0.14996229801340694
MIER2,11.800550386581051,9.372540200157427,-0.14999663908905503
ARRDC4,6.65050452103263,3.868210952434499,-0.14999703304282053
IPO5,35.16670722803602,34.34723940177668,-0.15005656382632238
OTUD7A,11.844543871801113,9.423141796918925,-0.15019202961418143
CNTD1,4.950671134657506,2.057798268300911,-0.1503439105750154
KLF7,23.276297807813993,21.64623861464073,-0.15045991232843084
PIK3C2B,12.99118258232398,10.654447318115372,-0.15050763822178065
IL24,7.145665237658423,4.407961317890476,-0.15057124693863788
PLCB2,3.541943576015126,0.5566175643764759,-0.15058713181838979
IER5L,12.077615740307394,9.68177218036658,-0.1507116313152817
PRPS2,14.953104816818616,12.757224783537612,-0.1508288149299935
SP4,13.05857685755471,10.7331609130777,-0.15087221966938819
EML6,6.487635022558362,3.7107837625098394,-0.15090516717769975
TRIM45,3.3781380459404313,0.3879455751714832,-0.15093640047524792
ZNF185,3.982814459816163,1.0345215337906217,-0.15095285538775782
CRIP2,19.504090458093863,17.626222871921737,-0.15109794870339008
CNKSR1,3.6879645056817116,0.7252895535814685,-0.15127481794725772
RPF1,22.73620757436771,21.083998650624086,-0.1512784895893831
AMZ2,19.548083943313927,17.676824468683233,-0.1512933392285163
B3GALNT1,3.8105846453376264,0.8602271449454628,-0.1514865921307993
AP3B2,3.6308665780556755,0.6690655571798043,-0.15153677834666324
FRG1,28.383286219742775,27.12807826380299,-0.1517431563960957
LMCD1,16.20925922459142,14.117845496457887,-0.1518135486456664
FAM186B,3.3865623303442725,0.4160575733723153,-0.1519788164804462
PDP1,15.327517456989348,13.178904756550095,-0.15200226457546562
OCEL1,7.593088342662448,4.913977285505454,-0.15208853964854396
MIEF2,3.99872699702342,1.0738783312717868,-0.15217210089728805
SKA1,3.14506617743415,0.16304958956482626,-0.15225712491121945
KDM5C,25.090327049441193,23.619700888339143,-0.15234960320303212
ESYT2,55.36907726004829,55.98223321713708,-0.1523929997174509
SPR,8.340041559803058,5.717980434049252,-0.15239754491491075
TMCO6,5.066739053110433,2.220847857865737,-0.15247132584647216
TP53INP1,10.316004268304098,7.832002698751827,-0.1525135151537671
TPPP3,4.023063818634517,1.1076127291127853,-0.15259343627494493
TCN2,8.46078963625812,5.8529180254132465,-0.15271847223379187
PYGO2,7.160641743265253,4.4641853142921395,-0.15276523208437387
PBLD,4.029616039837505,1.1188575283931181,-0.15282484234694682
CNKSR2,5.240840930789823,2.4232542449117283,-0.15336204108231755
CNDP1,3.7094932324915284,0.7871359496232991,-0.15339348814215015
PDK1,12.524102813710991,10.210277746542225,-0.15351038468423878
PNPO,5.458936293689274,2.6650174294388846,-0.15383470479759898
ESRP2,3.196547915457626,0.2473855841673226,-0.1538562290320591
ARPP21,3.153490461837992,0.20802878668615765,-0.15421970398495333
NUDT17,4.056760956249883,1.1750815247947826,-0.15430933211297493
MAP3K7CL,4.892637175431043,2.0690430675812435,-0.15434109981623412
SMIM10,3.8826590785704926,0.9951647363094569,-0.1546455009685107
SGK2,3.1403860194320163,0.20240638704599126,-0.15467705490948536
U2AF2,29.24256322893461,28.10075340155178,-0.1547046042274433
FBXO27,4.026807945036224,1.1525919262341167,-0.15482889818702783
PPM1L,13.683845966639835,11.47531766557967,-0.1549022474815322
PHEX,4.566898178482505,1.7316990891712583,-0.1549304839946113
MCU,25.127768313458258,23.709659282581804,-0.15507407686176466
DHCR7,7.440515191792875,4.807151692342291,-0.15515682074466264
ZNF383,9.112267630155193,6.5950747779152135,-0.15522035615118124
MZT1,18.643877417301606,16.782862925896772,-0.1552456609651535
ATF1,28.809180597936983,27.650961430338466,-0.1554358732309432
PNPLA6,16.50223711552502,14.500168671989206,-0.15558811251849508
ZNF92,10.172791433438793,7.7420443045091645,-0.15595619364172364
SPAG5,4.443342007226164,1.61925109636793,-0.15600017047012082
NACC1,13.574330269389895,11.37973687169684,-0.15607344851053023
EMC4,26.367074152423385,25.053412796581583,-0.15612102572695818
SLC43A1,5.9700095475223245,3.255369391656359,-0.15624160624863703
ZNF419,5.519778347717019,2.777465422242213,-0.15642164835596684
C12orf60,4.424621375217627,1.6080062970875968,-0.15647825977782637
C9orf40,6.60931913061385,3.946924547396829,-0.15669249634012627
TIGD6,3.6308665780556755,0.7646463510626336,-0.15675103573503313
TEP1,11.557182170470075,9.237602608793432,-0.1568252421349191
C1GALT1C1,10.482617893180073,8.090633082199483,-0.15690805315942397
MED16,10.53129153640227,8.146857078601148,-0.15713728186904663
GPANK1,15.361214594604714,13.31384234791409,-0.1573988126876393
ELOVL1,21.090664020817343,19.442257955695492,-0.1576615568820877
SLC12A5,3.9098039949828705,1.0795007309119533,-0.15766359584876566
BAK1,11.616152161296965,9.316316203755763,-0.1576810126915551
TP73,3.135705861429882,0.25300798380748907,-0.1577104269534424
KDM2A,56.64020817342793,57.438434723940176,-0.15771876573877597
DNAJB7,2.998109216167138,0.11244799280332846,-0.1580651568297723
LBX2,3.296703296703297,0.43292477229281456,-0.158138330045284
CISD2,28.215736563266375,27.06623186776116,-0.15813843075769368
BIK,5.190295224366775,2.456988642752727,-0.15814950187355903
CCR10,3.959413669805493,1.1469695265939504,-0.15845169003640902
MPP4,3.265814253889211,0.4104351737321489,-0.1587124726870065
MMEL1,3.191867757455492,0.331721578769819,-0.15872992721308765
UPF1,20.614223936200084,18.95310918700101,-0.15875630083848166
ZSCAN20,3.5513038920193947,0.7196671539413021,-0.15893627580420489
E2F8,2.9878128685624428,0.11807039244349489,-0.15897222009698553
ZNF19,3.4979500907950656,0.663443157539638,-0.1589799299329313
RC3H1,50.09453919164311,50.46665917013381,-0.15903863512561012
TNKS1BP1,16.958084504932884,15.051163836725514,-0.1590679843021352
ZNF32,9.91631877492184,7.52839311818284,-0.15925477431513113
PPM1N,4.044592545444335,1.2594175193972788,-0.1596196428353619
ZNF610,3.831177340547017,1.0345215337906217,-0.15979425935026736
PRSS21,2.9999812793679914,0.146182390644327,-0.1597963298315046
ACVR1C,3.967837954209334,1.1807039244349489,-0.15980082706445253
VWCE,5.209015856375311,2.5075902395142244,-0.15981845972577047
DPYSL2,31.434749237134245,30.540874845384007,-0.1600032066596
EPN1,25.81107138176985,24.530529630046104,-0.16001445179821422
GORASP2,32.932399797817176,32.14325874283144,-0.16009618989880892
SLC22A1,4.5781305576876274,1.8385246823344203,-0.16010326461663416
SLC46A1,3.5363273864125655,0.7252895535814685,-0.16011622190976726
SMAD3,31.67905348484565,30.805127628471833,-0.16017461057150795
KANSL1-AS1,4.250519497538237,1.489935904644102,-0.16018835988466007
ZNF202,5.932568283505251,3.289103789497357,-0.16026499509250125
TDRKH,4.1597244322968345,1.394355110761273,-0.1602680295602621
KIAA0513,7.393713611771534,4.8521308894636235,-0.16033941731091572
ZNF695,2.968156204953479,0.1236927920836613,-0.16042504904089683
DUSP15,3.506374375198907,0.7027999550208028,-0.16063578798382017
RBMXL1,10.941273377389221,8.652873046216126,-0.16083763728574513
LPCAT4,9.168429526180804,6.758124367480041,-0.1608406717535058
ARSK,10.183087781043488,7.84324749803216,-0.16087682980857082
CCNE1,4.511672314057322,1.782300685932756,-0.16091099069273784
NEK2,2.974708426156467,0.14055999100416056,-0.16096317613574396
CHADL,3.573768650429639,0.7815135499831328,-0.1610003694314277
AUNIP,4.23460696033098,1.489935904644102,-0.16111616153504693
SAPCD2,3.1909317258550645,0.3767007758911503,-0.1612382719635198
PLCH1,3.4642529531796993,0.6690655571798043,-0.1612514073918898
TMEM198,3.0327423853829307,0.20802878668615765,-0.1612600812143592
DNAH17,6.524140254975008,3.9413021477566623,-0.16135224297523376
MGST1,16.95995656813374,15.096143033846845,-0.16141259934955768
PCTP,7.6352097646816555,5.138873271112111,-0.1619014350172141
ZNF287,3.5101185016006142,0.730911953221635,-0.16195108682736703
IFRD2,23.220135911788383,21.79804340492522,-0.1620159740054422
KLHL14,3.0495909541906134,0.2417631845271562,-0.16211802913337425
QRICH2,4.017447629031956,1.2762847183177781,-0.1621225263663224
TMEM150A,8.6554842091469,6.2352412009445635,-0.1622235757119509
ITPKB,41.217215493195056,41.03789497357472,-0.1622716475945536
MROH8,5.028361757492933,2.3614078488698977,-0.16237699069206657
FAM3B,3.4979500907950656,0.730911953221635,-0.1626605822070748
GPATCH11,12.72441357620233,10.59260092207354,-0.16268802875637883
ID1,10.90289608177172,8.647250646575959,-0.16276855553736214
HESX1,3.243349495478967,0.46103677049364666,-0.1627827995166895
ZNF491,3.095456502611528,0.30360958056898685,-0.1628177085688518
SUDS3,27.80107456427729,26.712020690430677,-0.16299242579616702
AK5,3.434299941966041,0.6690655571798043,-0.16299785755732366
C12orf75,13.242039051238368,11.154840886090184,-0.16317928911950202
RHBDL1,3.0252541325795157,0.23614078488698978,-0.163230298869944
CDK11B,31.215717842634366,30.36658045653885,-0.1632657717861321
EPB41L4A,13.370275380496846,11.306645676374677,-0.16398376696556044
BPGM,10.958121946196904,8.731586641178454,-0.1641493533875225
TMEM170B,6.695434037853118,4.177442932643652,-0.16424701405116038
NLRC4,4.067993335455005,1.3718655122006072,-0.16438964910052245
TSEN54,15.981803545687704,14.106600697177555,-0.16446221254373988
MEIOB,2.9821966789598817,0.21365118632632407,-0.1645139368913744
PRDX2,24.855383117734053,23.59158889013831,-0.16451471657392872
IDH3A,23.413894453076736,22.051051388732713,-0.16452107052582943
ARL1,22.466630473444784,21.04464185314292,-0.1648494939183718
DUSP11,18.69629518692551,17.01900371078376,-0.165071656135146
KIF20A,2.868936855308235,0.11244799280332846,-0.1655967231682064
ZNF829,4.772825130576408,2.1477566625435736,-0.16562099479780412
TBC1D8,28.02010595877717,26.998763072079164,-0.16586428112654084
TCEAL1,8.176236029728363,5.791071629371416,-0.16593581755411657
ARPC4,30.885298687683697,30.062970875969864,-0.16596836493992995
CACYBP,34.3149184716476,33.72877544135837,-0.16598192789286892
DAZAP1,34.909298537918644,34.369729000337344,-0.16629200402690103
TRADD,17.74903120729356,16.029461374114472,-0.16632024259622455
MARVELD2,3.4193234363592118,0.7140447543011358,-0.16632485082280324
MED22,6.144111425201714,3.632070167547509,-0.1666406731926865
SLC25A35,3.1871875994533574,0.47228156977397956,-0.166670835622569
ALS2CL,3.833985435348297,1.1638367255144495,-0.16668511317269963
YY2,3.2096523578636016,0.5003935679748116,-0.16689460311271997
MTMR8,4.724151487354213,2.119644664342742,-0.1669253712024079
SART3,22.65102869872887,21.280782638029912,-0.16698019304692127
LRRIQ3,3.0701836494000037,0.35983357697065105,-0.16735848612438953
SLC22A18AS,3.2367972742759794,0.5397503654559767,-0.1674589298102125
SART1,21.65321901267387,20.223771505678624,-0.16749526188802594
ACTA2,8.33348933860007,5.9878556167772405,-0.1675021899851733
CLCC1,13.012711309133795,10.991791296525356,-0.16765563853609233
THTPA,2.958795888949211,0.2473855841673226,-0.1677186772201913
SH2D3A,4.868300353819945,2.288316653547734,-0.16772221046661573
TAS2R14,3.0879682498081134,0.3879455751714832,-0.1678551364528894
GDPGP1,3.4193234363592118,0.7421567525019679,-0.16785845593702964
CHRNA5,5.575940243742629,3.047340604970201,-0.1678696633923521
LCTL,3.0308703221820767,0.331721578769819,-0.16811709685229503
CD200,8.984967332497146,6.696277971438209,-0.1681637477654908
KMO,7.798079263155924,5.431238052400764,-0.16835460543062197
CNN3,29.901529475635098,29.05656134038007,-0.16842527447159505
BDNF,3.0552071437931745,0.3654559766108175,-0.16853843222995168
APEX1,32.12647658984967,31.440458787810638,-0.16874648680685567
NMNAT3,4.8355392478050065,2.277071854267401,-0.16901894828936848
DOK1,8.052679858472022,5.717980434049252,-0.16915255118954287
EPPK1,3.402474867551528,0.7590239514224671,-0.16976099722362192
GPR146,4.36471535279031,1.7879230855729227,-0.1697862328397436
VEGFB,28.609805867046074,27.70156302709997,-0.16982117135022062
ZNF470,4.169084748301103,1.5798942988867648,-0.16984405763745847
ST6GALNAC1,3.0992006290132355,0.43854717193298104,-0.16996070684645936
KBTBD3,5.798715764644215,3.3284605869785224,-0.17021649142920137
OCIAD2,10.790572289720501,8.664117845496458,-0.17023790672627537
IGIP,4.240223149933541,1.6642302934892612,-0.17029705383723215
TTC9C,20.188329558005876,18.711346002473856,-0.17039963514589862
ENPP1,5.715408952206227,3.2441245923760262,-0.17047299060913523
ZNF845,5.541307074526836,3.0585854042505343,-0.17050243844182567
USP39,21.483797292996613,20.100078713594964,-0.1706257581336656
PRMT5-AS1,3.8246251193440295,1.236927920836613,-0.17121825214638642
PHKG2,13.492895520152763,11.5708984594625,-0.17125012467454365
ZNF484,6.502611528165191,4.1043517373214895,-0.1715024136941531
PFDN4,22.725911226763014,21.443832227594736,-0.17150897729584968
DVL1,14.271673811707883,12.408636005847296,-0.17154385277720854
WDR55,14.755602149128555,12.925896772742608,-0.1715461013936826
SLC39A13,14.577756145047458,12.740357584617115,-0.17179385549705217
SYTL2,25.487204448022165,24.401214438322278,-0.1718433606865275
SV2A,4.13445157908531,1.5798942988867648,-0.17186339064124145
SACS,24.09719752138832,22.91690093331834,-0.17191521364504153
PCDHGA10,3.549431828818541,0.9558079388282918,-0.17192771189904665
B3GAT1,3.1113690398187845,0.4891487686944788,-0.17201170067235938
ZNF530,3.506374375198907,0.9164511413471269,-0.1722911868519411
FAAH,3.574704682030065,0.9895423366692904,-0.17229447070903348
APOBEC3B,2.7959263904749423,0.15742718992465984,-0.17230746362921412
SNX21,11.654529456914466,9.625548183964916,-0.1723130296735837
PITPNB,51.73165846078963,52.46261104239289,-0.17247018138118753
CAPN2,43.53763783065317,43.70853480265377,-0.1726688221926027
ELK4,23.03480165490387,21.79804340492522,-0.1728221344040649
GFOD1,17.71252597487691,16.113797368716966,-0.17304954407802647
ZKSCAN2,3.9388209745961023,1.394355110761273,-0.1731480995303376
ZMYND12,2.885785424115918,0.2698751827279883,-0.17320253358981785
NEURL2,3.577512776831346,1.0120319352299563,-0.17335762509740515
MEN1,7.331935526143363,5.026425278308782,-0.17344982248532714
CALCOCO1,16.786790722054775,15.135499831328012,-0.17365631152839012
SHKBP1,14.01894527959264,12.178117620600473,-0.17370396411140085
USP35,4.949735103057079,2.485100640953559,-0.17370928487892712
MMAA,5.07329127431342,2.6200382323175533,-0.17386648249479897
CDKL1,14.879158320384898,13.105813561227933,-0.1741570671923166
SLC29A2,2.967220173353052,0.3767007758911503,-0.1742820716366048
THNSL1,3.0655034913978696,0.4835263690543124,-0.17437923146533507
OTUD4,32.002920418593334,31.412346789609806,-0.1744169886250443
TMEM248,36.14205215568077,35.83717530642078,-0.17446885136838008
CCZ1,21.74401407791527,20.44866749128528,-0.17447017573786588
RUSC1,12.752494524215138,10.839986506240864,-0.17454645673147717
SRRM5,3.0879682498081134,0.5116383672551444,-0.17460299895548592
KCTD14,2.902633992923601,0.3148543798493197,-0.1746739235545236
ULK1,18.12625194226557,16.586078938490946,-0.17469126708697413
CMPK2,2.99155699496415,0.4104351737321489,-0.17470340701426135
CHRNA6,2.874553044910796,0.2867423816484876,-0.1747776154703914
ARHGAP26,36.50336035344553,36.23074328123243,-0.17487276784700279
ZNF563,4.593107063294457,2.125267063982908,-0.1748728116990267
ZNF837,2.941011288541101,0.35983357697065105,-0.1748900524628234
HSD17B10,21.585824737443136,20.29124030136062,-0.17510542703439586
PODNL1,2.9503716045453694,0.3767007758911503,-0.17526444985466128
ZNF225,3.664563715671041,1.1413471269537838,-0.1753365878295543
PDE1A,5.010577157084823,2.580681434836388,-0.17537606536875927
ZDHHC23,4.103562536271225,1.6136286967277633,-0.1755047435114171
STAC3,3.0982645974128085,0.5397503654559767,-0.17553626182534465
CDHR1,2.7697175056629915,0.1911615877656584,-0.17567593366104028
ZNF14,8.786528633206657,6.623186776116047,-0.17574660681450205
DNAH7,4.280472508751895,1.8104126841335881,-0.17592500802140776
ANKRD42,9.508208997135743,7.399077926459012,-0.17599557429372714
HK2,16.926259430518375,15.332283818733835,-0.17625963874517306
PPP2R2C,2.87923320291293,0.3204767794894861,-0.176345058769114
NAA30,13.815826422300018,12.00944563139548,-0.17634544861039114
ZNF182,5.5881086545481775,3.2160125941751936,-0.17636179869800317
NGFR,4.050208735046895,1.5742718992465983,-0.17646856070867922
SNX11,8.517887563884157,6.353311593388058,-0.17668747263916407
PER2,9.859220847295806,7.787023501630495,-0.17669311199387278
ZNF134,6.40245614691952,4.0931069380411556,-0.17672866438913226
FAM53C,19.622030439747647,18.222197233779376,-0.17673372959859418
KCNIP2,2.908250182526162,0.35983357697065105,-0.17680023233126674
C6orf47,12.339704588426907,10.440796131789048,-0.1768375304518484
RFESD,3.9116760581837244,1.4337119082424379,-0.17687786715267906
EPB41L2,31.826946477713086,31.271786798605643,-0.1770093577758366
ABAT,6.301364734073422,3.9919037445181607,-0.17710195528625672
C5,4.569706273283787,2.142134262903407,-0.17715738895930788
DGKH,35.75734316790535,35.47734172945013,-0.17726967521857417
SMAD6,3.328528371117809,0.8208703474642978,-0.1774464773208353
PLEKHN1,3.905123836980737,1.4393343078826042,-0.17756662414921287
LYPD5,3.6186981672501264,1.1357247273136175,-0.17770411862252977
DLK2,2.986876836962016,0.46103677049364666,-0.17773677905821805
TMEM254-AS1,3.123537450624333,0.6072191611379737,-0.1777433467724029
TARDBP,32.31836306793717,31.817159563701786,-0.1781085989651786
UBL4A,12.369657599640565,10.497020128190712,-0.17815829051486737
GRHL1,5.198719508770616,2.833689418643877,-0.17820862129516513
CCDC13,2.873617013310369,0.35421117733048463,-0.1785128443122046
LRP5L,8.1565793661194,6.00472281569774,-0.17873732434330347
MRPL10,12.995862740326114,11.177330484650849,-0.1787598105080434
MIIP,12.627066289757943,10.7837625098392,-0.17879250657077894
CDH26,3.1244734822247597,0.6297087596986394,-0.17891565429611422
IMPG2,3.234925211075126,0.7534015517823006,-0.17922348181367287
ZFP28,4.328210120373663,1.9228606769369168,-0.1792760235271531
IFITM10,3.8358574985491507,1.3999775104014394,-0.1794582429968623
RANBP6,7.139113016455435,4.930844484425953,-0.17947833803693858
GPN1,13.248591272441356,11.464072866299336,-0.17966690940230412
TMEM145,2.706067356833967,0.19678398740582478,-0.17969386128543308
ARIH2OS,3.509182470000187,1.0570111323512874,-0.17979548272006385
NIPAL4,3.9612857330063465,1.5405375014055998,-0.17981300850023973
SFT2D3,6.160023962408971,3.8907005509951644,-0.17982203859318302
UFSP1,3.1338337982290283,0.6578207578994715,-0.1799034937336429
WDR47,15.310668888181663,13.67367592488474,-0.1799760928039078
ANGPT1,3.7946721081303703,1.3662431125604408,-0.180019285837262
C1orf174,11.732220079749894,9.850444169571574,-0.1800520154708009
EBLN2,6.223674111237995,3.963791746317328,-0.18009820528862464
KATNA1,17.648875826047888,16.1756437647588,-0.18013468193087193
SCNN1D,2.692962914427991,0.1911615877656584,-0.1801512122099651
WDR44,21.38645000655222,20.173169908917128,-0.1802890944683149
MARVELD3,3.0149577849748206,0.5397503654559767,-0.1803935763479576
MSR1,10.195256191849037,8.214325874283144,-0.18041092193665237
CCDC113,3.0776719022034182,0.6072191611379737,-0.18041759858822382
EGR2,3.9294606585918337,1.5180479028449343,-0.18044172770963207
ACTR8,11.172473182694647,9.260092207354099,-0.18048309553859287
ZNF335,16.851376902484226,15.332283818733835,-0.1806257641587581
ITPR1,24.445401276747102,23.451028899134148,-0.1807512276421738
ZNF883,2.7509968736544548,0.26425278308782185,-0.18075483831142547
DDA1,18.663534080910573,17.272011694591253,-0.18078428203162752
ZNF503,13.87947657112904,12.161250421679973,-0.18091570962566703
LPL,8.093865248890802,5.9822332171370745,-0.1811670702857998
RBBP9,6.208697605631166,3.969414145957495,-0.1812781513941869
SMPD2,7.35908044255574,5.200719667153941,-0.18137545373110664
TOMM40L,5.710728794204092,3.4409085797818513,-0.1814811092470695
CDK20,3.1796993466499432,0.7365343528618014,-0.18152333623765593
DUSP28,5.235224741187262,2.934892612166873,-0.1816011135672576
CORO1B,20.793942003482037,19.56595074777915,-0.1817101913360142
ZBTB5,9.024280659715073,6.9886427527268635,-0.1818210251113137
ZFP3,3.0935844394106744,0.652198358259305,-0.18194356512059928
NUP62,21.309695415317222,20.12256831215563,-0.18200388381163166
STK11,20.57771870378344,19.341054762172497,-0.1820485375539293
KCNC4,6.332253776887507,4.115596536601822,-0.18204879105574923
ITSN2,47.52045229046933,48.138985719104916,-0.18214169275964243
NPR2,3.941629069397383,1.5630270999662657,-0.18218600051268685
OSGIN1,4.688582286537994,2.3614078488698977,-0.18218828475620819
SGPP1,16.001460209296667,14.455189474867874,-0.18233280803908183
PRICKLE3,8.343785686204766,6.274597998425728,-0.18254461990591497
KCNK12,2.729468146844637,0.27549758236815475,-0.18262354141352144
MTMR11,3.668307842072748,1.2819071179579444,-0.18278630713000743
ZNF662,2.736956399648052,0.2867423816484876,-0.18280037091785373
ACAD8,8.648931987943913,6.606319577195547,-0.18284919919342857
EFNA4,7.10541587884007,4.9589564826267845,-0.18297669958727825
CD22,3.3809461407417114,0.9782975373889576,-0.18297837817099405
ZNF184,5.383117734054702,3.1204318002923648,-0.18309980962932204
PRDM2,43.24559597131999,43.59046441021028,-0.18325556982583335
HS3ST1,4.280472508751895,1.9453502754975822,-0.18328631256969463
HORMAD1,3.3388247187225044,0.9389407399077926,-0.18328727655621846
PARS2,3.058951270194882,0.6409535589789722,-0.1833494560786918
CRNKL1,15.961210850478313,14.43269987630721,-0.18345271635750265
MYD88,10.626766759645806,8.731586641178454,-0.18346945834263578
C16orf86,3.5587921448228097,1.1807039244349489,-0.18365078713616
APOBEC3F,3.6879645056817116,1.3212639154391093,-0.18378724636885835
CCNB1IP1,25.418874141191004,24.5473968289666,-0.1838021967204012
CPNE8,30.07375929011363,29.523220510513887,-0.18384103091650905
TMEM165,57.40588202257708,58.73720904081862,-0.18392768966213158
RBFOX3,3.6776681580770165,1.315641515798943,-0.18408086759038111
KCTD9,23.487840949510456,22.48959856066569,-0.18413376146184662
AGMAT,2.6976430724301252,0.2698751827279883,-0.18417242369145004
CNNM4,11.266076342737332,9.428764196559092,-0.18422706945697032
ZNF487,6.524140254975008,4.362982120769144,-0.18435631968863042
C17orf97,3.409027088754516,1.0345215337906217,-0.18440829136935233
TRMT6,15.508171555871728,13.966040706173393,-0.18440993021353225
FAM24B,4.376883763595859,2.0690430675812435,-0.18441278860230037
GCA,11.680738341726418,9.878556167772405,-0.18458733180686698
WDR5B,3.274238538293053,0.8939615427864613,-0.18459929154267318
RGP1,7.619297227474399,5.538063645563927,-0.18460642928961646
SMIM1,3.2049721998614675,0.8208703474642978,-0.1846505842532502
RNF175,7.190594754478911,5.082649274710446,-0.1847580944319216
ZNF667-AS1,9.62427691558867,7.685820308107501,-0.18487085206778042
ZNF660,3.0449107961884794,0.6578207578994715,-0.18508826766227482
TRIM21,4.412452964412079,2.119644664342742,-0.18509936823645512
LINC01001,3.0655034913978696,0.6803103564601373,-0.1851144672649201
FMNL2,52.801542580077495,53.84009895423366,-0.18523581513168885
RANGAP1,25.066926259430517,24.198808051276284,-0.18530628274784253
WDR45,23.59922870996125,22.63015855166985,-0.18530717548027123
ZCCHC8,23.49907332871558,22.52333295850669,-0.18531916878688057
PIKFYVE,36.55390605986858,36.47812886539975,-0.18542135819802585
FGFBP3,3.1057528502162235,0.730911953221635,-0.1855281640607258
TRIM58,2.9372671621393938,0.5509951647363095,-0.18553687351024262
KLHL17,5.567515959338787,3.3621949848195207,-0.18553722978071652
ETV7,3.967837954209334,1.658607893849095,-0.185872114006302
AKTIP,9.211486979800439,7.264140335095018,-0.18593504169677055
SYS1,14.560907576239773,12.98212076914427,-0.18596523769745626
TIGD5,6.511971844169459,4.379849319689644,-0.185985978136874
KCNK7,2.749124810453601,0.35983357697065105,-0.1860782488351349
MAPRE3,9.924743059325683,8.034409085797819,-0.1863684772621787
MPV17L,4.3946683640039685,2.125267063982908,-0.18644304404502676
NME4,21.6438586966696,20.56111548408861,-0.1864442889354415
SYT17,2.952243667746223,0.584729562577308,-0.18650397456459733
SEPHS1,14.135949229645991,12.537951197571124,-0.186512038614773
SS18L2,28.24381751127918,27.61722703249747,-0.1865597939664378
RBPMS2,4.002471123425127,1.7148318902507589,-0.1869199912309718
DCLRE1A,2.847408128498418,0.4835263690543124,-0.1870955717324011
SNHG18,4.507928187655615,2.260204655346902,-0.18720058390526662
ADO,6.911657337551716,4.829641290902957,-0.18721946556948743
KAT7,18.827339610985266,17.56999887552007,-0.18748959690021078
SPEF2,5.43366344047775,3.255369391656359,-0.18751397952343907
SLAMF7,5.75846640582586,3.603958169346677,-0.18759261395842253
TPM2,14.280098096111724,12.712245586416282,-0.1876155989018259
STYX,12.027070033884343,10.305858540425053,-0.18770479950527869
METTL4,11.326918396765075,9.55807938828292,-0.18773417608387433
ATMIN,12.281670629200441,10.581356122793208,-0.1878893032185091
TWF1,20.183649400003745,19.031822781963342,-0.18815561628642893
RAPGEF1,43.93732332403542,44.42257955695491,-0.1883181976989452
RASSF7,7.385289327367691,5.358146857078601,-0.18843549847602015
TENM1,6.149727614804275,4.042505341279658,-0.1887038484543737
TRIM69,10.344085216316904,8.529180254132465,-0.18890962495648855
IGFBP3,10.88511148136361,9.108287417069604,-0.18895663419640218
ACSM3,3.4174513731583573,1.130102327673451,-0.1891313596486941
RSAD2,2.9953011213658574,0.6803103564601373,-0.18920770984015567
TLR3,2.8268154332890276,0.5003935679748116,-0.1892164192896727
EXO5,3.345376939925492,1.0570111323512874,-0.18934638206228094
SETD9,9.560626766759645,7.702687507028,-0.1895022217378634
KHK,2.974708426156467,0.6690655571798043,-0.1897949522832012
RAMP2-AS1,3.6561394312671998,1.3999775104014394,-0.18993694398946614
LMAN1,45.69799876443829,46.339817834251654,-0.19025154270227285
NEFH,2.7013871988318323,0.3879455751714832,-0.19039525890052167
SEMA3A,9.675758653612146,7.84324749803216,-0.19045732948560873
USP21,5.955033041915495,3.868210952434499,-0.1905474228214905
RPUSD4,10.93565718778666,9.192623411672102,-0.1906103148849117
CACFD1,3.509182470000187,1.2594175193972788,-0.1908374395424942
RAB3B,3.698260853286407,1.4674463060834364,-0.1911616507184679
GATM,5.795907669842934,3.7107837625098394,-0.19123725068569053
LCAT,4.007151281427261,1.7991678848532553,-0.19124792373530197
KAT8,19.867270719059476,18.75070279995502,-0.19126644501656082
MSS51,3.0832880918059793,0.8208703474642978,-0.1917455380503259
C14orf119,23.49252110751259,22.635780951310018,-0.19183562521747508
EPOR,7.0717187412247045,5.0938940739907785,-0.19230276057167828
CABLES2,3.908867963382444,1.7148318902507589,-0.19237764799795287
PPP6R3,60.31881236310538,62.00944563139548,-0.1925970463696367
LCA5,5.572196117340921,3.497132576183515,-0.19262565149065447
COMMD3,15.775876593593798,14.410210277746543,-0.19303199266474436
THAP9,4.4330456596214685,2.288316653547734,-0.19310031443307818
LMTK3,4.1541082426942735,1.9903294726189138,-0.19310791738788147
ZNF174,3.616826104049273,1.4168447093219385,-0.19314932290013387
PGBD2,6.227418237639703,4.2111773304846505,-0.1933756240231379
RAPGEF2,48.16912218956512,49.03856966153154,-0.19339549501970899
BBS12,3.191867757455492,0.9726751377487911,-0.1936961238174506
NANP,5.464552483291836,3.407174181940852,-0.1939944204071582
WFDC1,2.8867214557163448,0.652198358259305,-0.1940049865756276
ZNF324B,3.279854727895614,1.0738783312717868,-0.19408690486770352
LDHAL6A,2.9204185933317106,0.69155515574047,-0.19418727729943153
ADPRM,8.43738884624745,6.589452378275047,-0.1942633404182702
ZNF620,3.6552033996667723,1.4786911053637692,-0.19428561487696994
CD151,34.72864443903626,34.69020577982683,-0.19430837988935679
HUS1,14.297882696519833,12.858427977060611,-0.1945533907100771
IFIT5,5.765018627028849,3.738895760710671,-0.1945718825330207
MTFR2,2.992493026564577,0.7815135499831328,-0.19489241795438073
KCTD20,44.46618117827658,45.11413471269538,-0.19520912277547242
NR2C2AP,11.982140517063856,10.395816934667716,-0.19523201111895422
NFATC2,24.642903944437165,23.928932868548298,-0.1953068588056932
LDLRAD2,2.9850047737611622,0.7815135499831328,-0.19532903049573913
E2F7,6.36407885130202,4.396716518610143,-0.19552923889724005
RHBDD2,20.02265196473033,18.998088384122344,-0.19570245978856485
IKZF4,5.055506673905311,3.00236140784887,-0.19576046683400505
DOCK4,38.963251399367245,39.244349488361635,-0.19584801625581294
ZNF880,7.8261602111687285,5.965366018216574,-0.19585580557083004
TBCC,14.598348840256847,13.207016754750928,-0.19605101590447535
ORMDL3,7.764382125540559,5.903519622174745,-0.19608392778573935
MEA1,20.124679409176853,19.11615877656584,-0.19619475539230655
MASTL,10.74377070969916,9.091420218149105,-0.19627753284600785
TNK1,3.172211093846528,1.0007871359496232,-0.19637583685274296
CAHM,3.228372989872138,1.062633531991454,-0.1964751740438525
LRRFIP1,72.38613175580808,74.98032160125942,-0.19660133567450755
GALM,17.57680139281502,16.400539750365457,-0.19660591855525905
AIFM2,11.914746241833123,10.350837737546385,-0.19670775580841848
ASAH2B,2.8455360652975643,0.6578207578994715,-0.19671307657594472
GSR,16.596776307168128,15.36039581693467,-0.19700419567917352
SULT1C4,2.721043862440796,0.5341279658158102,-0.19722389757343306
SRP54,40.45341370724675,40.86360058472957,-0.19729777510491653
MEX3C,16.38055300746953,15.135499831328012,-0.19734254189708839
CASP8,22.491903326656306,21.67435061284156,-0.1977286811499595
ZAP70,6.5391167605818366,4.627234903856966,-0.19789898267964212
MIEN1,19.150270513132522,18.109749240976047,-0.1981058992472735
LINC01023,2.898889866521894,0.7421567525019679,-0.1982030275614447
LTK,2.792182264073235,0.6297087596986394,-0.19829033581889732
ATP1B2,3.549431828818541,1.4393343078826042,-0.19830571986374146
ENO3,3.740382275305614,1.6473630945687618,-0.19852077790437583
RCC1,18.837635958589964,17.783650061846394,-0.19854465352396367
SLC4A7,49.84274669112829,50.92207354098729,-0.19856413467925793
PSMC6,37.10897279892169,37.31586641178455,-0.19875888597377533
LSM1,21.92186008199637,21.083998650624086,-0.19876010346211906
SZRD1,30.362057023045097,30.107950073091196,-0.19893043445011716
ZNF582,3.3575453507310407,1.248172720116946,-0.19906540145931295
BEND6,3.058951270194882,0.9333183402676262,-0.1992989492666467
PGS1,20.86040024711234,19.9595187225908,-0.19930572663062784
VPS37C,15.294756350974408,14.011019903294727,-0.1993071558250119
MTHFD2L,23.705936312409907,23.001236927920836,-0.19932903427370188
CA2,9.722560233633487,8.056898684358483,-0.19938389997023914
KDM8,2.997173184566711,0.8714719442257955,-0.19952707148155613
KIF17,3.628058483254395,1.5461599010457663,-0.1995489876135378
PLEKHO2,15.856375311230508,14.6182390644327,-0.19968708569041602
AGFG1,42.178519946833404,42.75272686382548,-0.19977142456547026
CCSER1,14.808019918752457,13.499381536039582,-0.1997753579343926
KLRG1,4.4405339124248835,2.4232542449117283,-0.20002500644000654
ZNF264,13.341258400883612,11.936354436073318,-0.20002839512199716
NDUFC1,28.38890240934534,28.022039806589454,-0.20018433962247761
C1S,23.080667203324783,22.354660969301698,-0.20051326384992796
SNX16,10.423647902353183,8.827167435061284,-0.20052683091535495
IL6R,28.083756107606195,27.707185426740132,-0.2007999234034999
LZTS2,17.5515285396035,16.451141347126956,-0.2008399750879515
FNDC3B,58.87732369844806,60.62071292027438,-0.20088486793836013
BTNL9,3.0786079338038452,0.9839199370291241,-0.20091333055118843
ZNF527,3.3304004343186624,1.2537951197571122,-0.20095484294458288
SYNJ1,16.955276410131606,15.821432587428314,-0.20125249413494906
ZBTB44,23.496265233914297,22.815697739795347,-0.20143239167784532
IL13RA1,22.480670947451188,21.730574609243224,-0.20145081019044986
SGTA,20.962427691558865,20.111323512875295,-0.20163834837144126
CHDH,3.75348671771159,1.7204542898909256,-0.20174407925398719
WNT10A,2.9316509725368327,0.8489823456651299,-0.20212054712706184
PTPRB,9.330362993054646,7.691442707747667,-0.20231461533894646
ZFP37,3.509182470000187,1.4730687057236027,-0.20249283841061516
PASK,6.57374992979763,4.750927695940628,-0.20262751217845554
EGR3,7.229908081696839,5.45372765096143,-0.20270946609757867
DLG3,4.053952861448602,2.0634206679410774,-0.20293498342554006
DDTL,3.4586367635771387,1.4280895086022716,-0.20298620488202257
PIAS3,8.832394181627572,7.174181940852356,-0.20313101523751964
DLGAP1-AS2,5.570324054140068,3.6882941639491733,-0.2031633194027339
NAAA,9.571859145964767,7.966940290115822,-0.20326319099955437
NBEAL2,10.313196173502817,8.759698639379287,-0.20328621362624927
RHEBL1,3.4642529531796993,1.4449567075227707,-0.20357890854453964
ZNF211,4.458318512832993,2.5075902395142244,-0.20358886699695933
EIF2A,36.29462530655035,36.534352861801416,-0.20360627767101636
ASRGL1,9.229271580208549,7.60710671314517,-0.20360806930460684
MED12L,6.921953685156411,5.144495670752277,-0.20379550060445595
ZNF830,14.02736956399648,12.740357584617115,-0.20388487728690147
LCMT2,3.058015238594455,1.0176543348701226,-0.20395434117699596
LBX2-AS1,2.850216223299699,0.7983807489036321,-0.2041082193087278
FKBP7,8.026470973660071,6.330821994827391,-0.20411328657443406
RALGDS,24.366774622311247,23.799617676824468,-0.20435236274284607
ALDH3B1,4.2898328247561635,2.344540649949398,-0.20451773951501195
PAIP2B,3.5868730928356145,1.5967614978072642,-0.20471084579661725
GALNT12,3.4183874047587848,1.4168447093219385,-0.20471955524613394
NRAS,14.896006889192579,13.684920724165073,-0.20476695432732475
EPHB6,4.445214070427018,2.5188350387945575,-0.2049663809900274
NAIF1,4.311361551565981,2.378275047790397,-0.2051028045956781
NOMO2,6.582174214201471,4.812774091982458,-0.20551025432072534
ZNF543,3.062695396596589,1.051388732711121,-0.20552178447571878
SIX5,6.00089859033641,4.194310131564151,-0.20566299033069657
LIG4,6.486698990957934,4.717193298099629,-0.2058628068346764
SLC47A1,2.9775165209577477,0.9670527381086248,-0.2058874367909923
CRYGS,2.8324316228915887,0.8152479478241313,-0.20606533716299014
NRXN2,2.79967051687665,0.7815135499831328,-0.20613519089436183
LPAR2,5.402774397663665,3.564601371865512,-0.2061846625130338
ZNF682,4.660501338525188,2.777465422242213,-0.2065229374768538
SRPK1,43.498324503435235,44.287641965590915,-0.20655330338779998
TBC1D25,10.545332010408671,9.068930619588441,-0.20662088110062682
C8orf58,5.000280809480128,3.1429213988530305,-0.20664850989765615
LLGL2,7.349720126551472,5.656134038007422,-0.20676562225827333
BCORL1,12.34719284123032,10.997413696165523,-0.2067662991721736
ELF3,2.8726809817099426,0.8714719442257955,-0.2067857549816411
TEX14,7.7269408615234845,6.060946812099404,-0.20685517913219997
IGF1,5.5384989797255555,3.722028561790172,-0.20685924884057916
PPP1R3D,4.847707658610554,2.9854942089283707,-0.20695630178816715
ZNF511,13.805530074695321,12.56044079613179,-0.20700445109359755
ZNF284,2.979388584158601,0.9895423366692904,-0.20700516774703348
C11orf71,4.389052174401408,2.496345440233892,-0.20701409095883472
CNOT3,13.936574498755078,12.706623186776117,-0.20733847821380144
TEX30,15.085085272478798,13.937928707972564,-0.20754493368606095
RELL2,4.7690810041747005,2.912403013606207,-0.20755336017544268
PSMG2,35.051575341183515,35.28055774204431,-0.20768517144202725
ZNF57,4.3871801112005535,2.5075902395142244,-0.20773668613986507
ZBTB14,4.644588801317933,2.783087821882379,-0.207757460150086
CACTIN,7.038021603609337,5.3412796581581015,-0.20776324201298424
ASB6,9.25828855982178,7.719554705948499,-0.20805061616374843
MRPL44,18.45199093921411,17.547509276959406,-0.20814791644442399
N4BP1,37.005073291274314,37.37771280782638,-0.20819081623642255
PAOX,3.137577924630736,1.1807039244349489,-0.20821024258757526
BBIP1,14.626429788269652,13.460024738558415,-0.2082161649024189
PTPMT1,12.016773686279649,10.67131451703587,-0.20824200823459038
NLE1,7.1634498380665335,5.487462048802429,-0.2084247285392069
STK24,50.86582923039482,52.19835825930507,-0.208537618402034
DNAJC21,30.454724151487355,30.38344765545935,-0.2085566843702248
TCEAL8,17.245446206263924,16.26560215900146,-0.20856471896208523
OLFML2A,3.6514592732650653,1.7373214888114248,-0.2086130881985323
ZNF583,4.656757212123481,2.8168222197233783,-0.2088882909074503
RALA,44.615946234344875,45.530192286067695,-0.20917422763885374
ARHGEF19,4.2954490143587245,2.4401214438322274,-0.2094045374973632
EML5,4.278600445551041,2.4232542449117283,-0.20946675264688386
TRPM2,3.797480202931651,1.9116158776565837,-0.2096074953502456
ZNF865,7.931931782016961,6.330821994827391,-0.20962551990908507
APAF1,14.270737780107456,13.105813561227933,-0.2096318361776942
LAT,5.880150513881349,4.138086135162487,-0.2096361573316493
CSTF2T,7.05487017241702,5.403126054199933,-0.21015479504622592
PLLP,3.834921466948724,1.9622174744180816,-0.2101849218490609
PROCA1,2.9719003313551866,1.0401439334307883,-0.21020226949399967
FRS3,2.9812606473594547,1.0570111323512874,-0.21057666688583754
RYR1,4.071737461856713,2.2264702575059037,-0.21079293830232704
LAMB3,12.488533612894772,11.222309681772181,-0.2107940783678437
BRICD5,2.7453806840518937,0.809625548183965,-0.21083423693343717
CLEC12A,3.434299941966041,1.5461599010457663,-0.21084633712118872
VKORC1,29.41011288541101,29.309569324187564,-0.21088041852628442
AP4B1-AS1,2.873617013310369,0.9558079388282918,-0.21133199375665057
ZNF672,10.071700020592695,8.65849544585629,-0.21184598967384533
C21orf62,2.9372671621393938,1.0345215337906217,-0.21191488147493742
ARHGEF39,3.1581706198401256,1.2706623186776116,-0.21191709446436435
AP2A2,30.788887432839733,30.805127628471833,-0.2120769264254988
BRPF1,8.509463279480316,6.99426515236703,-0.21214485835255537
ZNF784,2.7790778216672596,0.8714719442257955,-0.21224341174862216
SIGIRR,14.80708388715203,13.729899921286403,-0.21240549643871912
WEE2-AS1,4.1578523690959805,2.350163049589565,-0.21251975657930078
SPTAN1,41.32298706404328,42.07241650736535,-0.21254116365139852
TBXA2R,3.0196379429769546,1.1357247273136175,-0.2126331219312093
EHBP1L1,24.15429544901436,23.726526481502304,-0.21275387030690437
LLGL1,4.529456914465432,2.7549758236815474,-0.2129367728592465
MAP2K2,36.69337476833218,37.135949623299226,-0.21317580928812296
MTSS1,34.13145627796395,34.39784099853818,-0.2131787368747411
LSMEM1,3.3678416983357358,1.5180479028449343,-0.21318766831151914
SNX17,20.124679409176853,19.43101315641516,-0.21337113267164268
AK8,2.9279068461351256,1.0570111323512874,-0.21368753124301665
SUV39H1,3.6411629256603706,1.8272798830540875,-0.21412096680842485
ARMC5,5.6760956249882994,4.003148543798493,-0.21417254453538126
SLC7A11,19.085684332703075,18.34026762622287,-0.21444724435314722
ATG4A,6.302300765673849,4.677836500618464,-0.21446734350571217
MIF4GD,7.621169290675253,6.094681209940402,-0.21486265741596045
CLIC4,48.32356740363555,49.60080962554819,-0.21506246363871928
ALG10,2.897953834921467,1.051388732711121,-0.21512726038560548
LSM3,24.059756257371248,23.670302485100642,-0.21519889341310264
P2RY11,4.51541644045903,2.783087821882379,-0.21528902648852
STXBP5-AS1,4.474231050040249,2.7437310244012143,-0.2155433483060747
DCK,8.676076904356291,7.2360283368941865,-0.21561923328967636
ASNS,3.4249396259617724,1.6248734960080964,-0.21568619711772108
TMEM25,3.107624913417077,1.2875295175981107,-0.2157843921870698
ZNF669,6.750659902278302,5.183852468233442,-0.2159300596479483
KRTCAP2,31.73240728606998,31.884628359383786,-0.21595418260062416
DEDD,17.463541569163375,16.636680535252445,-0.21609196620280827
PHOSPHO2,2.706067356833967,0.8658495445856291,-0.21619366300402243
GOLPH3,38.29211674186121,38.901383110311485,-0.21626943288150535
GFER,10.462025197970684,9.158889013831104,-0.21638573198876465
MAP4K2,7.357208379354888,5.841673226132913,-0.21645080347080925
ZEB2-AS1,3.242413463878541,1.4449567075227707,-0.21651355508228498
ZDHHC6,16.293502068629838,15.394130214775666,-0.2165273297412639
BEGAIN,4.24677537113653,2.5188350387945575,-0.21653661333602747
CHMP1A,20.537469344965086,19.93140672438997,-0.2166010373624864
GPR157,11.234251268322819,9.991004160575734,-0.21675477504227292
C14orf132,4.999344777879701,3.3284605869785224,-0.21682488021922053
LIN7C,14.10974034483404,13.066456763746768,-0.21687195865698483
ZNF415,2.7098114832356743,0.8827167435061284,-0.2168955198018787
KLHL11,4.191549506711347,2.4682334420330596,-0.21699614162293868
PRRG2,2.8211992436864666,1.0064095355897897,-0.21714877075176742
SPTSSA,24.60827077522137,24.30001124479928,-0.2175697793172653
PAQR7,5.311043300821836,3.6770493646688407,-0.21766758660158114
ASIP,5.809948143849336,4.2111773304846505,-0.21771677320387395
PSAP,61.212722541512996,63.426290340717415,-0.21777012200197943
CPNE1,39.80755190295224,40.548746204880246,-0.2177792295177503
SHB,10.116629537413182,8.815922635780952,-0.2178145030653626
ZNF888,3.101072692214089,1.3212639154391093,-0.21800675429783034
ARAP1,18.845124211393376,18.149106038457212,-0.21804490746754912
RIC8A,17.519703465188986,16.73788372877544,-0.2183383505538347
CCDC62,4.1615964954976885,2.4626110423928935,-0.2184358707655275
KLHL3,4.0661212722541515,2.3614078488698977,-0.218481702256633
ABHD15,3.884531141771346,2.1702462611042392,-0.21864104160783637
RIMKLA,2.70513132523354,0.9164511413471269,-0.2190087287772996
COL8A1,2.8380478124941497,1.062633531991454,-0.21923360276216386
DNAH6,3.036486511784638,1.2762847183177781,-0.21931876928428484
GNB1L,7.720388640320497,6.285842797706061,-0.2195060560197002
DRAXIN,3.526967070408297,1.8047902844934218,-0.21955242397276076
ZNF71,6.749723870677875,5.25132126391544,-0.21966528848976152
C5orf24,28.28593893329839,28.269425390756776,-0.2196834870713496
ECD,20.87537675271917,20.358709097042617,-0.22020969416992642
MYH3,2.805286706479211,1.051388732711121,-0.22053034058491672
GSPT2,3.597169440440309,1.900371078376251,-0.22067343878589485
NDC80,7.423666622985192,5.993478016417407,-0.22085733478307545
UBTD1,16.246700488608496,15.427864612616665,-0.2210964842618262
SIK1,4.754104498567871,3.154166198133363,-0.22161558924050706
ERLEC1,27.555834284965457,27.52726863825481,-0.22176603483822488
TSR2,18.52312934084655,17.87360845608906,-0.22178991662654512
RELL1,34.246588164816444,34.6789609805465,-0.22180187019361897
BLOC1S4,15.04015575565831,14.151579894298887,-0.2218200078023329
ZNF350,8.298856169384278,6.949285955245699,-0.22197081789550066
SLPI,5.024617631091226,3.452153379062184,-0.2220991753947319
SURF6,17.38491491472752,16.664792533453276,-0.2222100030012989
GOLGA6L9,3.717917516895371,2.057798268300911,-0.22222125019615713
FABP5,24.748675515285395,24.53615202968627,-0.22226557712629583
BRD4,58.7041578523691,60.82874170696053,-0.22233021080255044
EZH2,29.353950989385403,29.461374114472054,-0.2224364802032956
C18orf54,3.2199487054682967,1.5349151017654334,-0.22273092907188508
BBS10,3.3144878971114067,1.636118295288429,-0.22273967414844942
PLS1,3.0495909541906134,1.354998313280108,-0.22284879165674143
ERCC1,30.919931856899492,31.14809400652198,-0.2231461893452874
FBXO5,5.4374075668794575,3.9131901495558306,-0.22318203292565875
SPCS1,37.860606174064436,38.56966153154166,-0.22333269022941626
TMC8,6.208697605631166,4.745305296300461,-0.22360565254683684
GNAI3,40.966359024280656,41.898122118520185,-0.22382648422539275
FAM13A-AS1,4.2551996555403715,2.6650174294388846,-0.2240201708209767
SNHG9,16.36651253346313,15.613403800742157,-0.22423247735398488
LRRC37A,3.5250950072074434,1.8891262790959182,-0.22426239245077983
ZNF232,4.757848624969578,3.2103901945350275,-0.22446449319828066
BCO2,3.483909616788663,1.849769481614753,-0.22451671426833453
FKBPL,5.807140049048056,4.334870122568312,-0.22462836540947984
YWHAG,39.66433906808694,40.52625660631958,-0.22490256027984978
HMOX2,31.43006907913211,31.727201169459125,-0.22499422531830526
KDM5D,6.944418443566655,5.560553244124592,-0.2251830186709317
PLD2,8.506655184679035,7.2304059372540195,-0.22519087101506696
GPKOW,9.196510474193609,7.972562689755988,-0.2254551156579941
LENG1,10.274818877885318,9.125154615990104,-0.2254607193856552
NCEH1,11.669505962521294,10.620712920274373,-0.22572942563448295
SAYSD1,8.677948967557144,7.427189924659845,-0.22593859493107665
BLNK,2.7070033884343934,1.0457663330709548,-0.22595415916740158
GRK5,24.79266900050546,24.654222422129767,-0.22614161992556564
TLR6,3.013085721773967,1.3774879118407737,-0.22620416188724557
FIZ1,4.551921672875676,3.0248510064095355,-0.22634954433174492
NTN4,4.871108448621225,3.3678173844596877,-0.22644891714990167
TXK,6.570005803395923,5.183852468233442,-0.22646333720822198
USP7,31.945822490967295,32.30630833239626,-0.22651480188530349
ZSCAN22,3.0786079338038452,1.4562015068031036,-0.22667789647019276
SIRT4,2.898889866521894,1.2650399190374453,-0.2267280826860566
DOK4,4.7269595821554935,3.22163499381536,-0.22687896197707513
NXF1,24.77956455809948,24.654222422129767,-0.22690569187294318
POMK,8.17717206132879,6.909929157764534,-0.22691872453265927
EGFL7,7.8299043375704365,6.53885078151355,-0.2269230436303702
DDX43,3.788119886927382,2.220847857865737,-0.2270229172834347
LARP4B,43.598479884680906,44.771168334645225,-0.2270916186118248
ELOVL4,2.8277514648894546,1.197571123355448,-0.22719524955481873
GDE1,16.825168017672276,16.158776565838302,-0.22724189841177045
PDLIM5,46.78847557893555,48.19520971550658,-0.22788777890588796
LEAP2,3.3416328135237845,1.7598110873720905,-0.22790481618862124
CHRNB1,6.080461276372691,4.689081299898796,-0.22801543208914787
PSMB2,37.05374693449651,37.79377038119869,-0.22805019040814378
ZSCAN16,3.438044068367748,1.8722590801754189,-0.22841785017553629
FBXO45,8.44019694104873,7.219161137973687,-0.22845236527393298
MEGF11,3.5915532508377486,2.0409310693804117,-0.22866892376304582
BAG2,7.703540071512814,6.437647587990554,-0.22876990185457957
CCNJ,5.130389201939457,3.6882941639491733,-0.2288143062075454
WIZ,9.67482262201172,8.551669852693129,-0.229158754931785
ELP5,18.825467547784413,18.334645226582705,-0.22931280914250968
PIPOX,2.8548963813018324,1.2706623186776116,-0.22959990238938321
DDX18,43.87460920680682,45.11413471269538,-0.22970151354279356
KCND3,3.2143325158657357,1.658607893849095,-0.22980625098050034
POFUT2,12.572776456933186,11.66085685370516,-0.22980642705949317
TAB3,17.438268715951853,16.861576520859103,-0.22983437444370464
TTTY14,9.1019712825505,7.955695490835489,-0.23004718592410905
LRRTM2,2.7126195780369544,1.130102327673451,-0.23022751510406225
BCL2A1,13.107250500776907,12.239964016642304,-0.23023547227309551
ZBTB11-AS1,3.4427242263698825,1.9116158776565837,-0.23029201449710424
UBASH3B,14.505681711814592,13.741144720566739,-0.2305925932740891
NCBP2,27.10934721156186,27.212414258405488,-0.23062268033738859
UBAC2-AS1,2.97377239455604,1.4168447093219385,-0.23064342488929446
HINFP,10.147518580227269,9.08579781850894,-0.23073608542883267
ZNF646,5.807140049048056,4.447318115371641,-0.23076278586638566
PIP5K1C,16.64732201359118,16.040706173394806,-0.2311703047892835
GEMIN4,6.3977759889173855,5.0882716743506125,-0.2312911682710974
CCDC102A,6.1553438044068365,4.829641290902957,-0.23131733224669526
SDF4,40.358874515603645,41.38648375126504,-0.23133506356417888
DPY19L1,21.681299960686673,21.42696502867424,-0.23149626374682358
GLRX,32.47842447161016,32.9697514899359,-0.231653815576925
EBF4,8.640507703540072,7.4946587203418416,-0.23180230991201245
SF3A3,28.308403691708634,28.516810974924095,-0.23186937445246658
PALM,6.678585469045435,5.403126054199933,-0.23209457524949006
CHST14,5.222120298781287,3.851343753514,-0.23236071223841714
BRMS1,17.237021921860084,16.69290453165411,-0.2323667058073556
ARL6IP5,40.51238369807365,41.58326773867086,-0.2331197422659148
ZNF649,5.207143793174458,3.856966153154166,-0.2335406583439794
SRP68,23.318419229833196,23.214888114247163,-0.23357913215712522
ZNF747,3.4820375535878094,2.018441470819746,-0.2338274980890328
MRPL30,7.482636613812082,6.297087596986393,-0.23398194625352275
BEND3,3.9144841529850045,2.4907230405937253,-0.23437768974458406
DGAT2,3.4895258063912236,2.0465534690205778,-0.2349244906619007
RBBP7,34.74549300784395,35.45485213088946,-0.23504006077825912
CNIH4,38.03564408334425,38.98571910491398,-0.2358242277657132
SNX33,7.242076492502387,6.077814011019903,-0.23604600425369804
IQCA1,4.667053559728177,3.3284605869785224,-0.23619956174200352
CHP1,32.279049740719245,32.840436298212076,-0.23622404096515326
MED18,4.0108954078289685,2.631283031597886,-0.23642432884572562
NR1D2,23.7162326600146,23.692792083661306,-0.23645537783930462
FCHSD1,7.331935526143363,6.190262003823232,-0.236941074214302
CCDC47,43.214706928505905,44.55189474867874,-0.23750589146548196
CAMKK2,15.959338787277458,15.422242212976498,-0.2375447695136131
PLCB3,8.340977591403485,7.281007534015519,-0.23761141269823127
EFEMP2,6.488571054158789,5.301922860676937,-0.23765264007524656
ACTR1B,18.30316191474624,17.929832452490725,-0.23768262025740394
PCF11,32.947376303424,33.588215450354205,-0.23805026768733106
CEP19,4.115730947076774,2.777465422242213,-0.23828649986068418
TLCD2,4.1166669786772,2.783087821882379,-0.23853864431585992
ADAM9,31.852219330924612,32.441245923760256,-0.23933376320057154
SLC39A7,28.383286219742775,28.741706960530756,-0.23977208995269372
CPXM1,4.711983076548664,3.4465309794220174,-0.24002102797360358
ZNF570,4.6277402325102495,3.356572585179354,-0.24002538269836216
CACNB4,7.365632663758729,6.285842797706061,-0.24019057516655873
PLXDC1,3.8059044873354924,2.485100640953559,-0.24040185057143693
ZNF256,2.968156204953479,1.5911390981670979,-0.24047923600351717
SHF,6.743171649474887,5.628022039806589,-0.24059763299408454
CDKN2C,5.845517344665556,4.672214100978297,-0.24079398750573489
GPRIN3,14.481344890203493,13.904194310131565,-0.2409064936960177
PPP2R5B,7.407754085777936,6.347689193747892,-0.24110856087271548
TOX4,29.564558099481435,30.02923647812887,-0.24113557578496292
FXR1,52.45521088791958,54.49791971213314,-0.2413155048424176
RUSC1-AS1,3.6617556208697604,2.350163049589565,-0.24144533744430097
BICD2,22.320609543778197,22.292814573259868,-0.2414555055465168
TRIM3,5.838029091862141,4.677836500618464,-0.24153732106993875
DUSP14,17.1050414661999,16.72663892949511,-0.2419023279858708
CCDC97,12.908811801486419,12.24558641628247,-0.24211242564194083
ZFAND2B,13.204597787221298,12.566063195771957,-0.24234932856046185
SMCR8,7.94129209802123,6.943663555605532,-0.24251234572252345
LIMK2,21.328416047325756,21.25267063982908,-0.24256327805013866
MEGF6,5.178126813561225,3.9919037445181607,-0.24259383649003063
VIM-AS1,5.487953273302507,4.323625323287979,-0.24262553293919498
PRCD,3.503566280397626,2.203980658945238,-0.24269403078652174
TBC1D10A,24.379879064717226,24.51928483076577,-0.2428485817196655
CHN2,4.099818409869517,2.84493421792421,-0.24289495378521464
CMYA5,4.165340621899396,2.9180254132463737,-0.2430619673453165
ZNF764,3.984686523017017,2.726863825480715,-0.24316673012885026
SH3BP5-AS1,6.377183293707995,5.285055661756437,-0.24322708855941844
RSPH9,2.9559877941479304,1.6304958956482627,-0.24333577854314192
DUSP3,18.73186438774173,18.492072416507366,-0.243358654549159
CCDC3,7.721324671920924,6.7243899696390415,-0.24337571923396284
RHOQ,42.92172903757231,44.35511076127291,-0.24385312134654713
GLUD2,2.8614486025048205,1.5405375014055998,-0.2439404755122685
CLIP2,24.386431285920214,24.55301922860677,-0.24430687188304873
ADAP2,4.092330157066103,2.8730462161250423,-0.24486517144079945
PLEKHG5,3.8283692457457366,2.591926234116721,-0.24491971238142196
NDST2,5.461744388490556,4.346114921848645,-0.2453805609253309
B9D2,3.94537319579909,2.726863825480715,-0.2454589459709825
SOAT1,32.45034352359736,33.19464747554256,-0.2455599535208306
RIC3,3.674860063275736,2.445743843472394,-0.24589552288529348
TPRN,7.240204429301533,6.257730799505229,-0.24597023012008712
CBX6,24.160847670217347,24.34499044192061,-0.24611114684619756
ELOF1,17.938109590579778,17.699314067243897,-0.24639191971197333
RAB32,22.303760974970515,22.36590576858203,-0.2464252570615621
YAF2,34.92895520152761,35.85966490498145,-0.24642696715983692
PINLYP,3.196547915457626,1.9453502754975822,-0.24648597793133642
GCC1,6.580302151000618,5.566175643764758,-0.24672002451733366
VCPIP1,18.609244248085815,18.42460362082537,-0.2468275326397609
EPHA4,6.656120710635191,5.650511638367255,-0.2469001378787583
CFL2,9.38839695228111,8.57978185089396,-0.2473927897529738
BACH1,51.44616882265945,53.53086697402452,-0.24739302886108527
ZNF93,6.358462661699458,5.3525244574384345,-0.24799927218695805
CACNA1A,4.632420390512384,3.5083773754638483,-0.24803396747683593
ZNF436,3.585937061235187,2.395142246710896,-0.24831980760831784
ANO7,2.862384634105247,1.6304958956482627,-0.248793435310123
PTPRU,4.24677537113653,3.1148094006521982,-0.2490490417576281
WSB2,19.054795289888986,18.94186438772068,-0.24906742053069725
CWC25,25.301870191137652,25.621275160238387,-0.24920798304257774
NLGN4Y,5.463616451691409,4.419206117170808,-0.24925878108698007
ZNF34,4.709174981747384,3.6152029686270097,-0.2493863883619717
GPR108,17.690061216466667,17.49128528055774,-0.2495060322991978
POLR3E,18.91158245502368,18.806926796356684,-0.2500563308358914
FAM169A,4.428365501619334,3.3284605869785224,-0.25011658649780555
USB1,15.333133646591909,14.983695041043518,-0.25013225350278456
YOD1,7.083887152030252,6.167772405262566,-0.25017698055542104
TMEM171,3.247093621880675,2.0690430675812435,-0.250286705779763
INTS5,5.2502012467940915,4.2111773304846505,-0.25035356067042125
CNBD2,6.152535709605556,5.178230068593276,-0.2504977653661128
FAM161B,3.210588389464028,2.035308669740245,-0.25057486578181387
CCDC181,3.255517906284516,2.085910266501743,-0.25071567973927067
PBXIP1,16.806447385663738,16.56921173957045,-0.2507240644328727
B3GALT6,10.092292715802085,9.395029798718092,-0.2508257591778424
GKAP1,9.723496265233916,9.001461823906444,-0.25085845524057787
PPP1CC,33.563285096504856,34.487799392780836,-0.2512142498158414
ZNF799,3.4034108991519556,2.254582255706736,-0.25129421273279906
ZC3H10,3.5765767452309185,2.4401214438322274,-0.25131934146777846
HES4,13.769960873879104,13.336331946474756,-0.2514058618177002
HTRA1,12.364977441638429,11.835151242550321,-0.2514307767903954
SH3GL1,29.641312690716436,30.30473406049702,-0.2516896273554571
HOMER3,15.276035718965872,14.955583042842685,-0.25192781901641664
RINL,3.181571409850797,2.0296862701000786,-0.2519600183567329
HIC2,6.693561974652264,5.78544922973125,-0.2520783797202527
HMGN4,23.983937697736675,24.26627684695828,-0.25213202381595795
KIAA1191,21.118744968830146,21.20769144270775,-0.25233466102541413
MPV17L2,7.695115787108973,6.864949960643202,-0.2525718886998498
ITGAE,20.19300971600801,20.223771505678624,-0.2526347074529322
GPRC5C,5.084523653518542,4.076239739120656,-0.252652308599691
RUNDC3B,4.136323642286164,3.0642078038907004,-0.25272858753705807
TINF2,12.008349401875808,11.486562464860002,-0.25320774565618553
UBALD1,15.685081528352395,15.422242212976498,-0.253535703840868
LOXL1,3.6420989572607967,2.5525694366355562,-0.2536334021877975
NCOA1,48.54447086133628,50.54537276509614,-0.2537115255066522
ASF1A,11.16311286669038,10.59260092207354,-0.2537217436296244
PSMA1,52.43555422431061,54.7059484988193,-0.2538102906087598
MICA,13.096954153172211,12.667266389294952,-0.2541466122537054
RDH14,14.96901735402587,14.6688406611942,-0.25418616104700525
PHYH,8.302600295785986,7.550882716743507,-0.25457166106926743
ZNF614,3.982814459816163,2.934892612166873,-0.2546245611094655
YDJC,13.470430761742517,13.0777015630271,-0.25476119642115663
ARMCX2,5.441151693281165,4.503542111773305,-0.2551694340537347
BRPF3,10.142838422225134,9.529967390082087,-0.2552399290719595
HPS6,4.547241514873543,3.5533565725851792,-0.25545420331755087
SGPP2,3.741318306906041,2.693129427639717,-0.25551631158592947
UNC119B,6.181552689218788,5.301922860676937,-0.25555375427094495
SLC30A1,10.661399928861599,10.09220735409873,-0.2556766128674128
PHLDA1,40.135162963101635,41.60575733723153,-0.25634098312822995
ZNF805,6.146919520002996,5.279433262116271,-0.25634620318334667
PEF1,19.587397270531852,19.644664342741482,-0.25635348138223546
CIRBP,57.11009603684221,59.76048577532891,-0.2569971112036349
DGCR6,3.042102701387199,1.9734622736984144,-0.25702471671108196
DLGAP1-AS1,7.797143231555498,7.056111548408861,-0.25705155760058007
LMBR1L,20.54308553456765,20.679185876532106,-0.257067473994891
PPP1R35,18.081322425445084,18.053525244574384,-0.25736512929774547
TBPL1,14.976505606829289,14.741931856516361,-0.2577369218026352
THAP5,11.607727876893124,11.14359608680985,-0.2578565342253023
DNAH3,2.759421158058296,1.6923422916900934,-0.2581707890051005
HSPB1,32.34925211075126,33.318340267626226,-0.25820208533176725
PSMD6-AS2,5.967201452721044,5.122006072191612,-0.25823671553628247
EIF3D,45.199093921410785,47.05386258855279,-0.2582944231716342
THAP1,7.559391205047082,6.825593163162037,-0.2583384438520555
SLC38A11,2.992493026564577,1.9453502754975822,-0.25838366968335547
SPATA2,5.71728101540708,4.85775328910379,-0.2583927710303936
RRAS2,19.25229795757905,19.324187563251996,-0.2584087943058464
ZFC3H1,49.35226613250464,51.49555830428427,-0.2584478004684587
ZBTB33,6.026171443547934,5.189474867873608,-0.25847904404722777
ZBTB46,12.369657599640565,11.970088833914314,-0.25851919850033306
NIPSNAP3B,2.7837579796693936,1.7316990891712583,-0.2588988454056025
C6orf120,7.525694067431717,6.803103564601372,-0.2590763161967876
ZNF706,47.50453975326207,49.533340829866184,-0.25913630807566057
NBL1,24.942434056573752,25.424491172832564,-0.2594301492282002
RTN4RL2,3.5840649980343335,2.5975486337568876,-0.2594709175660881
HCAR2,3.7937360765299437,2.8224446193635444,-0.2595146073218618
PLCD3,4.847707658610554,3.9525469470369954,-0.259712317717557
TBX19,8.487934552670499,7.84324749803216,-0.2597149938585997
ZNF250,10.059531609787147,9.52434499044192,-0.25979052257172736
SNAI3,4.471422955238969,3.5533565725851792,-0.25987490529880586
ZNF101,6.109478255985922,5.31316765995727,-0.2603695920272109
MAPK11,3.7815676657243946,2.828067019003711,-0.2605308237244145
EPSTI1,10.550012168410806,10.064095355897896,-0.26063761930589385
DLST,30.49965366830784,31.389857191049142,-0.26084007221138084
NOMO3,5.685455940992568,4.874620488024289,-0.2611685373997029
LDOC1,3.0215100061778086,2.0296862701000786,-0.26129261142827065
LGMN,26.827601699833387,27.482289441133478,-0.2617728363025757
PJA1,8.372802665817998,7.758911503429664,-0.2618270963393072
DYRK2,12.131905573132148,11.784549645788822,-0.2622598529345708
CYB5A,19.435760151262706,19.594062745979983,-0.26243439613913727
NT5C3B,18.739352640545146,18.863150792758347,-0.26316562951558936
ATP6V1C2,3.7450624333077482,2.8393118182840436,-0.26327275190922794
CTH,7.936611940019095,7.320364331496683,-0.263335537091507
SERAC1,8.242694273358667,7.652085910266501,-0.2635855398113505
TRANK1,7.965628919632326,7.3597211289778475,-0.2637907106536597
TRAPPC3,26.91278057547223,27.61722703249747,-0.2641676731929097
SBF1,13.631428197015932,13.426290340717417,-0.2643907301983568
KIAA1143,15.429544901435873,15.349151017654336,-0.26444773351773776
ZNHIT3,22.271935900556002,22.66389294951085,-0.2645370745731359
MED29,17.59177789842185,17.665579669402902,-0.26474492361273216
PELI3,2.715427672838235,1.7710558866524233,-0.2650299820054156
U2AF1L4,8.61149072392684,8.073765883278984,-0.2650864488628415
MYOF,15.526892187880263,15.467221410097832,-0.26521291195982855
KRT10,31.786697118894736,32.84605869785224,-0.26523803658231926
GTF2A1,21.40142651215905,21.747441808163725,-0.26529775578227877
RAPGEF5,11.108823033865624,10.750028111998201,-0.26547537319414166
COPS3,24.462249845554787,25.02530079838075,-0.2656507358207983
ZNF555,4.250519497538237,3.4240413808613512,-0.2657003917434394
STOML2,24.02418705655503,24.558641628246935,-0.26573472459411107
POLR1E,10.948761630192635,10.586978522433373,-0.26591305660316605
CSRNP2,13.272928094052455,13.072079163386935,-0.2659701311766417
CALM3,23.523410150326676,24.03575846171146,-0.2664081331728484
CCZ1B,17.478518074770204,17.575621275160238,-0.2664411519352546
ARFIP2,14.149989703652396,14.022264702575061,-0.266667740130882
IRAK1,21.412658891364174,21.78679860564489,-0.26678988413015786
P4HTM,4.599659284497445,3.817609355673001,-0.2668138036017702
PPRC1,17.032967032967033,17.108962105026425,-0.26696175324992594
PARP12,10.984330831008855,10.648824918475205,-0.26721307828301133
PLN,3.4717412059831143,2.6200382323175533,-0.26724698977784644
MERTK,9.772169908456108,9.355673001236928,-0.26734389816100096
C1RL,8.96624670048861,8.495445856291466,-0.26740600642937956
GZF1,7.1119681000430575,6.516361182952885,-0.26755638694173456
SMAP1,36.83939569799877,38.29416394917351,-0.26784639543776134
FOXD1,3.3313364659190894,2.485100640953559,-0.2680721703800314
PDE12,10.742834678098733,10.40706173394805,-0.2681048287594754
CRKL,17.14997098302039,17.255144495670752,-0.2681144288851769
C1RL-AS1,3.290151075500309,2.445743843472394,-0.2683264921975861
SCML4,3.9725181122114686,3.176655796694029,-0.268413907336181
CPNE2,10.742834678098733,10.418306533228382,-0.2687182708051659
ARHGEF6,9.516633281539585,9.108287417069604,-0.2687475761296667
LINC00623,8.017110657655802,7.505903519622175,-0.26876374602579767
DUSP7,7.416178370181778,6.864949960643202,-0.2688357058654536
LYG1,2.756613063257016,1.8891262790959182,-0.269069754507695
HAUS8,9.209614916599584,8.787810637580119,-0.2691655920231835
IFRD1,34.66218619540596,35.99460249634544,-0.2693425934940201
THAP3,9.746897055244585,9.36691780051726,-0.26943090753377646
KLHL25,5.363461070445738,4.689081299898796,-0.2698210829242237
ZNF468,3.3350805923207965,2.524457438434724,-0.2700009112692692
TMEM132A,7.533182320235131,7.016754750927697,-0.27029510252355005
SULT1A3,3.002789374169272,2.181491060384572,-0.2706656103984897
FGFBP2,2.8811052661137837,2.0521758686607448,-0.2707059806701234
CHMP2A,29.849111706011193,30.878218823793997,-0.2708591736629786
GSDMB,4.272048224348054,3.5421117733048466,-0.27088627216678496
PORCN,4.061441114252017,3.31721578769819,-0.27089715897868116
CP,5.4009023344628115,4.750927695940628,-0.2710119514687295
SYCE1L,3.3743939195387234,2.5975486337568876,-0.2716960687241259
KHSRP,27.782353932268755,28.68548296412909,-0.27174303616825957
FZD1,4.214014265121591,3.497132576183515,-0.271816251179551
DTX4,4.76065671977086,4.081862138760823,-0.271842522036291
RBM39,83.39854353482974,88.13673675924885,-0.2722352104971497
FAM20C,11.98120448546343,11.80703924434949,-0.27227356442079165
CMC4,3.3772020143400043,2.6144158326773868,-0.2724525020896523
P2RY14,3.690772600482992,2.9517598110873724,-0.2725726132909829
COX7A2L,39.77666286013816,41.5270437422692,-0.27294971422593384
OGT,49.1070258531928,51.50118070392443,-0.2730535822207947
ERF,20.859464215511917,21.31451703587091,-0.27328006970401225
STK32C,11.855776251006233,11.69459125154616,-0.2734524040316407
SIK2,37.70335286519273,39.32306308332396,-0.2736021706592131
CCDC93,32.10681992624071,33.346452265827054,-0.27387102147247455
SPRED3,2.7397644944493327,1.9622174744180816,-0.2740395060227404
XAB2,13.37495553849898,13.330709546834587,-0.27413045235151523
ZMIZ1-AS1,3.509182470000187,2.794332621162712,-0.27457227877925816
RTN4,66.19521875058501,69.80209153266614,-0.2750806922021303
LPAR3,3.726341801299212,3.0360958056898686,-0.2750995190622092
CYBRD1,16.307542542636238,16.48487574496795,-0.27521255965820285
UBR4,43.71361177153341,45.777577870235014,-0.2752817638777445
CASKIN2,4.221502517925005,3.570223771505679,-0.2753670119351813
LRRC2,4.646460864518786,4.031260541999325,-0.2757403740864005
NPAT,22.345882396989722,22.95063533115934,-0.27586829789233064
MDGA1,3.2442855270793944,2.5357022377150567,-0.27590828037893145
TMEM256,17.404571578336483,17.676824468683233,-0.27627367919238494
PRAF2,7.707284197914522,7.314741931856517,-0.27640007514776543
FXYD7,4.830859089802872,4.24491172832565,-0.2766441891235688
DGUOK,37.98603440852163,39.68289666029462,-0.276750192685029
TLE2,4.795289888986652,4.2111773304846505,-0.27687777255794976
VAV3,17.91751689537039,18.239064432699877,-0.27703782239385694
HES1,21.36960143774454,21.932980996289217,-0.27727515283694676
TAOK2,11.861392440608794,11.77330484650849,-0.2774190389454558
NUBP1,14.954040848419043,15.079275834926348,-0.2774500207974282
ZBTB39,3.1282176086264672,2.4401214438322274,-0.2774615173816183
LRFN3,3.758166875713724,3.1148094006521982,-0.27753801008126977
GPR55,3.62057023045098,2.9686270100078715,-0.27758601893475454
COA4,22.236366699739783,22.866299336556843,-0.27765294096701926
STAG2,58.93067749967239,62.08815922635781,-0.2778281905438007
FBXO33,21.683172023887526,22.281569773979534,-0.2780087060839678
NMRK1,14.198663346874591,14.28651748566288,-0.27824564668578033
GPR160,3.402474867551528,2.7549758236815474,-0.2786469603336996
CENPB,14.23984873729337,14.342741482064545,-0.2789114879367616
VAMP1,3.137577924630736,2.4794782413133922,-0.279062798864837
OSBPL11,16.856057060486364,17.142696502867423,-0.2791170506765919
MRPL50,17.327816987101485,17.6487124704824,-0.27921535262708297
ZBTB34,6.248010932849093,5.807938828291915,-0.2792837100224642
MORN3,2.6882827564258567,2.007196671539413,-0.2794949854273423
PROSER2,4.38249995319842,3.8232317553131674,-0.27978228832401175
MED21,17.784600408109778,18.149106038457212,-0.2798801586374456
TBCA,64.3278357077335,67.91296525357022,-0.28090268102738625
BAD,18.666342175711854,19.110536376925673,-0.2809183267990275
TMEM214,15.93593799726679,16.1925109636793,-0.28092996383516305
STX1A,5.777187037834397,5.335657258517935,-0.28097115764137526
KPNA1,42.626879083437856,44.72056673788373,-0.28098160664748195
NUDT16,9.424902184697755,9.237602608793432,-0.28115066328675
SIKE1,17.593649961622702,17.969189249971887,-0.28119870571103806
UBE2Q1,17.327816987101485,17.688069267963566,-0.281362399787
ZNF408,4.99372858827714,4.509164511413472,-0.28156375442275006
KLRB1,6.037403822753056,5.628022039806589,-0.2817483650171225
SLC35C1,5.138813486343299,4.677836500618464,-0.28230601711928793
MAPK13,8.404627740232511,8.169346677161812,-0.28236212770623964
MANSC1,4.620251979706834,4.132463735522321,-0.2827894963923706
RANBP9,45.303929460658594,47.61610255256944,-0.2828539498771443
ZBED6,3.0561431753936015,2.4626110423928935,-0.2828907971835749
UNC13D,6.146919520002996,5.768582030810751,-0.28303093217088693
LINC00944,3.94537319579909,3.418418981221185,-0.283185631780953
PAPOLG,15.767452309189958,16.06319577195547,-0.2836991624902875
LINC00115,3.308871707508845,2.749353424041381,-0.28379789607783534
APBB1,8.347529812606473,8.135612279320814,-0.28385097219702654
DERL1,26.890315817061982,27.954571010907454,-0.28388077218770263
NINJ2,3.577512776831346,3.0417182053300347,-0.2840839143445545
LSM11,3.6074657880450043,3.0754526031710334,-0.28417779031619217
SF3A1,22.371155250201248,23.130552119644666,-0.2842098032962949
RBM15B,12.313495703614954,12.38614640728663,-0.28449114825107313
NGDN,22.41327667222045,23.18115371640616,-0.28451434695676114
PTPN2,40.40754815882584,42.4153828854155,-0.28462702922603667
NUCB2,21.06726323080667,21.75306420780389,-0.28508831146324687
NXT2,6.040211917554337,5.695490835488586,-0.28526528758825664
ZNF384,12.361233315236722,12.453615202968626,-0.2853883955740562
EIF5A2,7.345039968549338,7.1010907455301915,-0.28586580796786154
MRPS22,18.388340790385083,18.90812998987968,-0.2860856105745312
GRWD1,13.154052080798248,13.31384234791409,-0.28609035925305504
RAB27B,4.636164516914091,4.2111773304846505,-0.2861557890618178
LETM2,3.0205739745773816,2.485100640953559,-0.2861915908464089
TOMM34,15.206769380534288,15.512200607219162,-0.2863318662856663
RAB11FIP1,19.32811651721362,19.920161925109635,-0.2865005207461924
DOK3,3.2199487054682967,2.7043742269200495,-0.28652890182370516
TMEM11,17.228597637456243,17.676824468683233,-0.2865340739143093
SPSB2,4.920718123443847,4.531654109974137,-0.2870476107923765
NFYB,12.263886028792333,12.380524007646464,-0.2870769853147279
AZIN1,40.90551697025291,42.99449004835264,-0.28718456057876196
DCLRE1B,3.206844263062321,2.7043742269200495,-0.28729297377108254
BAX,32.333339573544,33.83560103452153,-0.28734822108392033
MYNN,13.271992062452028,13.465647138198584,-0.2874951793434817
CLK4,18.137484321470694,18.67198920499269,-0.28782984775053855
ZNF674-AS1,3.2751745698934798,2.788710221522546,-0.2879096996738658
ZNF677,6.084205402774398,5.791071629371416,-0.2879144462961454
UBE2G1,41.492408783720535,43.641066006971776,-0.28823797027699816
TXLNG,27.18890989759814,28.35376138535927,-0.28824803972304824
GID4,10.551884231611659,10.575733723153041,-0.28844007924947557
FCGRT,23.780818840444056,24.716068818171596,-0.28851282082793006
TUBE1,10.53971582080611,10.575733723153041,-0.2891495746291831
NMT2,15.372446973809836,15.742718992465985,-0.2892473757447665
RNF144B,21.627946159462343,22.433374564264028,-0.28951019119330956
LGALSL,7.042701761611473,6.8480827617227025,-0.28969159329717264
SF3B1,60.74751483610087,64.25278308782188,-0.2899826664921328
PPP2CB,38.453114177134616,40.42505341279658,-0.2900036604333709
PLEKHA1,24.60078252241796,25.621275160238387,-0.2900858322272665
COPA,56.820862272310315,60.05847295625774,-0.29011748482440725
IGFLR1,3.5765767452309185,3.1597885977735296,-0.2905796323919754
ATF5,12.192747627159893,12.36927920836613,-0.2906113624119431
MRPL47,21.63169028586405,22.46148656246486,-0.29082549003685676
ASNSD1,11.299773480352696,11.430338468458338,-0.29145499715378015
GTPBP4,31.133347061796808,32.63240751152592,-0.2916770819477269
TMOD1,8.696669599565682,8.652873046216126,-0.2917122465579533
ALDH1B1,3.113241103019638,2.6875070279995503,-0.2918304674695278
SSH1,38.545781305576874,40.55999100416058,-0.29196188478234664
TXNDC17,26.507478892487413,27.695940627459798,-0.2920934213137719
UTP23,18.51376902484228,19.155515574047,-0.29226807551196904
MRPS18C,28.751146638710523,30.10232767345103,-0.2925499863870174
NELL2,4.607147537300859,4.30675812436748,-0.29306192004795195
MMGT1,13.530336784169833,13.847970313729899,-0.29328907622009326
SLC25A19,6.569069771795495,6.409535589789722,-0.2933830967561649
OAT,29.909017728438513,31.35612279320814,-0.29343756027395984
DKK3,7.397457738173241,7.303497132576184,-0.29385147700078246
CCDC28A,9.898534174513731,9.985381760935567,-0.2943288160842488
ZNF687,5.499185652507629,5.285055661756437,-0.29441990903370163
ZBTB6,4.9141659022408595,4.666591701338131,-0.29479095131435196
SCN1B,4.13445157908531,3.8457213538738335,-0.295471962847893
RNASEH2C,20.351199056480144,21.179579444506917,-0.2955538414004333
TOR1A,13.935638467154652,14.342741482064545,-0.29664887242945026
RTKN2,9.27888125503117,9.36691780051726,-0.29671919136868224
MTRF1L,15.984611640488982,16.53547734172945,-0.2968019647098955
KCNJ15,4.287024729954883,4.036882941639492,-0.29700449709445353
SEC16A,22.79049740719247,23.816484875744965,-0.29717946576734433
NONO,43.388808806185295,45.83380186663668,-0.29728704308762266
ARID4B,67.47290188516764,71.57876981895873,-0.2975075205519482
ANKRD37,11.953123537450624,12.239964016642304,-0.2975283802099732
FAM20A,7.618361195873972,7.60710671314517,-0.2975343422643526
FZD5,2.711683546436528,2.3670302485100643,-0.29776071669769555
NPTN,38.915513787745475,41.06600697177555,-0.2980090326088467
CCT5,39.48649306400584,41.678848532553694,-0.29814991782039835
SCAF1,13.651084860624895,14.067243899696392,-0.2982108188816539
C2CD2L,5.43366344047775,5.290678061396604,-0.29854698979343375
TIMM10B,12.711309133796355,13.072079163386935,-0.29871607177852877
CHRNE,4.413388996012505,4.205554930844484,-0.29883829114438765
TGFA,3.235861242675553,2.9517598110873724,-0.2990968251785111
SLC16A10,20.56274219817661,21.471944225795568,-0.2991690302950105
CACNA2D3,5.037722073497202,4.891487686944788,-0.2998556852957486
ZBTB22,4.881404796225921,4.7340604970201285,-0.300381783456939
TRMT61A,9.156261115375255,9.316316203755763,-0.30110823252781993
CYP2R1,11.95405956905105,12.307432812324299,-0.30115445591644685
QKI,66.00052417769624,70.07196671539413,-0.30115522737402456
C4orf48,21.36960143774454,22.371528168222195,-0.3011993926188792
ZNF628,3.7675271917179924,3.5589789722253453,-0.3012232052093494
PRDX3,24.39859969672576,25.610030360958056,-0.3012609287982555
PBX3,24.63915981803546,25.868660744405712,-0.30134391795799703
ABCB1,5.880150513881349,5.819183627572247,-0.3013457431623907
HOXA9,3.0112136585731135,2.7549758236815474,-0.301459965619681
DGAT1,12.916300054289835,13.341954346114923,-0.30148641255541364
WASF2,55.0236815994908,58.34926346564714,-0.30166130380547784
PWP2,4.405900743209091,4.250534127965816,-0.3017286718685084
RBMX,57.41056218057922,60.90183290228269,-0.3017424006192191
G3BP1,50.02808094801281,53.01360620712921,-0.3018581947790828
ZFAND4,5.087331748319823,4.981446081187451,-0.3018706635747731
MIS12,11.318494112361234,11.643989654784662,-0.30201886466850475
SNRPA1,33.3835670292229,35.23557854492297,-0.302486846846869
STX12,38.422225134320534,40.6218374002024,-0.30253992296605947
GPC3,3.4427242263698825,3.23850219273586,-0.30267817588859247
RNF114,39.78415111294157,42.08366130664567,-0.30287848294625896
AGFG2,6.3996480521182395,6.403913190149556,-0.3029547344815554
EIF3H,58.07233652208098,61.6383672551445,-0.30333722126939566
PGAM5,7.832712432371716,7.944450691555156,-0.30343956963868307
TBC1D2B,21.52498268341539,22.579556954908355,-0.30348836023096637
LRR1,10.527547410000562,10.82874170696053,-0.30366151603692865
RALBP1,35.185427860044555,37.18655122006072,-0.3038591490097967
PPP6C,31.0528483441601,32.77296750253008,-0.3040386923384629
SNRPD1,35.63378699664901,37.67007758911504,-0.30409498106065214
ARHGAP17,28.61916618305034,30.17541886877319,-0.3042326557254495
BCKDK,15.120654473295017,15.748341392106152,-0.3042351934707912
TTC7A,16.145609075762398,16.844709321938602,-0.3042844513271787
TRIM59,2.7612932212591494,2.541324637355223,-0.3043765103193996
TMEM216,6.7375554598723255,6.791858765321039,-0.30441634412907825
LRRC42,14.717224853511054,15.321039019453503,-0.304446896400238
SPINT2,13.032367972742758,13.521871134600246,-0.30453399089540634
PDCD1LG2,4.645524832918359,4.559766108174969,-0.3046267268015276
FKBP11,23.766778366437652,24.997188800179917,-0.3046675204852417
PANX1,16.29537413183069,17.013381311143597,-0.3047538311853676
EEPD1,8.961566542486473,9.175756212751603,-0.30479213303200864
ABCF3,10.656719770859464,10.991791296525356,-0.30502485936100804
TMEM102,3.5906172192373216,3.4465309794220174,-0.3054037560420382
BUD13,9.018664470112512,9.248847408073765,-0.3054503357011386
OTUB1,25.981429133047534,27.38108624761048,-0.30558907506486993
HERC5,10.592133590430013,10.935567300123692,-0.3057234323017722
HSPA6,5.417750903270494,5.408748453840099,-0.30591593292357155
HSD3B7,5.177190781960799,5.15574047003261,-0.3061396647866751
ZNF699,5.6817118145908605,5.695490835488586,-0.3061681130057945
COMMD5,14.908175299998128,15.562802203980658,-0.3065022805779437
FAM131A,10.639871202051781,11.00303609580569,-0.30662067962475537
ERI1,18.18522193309246,19.071179579444507,-0.3068236354213938
C4orf46,4.241159181533968,4.171820533003486,-0.3070400534585612
DBN1,14.665743115487578,15.315416619813336,-0.3071418865992323
STEAP3,3.7272778328996385,3.626447767907343,-0.30725064989329476
KLHL15,7.135368890053728,7.269762734735186,-0.307292589811258
RNF139,15.234850328547092,15.928258180591476,-0.3073919249461233
TPGS1,18.216110975906545,19.11615877656584,-0.3074763768710524
CAPN15,16.63702566598648,17.440683683796244,-0.3081441817221285
RNF103,12.136585731134284,12.633531991453953,-0.3083018445458604
ZNF48,3.8948274893760413,3.828854154953334,-0.30852340110282883
TIMM13,28.404814946552598,30.02923647812887,-0.3087559431278591
PLEKHM2,38.43252148192523,40.75115259192623,-0.3089941642471332
VAMP8,18.95089578224161,19.93140672438997,-0.309108319562817
NANOS1,3.5606642080236632,3.4915101765433483,-0.30960397439023435
MRPL51,29.86221614841717,31.603508377375466,-0.3096621136626435
COCH,5.27453806840519,5.324412459237602,-0.30966533243437355
ABCA9,5.083587621918116,5.127628471831778,-0.31006371643942987
AGER,2.930714940936406,2.828067019003711,-0.3101409237362732
SRRT,29.145215942490214,30.850106825593166,-0.31036714743645066
SLC43A3,32.83037235337065,34.791408973349824,-0.31051063753494956
THUMPD1,20.85852818391149,22.000449791971214,-0.3107546110588075
ANKRD12,65.93032180766423,70.17316990891712,-0.3107694483604755
FSTL3,8.41960424583934,8.720341841898122,-0.31154756286236107
PPP1R3F,5.324147743227811,5.414370853480265,-0.31168031071339797
TGFB2,5.601213096954153,5.712358034409086,-0.3117818608939341
ISOC1,9.057977797330437,9.411896997638593,-0.3120530295215201
SPRYD3,6.78061291349196,6.9830203530866966,-0.3123343367930068
ZNF615,3.8321133721474436,3.8457213538738335,-0.31310019420524227
C14orf28,3.3313364659190894,3.3115933880580233,-0.3131601607382888
EML3,9.642997547597206,10.05847295625773,-0.3132155923550961
TOR1B,11.283860943145442,11.818284043629822,-0.31354654938049176
SMC4,28.290619091300524,29.995502080287867,-0.3135739582465042
HSPB6,2.7341483048467716,2.6875070279995503,-0.3139339773758014
PCED1B,8.135050639309584,8.467333858090633,-0.3143363934059457
AHNAK,46.13606155343805,49.08917125829304,-0.3146962892041476
TDP2,17.32594492390063,18.31215562802204,-0.3155175864581669
BMF,4.563154052080798,4.672214100978297,-0.31556388521337675
CSK,18.01112005541307,19.04868998088384,-0.3157479929165975
EMC9,8.414924087837205,8.793433037220286,-0.3158078189976989
MGAT2,10.367486006327574,10.884965703362196,-0.31606131933691944
TRIM25,22.49658348465844,23.850219273585964,-0.3161568341527371
ITPKC,12.442668064473857,13.128303159788599,-0.31744675692821744
AIM2,3.5625362712245168,3.6433149668278424,-0.3177762888717175
NUS1,25.09500720744332,26.661419093669174,-0.3180127937239846
UGDH,21.301271130913378,22.613291352749354,-0.3183724860411231
PIWIL4,4.282344571952748,4.424828516810974,-0.3184411305091275
HRH1,6.524140254975008,6.825593163162037,-0.318700127694867
KLHL5,26.466293502068627,28.140110199032947,-0.31872575109602186
TESC,4.565026115281652,4.7340604970201285,-0.31882866332933535
MEF2D,28.678136173877228,30.52400764646351,-0.31981103537865957
CA13,3.736638148903907,3.8738333520746653,-0.3202006092217894
ALDOC,3.02993429058165,3.1204318002923648,-0.32030530075122843
MED28,28.658479510268265,30.52400764646351,-0.3209571432997256
TBKBP1,4.752232435367018,4.9758236815472845,-0.32110235377772045
FAM221A,4.759720688170432,4.987068480827618,-0.3212791832820525
TBC1D2,7.965628919632326,8.422354660969301,-0.3217609839714193
COPB1,41.030945204710115,43.764758799055436,-0.321892080640811
SYNPO,10.49572233558605,11.132351287529517,-0.32208005457134786
SEMA7A,5.1163487279330555,5.386258855279434,-0.3222627036218698
ATP8A1,10.078252241795683,10.693804115596537,-0.3224969639701513
RAB11A,59.96873654454574,64.03350950185539,-0.32342825090244975
STON2,5.559091674934946,5.881030023614079,-0.32343943712443435
SLC35B1,19.519066963700695,20.802878668615765,-0.3235221015282612
NPIPB4,16.503173147125448,17.581243674800405,-0.3236166564700435
LYRM1,11.321302207162514,12.05442482851681,-0.3242457696332014
ABHD17C,12.857330063462943,13.707410322725739,-0.3248616028035556
RALB,22.555553475485333,24.07511525919262,-0.3249873513033505
COQ10A,5.2502012467940915,5.583042842685258,-0.3251934902446719
BRMS1L,13.233614766834528,14.117845496457887,-0.3253124572679974
MED8,18.165565269483498,19.391656358933993,-0.3254528416446413
C9orf153,3.6664357788718944,3.896322950635331,-0.32552073588840647
CYP27B1,2.711683546436528,2.8786686157652084,-0.32567232977661686
JMJD8,12.360297283636296,13.195771955470596,-0.3259301471573043
IL18BP,3.200292041859333,3.407174181940852,-0.32601513760043255
MPZL1,39.799127618548404,42.52783087821882,-0.32623621866831964
MID2,6.515715970571166,6.954908354885865,-0.3262459003293372
FCGR2B,2.6976430724301252,2.8786686157652084,-0.32649097829166407
CDC42EP4,13.685718029840688,14.623861464072865,-0.3265568671395544
FAM98A,15.784300877997643,16.86719892049927,-0.32657789053910713
ZNF486,3.7628470337158584,4.020015742718992,-0.3266472119210121
TMEM204,11.276372690342026,12.060047228156977,-0.32717216590419773
SFR1,4.187805380309639,4.486674912852806,-0.32732729509507674
MAP3K4,21.751502330718687,23.25986731136849,-0.32739407461915176
FANCE,4.233670928730554,4.548521308894636,-0.32802697453055407
LEPR,9.066402081734278,9.71550657820758,-0.32812477564613746
ZNF791,24.48190650916375,26.194759923535365,-0.32830260065155226
B4GALT3,15.79646928880319,16.9121781176206,-0.32832216334216185
CX3CL1,8.122882228504034,8.714719442257955,-0.32854161379084607
S100A3,3.2920231387011625,3.5589789722253453,-0.3289481015856136
SNAPC1,19.05011513188685,20.40368829416395,-0.3290877693088214
CUTA,32.698391897710465,34.99943776003598,-0.32955461142166864
NAA60,13.978695920774287,14.994939840323852,-0.32971798896669247
KCTD10,12.413651084860625,13.325087147194422,-0.32987386632556664
PIGA,12.14032985753599,13.038344765545935,-0.33016745192004193
RNF24,38.30428515266676,41.00978297537389,-0.33058032106878055
PPM1M,2.760357189658723,3.0248510064095355,-0.33080909485176424
PBX2,14.348428402942885,15.410997413696165,-0.3308576004276682
AKT1,22.460078252241797,24.080737658832792,-0.33086088222851673
LLPH,19.96649006870472,21.421342629034072,-0.3311738146950731
VBP1,21.754310425519964,23.338580906330822,-0.3315244392359766
BOP1,13.412396802516053,14.42707747666704,-0.3317579890995543
TRPS1,34.41975401089541,36.88294163949173,-0.33193984613005667
ZFP1,5.2960667952150065,5.757337231530417,-0.3320275901370551
CHST12,17.223917479454105,18.520184414708197,-0.332815110179452
SYNGR2,21.08504783121478,22.647025750590352,-0.3328199993099213
AFTPH,35.32396053690773,37.87248397616103,-0.33320178178178994
PHLPP2,14.082595428421662,15.186101428089508,-0.3340885047320833
SLC10A3,7.785910852350375,8.467333858090633,-0.3346934531467855
ACOT2,9.136604451766292,9.923535364893736,-0.3353802109161772
LTBP4,16.840144523279104,18.160350837737546,-0.33556135746197624
HILPDA,10.163431117434525,11.025525694366356,-0.33562703666007054
MBNL1,71.42108317576802,76.50399190374452,-0.33599117413315627
DOCK3,6.5007394649643375,7.117957944450691,-0.3360140350745674
NRROS,3.554111986820675,3.969414145957495,-0.3360572973057725
ENDOG,8.474830110264522,9.231980209153265,-0.33623915844876345
POR,32.131156747851804,34.52153379062184,-0.3365567244877251
ZFY,6.8845124211393385,7.539637917463174,-0.33664171904334145
MAP1A,2.9653481101521986,3.350950185539188,-0.33664664585710213
RASSF4,3.8714266993653705,4.323625323287979,-0.3368792653049597
NEGR1,10.307579983900258,11.205442482851682,-0.3370373179699688
LRIF1,20.56367822977704,22.185988980096706,-0.3380680236286925
CYP1B1-AS1,4.036168261040492,4.537276509614303,-0.33892918826319385
SVIP,19.665087893367282,21.241425840548747,-0.338932396753703
YTHDF1,19.509706647696426,21.083998650624086,-0.3394039183472237
INTS6,44.81438493363536,48.13336331946475,-0.3396158288702227
PSME4,47.66834528333676,51.18632632407512,-0.3397613894499594
PDCD2,21.9368365876032,23.68716968402114,-0.3398987119567709
SLC8B1,10.74096261489788,11.728325649387159,-0.3402934222634578
ENKD1,6.174064436415374,6.8593275610030355,-0.34095209014044825
ZNF622,17.881947694554167,19.374789160013496,-0.3410693785800585
NRN1,13.216766198026844,14.398965478466208,-0.3416308866283185
DYNC1LI1,29.538349214669484,31.84527156190262,-0.3417346100587457
MRGBP,13.683845966639835,14.904981446081186,-0.3420020714171584
SPATA6L,4.0090233446281145,4.576633307095468,-0.3426589558855353
TIMM23B,4.5378811988692735,5.144495670752277,-0.3428020184594659
ZNF230,3.670179905273602,4.2224221297649835,-0.3430922489427537
CCDC141,3.3107437707096987,3.8400989542336674,-0.34319262137448203
TADA2B,4.741936087762324,5.375014055999101,-0.34347988864410384
EFNB1,10.353445532321171,11.374114472056673,-0.3435646968395067
UBE2I,50.22371155250202,53.991903744518154,-0.3438211501111721
HMCES,20.512196491753564,22.2365905768582,-0.3438302240561396
LSM10,16.219555572196118,17.6487124704824,-0.3438340087481399
MGAT4B,21.220772413276674,22.99561452828067,-0.34392310041420626
GALC,10.008985903364099,11.014280895086022,-0.3440187282798987
ARF3,25.395473351180335,27.465422242212977,-0.3443548217688515
SLC22A4,7.147537300859278,7.966940290115822,-0.3446165012643664
CRAT,6.303236797274275,7.067356347689194,-0.3447692016472902
CCNYL1,15.798341352004044,17.22703249746992,-0.3453893874861585
FAAH2,3.9397570061965292,4.554143708534802,-0.3454707378017202
IDI1,28.043506748787838,30.32160125941752,-0.3457719914363614
PCDH1,7.1634498380665335,8.006297087596986,-0.34583574677389645
EML1,3.138513956231162,3.705161362869673,-0.34587340527744037
KLF8,2.7472527472527473,3.289103789497357,-0.3459890548728701
SSNA1,23.74337757642698,25.739345552681886,-0.3465191096925654
RANBP2,48.728869086620364,52.44574384347239,-0.34663164739740715
DCTPP1,15.524084093078983,16.957157314741934,-0.34665771271683954
LINC00649,5.183743003163787,5.920386821095244,-0.34747168791994576
SRC,14.995226238837823,16.411784549645787,-0.3477415342342899
SSB,39.00911694778816,42.078038907005514,-0.3477611599540178
CLP1,6.665481026639459,7.511525919262341,-0.3478790307638508
SPPL2A,39.38352958795889,42.48285168109749,-0.34801444653095404
MPC1,23.032929591703017,25.00843359946025,-0.3480689915840647
BRI3,51.602486099930736,55.54368604520409,-0.34808486823883933
ABHD17A,27.37518018608308,29.652535702237714,-0.34823985903401733
FKBP1B,3.4867177115899435,4.121218936241988,-0.34826827779482183
RASGRP1,9.81335529887489,10.884965703362196,-0.3483706473974479
POLR2C,19.770859464215512,21.528168222197234,-0.3484080167721242
NBPF9,18.11501956306045,19.762734735184978,-0.3486435638066001
RAP1GAP2,5.010577157084823,5.757337231530417,-0.34867344327634764
FBXL14,6.6308478574236664,7.4946587203418416,-0.348978200699098
MAPK3,11.407417114401783,12.60541999325312,-0.34928338564641703
MRFAP1L1,15.257315086957334,16.743506128415607,-0.3505566356346148
STON1,4.4845273976449445,5.2344540649949405,-0.3508204191821699
RNASEK,26.719022034183876,29.000337343978412,-0.3509183943205018
FOXO1,37.450624333077485,40.47565500955808,-0.35121565361334683
COPS8,31.97483947058053,34.628359383785,-0.35149871072264394
FOXO4,3.2676863170900647,3.946924547396829,-0.3515308429213537
TRIM36,3.6233783252522604,4.329247722928145,-0.3516487767603049
PSD4,2.7959263904749423,3.4465309794220174,-0.3517392619937081
DUSP10,19.585525207331,21.39323063083324,-0.35185287262246
ZNF358,10.660463897261172,11.86888564039132,-0.35265503265419396
NCAPH,6.108542224385495,7.0111323512875305,-0.35305391749415804
CYSTM1,52.42244978190463,56.51636118295288,-0.3533385319123197
ZNF710,16.44888331430069,18.070392443494885,-0.3534668263824329
SLC25A22,6.490443117359643,7.427189924659845,-0.3534840335754263
CCSER2,44.802216522829816,48.386371303272234,-0.3541277702779675
FAM43A,4.6679895913286025,5.493084448442595,-0.35423257896977
RBM34,4.423685343617201,5.2344540649949405,-0.3543678960807075
TDRP,8.125690323305315,9.198245811312269,-0.3547558920525315
TM9SF3,50.27425725892506,54.25053412796581,-0.3549831825078853
SERPINB2,3.186251567852931,3.9300573484763297,-0.3553588412400914
NCR3LG1,2.8034146432783573,3.5308669740245135,-0.35590346479502877
FAM177A1,41.31175468483816,44.692454739682894,-0.35612807910934063
DPYSL3,10.202744444652453,11.447205667378837,-0.356338897531335
ERP44,38.727371436059684,41.937478916001346,-0.3565206812514985
LTBP1,12.744070239811295,14.168447093219386,-0.35661649136491663
KDSR,37.71458524439785,40.857978185089394,-0.3566820910839392
CHORDC1,27.702791246232472,30.164174069492862,-0.35704967342850485
ZNF524,8.291367916580864,9.41751939727876,-0.35705795946594115
KLHL24,39.11769661343767,42.364781288653994,-0.3570730502694288
RAB1B,18.689742965722523,20.533003485887775,-0.3571543313871403
CKAP4,24.286275904674543,26.515236703024854,-0.3571922015967245
MYOM1,4.025871913435798,4.863375688743956,-0.3573193498325884
CCNG1,26.139618473519665,28.4999437760036,-0.35740311867488467
RTN3,41.17322200797499,44.568761947599235,-0.3574575486218763
EDN1,3.329464402718236,4.126841335882155,-0.35774386218619536
MSANTD3,22.14650766609881,24.243787248397616,-0.3580389420604168
GALNT6,6.541924855383117,7.567749915664006,-0.35815034792471895
TMEM39A,23.31748319823277,25.49758236815473,-0.3581624439999823
APBA3,7.177490312072936,8.248060272124143,-0.3582061022411967
ESRRA,22.539640938278076,24.671089621050264,-0.35842758137533803
MED31,15.210513506935994,16.85033172157877,-0.35911316345216576
PI4K2A,12.726285639403187,14.19655909142022,-0.3591870512648694
PNO1,19.90377595147612,21.876756999887554,-0.35967484757941903
SNAP23,30.70932474680345,33.43641066006972,-0.3602613733690281
TNFSF10,9.764681655652694,11.059260092207355,-0.3607169806244821
NOL7,42.33764531890596,45.873158664117845,-0.3607235757407381
NOC4L,9.932231312129097,11.239176880692678,-0.36076284774263495
CLK3,19.779283748619353,21.769931406724393,-0.36110583164544346
HSPA2,10.261714435479343,11.599010457663331,-0.3611820413849598
PM20D2,10.591197558829586,11.953221634993817,-0.36129451400443935
RUSC2,16.781174532452216,18.570786011469696,-0.36139031589288045
TIAM1,26.01138214426119,28.438097379961768,-0.36150617719435046
RHBDF2,20.885673100323867,22.96188013043967,-0.3616211855029272
USP53,31.517120017971806,34.33599460249634,-0.3622371591252268
BLOC1S2,20.448546342924537,22.512088159226355,-0.362570760777106
SLC9A9,5.734129584214763,6.786236365680873,-0.3626157036482711
RCE1,10.257034277477208,11.63274485550433,-0.3632952503603806
NDUFB6,31.848475204522902,34.71831777802766,-0.3637740837235932
KLHL26,2.731340210045491,3.5983357697065106,-0.3637865127797477
ITGA1,14.823932455959712,16.524232542449116,-0.36386346657477125
SDF2L1,21.91811595559466,24.10884965703362,-0.3639943200235639
SMOX,12.94063687590093,14.517035870909703,-0.364172115570664
CLDN11,3.4080910571540897,4.329247722928145,-0.3642013873243617
TEC,11.13035176067544,12.582930394692454,-0.3642111655853002
DEF6,6.183424752419642,7.297874732936018,-0.36433056424568283
RAMP2,7.009004623996107,8.180591476442146,-0.3643492321476194
CASP4,27.770185521463205,30.377825255819186,-0.3647755594243993
EIF3C,7.931931782016961,9.187001012031935,-0.3654397995144919
C17orf67,8.412115993035925,9.704261778927247,-0.3656603544016451
ADAMTSL4,4.55379373607653,5.583042842685258,-0.3657984565910116
SCARF2,9.037385102121048,10.378949735747216,-0.36600972993964564
PSMD6,26.22666941235936,28.76419655909142,-0.3667433859553207
ASPHD2,2.9166744669300035,3.856966153154166,-0.3670895194320083
STX5,28.980474380815096,31.73282356909929,-0.3681278239330472
UBQLN1,39.928299979407306,43.43865961992579,-0.3683934580308226
TNFSF12,6.044892075556471,7.224783537613853,-0.36842052296382605
NOB1,21.35181683733643,23.585966490498144,-0.3684880883391881
LEPROTL1,30.972349626523393,33.8749578320027,-0.36884959763574343
TP53RK,13.659509145028736,15.371640616215002,-0.36887890707273274
TSC22D2,38.15545612819889,41.5607781401102,-0.36931665556711923
KIF5C,7.50978153022446,8.821545035421117,-0.37011696504863306
MTF1,16.53687028474081,18.475205217586865,-0.3704205426663314
SLC25A25,20.448546342924537,22.658270549870686,-0.3705455073710837
GBP4,4.373139637194152,5.4818396491622625,-0.37081075574006994
NRIP3,6.9724993915794595,8.270549870684809,-0.3713852546522666
CISH,3.422131531160492,4.481052513212639,-0.3716642064261373
UBXN7,29.86034408521632,32.73923310468908,-0.37172891341273084
ZNF598,15.739371361177154,17.6487124704824,-0.3718317879627532
FXR2,11.805230544583186,13.448779939278083,-0.3720964978135405
FSTL1,23.616077278768934,26.07668953109187,-0.3723447842663768
ARL2,21.42201920736844,23.73214888114247,-0.3723695923579299
MBD4,19.135294007525694,21.292027437310242,-0.37258322326042403
NOSIP,29.413857011812716,32.278196334195435,-0.37261081231791787
SNAPC2,10.742834678098733,12.335544810525132,-0.3733101395954095
KTI12,4.397476458805249,5.554930844484426,-0.3733791382776439
TMTC1,11.539397570061965,13.190149555830427,-0.37348707598088365
KCNMB4,3.808712582136773,4.930844484425953,-0.3736617658061282
C3orf52,5.14442967594586,6.3589339930282245,-0.37368814354401036
HOXB4,4.2458393395361025,5.403126054199933,-0.37393907462333065
SLC38A5,4.7288316453563475,5.920386821095244,-0.3739958998074743
ZNF574,6.927569874758972,8.270549870684809,-0.3740049299004175
NOLC1,24.563341258400882,27.122455864162827,-0.3741634080337516
GGPS1,9.068274144935133,10.564488923872709,-0.3743304969604364
RILP,3.7123013272928094,4.8465084898234565,-0.37468233693343944
N4BP2L1,20.207050190014414,22.478353761385357,-0.37481118909884575
ENTPD1,18.909710391822827,21.100865849544586,-0.375307661292109
NSMF,12.468876949285807,14.219048689980884,-0.37542249146544876
LACC1,4.43866184922403,5.639266839086923,-0.37557858464285143
CBLL1,15.632663758728494,17.603733273361073,-0.37559974849434963
HIPK3,40.68648557575304,44.383222759473746,-0.375715570056284
NPIPB15,4.0108954078289685,5.189474867873608,-0.3759823942403321
SMTN,15.40427204822435,17.36759248847408,-0.3760341480462813
PROCR,13.648276765823613,15.50095580793883,-0.37658840941021215
MRPL49,9.610236441582268,11.188575283931183,-0.37677669781544265
ZNF513,4.9693917666660425,6.2296188013043965,-0.37683937817282365
RPS6KA1,9.85454068929367,11.452828067019004,-0.37694810172735044
MRPL32,26.67128442256211,29.42763971663106,-0.37701259700790396
BANF1,23.715296628414176,26.2734735184977,-0.3772949038929622
PATL1,23.753673924031677,26.318452715619028,-0.3775110328012621
RNF44,11.26326824793605,12.970875969863938,-0.37762504355251186
CTU1,8.98964749049928,10.541999325312043,-0.3776880445533194
VEZF1,21.808600258344722,24.243787248397616,-0.37774108298921893
IKZF2,8.23988617855739,9.74361857640841,-0.3778494900128074
ATOX1,33.65314413014583,36.9054312380524,-0.3778649391430139
MRPL17,18.037328940225024,20.22939390531879,-0.3786312638193534
MAPK7,5.006833030683116,6.30270999662656,-0.3786436887630199
ZBTB11,19.44980062526911,21.741819408523558,-0.3787831783509905
SC5D,14.057322575210138,15.98448217699314,-0.3791164573031992
NDUFAB1,34.211018964000225,37.53513999775104,-0.3796900593704783
C16orf87,15.224553980942396,17.272011694591253,-0.38129859165051544
RGS17,5.762210532227567,7.162937141572023,-0.38152871514881115
DAP,26.73774266619241,29.585066906555717,-0.3817258493430155
MED19,15.569013609899471,17.6487124704824,-0.3817647232786589
NCOA3,45.80470636688695,49.966265602159,-0.38186487372312583
RNF166,8.90727670966172,10.53075452603171,-0.3818773404625722
PRPF38B,48.67364322219518,53.05296300461036,-0.3829775353572169
MRPS2,15.300372540576971,17.38445968739458,-0.3830123101261662
P4HA1,37.53299511391505,41.15034296637805,-0.38321943839983774
TMEM160,20.45322650092667,22.90003373439784,-0.38346162851508203
EDEM3,31.597618735608513,34.81389857191049,-0.38361486124747257
DENND2D,3.862066383361102,5.172607668953109,-0.3837399054312963
GLTP,20.198625905610573,22.635780951310018,-0.3838905668475422
TOMM22,23.828556452065822,26.520859102665018,-0.3841868642101075
SPAG1,11.639552951307635,13.499381536039582,-0.3845170394967049
PANK4,7.7016680083119615,9.293826605195097,-0.38469333459532595
LBR,18.222663197109533,20.538625885527946,-0.3846947596772219
CCDC9,9.03364097571934,10.721916113797368,-0.3849380186038875
CORO2A,5.1603422131531165,6.600697177555381,-0.3859493458759711
TGFB3,2.930714940936406,4.22804452940515,-0.3865144584247502
MAP1B,18.022352434618195,20.358709097042617,-0.3865590724275119
RSPO4,2.9176104985304305,4.2167997301248175,-0.3866650883264372
SNX22,2.7032592620326863,3.9919037445181607,-0.3868942814090126
CTC1,6.936930190763241,8.523557854492298,-0.3872616102517575
EML4,48.96849317632963,53.45215337906218,-0.3875631091632423
LXN,9.5624988299605,11.340380074215675,-0.38784157038342576
CYB5R4,19.810172791433438,22.298436972900035,-0.3881365810597968
TDP1,12.565288204129772,14.556392668390869,-0.38820436636617545
BCAS4,7.725068798322631,9.38378499943776,-0.3882364567691053
TSPAN15,4.702622760544396,6.156527605982233,-0.38840632666173114
MOB3A,19.300035569200816,21.75868660744406,-0.3884355922466964
B3GAT2,4.170020779901529,5.594287641965591,-0.38878829138132487
CTDSP1,16.99552576894996,19.307320364331495,-0.3890727358892263
BOD1,20.266020180841306,22.804452940515013,-0.3891626846606745
SH2B2,3.970646049010615,5.3918812549196,-0.3893711434725645
RAMP1,7.1671939644682405,8.810300236140785,-0.38947854677009364
IPO7,43.89239380721493,48.077139323063086,-0.39030653779653424
CYC1,30.326487822228877,33.582593050714046,-0.3905579361399586
IRF2BP2,28.416983357358145,31.552906780613966,-0.3911678449392248
CACNB1,3.2218207686691502,4.644102102777466,-0.3922385015699903
GTF2A2,27.933055019937473,31.069380411559656,-0.3930059224598226
ARID4A,38.18353707621169,42.02743731024402,-0.39313720343318437
NDUFB1,31.239118632645035,34.605869785224336,-0.39316900881973504
LPAR6,31.53864874478162,34.931968964353985,-0.3934943264904218
BCAS2,23.70874440721119,26.577083099066684,-0.39423987510029634
ELF1,69.34309302282044,75.35702237715057,-0.3945800656997003
RDH10,5.132261265140311,6.7300123692792075,-0.394641226431507
COPRS,17.920324990171668,20.398065894523782,-0.3946549654634386
TFEB,6.487635022558362,8.180591476442146,-0.3947483803397045
CNEP1R1,7.1671939644682405,8.917125829303947,-0.3953062462041541
AR,3.5793848400321995,5.082649274710446,-0.39531449250205475
SP140,5.487953273302507,7.129202743731024,-0.39567932333899425
TUSC1,9.501656775932755,11.419093669178006,-0.39568314160179757
ARHGAP27,4.901997491435311,6.505116383672552,-0.39579822116446917
KMT2E-AS1,9.74221689724245,11.683346452265827,-0.39607285178438456
MRC2,4.922590186644701,6.533228381873384,-0.3961311417899598
ZBTB17,15.178688432521481,17.49690768019791,-0.39624168438014784
GTF2F1,22.153059887301797,24.952209603058588,-0.39630375496523473
ME1,6.45861804294513,8.180591476442146,-0.3964402539374686
DHRS3,9.814291330475317,11.77330484650849,-0.3967779924393337
BLOC1S6,29.95581930845985,33.301473068705725,-0.39683420579493955
SH3TC1,12.815208641443734,14.983695041043518,-0.39694322053457787
NDUFAF4,18.21517494430612,20.7635218711346,-0.3974002131323917
FAM110A,6.63271992062452,8.399865062408637,-0.39825113224184994
RASGRF2,6.815246082707752,8.602271449454628,-0.39865065836866714
SCML1,25.52277364883839,28.601146969526592,-0.39889005518050524
ZNF219,9.137540483366719,11.092994490048353,-0.3991236071003275
ADCY7,4.266432034745494,5.897897222534578,-0.3997298401449799
ZC3H15,42.31986071849786,46.57033621949848,-0.3997939373592798
FRAT2,5.427111219274763,7.151692342291691,-0.40045368432891304
LGALS8,25.88220978340229,29.01720454289891,-0.40063000888584915
TNFRSF1A,30.986390100529793,34.47655459350051,-0.40085009856514253
MICAL2,16.491940767920322,18.98684358484201,-0.4009518309934037
FOXN3,48.55851133534268,53.26099179129653,-0.40103913102588007
PUF60,31.231630379841626,34.746429776228496,-0.40127364693222556
NMB,8.368122507815864,10.31148094006522,-0.40135132354941755
FCGR2A,11.031132411030196,13.162037557629597,-0.40158854711136505
PKIG,33.68590523616077,37.383335207466544,-0.4020260462164199
FAM78A,2.9232266881329916,4.514786911053638,-0.4025938431312185
PHF19,12.50631821330288,14.75879905543686,-0.40268464695180406
ZNF579,6.6767134058445805,8.546047453052964,-0.4036607801553464
HLA-DMB,3.2817267910964674,4.925222084785787,-0.4040816523813868
CYSLTR2,2.786566074470674,4.396716518610143,-0.40412088053125994
GCNT1,7.407754085777936,9.338805802316429,-0.40428414502640925
KLC2,7.431154875788606,9.372540200157427,-0.40476005697173556
PTPRN2,4.243967276335249,5.970988417856741,-0.4050270510660441
SPSB3,25.81575153977198,29.02844934217924,-0.40511838723609644
CXorf38,14.823932455959712,17.283256493871583,-0.40527080465888526
PAK1,22.000486736432222,24.95783200269875,-0.40550645651825923
ZNF275,3.496078027594211,5.189474867873608,-0.4059995064587284
ATXN2L,35.478405750978155,39.37366468008546,-0.406091161215963
INPP5A,19.45822490967295,22.253457775778703,-0.4062036023208836
CLINT1,44.498942284291516,49.021702462611046,-0.40647005378450496
SNW1,38.594454948799076,42.71337006634431,-0.4065980550132615
TP53INP2,4.353482973585188,6.1171708085010685,-0.40661633924265395
RGS3,10.425519965554036,12.611042392893287,-0.40684092615489487
F11R,14.991482112436117,17.49128528055774,-0.4068502768912645
NDUFAF3,20.859464215511917,23.771505678623637,-0.40731715668740354
OASL,2.780949884868113,4.4641853142921395,-0.4081289922114222
SFT2D1,28.459104779377352,31.912740357584617,-0.4083420448561818
PSMA4,32.362356553157234,36.0845608905881,-0.4083447566242717
FICD,3.138513956231162,4.8521308894636235,-0.4084444939378794
SLU7,23.417638579478442,26.52648150230518,-0.40845269844
DNAJC18,7.191530786079338,9.187001012031935,-0.4086098645413129
ANO6,41.396933560477,45.755088271674346,-0.4091318847691472
EXOC8,5.912911619896287,7.848869897672326,-0.4101618525410966
CCNT1,21.559615852631183,24.575508827167436,-0.4103549903372611
EIF4E3,3.733830054102626,5.53244124592376,-0.4108470406641591
PEX5,8.823033865623303,10.974924097604857,-0.4110201923576331
ZNHIT1,28.415111294157292,31.918362757224784,-0.41121386455950815
SOCS4,13.756856431473127,16.259979759361297,-0.41166486564462795
HCCS,11.77714959657038,14.14595749465872,-0.41176720167645076
UXS1,20.885673100323867,23.889576071067133,-0.4122301542724
PNMA1,8.787464664807084,10.96930169796469,-0.4127873809062406
ZNF281,17.654492015650447,20.44866749128528,-0.4129151998872728
OAF,17.60020218282569,20.392443494883615,-0.41301343058366896
C17orf58,8.121010165303181,10.266501742943888,-0.4133057692314853
UBE2D2,59.07950652414026,64.73068705723603,-0.4133093970215871
ABI1,45.72420764925024,50.46103677049365,-0.41354990855311535
CGRRF1,8.953142258082632,11.16046328573035,-0.4135558432054238
TUBB6,32.82288410056724,36.67491285280558,-0.4136987927294802
TAGLN,4.945990976655372,6.8818171595637025,-0.41378343101462245
FAM117A,6.732875301870191,8.821545035421117,-0.4154155162145768
COL5A3,3.7600389389145774,5.644889238727089,-0.41545331722631007
HSPD1,59.17685381058465,64.88811424716069,-0.41622162262359375
C1orf52,25.47410000561619,28.87664455189475,-0.4167573668187548
EID3,2.7641013160604304,4.6216125042168,-0.4176995590691469
SRF,9.694479285620684,12.031935229956146,-0.41787296015195285
TOPORS,17.277271280678434,20.145057910716293,-0.41834662142456125
NACA2,3.8358574985491507,5.779826830091083,-0.4183939197933424
TLCD1,3.135705861429882,5.032047677948948,-0.4184232963719381
GPN3,14.264185558904469,16.934667716181266,-0.4188908887090247
VAMP3,22.47879888425033,25.716855954121222,-0.4190251685230998
B3GNT2,18.99488926746167,21.994827392331047,-0.41910983626655696
SOX7,5.523522474118726,7.601484313505004,-0.4193699796865457
EMC6,21.926540239998502,25.137748791184077,-0.41963307809522365
TRA2B,52.8502162232997,58.19183627572247,-0.4197999052951116
UNC5B,2.7191717992399425,4.6216125042168,-0.420319234317298
SLC9A7,5.2445850571915305,7.342853930057348,-0.42152462980126626
ZNF787,15.317221109384652,18.109749240976047,-0.421596943855152
TRIM22,9.863901005297938,12.284943213763635,-0.42179704743175506
KCTD6,4.982496209072018,7.07297874732936,-0.4220834596522396
ABRACL,19.55276410131606,22.647025750590352,-0.42216184058540274
LATS2,28.22603291087107,31.918362757224784,-0.4222383312288102
FTSJ1,13.403036486511786,16.08568537051614,-0.42278645651561275
FASTKD5,5.563771832937079,7.713932306308332,-0.42315760773364963
AIDA,23.110620214538443,26.470257505903522,-0.4232866024072456
KIF5B,51.256154407772804,56.55571798043405,-0.42348798238882246
APOBEC3G,3.4427242263698825,5.45372765096143,-0.42352625888963635
PSMD11,42.83280603553176,47.55425615652761,-0.42356215727414903
VCPKMT,12.210532227568002,14.826267851118857,-0.4236114946096079
NRBF2,17.20145272104386,20.167547509276957,-0.4239942074971971
DAPK2,4.885148922627628,7.005509951647364,-0.4240787704157565
GSTM3,16.836400396877398,19.779601934105475,-0.42411531831209864
CACUL1,35.84439410674504,40.09895423366693,-0.42431873520410923
ZMYND19,7.0108766871969594,9.282581805914765,-0.4243573994899565
CD82,20.319373982065635,23.507252895535817,-0.42439194815915643
CA8,6.102926034782934,8.321151467446306,-0.4248473752231293
ACD,8.323192990995377,10.721916113797368,-0.4263616334652745
HBS1L,30.600745081153942,34.53277858990217,-0.42640285467355743
GRAMD1B,4.568770241683359,6.718767569998875,-0.42688287812304293
BOLA2B,4.258007750341652,6.392668390869223,-0.42721247926439376
INO80B,9.138476514967145,11.61587765658383,-0.4275940856572696
PXDN,14.072299080816968,16.889688519059934,-0.4276253168985737
CITED4,5.785611322238239,8.034409085797819,-0.42770605949808566
ARMCX1,10.172791433438793,12.729112785336783,-0.42801774090549505
MAPKAPK5-AS1,13.15030795439654,15.928258180591476,-0.42893394114679373
UBE2Z,35.921148697980044,40.267626222871925,-0.42904508734054336
SEL1L3,4.967519703465189,7.185426740132689,-0.42909110519186233
MTMR9,21.173034801654904,24.508040031485436,-0.42921446051074946
VMA21,18.418293801598743,21.578769818958733,-0.4300316462606095
SDHD,23.70780837561076,27.234903856966152,-0.43018081134086494
HSF2,11.16872905629294,13.842347914089734,-0.43067903542818264
MOB3C,3.4642529531796993,5.6111548408860905,-0.4308591864728989
TMUB1,19.481625699683622,22.73136174519285,-0.43091047507098784
ATOH8,3.851770035756407,6.032834813898572,-0.43126856417099346
ROCK1,53.43523597356646,59.029573822107274,-0.4313909829054281
ITGA4,4.761592751371286,7.0111323512875305,-0.43158959837101707
ATG16L2,10.675440402868002,13.347576745755088,-0.43244943657978796
PSMB5,32.74706554093266,36.9391656358934,-0.43253538278446346
TMEM71,3.1628507778422597,5.324412459237602,-0.43279006909746853
KLHL2,18.02796862422075,21.213313842347915,-0.43285320849397735
HAUS7,3.9865585862178707,6.207129202743731,-0.4329178901347446
N4BP3,2.720107830840369,4.85775328910379,-0.4331469407091304
EIF3M,41.4456072036992,46.25548183964916,-0.43359207428354773
DNMBP-AS1,4.423685343617201,6.696277971438209,-0.43411536202048273
LRRC8A,17.87913959975289,21.078376250983922,-0.4341695782051903
CAB39,44.878035082464386,49.93815360395817,-0.43436207060201304
MVD,13.884156729131176,16.85033172157877,-0.4364481598402888
CCNDBP1,20.080685923956793,23.47351849769482,-0.4364686467778867
RBP7,3.4651889847801263,5.717980434049252,-0.43663230933928954
ABHD4,4.156916337495554,6.4657595861913855,-0.43709412186972196
USP47,59.13286032536459,65.22545822557068,-0.43718998267479314
MYBL1,9.286369507834584,11.958844034633982,-0.4376809703590021
RNF41,13.987120205178128,16.996514112223096,-0.43841948399058706
VAT1,23.8313645468671,27.52164623861464,-0.4386194765735596
PJA2,43.23061946571316,48.25705611154841,-0.43870724387014026
EVL,21.35649699533856,24.87911840773642,-0.4387610407552557
HNRNPC,76.79952075182058,84.13921061509052,-0.4389213653263213
GMIP,4.868300353819945,7.264140335095018,-0.43917031568469644
TMEM238,2.72572402044293,4.9758236815472845,-0.4392606227828627
HPGD,21.624202033060634,25.177105588665246,-0.4394083566124901
GRPEL2,6.554093266188667,9.074553019228606,-0.4396420866675488
TOP1,60.686672782073124,66.94029011582143,-0.4401427923107186
DIRC3,5.912911619896287,8.399865062408637,-0.440220512779935
F8A1,3.553175955220248,5.886652423254245,-0.44070374266368584
SLC41A1,11.507572495647453,14.398965478466208,-0.4412876991933944
POLR2A,35.0581275623865,39.570448667491284,-0.4413312758992939
CELF2,55.50480184211018,61.42471606881818,-0.4413853475195686
HDAC7,22.010783084036916,25.626897559878557,-0.4414059159924808
TMEM170A,16.89162626130258,20.161925109636794,-0.4417523303730596
RAB3IP,8.87451560364678,11.593388058023164,-0.44175779364877527
HAPLN3,9.530673755545987,12.296188013043967,-0.4418397475678985
EAF2,3.7740794129209805,6.1452828067019,-0.4419328397444936
EIF2B4,18.108467341857462,21.471944225795568,-0.4422687907252565
PICALM,65.71503453956605,72.3546609693017,-0.44232981578850517
TAF5,5.170638560757811,7.663330709546834,-0.4433192769493627
CRY2,12.360297283636296,15.354773417294501,-0.4437110199298952
ZBTB7B,10.138158264223,12.987743168784437,-0.4441462409601613
TFAM,19.587397270531852,23.0911953221635,-0.4443734683863977
MAP3K9,3.7272778328996385,6.1452828067019,-0.44466166812798413
IL27RA,8.087313027687815,10.806252108399866,-0.4447157438607464
PLAGL2,6.513843907370314,9.125154615990104,-0.44474936828295825
CLTB,28.32899638691802,32.44686832340043,-0.4450666849325883
STUB1,30.276878147406254,34.53277858990217,-0.4452863470873125
TKT,42.50519497538237,47.6048577532891,-0.4454244451641902
HTRA2,13.562161858584346,16.67603733273361,-0.44571414741050003
HDAC9,10.393694891139525,13.291352749353425,-0.44580977321994847
PTTG1,20.346518898478013,23.928932868548298,-0.44581330441012845
CTNNBL1,36.80101840238127,41.52142134262903,-0.4461419018254196
CAPG,25.18954639908643,29.112785336781737,-0.4462309263498798
XRCC6,53.18531553625251,59.03519622174744,-0.4462696474961123
TMEM115,13.671677555834286,16.816597323737774,-0.44699671456426443
CTDSP2,27.099986895557592,31.170583605082648,-0.4471000460971701
IRF2BP1,4.410580901211225,6.921173957044867,-0.44714827488167164
PINK1,11.764981185764832,14.786911053637692,-0.4474428936605212
EXOSC6,16.6061366231724,19.965141122230968,-0.4476629477127667
CASP10,3.1057528502162235,5.543686045204093,-0.44808135961629325
CTSZ,30.741149821217967,35.089396154278646,-0.44858175078476914
ABHD5,17.805193103319166,21.28640503767008,-0.4498298048963813
PPP1CA,25.363648276765822,29.37703811986956,-0.4504955728370234
ZNF800,34.46936368571803,39.109411896997635,-0.4505088130902911
DAXX,19.016417994271485,22.60204655346902,-0.45098044567744255
RSL1D1,41.616900986577306,46.76149780726414,-0.45120945445604854
SERPINB1,28.0631634123968,32.278196334195435,-0.451364799465456
CNIH1,31.49465525956156,35.955245698864275,-0.4518826513287455
RAB5A,42.70082557987158,47.94220173169909,-0.4524212038919173
SYVN1,15.805829604807458,19.2061171708085,-0.4529185749863417
DPM3,16.244828425407643,19.67839874058248,-0.45308673066820426
GAS6,14.900687047194713,18.250309231980207,-0.4535515420393503
CD9,37.13330962053279,42.01619251096368,-0.45375867031302175
SLC11A2,35.17232341763858,39.92465984482177,-0.45399635908282965
LRP10,26.380178594829363,30.52963004610368,-0.4541032300308922
JMY,22.581762360297283,26.470257505903522,-0.45412236314068916
STXBP2,10.721305951288915,13.808613516248736,-0.45492630863728095
FES,6.080461276372691,8.855279433262115,-0.455295710017507
IL17RA,18.652301701705447,22.292814573259868,-0.45534107424450854
GNPNAT1,14.848269277570811,18.23344203305971,-0.45568766676032396
MXRA8,3.9360128797948217,6.572585179354548,-0.4558018912738582
ABHD17B,19.15120654473295,22.83818733835601,-0.4560037028924918
PRR14,11.894153546623734,15.084898234566513,-0.4561675415328876
ANKRD40,12.924724338693675,16.18688856403913,-0.45619606100610144
TMEM106A,7.4536196341988505,10.339592938266053,-0.4562062352770499
POLR2I,21.077559578411368,24.907230405937252,-0.4565584630350858
GRAMD1A,34.480596064923155,39.2331046890813,-0.4566017567808499
SUPV3L1,16.935619746522644,20.49364668840661,-0.4572837720404502
NTAN1,20.741524233858136,24.564264027887102,-0.45744146843498557
RNF146,16.73905311043301,20.302485100640954,-0.458316336474371
TUBB2A,24.09719752138832,28.168222197233778,-0.45839264898254134
PANK2,37.415055132261266,42.40413808613516,-0.45849487402073374
SNRPE,34.477787970121874,39.2837062858428,-0.45952597568946685
C15orf39,6.454873916543423,9.333183402676262,-0.45953636989143204
ELOVL5,41.97633712114121,47.301248172720115,-0.45969727066398813
ZBTB18,3.877978920568358,6.583829978634881,-0.45979908051507723
FXYD6,4.185933317108786,6.915551557404701,-0.4599399300995811
CRABP2,7.404945990976655,10.362082536826717,-0.46027110088726125
NOP16,19.119381470318437,22.883166535477343,-0.4603130743760278
STRN4,13.675421682235992,17.080850106825594,-0.46119429636731374
SEMA4A,5.651758803377202,8.506690655571798,-0.46127507459387296
RNASET2,12.541887414119103,15.87765658382998,-0.46164822092656366
TRABD,28.29529924930266,32.71674350612842,-0.46175405046527507
CSNK2A2,23.601100773162102,27.724052625660633,-0.46308726904276365
IFI30,5.6395903925716535,8.540425053412797,-0.4638248961106522
NBPF10,12.266694123593611,15.630270999662658,-0.4641980068162958
PDCD4,37.882134900874256,43.01135724727313,-0.46438703722078845
PSMB8,26.065671977085948,30.39469245473968,-0.46507965221966174
FBXO30,7.158769680064399,10.187788147981557,-0.46511638647621756
C1orf198,11.38776045079282,14.708197458675363,-0.4651431561116212
CLN8,17.46728569556508,21.20769144270775,-0.46523785150534913
HS6ST1,9.292921729037571,12.487349600809626,-0.46613071053277055
TMEM127,15.562461388696484,19.189249971888,-0.4661883195119567
POC1B,18.982720856656123,22.87192173619701,-0.46766781121012957
SPATA2L,8.82116180242245,12.026312830315979,-0.4684861767650418
ZCCHC3,9.021472564913791,12.24558641628247,-0.46876891117466835
UBQLN2,10.993691147013124,14.353986281344877,-0.4687964666613587
CDK14,22.040736095250576,26.166647925334534,-0.4691046840201945
AHCYL1,34.840032199487055,39.851568649499605,-0.46938366730862413
TM6SF1,2.780013853267686,5.588665242325424,-0.46952777334815
COL6A1,20.15182432558923,24.15945125379512,-0.4697407924221061
CHSY1,31.350506393095827,36.14078488698977,-0.4704092365037915
SEC23A,32.562667315648575,37.45080400314854,-0.4711985796943373
EID2,6.806821798303911,9.923535364893736,-0.4712212878463382
METTL7A,5.759402437426288,8.821545035421117,-0.4721751465911807
COL1A2,7.39464964337196,10.586978522433373,-0.4731402840454407
CTSH,20.880992942321733,25.002811199820087,-0.4732337996341165
CCDC126,12.75436658741599,16.321826155403127,-0.47349030087029437
NPIPB11,4.029616039837505,7.022377150567863,-0.4748819163345004
MRPL53,3.4314918471647604,6.392668390869223,-0.4754035885168373
ATG3,28.04537881198869,32.699876307207916,-0.47540583096457906
SIN3A,26.653499822153996,31.232430001124477,-0.47650700012696817
HERPUD2,27.527753336952653,32.17137074103228,-0.476754896738528
TRAF3,30.44161970908138,35.30304734060497,-0.47770165130722986
AMFR,22.91966976805137,27.279883054087485,-0.4785880495016085
EIF5AL1,4.855195911413969,7.978185089396154,-0.47888795753342556
TNFAIP8L1,8.76499990639684,12.172495220960306,-0.47973551741920806
FKBP2,20.5449575977685,24.77229281457326,-0.48025122549092164
WHAMM,22.03605593724844,26.369054312380523,-0.48041952368097396
IMP3,23.705936312409907,28.156977397953447,-0.480592212222832
SYNE3,11.637680888106782,15.259192623411671,-0.4806298727826198
TAF1D,63.726903420259475,70.93781625997975,-0.48095674776217123
GTF3A,32.967968998633395,38.063645563926684,-0.48099951738344526
GID8,24.445401276747102,28.960980546497243,-0.4813378300305571
IKBIP,23.26506542860887,27.707185426740132,-0.4817600937676901
PAPOLA,50.88548589400378,57.23602833689419,-0.48221354695034746
GATA3,6.031787633150495,9.299449004835264,-0.48236465234111525
KTN1,72.06507291686167,79.88867648712471,-0.4830885513291907
NUB1,29.216354344122657,34.09423141796919,-0.4831973584752764
PKIA,4.3909242376022615,7.562127516023839,-0.48326057940710077
ELK1,12.944381002302638,16.70414933093444,-0.4832682871868021
ADAMTS7,4.580938652488908,7.781401101990329,-0.48414365606109516
DDIT3,21.41640301776588,25.795569549083545,-0.4852636671481695
RHEB,54.37313963719416,61.019903294726184,-0.4852845041875087
SMN2,3.5690884924275044,6.7243899696390415,-0.4854773734172473
PTGDS,8.521631690285863,12.020690430675812,-0.48564395739653626
CCDC88B,3.2208847370687237,6.3645563926683915,-0.48614971112831873
NHP2,26.047887376677835,30.777015630271,-0.4869736365588681
HIGD1A,18.09442686785106,22.281569773979534,-0.48725526653002543
HSPA14,8.677012935956718,12.217474418081638,-0.4873194829629326
GSPT1,47.550405301682986,53.77263015855167,-0.48772970748518807
LNX1,5.680775782990434,9.029573822107276,-0.4881082561207207
SAR1B,27.86940487110845,32.75047790396942,-0.4884267148921112
NID1,20.31750191886478,24.682334420330598,-0.48860579506916135
BAG5,19.342156991220026,23.659057685820308,-0.48965135242326224
UBE2E2,33.72334650017785,39.03069830203531,-0.4897122432032974
PHF12,21.822640732351122,26.318452715619028,-0.49010249190408367
ATP6V0D1,30.963925342119552,36.09018329022827,-0.49018886974581544
PDIA3,60.14658254862684,67.29450129315192,-0.49095689629545447
STAU1,47.61592751371286,53.90194535027549,-0.4909639312737424
CCDC86,9.564370893161353,13.240751152591926,-0.4914041229697938
KCNK6,5.510418031712751,8.917125829303947,-0.4919067709797206
KSR1,9.517569313140012,13.212639154391095,-0.49259934623905804
MRPS6,38.66465731883109,44.366355560553245,-0.4926807931545407
VWA5A,2.969092236553906,6.2352412009445635,-0.4937762243060564
CRLF1,3.1937398206563454,6.47700438547172,-0.4938668520476489
ZNF395,9.285433476234157,12.993365568424602,-0.49417221513020493
MAD2L2,16.595840275567703,20.808501068255932,-0.49427144338392814
BCL7B,18.4482468128124,22.79320814123468,-0.49453693702975804
ATP11C,19.900967856674843,24.35061284156078,-0.49479582733435534
HMGN1,50.835876219181166,57.41594512537951,-0.49492117776789635
LST1,2.859576539303967,6.1452828067019,-0.49525414635789955
RGPD5,3.539135481213846,6.876194759923536,-0.49550529119950393
TPST2,17.142482730216972,21.421342629034072,-0.49583131935489466
MFHAS1,26.20326862234869,31.114359608680985,-0.4963171876963966
B4GALT5,48.55476720894097,55.009558079388285,-0.49664767540144417
PSMC1,36.64470112510998,42.28606769369167,-0.49697024773323784
REXO2,29.89778534923339,35.089396154278646,-0.49775523825526946
TRAF6,12.038302413089466,16.00134937591364,-0.49775827683551876
ANG,2.8839133609150647,6.218374002024063,-0.4978225288954732
CHCHD1,17.491622517176182,21.83177780276622,-0.49786489428176073
PLEKHM1,16.937491809723497,21.247048240188914,-0.49827523596637946
DNAJB4,11.082614149053672,14.994939840323852,-0.4985778893370897
SMDT1,24.348990021903138,29.19149893174407,-0.4995347784372049
FBXL15,12.046726697493307,16.05195097267514,-0.5000275769320982
E2F4,18.8563565905985,23.338580906330822,-0.5004934927417131
SH3BP2,15.424864743433739,19.684021140222647,-0.5012025249698047
SDHAF1,8.518823595484584,12.313055211964466,-0.5017571802875007
ABCA6,5.019937473089091,8.574159451253795,-0.5017949100451393
SUSD1,9.726304360035193,13.606207129202744,-0.5018992432478603
OXSR1,36.9732482168598,42.74148206454515,-0.5026582753316023
RBM42,20.344646835277157,24.969076801979085,-0.5026658467718467
C2orf49,14.744369769923432,18.98684358484201,-0.5028462828329419
PLIN3,27.64850141340772,32.78983470145057,-0.5034538320221034
DNAJC1,53.30231948630586,60.22152254582256,-0.5041657123577423
MT1F,5.943800662710373,9.608680985044417,-0.5043645059585684
LINC00910,11.693842784132393,15.759586191386484,-0.504653449755662
MRPS36,25.813879476571127,30.85572922523333,-0.504911872796155
CREBZF,30.31151131662205,35.66288091757562,-0.5049179396754324
MAML1,18.23389557631466,22.75947374339368,-0.5051946448890731
ATP11B,39.03532583260011,44.99606432025188,-0.5054212269159681
SPOCK1,6.0636127075650075,9.771730574609244,-0.5062736149593459
CREB3L2,34.82692775708108,40.52063420667941,-0.5066475409745909
GCHFR,5.292322668813299,8.962105026425277,-0.507076879429549
CCDC124,21.693468371492223,26.492747104464186,-0.5071424099507214
BEND7,8.003070183649399,11.874508040031486,-0.5079046292916345
C15orf61,13.842971338712395,18.126616439896548,-0.5084752010036411
CYB5R3,37.21942452777206,43.11256044079613,-0.5085482255422304
THAP9-AS1,13.482599172548065,17.744293264365233,-0.508630150003039
CDK17,39.95076473781755,46.04183065332284,-0.5090954539841159
MRPL18,23.11717243574143,28.067019003710787,-0.510013336921619
SF3B4,20.66383361102271,25.44698077139323,-0.5101265241382902
TMED9,40.70520620776158,46.87394580006747,-0.5105014518233504
AEN,12.044854634292454,16.254357359721126,-0.5111786868898679
S1PR2,5.141621581144579,8.877769031822783,-0.5112628914817093
SP100,55.31478742722354,62.51546159901046,-0.5119682691885252
NTRK2,4.580002620888481,8.293039469245473,-0.5121098457076861
DYNLL2,16.919707209315387,21.4831890250759,-0.512194473711608
DLG4,4.964711608663908,8.709097042617788,-0.5123762320859451
PPP3CC,40.270887545163525,46.44664342741482,-0.5125141814859013
KIF13B,40.094913604283285,46.27234903856966,-0.5132662244996213
RFK,9.538162008349401,13.617451928483076,-0.5134825753951829
DR1,23.78175487204448,28.85415495333408,-0.514204917074393
ACTR2,54.51354437725817,61.70021365118633,-0.514211262801318
VAMP5,12.87043450586892,17.19329809962892,-0.5142645650202572
SDCBP2,5.788419417039519,9.636792983245249,-0.5149578213059836
TBC1D12,17.479454106370632,22.13538738333521,-0.5151373248951143
RAB35,14.496321395810321,18.95873158664118,-0.5157754681512156
CFLAR-AS1,10.18870397064605,14.36523108062521,-0.5163457569030871
NUDC,38.830334912106636,44.97919712133138,-0.5164533321671205
STX2,17.301608102289535,21.97233779377038,-0.5166119630898648
RFX1,13.256079525244772,17.6487124704824,-0.5166234219907635
MRPL36,20.42140142651216,25.312043180029235,-0.5169005506164847
TFG,43.34481532096524,49.814460811874504,-0.5170106259425677
SLC1A5,31.2447348222476,36.88294163949173,-0.5170635636660577
SRSF12,5.518842316116592,9.389407399077927,-0.5171801477896967
ODC1,18.073834172641668,22.81007534015518,-0.5172877271662186
TIMM17B,14.916599584401968,19.442257955695492,-0.517648597232165
USP38,11.127543665874159,15.399752614415831,-0.5180421277337994
SAT2,33.713050152573146,39.54233666929045,-0.5182241985265864
NEURL1B,3.2489656850815285,6.9886427527268635,-0.5185584476340512
DDX39A,30.03350993129528,35.61790172045429,-0.518673412090604
MSL1,25.20733099949454,30.484650848982348,-0.5200339011384041
RLF,43.36540801617463,49.904419206117176,-0.5207174778193571
UCP2,2.7023232304322593,6.448892387270886,-0.5209859449600734
NEK10,8.85017878203568,13.0270999662656,-0.5213906452337391
PRKAG2-AS1,3.2817267910964674,7.089845946249859,-0.522169246176823
MAGEH1,5.4926334313046405,9.46249859440009,-0.52269566498144
ECH1,25.86442518299418,31.238052400764648,-0.5228217676954647
ADAMTS1,11.64423310930977,16.05195097267514,-0.5234955010301171
GOLGA7,24.221689724245092,29.495108512313056,-0.5235201268739446
ATP6AP2,39.20193945747609,45.52456988642753,-0.5245383740181986
NDUFA12,30.200123556171256,35.910266501742946,-0.5249082762333328
C11orf58,54.93288653424939,62.34678960980546,-0.5250338781124504
NTMT1,21.287230656906978,26.39154391094119,-0.5253076619082044
ZNFX1,27.805754722279424,33.37456426402789,-0.5261839550294856
NDUFV2,40.824082221015786,47.29000337343978,-0.5262675834198356
MSL3,12.808656420240746,17.35072528955358,-0.5264548071261331
TUFM,38.844375386113036,45.18160350837738,-0.5266766404745042
SH3PXD2B,31.625699683621317,37.46767120206904,-0.5267498870003549
LYSMD2,8.731302768781473,13.004610367704936,-0.5270949852364241
NBPF14,17.592713930022278,22.478353761385357,-0.5272435426006294
EIF2S1,31.35425051949754,37.19217361970089,-0.5275477615051808
INSIG2,13.242039051238368,17.834251658607894,-0.5275638642597053
WIPF1,41.51955370013292,48.060272124142585,-0.5277379737709706
PLEKHF1,7.151281427260985,11.334757674575508,-0.5281240876780151
WDR74,18.7936424733699,23.782750477903967,-0.5283810835803684
COL1A1,3.2377333058764064,7.157314741931857,-0.5284149971314476
ARID3A,16.00894846210008,20.8141234678961,-0.5287976723357455
POLR2J,22.16054814010521,27.39795344653098,-0.529290787361577
MLKL,3.7347660857030536,7.713932306308332,-0.5298002209604614
TMEM109,19.56493251212161,24.642977622849433,-0.5303383083157728
MTMR6,18.044817193028436,23.029348926121667,-0.5309417206549489
EHD4,26.18642005354101,31.73844596873946,-0.5313455994502803
PLSCR1,29.10871071007357,34.86450016867199,-0.5314944438871092
RLIM,21.107512589625028,26.318452715619028,-0.5317989896038194
NDUFB2,36.357339423778946,42.617789272461486,-0.531821794355742
KCNMA1,5.066739053110433,9.18137861239177,-0.53219195212894
ZFYVE28,18.95651197184417,24.030136062071293,-0.5323804858110139
RNF122,3.934140816593968,7.978185089396154,-0.5325913001205203
RNF126,27.089690547952898,32.72798830540875,-0.5326621116696831
PRKCB,12.551247730123368,17.19329809962892,-0.5328751745956631
RAB33B,4.923526218245128,9.046441021027775,-0.5331808624341342
TSPO,35.8322256959395,42.08366130664567,-0.5333007516482033
ADRB2,3.4904618379916506,7.52839311818284,-0.5339229113683877
ING2,11.428945841211599,16.029461374114472,-0.5348212275027926
NCOA4,21.957429282812587,27.29112785336782,-0.5353062031118656
PHF20,55.706048636201956,63.37006634431576,-0.5357768593750287
IGFBP6,4.6848381601362865,8.849657033621948,-0.5363626513903508
PTGS1,3.6439710204616507,7.7532891037894975,-0.5372411951843501
SAMD1,10.584645337626599,15.174856628809174,-0.5374276960684784
TSHZ3,10.828949585338,15.439109411896998,-0.5375990999803866
JAM2,4.833667184604152,9.040818621387608,-0.5381134919075907
AAK1,44.091768538105846,51.00640953558979,-0.5384833817852597
WDR45B,32.62538143287718,38.77206791858765,-0.5396213900291026
TGFBR3,23.603908867963383,29.1352749353424,-0.5399105160739215
SMAGP,5.375629481251288,9.66490498144608,-0.5405596927625969
NFATC4,3.328528371117809,7.4834139210615085,-0.5409108893925028
PKIB,5.414942808469214,9.71550657820758,-0.5410279661260724
UFC1,27.49031207293558,33.31271786798606,-0.541202327082914
EMP1,44.30518374300316,51.293151917238276,-0.5416826965216526
SON,74.73744313608027,83.83560103452153,-0.5425906086692707
SESTD1,32.37826909036449,38.564039131901495,-0.5426809260486575
NUFIP2,49.13791489600689,56.477004385471716,-0.5427006607057716
HK1,34.54892637175431,40.88609018329023,-0.5427936480574685
ZNF580,18.090682741449353,23.299224108849657,-0.542990077935702
PLAU,6.87796019993635,11.317890475655009,-0.5431402823690643
FLVCR2,2.893273676919333,7.067356347689194,-0.5435916376684139
MAFB,12.355617125634161,17.18205330034859,-0.5436682351929631
EIF4EBP2,19.212048598760695,24.513662431125603,-0.54385909080185
RASGRP3,10.510698841192879,15.21421342629034,-0.5438862920743108
ZSWIM4,11.717243574143064,16.50736534352862,-0.5440829316023401
MAOA,3.173147125446955,7.376588327898347,-0.5441429001916309
GMPPB,6.412752494524216,10.84560890588103,-0.5445002705819563
ZNF385A,9.988393208154706,14.674463060834364,-0.544894798640918
TACC1,43.79223842596926,50.815247947824126,-0.5455193686628594
FLNA,43.96166014564652,51.00078713594962,-0.545762803668518
UTY,19.544339816912217,24.907230405937252,-0.5459548808782373
YME1L1,43.11642361046109,50.10120319352299,-0.5459700806191117
VAMP4,13.240166988037515,18.17159563701788,-0.5460762787657623
NR1D1,5.815564333451897,10.238389744743056,-0.546194250288005
KLF11,8.545032480296536,13.167659957269763,-0.5468506318652299
TOMM5,22.874740251230882,28.488698976723263,-0.5471527446614965
IKZF5,9.383716794278975,14.072866299336557,-0.5473321119111703
PSMA5,40.31488103038359,47.13257618351513,-0.5473690475925452
DOT1L,23.632925847576615,29.303946924547397,-0.5474202731615162
UNC119,8.911956867663852,13.572472731361746,-0.5475405309835246
TMF1,36.67091000992194,43.247498032160124,-0.5478913987450268
C12orf29,11.476683452833369,16.321826155403127,-0.5479873157395871
ABTB1,8.43738884624745,13.0777015630271,-0.5482194007817336
ENTPD7,9.79837879326806,14.550770268750703,-0.5492259793752933
RNH1,42.30956437089316,49.302822444619366,-0.5494606967064584
TOB2,23.23230432259393,28.916001349375914,-0.5496152935478709
HYOU1,15.963082913679166,21.15708984594625,-0.5501819065451287
TMEM243,22.90750135724582,28.5842797706061,-0.5504568221814234
DLL1,4.021191755433663,8.399865062408637,-0.5505197560406244
FBLN7,6.148791583203849,10.68818171595637,-0.5513026740251752
ZNF22,12.664507553775014,17.654334870122568,-0.5514225337809298
YTHDC1,45.3460508826778,52.58630383447655,-0.5515393885272382
TRA2A,51.685792912368726,59.36691780051726,-0.5517978492510225
MRPL34,25.100623397045887,30.98504441695716,-0.553553800885993
AKIRIN1,33.73832300578468,40.22264702575059,-0.5538638749637813
SPEN,46.50766609880749,53.89070055099516,-0.5549691453491092
ATG12,31.124922777392968,37.45080400314854,-0.5550281876351677
AAMP,27.897485819121254,34.004273023726526,-0.5551882059565162
ATXN1L,8.080760806484827,12.824693579219613,-0.555210627035894
ZRANB1,20.811726603890147,26.447767907342858,-0.5560997685129219
KCNE1,4.605275474100005,9.13077701563027,-0.5563377107845494
DHX40,16.944044030926484,22.3209265714607,-0.556476915356141
TSPAN13,5.813692270251044,10.429551332508714,-0.5567319182000843
STEAP1,3.947245258999944,8.4392218598898,-0.5569783520464562
YWHAE,67.38959507272966,76.25098391993703,-0.5572500050589966
USF1,7.56594342625007,12.313055211964466,-0.557316126175369
MMD,5.792163543441227,10.423928932868549,-0.5576804582336448
REEP5,46.43652769717506,53.87383335207466,-0.5581968014234786
BET1L,10.991819083812269,16.03508377375464,-0.5606152056274399
NECAP1,11.784637849373796,16.8953109187001,-0.5613171693064385
FOS,33.32927719639815,39.92465984482177,-0.5614576208246886
TRIM35,9.812419267274464,14.798155852918024,-0.5619030558654386
IPCEF1,5.280154258007751,9.957269762734736,-0.5620759958528727
EFNB2,4.713855139749517,9.355673001236928,-0.5622756698486631
SDF2,21.941516745605334,27.780276622062296,-0.5629187337497923
PTPN6,2.6976430724301252,7.21353873833352,-0.5629728869053819
LSM7,37.65187112716925,44.5743843472394,-0.5630813172185531
HHEX,2.842727970496284,7.376588327898347,-0.5634084285790746
SMN1,4.897317333433176,9.580568986843584,-0.5638475034991914
PPP1R9B,7.019300971600802,11.85201844147082,-0.5640377178212251
SGMS2,6.66828912144074,11.480940065219835,-0.5642603431896154
HNRNPUL1,38.484003219948704,45.49083548858653,-0.5645582752838725
OTUD5,22.058520695658686,27.943326211627124,-0.5649915724535794
POLR2H,27.831027575490946,34.11672101652986,-0.5651975627179789
RMND5A,18.708463597731058,24.373102440121443,-0.5655532586370766
GDI2,48.92637175431042,56.673788372877546,-0.5657702007987342
TM2D3,23.031057528502163,29.005959743618575,-0.5662567919624046
EIF1AY,6.301364734073422,11.126728887889351,-0.5663309332769284
SH3RF3,11.0975906546605,16.276846958281794,-0.5676370574630986
SMIM12,21.532470936218807,27.442932643652313,-0.5683654324507829
SLC12A6,15.928449744463375,21.45507702687507,-0.568457453759712
RGPD8,3.86581050976281,8.562914651973461,-0.5684743759363263
GLRX3,33.47904225246644,40.21702462611042,-0.568674863185474
ACSL1,22.00142276803265,27.971438209827955,-0.5698543481956643
SLBP,28.897167568377107,35.34240413808614,-0.5699000351223364
GFPT1,37.04157852369096,44.05712358034409,-0.5704469052375035
AMPD2,9.575603272366475,14.702575059035198,-0.5704966700975314
TALDO1,38.079637568564316,45.170358709097044,-0.5706522542150496
PILRA,5.5019937473089096,10.356460137186552,-0.570918541937143
ATN1,22.239174794541064,28.24693579219611,-0.5710212301269513
STEAP4,3.290151075500309,8.01754188687732,-0.5722870258372675
NDUFS6,34.25782054402157,41.116608568537046,-0.5723425225394364
STARD8,3.440852163169029,8.180591476442146,-0.5723951081049412
MARCKSL1,23.128404814946553,29.230855729225237,-0.5728496698385561
HLA-DMA,9.451111069509707,14.6182390644327,-0.5731545382549369
YRDC,13.104442405975625,18.525806814348364,-0.5733133055171381
EIF1AD,7.897298612801168,12.970875969863938,-0.5738823808931544
TSPAN33,4.268304097946347,9.108287417069604,-0.5747583910543005
HYPK,5.935376378306532,10.890588103002361,-0.5747880882763226
FUT11,12.277926502798735,17.6824468683234,-0.5754962613427883
MEX3D,4.873916543422506,9.782975373889576,-0.576253874513367
CCDC71L,12.654211206170322,18.104126841335884,-0.5765605578529207
BBC3,10.0997809686055,15.399752614415831,-0.5779671990352525
SNIP1,11.45234663122227,16.861576520859103,-0.57885152469215
SRRM1,59.7684257820544,68.50331721578769,-0.578950849545794
PWWP2B,5.453320104086714,10.457663330709547,-0.5792775018671883
MAPK6,40.81940206301365,48.25705611154841,-0.5792964821875748
RAP2A,15.860119437632214,21.584392218598897,-0.5794961267250498
CLSTN3,5.541307074526836,10.564488923872709,-0.5799750039402864
KPNA4,42.58007750341651,50.16304958956482,-0.5806163851452122
RAB9A,33.093397233090585,40.031485437984934,-0.5810386153115422
LYSMD3,13.604283280603552,19.2061171708085,-0.5812826621457386
DAPP1,2.865192728906528,7.7420443045091645,-0.5820354574399427
ETF1,40.20068517513151,47.6554593500506,-0.5825524439728742
SETD7,15.233914296946665,20.988417856741258,-0.5834954220745533
PLEKHA3,18.94434356103862,24.963454402338918,-0.5840056709830393
SRSF10,54.400284553606525,62.86967277634095,-0.5846130002411851
MORC3,40.98975981429133,48.5437984931969,-0.5850063190367789
DUSP16,36.385420371791746,43.63544360733161,-0.5857010024606452
CCDC80,7.8776419491922045,13.167659957269763,-0.5857637246138055
C1orf122,22.442293651833687,28.73608456089059,-0.5858628439301424
ARHGEF2,32.021641050601865,38.98009670527381,-0.5861719540214073
PCIF1,10.169983338637513,15.64151579894299,-0.5870629604423642
DERL2,21.05603085160155,27.279883054087485,-0.5872499957322034
CLEC7A,3.530711196810004,8.551669852693129,-0.5873993451164286
CARD6,3.763783065316285,8.810300236140785,-0.5879189468175285
RAB8A,18.563378699664902,24.6317328235691,-0.5881217936767806
LUZP1,42.369470393320476,50.07871359496233,-0.5882952975282405
THEMIS2,5.086395716719396,10.238389744743056,-0.5887093965027882
CNN2,15.487578860662335,21.359496232992242,-0.5889487597438235
PPP2R1B,13.034240035943615,18.739458000674688,-0.5890619469604947
RCAN2,3.2630061590879307,8.315529067806139,-0.5901259605104924
CAPZB,63.832674991107694,73.0574609243225,-0.5904234212281567
HNRNPL,46.537619110021154,54.57663330709547,-0.5906426599708006
SRP9,35.59353763783065,42.89328685482964,-0.5913856036937274
MID1IP1,11.5824550236816,17.232654897110088,-0.5915089692938352
ZDHHC18,9.734728644439036,15.270437422692003,-0.5921974769010374
DCHS1,4.0782896830597,9.2263578095131,-0.5922785757710232
MIDN,29.213546249321375,36.10705048914877,-0.5931672143568995
PBX1,6.791845292697081,12.155628022039807,-0.5938627589986349
MED30,13.508808057360017,19.341054762172497,-0.5942107765963465
DNAJB11,27.043824999531985,33.8074890363207,-0.5942267998717994
TUSC2,16.10067955894191,22.11289778477454,-0.5943017249813654
OSBPL8,59.53067375554598,68.53705161362869,-0.5946536238709981
ARHGAP29,11.973716232660014,17.716181266164398,-0.5950739719725489
SOCS5,5.675159593387873,10.991791296525356,-0.5954813524997453
CTNNAL1,25.284085590729543,31.952097155065783,-0.5956128095520997
SH3KBP1,40.70988636576371,48.442595299673904,-0.5958037343588374
ARL4A,23.649774416384297,30.214775666254358,-0.5961267006443964
MIER1,40.87649999063969,48.650624086360054,-0.5974377831588862
ALAS1,13.784001347885505,19.70651073878331,-0.5981021321863654
ZBTB1,34.58355954097011,41.94872371528168,-0.5987445883714451
NR1H2,20.82576707789655,27.257393455526817,-0.5994489472875958
GLRX5,18.529681562049536,24.806027212414257,-0.5995949018210978
PRR5,11.985884643465564,17.828629258967727,-0.600498897049747
FPGS,17.789280566111913,24.03575846171146,-0.6007441867181142
CPM,17.641387573244472,23.883953671426966,-0.6010858167931217
IRF2BPL,14.489769174607334,20.52738108624761,-0.6017326694987397
PITHD1,26.476589849673328,33.363319464747555,-0.6030692390749272
BRD2,52.01340397251811,60.66569211739571,-0.6035486068438507
RABGGTB,29.112454836475276,36.2026312830316,-0.6042757410536092
ZBTB38,38.96418743096767,46.755875407623975,-0.6055727262094492
ICAM3,4.779377351779396,10.227144945462724,-0.6059970686527958
SLC30A4,6.335061871688788,11.891375238951984,-0.6060802359477744
PSENEN,17.09568115019563,23.394804902732485,-0.6062192267570816
CPED1,2.8034146432783573,8.135612279320814,-0.6071079825053205
DCTN6,20.149016230787954,26.689531091870013,-0.6079289824054956
DEXI,13.886964823932457,19.998875520071966,-0.6080482029306411
ACO1,15.422992680232886,21.640616215000563,-0.6080505940553048
JAK3,4.575322462886347,10.052850556617564,-0.6083864086966108
EMP2,25.962708501038996,32.91352749353424,-0.6084940928980307
TWF2,15.641088043132337,21.882379399527718,-0.6085232577705861
SMARCA2,35.09182470000187,42.674013268863156,-0.6086765240737801
APOL3,5.260497594398787,10.795007309119532,-0.6089235361778869
RAB13,31.29153640226894,38.620263128303165,-0.609111531341762
PSTPIP2,5.892318924686898,11.480940065219835,-0.6095043177878892
PHF13,8.43458075144617,14.230293489261218,-0.6112609401680273
FOXJ2,7.631465638279948,13.375688743955921,-0.6114660397562417
ARHGAP25,3.1478742722354305,8.61351624873496,-0.6130950925446794
ANKRD9,12.931276559896663,19.08242437872484,-0.6137753517977369
CDKN2AIP,11.105078907463914,17.142696502867423,-0.6144354824399146
SATB1,7.454555665799277,13.257618351512427,-0.6153398695660852
COL13A1,4.0183836606323835,9.586191386483751,-0.6154016215639896
FOSB,15.620495347922947,21.994827392331047,-0.6158583627162277
IPMK,18.558698541662764,25.143371190824244,-0.6163062895940512
SEC24A,25.52464571203924,32.598673113684924,-0.6168595492881663
C2CD2,9.518505344740438,15.495333408298661,-0.6170735049465754
SLC12A7,9.713199917629218,15.714606994265152,-0.617683698762221
STK40,25.62667315648576,32.73923310468908,-0.6185787289832889
RNF11,27.741168541849976,35.010682559316315,-0.6192055558466814
PHLDB2,15.091637493681787,21.494433824356236,-0.6193959524164406
PPP1R3B,10.284179193889585,16.361182952884292,-0.6196649101108442
ATP2B1,44.66368384596664,53.10918700101204,-0.6198507614831434
TNFRSF10B,20.14340004118539,26.9088046778365,-0.6202185617024807
CHRAC1,13.76153658947526,20.08883391431463,-0.6202689993639208
TPRA1,16.036093378512458,22.528955358146856,-0.6207648638411338
CNOT8,18.909710391822827,25.610030360958056,-0.6212979216140307
USP9Y,14.43828743658386,20.853480265377264,-0.6225242000456062
TMEM158,5.265177752400921,11.053637692567188,-0.6227598203904211
ELF2,48.11108823033866,56.84808276172271,-0.6228147429473441
SUN2,19.0725798902971,25.812436748004046,-0.6228435556619135
DNLZ,2.8951457401201863,8.53480265377263,-0.6235366714956946
CSRP2,10.37123013272928,16.541099741369617,-0.624404362048601
SMU1,22.50032761106015,29.506353311593386,-0.6244998768644185
ZDHHC2,7.856113222382389,13.859215113010231,-0.6247456714801817
MED10,29.09186214126589,36.556842460362084,-0.6247998499815979
ILK,31.08841754497632,38.69335432362532,-0.6249420198230994
HSP90B1,66.6201770971788,76.67828629258968,-0.6254227414198241
SP3,39.34234419754011,47.52614415832677,-0.6255445730006499
CDC37,50.73291274313421,59.70988417856741,-0.6260667775324533
TNFRSF10A,4.5818746840893345,10.401439334307883,-0.62702107613933
CHD1,54.34693075238221,63.61182952884291,-0.6282110396139415
TPRG1L,8.543160417095681,14.685707860114697,-0.6297744611687975
STK38L,18.35651571597057,25.188350387945572,-0.6305485963934926
CHMP5,26.58704157852369,33.987405824806025,-0.6306752376257165
ETV3,15.461369975850383,22.10165298549421,-0.6309640786541564
EHD2,6.236778553643971,12.24558641628247,-0.6311341999923579
PHLDA2,21.458524439785087,28.516810974924095,-0.631260696660148
MAST4,15.877904038040324,22.562689755987854,-0.6318286299144038
STMN1,32.05627421981766,39.85719104913977,-0.6320011005814891
ZNF639,11.113503191867757,17.48004048127741,-0.6323475547016035
UBE2N,36.919894415635476,45.06353311593388,-0.6324449221238855
PDZD8,27.024168335923022,34.487799392780836,-0.632486151557145
STK17A,39.49304528520883,47.81850893961543,-0.6327072387937651
SLC17A5,15.959338787277458,22.71449454627235,-0.635361936143953
IFNAR1,30.12243293333583,37.85561677724053,-0.635563605254397
TXNL1,37.681824138382915,45.94062745979984,-0.6358680756045239
IMPDH2,30.52118239511766,38.28854154953334,-0.6359315061861446
MAP1LC3A,13.504127899357881,20.105701113235128,-0.6361977185416547
CD68,10.217720950259281,16.59732373777128,-0.6364221293749028
HEBP1,16.900050545706424,23.75463847970314,-0.6372558748621708
TCIRG1,12.121609225527454,18.649499606432023,-0.6373665640730364
STXBP3,29.480315255443024,37.20341841898122,-0.6374234920258343
THAP11,8.35408203380946,14.629483863713034,-0.6377317176096468
SAP30L,10.722241982889342,17.16518610142809,-0.6379841827082487
CSDE1,57.18029840687422,66.82221972337794,-0.6381454733220817
PGM3,17.88475578935545,24.828516810974925,-0.6384250410369793
RAB18,35.91553250837748,44.102102777465426,-0.6385562843270494
SERPINB8,6.3996480521182395,12.56044079613179,-0.6388142544971469
AHSA1,28.240073384877473,35.910266501742946,-0.6391916089339182
SYK,8.095737312091657,14.387720679185875,-0.6396058463041671
TPRG1,5.698560383398544,11.829528842910154,-0.6398183707119482
DCP2,30.051294531703395,37.86123917688069,-0.6400181454201473
ACOT9,30.276878147406254,38.125491959968514,-0.641281080685452
CAPZA2,45.027800138532676,53.89632295063534,-0.6415614198579271
RNF113A,7.897298612801168,14.219048689980884,-0.6419744479648086
CYFIP2,10.617406443641537,17.153941302147757,-0.643483316241577
PDE4DIP,21.090664020817343,28.3650061846396,-0.6444278201375612
GTPBP1,15.545612819888799,22.438996963904195,-0.6444554489345906
FGFRL1,3.249901716681955,9.30507140447543,-0.6448729324786406
WNT2B,10.66701611846416,17.232654897110088,-0.644884852474911
WDR1,38.73766778366438,47.239401776678285,-0.6451582635502382
THAP2,6.74785180747702,13.049589564826267,-0.6451965003115172
TCP11L2,5.829604807458299,12.093781625997977,-0.6465935393119032
OSBP,23.595484583559543,31.086247610480157,-0.6468339001102654
SUMO3,22.389875882209783,29.804340492522208,-0.6471961260602568
SLC9B2,11.662953741318306,18.351512425503206,-0.6478528680204441
CPE,2.699515135630979,8.776565838299787,-0.6481321781210326
PRPS1,12.165602710747516,18.902507590239516,-0.6486039114205935
PIK3CA,31.49278319636071,39.56482626785112,-0.6489067011307607
OSGIN2,10.427392028754891,17.05273810862476,-0.6490413810673333
ATG2A,14.864181814778066,21.81491060384572,-0.6501411566623864
NDUFB10,29.5842147630904,37.55200719667154,-0.6503821964308931
ANXA11,30.605425239156077,38.64837512650399,-0.65064976055796
PTBP3,42.32547690810042,51.214438322275946,-0.6528180428234696
BIRC2,27.829155512290093,35.72472731361745,-0.6530289283870709
ZNF385D,7.531310257034278,14.061621500056223,-0.6547256972840367
CFH,7.508845498624034,14.039131901495558,-0.6548086508167311
RAB5C,39.12986502424322,47.840998538176095,-0.655109831141033
TRIM47,12.655147237770748,19.56595074777915,-0.656253447225026
TRIM8,11.26326824793605,18.081637242775216,-0.6564344533188795
SIPA1,8.92131718366812,15.579669402901159,-0.6564941704625946
RBPJ,51.892655896063054,61.50905206342067,-0.6565971375000497
OLFM1,4.613699758503847,11.00303609580569,-0.6579846222830025
IMP4,20.295037160454537,27.785899021702466,-0.6592256373038365
RNF168,28.624782372652902,36.697402451366244,-0.6597015828199662
AQP9,3.31635996031226,9.659282581805915,-0.6603214206133372
G6PD,14.661998989085873,21.78679860564489,-0.6603960901648391
ARG2,9.03364097571934,15.776453390306983,-0.6606802181418023
TBXAS1,12.35936125203587,19.33543236253233,-0.6609240806720298
EIF4B,55.39528614486024,65.33228381873384,-0.6609419168144117
RRAGA,17.87913959975289,25.238951984707075,-0.6611431351107042
KLHL6,3.6009135668420162,9.9797593612954,-0.6612132423438959
PDGFA,9.407117584289646,16.1925109636793,-0.6616015233320991
LOXL2,7.281389819720313,13.921061509052063,-0.6616296152807442
CTSL,39.039069959001814,47.86911053637692,-0.6619373633192314
KCMF1,46.15571821704701,55.476217249522094,-0.6619852632353298
POU2F2,3.0748638074021377,9.440008995839424,-0.6624400551811822
CKS1B,17.35028174551173,24.704824018891262,-0.6628403986738451
NUP98,40.18383660632383,49.1116608568537,-0.6629755671078605
TAF13,15.110358125690324,22.315304171820532,-0.6630856903984566
PTBP1,34.573263193365406,43.1519172382773,-0.6649832295047055
PTPN7,3.138513956231162,9.563701787923087,-0.6654767110822316
STAT5B,35.4241159181534,44.07961317890476,-0.6659820982623192
KLHL21,19.019226089072767,26.55459350050602,-0.6664415950346715
RAB1A,60.67637643446842,71.07837625098392,-0.6664898073692203
AP2S1,34.15111294157291,42.73585966490498,-0.6668999058332383
L3MBTL3,7.838328621974277,14.623861464072865,-0.6674966853728675
CD81,51.039931108074214,60.8006297087597,-0.6676695417687415
SGTB,14.256697306101055,21.48881142471607,-0.6677715297550673
ZNF521,11.167793024692514,18.18846283593838,-0.667828962655261
JAK1,70.70314693824064,81.83964916226245,-0.668929652216081
ARMCX3,23.94088024411704,31.873383560103452,-0.6696360898384455
NUTF2,24.31903701068948,32.278196334195435,-0.6696710701447022
ATXN7L3,8.910084804462999,15.810187788147982,-0.6697246512112892
TIAL1,34.348615609262964,43.000112447992805,-0.6698001381286374
ARL3,17.741542954490143,25.25581918362757,-0.6700860536267021
WDR82,26.25194226557089,34.35286180141684,-0.6701505153364526
MAT2B,17.098489244996912,24.5979984257281,-0.671693795942964
MTFP1,9.348147593462755,16.31620375576296,-0.6717877095978934
MYL9,5.02648969429208,11.71145845046666,-0.6725632048191219
LSM12,25.319654791545766,33.40829866186888,-0.6729796448975764
RAB11B,19.782091843420634,27.532891037894974,-0.675331150358855
CMTM3,16.845760712881667,24.39559203868211,-0.6753875123913828
SLIT2,5.743489900219031,12.537951197571124,-0.6758455443423037
FGF2,6.537244697380984,13.392555942876418,-0.6761862104307872
FBL,30.098096111724733,38.57528393118183,-0.6762428869380092
SF3A2,20.19300971600801,27.99392780838862,-0.6765231610251216
SLIT3,5.555347548533239,12.358034409085798,-0.6770003617128866
GNA12,28.148342288035643,36.517485662880915,-0.6776659830328509
COL4A2,22.21015781492783,30.17541886877319,-0.6779184145606497
PRDX5,28.459104779377352,36.871696840211406,-0.6788699870057269
FADS3,21.114064810828015,29.039694141459577,-0.6798699286872507
PHF5A,20.09659846116405,27.965815810187788,-0.6806109423808856
C1QBP,30.513694142314247,39.103789497357475,-0.6808426670400699
STIP1,31.213845779433512,39.85719104913977,-0.6811200114843194
TMBIM1,31.811033940505833,40.49814460811875,-0.6812663579153428
SKAP1,10.760619278506843,18.00292364781289,-0.6814479758377345
MAZ,23.762098208435518,31.901495558304283,-0.6815938193776057
IK,29.672201733530525,38.23231755313168,-0.6823652428342109
PDGFC,4.141939831888725,10.974924097604857,-0.683957607274361
LAMA2,4.351610910384335,11.199820083211515,-0.6840012970301348
HEXIM1,20.163992736394782,28.10075340155178,-0.684042734056946
G3BP2,38.4315854503248,47.63296975148993,-0.6844752727774368
STRAP,40.692101765355595,50.06184639604183,-0.685176343724007
GK,22.448845873036674,30.57460924322501,-0.6857785824268632
GPBP1,62.53533519291611,73.42291690093332,-0.68600341050346
MAF,16.58554392796301,24.31687844371978,-0.6862657038837564
FXYD1,3.7328940225022,10.581356122793208,-0.6863370957468982
SLC25A38,7.246756650504521,14.348363881704712,-0.6869597460207694
NAP1L1,64.38212554055825,75.4188687731924,-0.687209805600999
NUAK1,3.0608233333957355,9.917912965253569,-0.6893299906380789
CD14,2.8183911488851865,9.659282581805915,-0.6893561546136768
PSMD13,27.24600782522418,35.77532891037895,-0.6897906192509714
SLFN5,19.24387367317521,27.22928145732599,-0.6901497415353511
PPM1G,39.72705318531553,49.12290565613404,-0.6902223741764195
TMEM30A,27.81043488028156,36.38817047115709,-0.6903135404362111
CLPP,21.742142014714418,29.905543686045206,-0.6904840892989816
PRKACA,15.496939176666604,23.23175531316766,-0.6905410946746066
PLXND1,8.750959432390438,16.023838974474305,-0.6906580665832781
SLC1A3,7.694179755508546,14.904981446081186,-0.6912375279362828
SUMO1,40.196941048729805,49.645788822669516,-0.691349992330786
TIMM10,18.290057472340266,26.23411672101653,-0.6914736429472731
ALG2,11.283860943145442,18.756325199595185,-0.6920402915715782
AKR1C3,3.2592620326862236,10.204655346902058,-0.6934025304571887
SMCO4,5.772506879832264,12.909029573822107,-0.6943972582523286
SLC25A28,11.486979800438062,19.026200382323175,-0.6949197854838032
ANAPC11,28.523690959806803,37.237152816822224,-0.6950410703214538
TSSC4,14.45326394219069,22.202856179017203,-0.6952640204457584
HSBP1,29.370799558193085,38.15360395816935,-0.6956448033040562
SETD3,25.231667821105642,33.74002024063871,-0.6962063826064111
RRAS,7.197146975681899,14.483301473068705,-0.6972136086555561
COPS2,34.892449969110956,44.085235578544925,-0.6972883097216174
PLXDC2,7.552838983844095,14.865624648600024,-0.6973315424945077
PSMC5,29.403560664208023,38.23231755313168,-0.6980287177554468
TICAM1,12.565288204129772,20.246261104239288,-0.6986060414856079
SESN1,21.261021772095027,29.54571010907455,-0.6989062996191662
WBP1L,19.613606155343806,27.785899021702466,-0.6989573785674592
PELO,9.717880075631353,17.21016529854942,-0.6989986080007187
FHL3,8.925061310069827,16.372427752164622,-0.6995235284131011
TMEM183A,22.109066402081734,30.467783650061847,-0.6997621770569444
ALKBH7,21.46975681899021,29.80996289216237,-0.7011516131025266
TG,5.601213096954153,12.852805577420442,-0.7013175599074511
PDCD10,30.922739951700766,39.92465984482177,-0.7017739763037745
SNRPN,13.23923095643709,21.033397053862586,-0.7022518559616839
MT1E,18.240447797517646,26.380299111660854,-0.7023409476277503
SPAG9,63.02300765673849,74.24940964803778,-0.7026570091057445
CDC37L1,16.86822547129191,24.924097604857753,-0.7029094509147644
IFT57,16.898178482505568,24.963454402338918,-0.7033100479092477
TTC39B,7.821480053166595,15.276059822332172,-0.7040587022409777
NDUFC2,32.076866915027054,41.24030136062071,-0.7062537877126942
TMEM123,42.40878372053841,52.28831665354774,-0.7065444436643069
BAZ2A,33.377014808019915,42.645901270662314,-0.7071271909306482
NDUFA3,21.860081996368198,30.344090857978184,-0.7075316815545177
HEG1,8.058296048074583,15.602159001461825,-0.708040649945542
SLC16A7,10.650167549656476,18.385246823344204,-0.7087450403762519
MAP3K5,18.03545687702417,26.284718317778026,-0.7090789585590691
DNAJB1,27.347099238070278,36.253232879793096,-0.7099676368844811
SEC11A,52.295149484246586,62.93151917238278,-0.7107296321818892
HOXB2,6.734747365071045,14.24153828854155,-0.7109854291020958
TLE3,18.311586199150085,26.622062296188016,-0.7113821324671923
MRPL41,25.769885991351067,34.594624985944,-0.7114464516687534
DDX5,74.728082820076,86.92792083661307,-0.7118329369108785
SLK,30.098096111724733,39.244349488361635,-0.7127426886565987
PMP22,35.53643971020462,45.05791071629371,-0.7128023681170218
ANK3,5.917591777898422,13.426290340717417,-0.7141562243652743
MRPL14,28.126813561225827,37.19217361970089,-0.7157277668306914
RUNX3,24.169271954621188,32.97537388957607,-0.7164367278046879
GOLT1B,22.63605219312204,31.33925559428764,-0.7165773279998601
TMEM65,22.20734972012655,30.88384122343416,-0.7167289931421655
CDKN2D,7.813991800363181,15.512200607219162,-0.7173775977418384
CD59,53.80496845573507,64.68008546047453,-0.7180878666353672
EIF4H,42.714866053877984,52.84493421792421,-0.7190632872979619
BCL9L,9.613980567983974,17.48004048127741,-0.7197792161086418
COLEC12,4.922590186644701,12.487349600809626,-0.7209487049831208
CIITA,5.025553662691652,12.599797593612955,-0.7210797029963474
ANXA6,18.125315910665144,26.605195097267515,-0.721322706364949
DNAJC3,41.39131737087444,51.4730687057236,-0.7213946244088252
NASP,47.91264953104817,58.44484425952997,-0.7214937457814063
POLR1D,43.620008611490725,53.8682109524345,-0.7221109725190973
RAD23A,41.58975607016493,51.70358709097043,-0.7223999539994821
VCP,42.102701387198834,52.25458225570674,-0.7225506551552634
PGM2L1,10.871071007357209,18.880017991678848,-0.7228564204165617
BMI1,12.696332628189527,20.836613066456763,-0.7231710294105897
LPIN2,23.812643914858565,32.72798830540875,-0.7237346750816935
CARD16,8.037703352865194,15.872034184189813,-0.7239639435308518
TP53I11,3.6523953048654927,11.194197683571348,-0.7244632720566386
NBPF20,5.135069359941592,12.779714382098279,-0.7245093173100285
PCNP,43.524533388247185,53.817609355673,-0.7249172932158103
PMAIP1,17.69286931126795,26.211627122455866,-0.7250666090292318
LONRF3,5.267049815601775,12.93714157202294,-0.7254022099082533
RASSF1,20.65166520021716,29.382660519509727,-0.7255407355097002
LAT2,5.042402231499335,12.70100078713595,-0.725618303189506
CCT7,32.73489713012711,42.302934892612164,-0.7258567339585764
KCNK1,3.9491173222007974,11.537164061621501,-0.725872482498871
FBXL3,18.515641088043132,27.11121106488249,-0.7261691697027135
MTA2,7.671714997098301,15.523445406499494,-0.7262866780733401
SLC2A6,3.588745156036468,11.171708085010684,-0.7269475945668047
ISG15,17.20800494224685,25.74496795232205,-0.7278794261860351
ADIPOR1,30.000748825280343,39.41864387720679,-0.7279270034024627
VDR,5.469232641293971,13.21826155403126,-0.7289497224338384
ALKBH5,24.757099799689236,33.83560103452153,-0.7290909598033755
RGS19,7.357208379354888,15.259192623411671,-0.7302085167366683
RAB20,8.475766141864948,16.45676374676712,-0.73032109623729
PSMD2,31.40947638392272,40.970426177892726,-0.7304442713646965
CCDC117,9.004623996106108,17.02462611042393,-0.7304641588112208
NCK1,32.63567778048187,42.3141796918925,-0.7322552921772668
TMOD3,50.16193346687384,61.04801529292702,-0.7323580872482176
PDCL3,13.787745474287211,22.191611379736873,-0.7334545180133041
BANP,28.962689780406986,38.412234341617,-0.7335493538589771
POLR2M,9.148772862571839,17.238277296750255,-0.7337147662581909
PDLIM1,13.429245371323736,21.81491060384572,-0.7338070349002075
FAM110B,5.142557612745007,12.959631170583604,-0.7338877774997193
SAT1,79.54022127787034,92.47722928145733,-0.7339884520686768
MAP1S,9.34346743546062,17.451928483076575,-0.7340182390509908
FBXO34,29.88936106482955,39.446755875407625,-0.7359552200693968
POLR2E,31.182020705019003,40.829866186888566,-0.7360383517373281
GDI1,21.958365314413015,30.97379961767682,-0.7361538965078598
MRPL23,13.225190482430687,21.640616215000563,-0.7361963749440226
NDEL1,30.32274369582717,39.92465984482177,-0.7367575561801236
LDHB,30.635378250369733,40.273248622512085,-0.7375456859948144
ZNRF1,26.097497051500458,35.432362532328796,-0.7380460853882673
ARF5,22.631372035119906,31.73282356909929,-0.7383206824373792
EDEM1,18.540913941254658,27.38108624761048,-0.7394182114722024
BHLHE40,20.85852818391149,29.860564488923874,-0.7395506009965215
PPIL4,25.738996948536986,35.07815135499832,-0.739625486366552
SDE2,11.66201770971788,20.03823231755313,-0.7399237514417004
JUN,33.43317670404553,43.30934442820195,-0.7400456775662035
PHB2,32.650654286088695,42.50534127965816,-0.7418105818712903
NDUFB9,38.82471872250407,49.11728325649387,-0.7425274643872724
ARPP19,37.64344684276541,47.857865737096596,-0.7426975836692304
IL15,3.7319579909017726,11.61587765658383,-0.7428283405181015
ELL,19.271018589587584,28.230068593275607,-0.7431633631393879
MYH9,52.89420970851976,64.17406949285956,-0.7435859749220186
CCNK,22.67162139393826,31.895873158664116,-0.7448687996900909
DSTN,48.045566018308776,59.023951422467114,-0.7453361385253583
TET2,23.62262949997192,32.92477229281457,-0.7455489541182501
FEM1C,12.824568957448005,21.387608231193074,-0.7457526998786639
TRERF1,11.707883258138795,20.195659507477792,-0.7458376882655479
TRAPPC4,16.74747739483685,25.598785561677722,-0.7467563508856048
SYTL4,2.859576539303967,10.755650511638368,-0.7467653850910366
FBRS,15.068236703671115,23.810862476104802,-0.747129428020445
WBP11,29.166744669300037,38.884515911390984,-0.7474162280259626
PSMD7,38.19476945541682,48.53817609355673,-0.7476652290759909
TBK1,35.85094632794803,46.04745305296301,-0.7484475414007363
PAF1,14.003032742385383,22.720116945912515,-0.7497336835967046
EIF2S2,54.63990864331579,66.15315416619814,-0.7497664762593621
ANKH,18.729992324540877,27.785899021702466,-0.7504776584477615
STARD4,3.94537319579909,11.998200832115147,-0.7512419126428641
PITPNM1,4.166276653499822,12.251208815922636,-0.7521642887008265
ACVR1B,13.795233727090627,22.585179354548522,-0.7544883770711157
PHF23,14.03579384840032,22.843809737996175,-0.7545713662308575
ERRFI1,11.196810004305744,19.813336331946473,-0.7547794646597852
DDX6,37.17823913735327,47.61610255256944,-0.7566331338187791
DYNLRB1,25.015444521407044,34.61711458450466,-0.7566620493020023
TMEM167B,13.596795027800137,22.41650736534353,-0.7568569787317574
PPIF,16.41331411348447,25.430113572472727,-0.7570385548583687
SERTAD2,25.37956081397308,35.02192735859665,-0.7575156781233069
CCNL1,50.8686373251961,62.2905656134038,-0.7589381247063187
POLR2K,23.567403635546736,33.115933880580236,-0.7591974863875093
CDH13,7.654866428290619,16.1250421679973,-0.7600882057358427
PAPPA,7.1597057116648255,15.596536601821656,-0.7601274338857159
PDCL,11.20991444671172,19.925784324749802,-0.7601498131693137
UBE2J1,27.177677518393022,37.04599122905656,-0.7630936598539027
ABCC1,28.305595596907352,38.27167435061284,-0.7641940787920527
EIF1AX,44.434356103862065,55.5268188462836,-0.7651120603857213
ARL5B,11.58526311848288,20.426177892724613,-0.7655627805669499
MT1G,6.5962146882078745,15.096143033846845,-0.7656843565897117
TBC1D10B,11.231443173521537,20.060721916113796,-0.766255856661195
PLK3,13.257951588445627,22.2365905768582,-0.7667986234971795
CDC14A,19.7146975681899,29.163386933543233,-0.7682097598562152
TOM1,24.5464926895932,34.33037220285618,-0.7683621375394687
SIRT1,12.405226800456784,21.359496232992242,-0.768669397080513
PRKAA1,20.615159967800516,30.13606207129203,-0.7687698387100916
MTPN,41.94638410992756,52.940515011807044,-0.7690849067432473
ZMAT2,20.516876649755698,30.046103677049363,-0.769592841949897
CD164,39.458412115993035,50.292364781288654,-0.7696838218494755
GTF2B,30.03350993129528,40.250759023951424,-0.7714115349151223
C11orf68,5.150045865548421,13.696165523445405,-0.7736316189510937
ARHGAP30,4.080161746260553,12.56044079613179,-0.77405498918294
IER2,36.5510979650673,47.27313617451929,-0.7744894517639903
RAB11FIP5,7.461107887002265,16.18688856403913,-0.7747594864947919
KDELR2,37.06872344010334,47.85224333745642,-0.7759008751956485
HIPK2,50.80217908156579,62.543573597211285,-0.7766155070389134
TMED7,19.695976936181363,29.309569324187564,-0.7772760378035892
FLII,18.29099350394069,27.814011019903294,-0.7776076737991295
CD109,27.34897130127113,37.50140559991004,-0.7779505508207958
FBN1,8.72381451597806,17.598110873720906,-0.7781226734423837
SNRPB2,32.256584982309,42.75272686382548,-0.7782830418654734
APRT,28.659415541868693,38.91262790959181,-0.7785303328172268
MGAT1,38.79944586929255,49.75261441583268,-0.7786605072958752
LIX1L,17.53561600239624,27.032497469920163,-0.7790167417331724
APLP2,44.949173484096825,56.358933993028224,-0.7804896595484272
KLF10,13.76247262107569,23.029348926121667,-0.7806295177443368
TGFB1I1,7.434899002190313,16.28246935792196,-0.7815018877779166
SAV1,16.672594866802704,26.18351512425503,-0.7830214626750998
ELF4,4.007151281427261,12.661643989654783,-0.7838329398724003
CERK,20.793005971881612,30.608343641066003,-0.7841648567718315
ARRDC3,23.068498792519236,33.04846508489823,-0.784606144681375
SESN2,8.889492109253608,17.896098054649727,-0.7847188351756275
UQCRFS1,29.680626017934365,40.13268863150793,-0.7855457594468903
PLEKHA7,13.287904599659283,22.613291352749354,-0.7856024818623801
PDCD5,29.876256622423575,40.36882941639492,-0.7870215397634015
FOXO3,48.26646947600951,60.024738558416736,-0.7870524106217436
FBLN2,3.897635584177322,12.60541999325312,-0.7871511880613156
ISCA1,20.808918509088866,30.687057236028338,-0.7875311494412791
PPP1R10,31.8203942565101,42.46598448217699,-0.7880729502344958
RBKS,9.489488365127206,18.638254807151693,-0.7902224303148563
HBEGF,7.399329801374094,16.406162150005624,-0.790323659851966
PCBP3,6.280772038864033,15.21421342629034,-0.7905178013741894
DGKA,9.415541868693488,18.570786011469696,-0.7908533268866279
HSPA1B,20.229514948424658,30.13043967165186,-0.7909486635672087
KLF3,26.34554542561357,36.68615765208591,-0.7919820830502667
AKAP13,66.88226594529831,80.01236927920836,-0.7920268690195327
SMAD7,7.750341651534155,16.827842123018105,-0.7928615236891832
RAP2C,9.244248085815379,18.42460362082537,-0.7928660921762258
PXDC1,17.66291630005429,27.42606544473181,-0.793064800129248
MGAT4A,12.609281689349833,22.028561790172045,-0.7932715070470834
PPP2R2D,25.87284946739802,36.219498481952094,-0.7940854048273625
ZNF217,17.11627384540502,26.8750702799955,-0.7948788554095798
CCDC59,20.263212086040024,30.248510064095356,-0.7954250486108466
LRRC59,25.55740681805418,35.910266501742946,-0.7956080518755981
AURKAIP1,31.008854858940037,41.74631732823569,-0.7961305434800255
CEBPG,14.535634723028249,24.148206454514785,-0.7965867563952851
CHMP2B,22.258831458150027,32.40751152591926,-0.7968486791113991
NPC2,33.93863376827602,44.894861126728884,-0.7970696594668767
TAF7,34.730516502237116,45.74384347239402,-0.7972127576678552
RNF145,55.32414774322781,67.77802766220623,-0.798513380895018
AGPAT4,9.006496059306961,18.278421230181042,-0.7987537937703806
CALR,54.419941217215495,66.83346452265828,-0.7997052134260474
USP15,51.344141378212925,63.54998313280108,-0.7999187374473995
RAB12,23.215455753786248,33.503879455751715,-0.8008820264076831
MXRA7,18.36025984237228,28.336894186438773,-0.8020940629161752
GPCPD1,25.9280753318232,36.45001686719892,-0.8034409492715004
PPP2R5C,46.62279798566,58.57415945125379,-0.8037548395558478
SDCBP,65.26480333976075,78.5168109749241,-0.8047473858761212
HMGB1,72.67817361514125,86.4725064657596,-0.8065112172572975
SIVA1,24.636351723234178,35.128752951759814,-0.8066771722871977
C9orf78,24.719658535672163,35.21871134600247,-0.806727394130109
DCXR,20.53653331336466,30.760148431350498,-0.8074003039301826
VCAN,13.35155474848831,23.085572922523333,-0.8076558411798371
ARL8B,41.22657580919932,52.878668615765214,-0.8076803560300345
MAPK1IP1L,35.8986839395698,47.20566737883729,-0.8088486671557055
MOB2,17.209877005447705,27.234903856966152,-0.8090513441046969
SLC31A2,5.4842091469008,14.71381985831553,-0.8096642894279683
ZBTB2,8.21554935694629,17.63746767120207,-0.8099047968470084
KCTD12,4.1026265046707975,13.285730349713257,-0.8123121635059067
TNS1,19.82421326543984,30.11357247273136,-0.8136601542997012
CITED2,12.489469644495198,22.27594737433937,-0.8137530327140121
CIB1,22.436677462231124,32.90790509389407,-0.8137773022873657
CASP3,17.038583222569596,27.139323063083324,-0.8138245985999025
KIAA0040,4.618379916505981,13.876082311930732,-0.8144461821185959
RNF19A,45.08302600295786,57.14606994265152,-0.8156261535699849
ABLIM1,15.729075013572459,25.77307995052288,-0.8156440082185638
ACTR3,51.85053447404384,64.40458787810638,-0.8170144098105157
RPN1,37.26529007619297,48.81929607556505,-0.8171958119143783
U2AF1,17.640451541644044,27.858990217024626,-0.817992156512411
CSF1,4.471422955238969,13.797368716968403,-0.8187206089229225
GINM1,22.033247842447164,32.58180591476442,-0.8195099836280277
AP2M1,28.116517213621133,39.09816709771731,-0.8203065358196122
MS4A7,3.5176067544040284,12.813448779939279,-0.8206579523805347
ATP1B3,64.34655633974204,77.8308782188238,-0.8208670339730806
DCUN1D3,3.6486511784637847,12.965253570223773,-0.8212987005235841
RCN3,3.6233783252522604,12.948386371303272,-0.821852104782133
TMEM59,49.93260572476927,62.45361520296863,-0.8224096020386438
CMPK1,35.53831177340547,47.07072978747329,-0.8224993411602959
PLEKHB2,32.243480539903025,43.57359721128978,-0.8238283831482631
MLF2,28.8410056723515,39.96401664230294,-0.8252993099613524
EAF1,10.990883052211844,20.915326661419094,-0.8269036300248205
IRF7,10.848606248946965,20.7635218711346,-0.8269178006938089
GRINA,28.133365782428815,39.244349488361635,-0.8272989041955333
CDK9,11.94563528464721,21.95547059484988,-0.827978920227991
HSPA13,13.989928299979407,24.148206454514785,-0.8284048953467852
ACTR1A,19.357133496826854,29.888676487124705,-0.8286250206531256
RYBP,35.21257277645694,46.84021140222647,-0.8289164247727333
SNRPF,28.091244360409608,39.23872708872146,-0.829448128717829
RAB14,33.251586573562726,44.76554593500506,-0.8300742766110768
SAMD8,19.94028118389277,30.552119644664344,-0.8308168996905773
SULF2,6.8255424303124475,16.541099741369617,-0.8311404003818472
MFSD2A,6.956586854372205,16.70414933093444,-0.8323945905705868
NAA50,40.92985379186401,53.024851006409534,-0.832955874575342
KLF16,6.463298200947263,16.20375576295963,-0.8338582706993469
CHMP1B,19.472265383679353,30.11919487237153,-0.8344876647663958
CKB,11.638616919707209,21.769931406724393,-0.835758240669795
RBX1,40.137035026302485,52.25458225570674,-0.8371614472618683
LYZ,3.6271224516539675,13.240751152591926,-0.8375832916994088
CCDC88C,6.530692476177996,16.355560553244125,-0.8382102254439433
SIAH2,14.053578448808432,24.401214438322278,-0.8384961347732762
DEDD2,8.99245558530056,19.00371078376251,-0.83913945423247
DOCK2,7.809311642361045,17.744293264365233,-0.8394187266497672
MECP2,48.3011026452253,61.02552569436636,-0.8396294196844223
CDC42EP3,32.920231387011626,44.591251546159896,-0.839886029857986
MCTP1,18.048561319430146,28.70235016304959,-0.8402049264351663
KMT2E,72.61452346631222,87.02912403013606,-0.8405878051205278
SF3B2,42.633431304640844,54.99831328010794,-0.8412856004349811
KDELR1,33.961098526686264,45.732598673113685,-0.8414612542467493
SLC39A14,23.842596926072225,34.94321376363432,-0.8428363079173032
HMGA1,27.25536814122845,38.609018329022824,-0.8438322490882986
GSK3A,14.925023868805813,25.435735972112898,-0.8441220184762146
AKR1B1,12.862946253065505,23.237377712807827,-0.8444262771203015
IL1RN,5.095756032723664,14.938715843922187,-0.8445824059247519
PHF11,12.81708070464459,23.220510513887326,-0.8461803658675864
IST1,36.54735383866559,48.61688968851906,-0.8480140824946933
TWSG1,16.459179661905385,27.150567862363655,-0.8482209360332066
CREBRF,34.70805174382687,46.677161812661645,-0.8494382850842486
ZNF581,12.10476065671977,22.528955358146856,-0.8499864480543426
ZC3HAV1,34.7717018926559,46.76149780726414,-0.8503278938253805
DGKE,5.227736488383848,15.186101428089508,-0.850382834888501
ANKLE2,35.7695115787109,47.84662093781626,-0.8513464300985023
ZNRF2,23.53651459273265,34.78578657370966,-0.8520946569056636
NR3C1,50.01684856880768,63.08894636230743,-0.8521571865298787
AIP,14.192111125671602,24.806027212414257,-0.8525027164030048
GABPB1,19.43482411966228,30.41155965366018,-0.8526202206611431
STX4,19.212048598760695,30.186663668053527,-0.8533406028527468
CCDC85B,23.15554973135893,34.43157539637917,-0.8549838955080237
SHOC2,32.274369582717114,44.21455077026875,-0.856993553019522
C4orf3,28.99077072841979,40.7061733948049,-0.8570542341497607
ALDH2,11.472003294831232,22.000449791971214,-0.8580484316516782
DYRK3,6.5391167605818366,16.73788372877544,-0.8585760658883946
MYO1F,6.015875095943239,16.198133363319464,-0.8596391490226716
CPD,24.97987532059082,36.49499606432025,-0.861180780503782
FGFR1OP2,32.96422487223168,45.08040031485438,-0.8640056601650457
OPTN,29.353950989385403,41.22343416170021,-0.8640968599956402
NECAP2,22.57989029709643,33.99302822444619,-0.8646242448430252
SPI1,7.129752700451167,17.49690768019791,-0.8655455897728578
FKBP1A,39.20193945747609,51.81041268413359,-0.8674524775592316
B3GNT5,11.469195200029953,22.174744180816372,-0.8677205130628916
AMPD3,5.515098189714885,15.84392218598898,-0.8695141882867677
TM4SF1,12.133777636333003,22.928145732598672,-0.870071767078594
BNIP3,17.16681955182807,28.325649387158442,-0.8710657446494947
TFRC,27.159892917984912,39.02507590239514,-0.8720964146811705
CKS2,18.69348709212423,29.978634881367366,-0.8722273434965467
PRKX,21.515622367411126,33.003485887776904,-0.8726949022628301
JAM3,10.011793998165377,20.712920274373104,-0.8729487629850131
HNRNPH2,20.194881779208863,31.597885977735295,-0.8730221835336122
MRPL33,31.29434449707022,43.46114921848645,-0.8730346023085459
TMCC3,2.7968624220753693,13.03272236590577,-0.874644029377256
EIF6,28.45348858977479,40.45878781063758,-0.8748854589870401
KLF4,13.897261171537151,24.91285280557742,-0.8755220346530559
SRSF7,52.74631671565232,66.43989654784662,-0.8758176448204997
ZDHHC9,13.389932044105809,24.384347239401777,-0.8762707581826367
C1orf56,18.177733680289045,29.511975711233557,-0.8768411873864542
SDC2,18.22734335511167,29.568199707635216,-0.8770158395284064
FAM32A,20.04043656513844,31.55852918025413,-0.879880270039214
SAMHD1,14.912855458000262,26.087934330372203,-0.8804111525059758
DHRS7,28.694048711084484,40.81862138760823,-0.880489426557997
INHBA,6.953778759570923,17.603733273361073,-0.8816336839288428
PSMC3,24.91060898215924,36.80985044416957,-0.8823958237906842
ST3GAL1,32.60666080086864,45.03542111773305,-0.8824001408321512
PLEKHG2,6.030851601550069,16.642302934892612,-0.8829968847447325
CD63,71.3471366793343,86.50061846396042,-0.8856527015979951
SLCO4A1,11.470131231630381,22.517710558866526,-0.8863759188887843
RHOF,3.405282962352809,13.904194310131565,-0.8867110189328983
COPE,36.7813617387723,49.61767682446868,-0.8889662826437021
RP2,9.861092910496657,20.847857865737097,-0.8890968949281397
IRF2,26.85568264784619,39.03632070167548,-0.8904472412195503
TNFRSF12A,19.482561731284047,31.176206004722818,-0.8915508748169424
EIF5,52.00123556171257,65.93388058023164,-0.8916557006295935
ARID3B,6.981859707583728,17.83987405824806,-0.8928786698582505
WAC,57.749405619933725,72.10165298549421,-0.8929739606305636
STAT5A,22.53496078027594,34.50466659170134,-0.8951555331700976
MRPL52,28.404814946552598,40.77926459012707,-0.8952065388080517
FKBP8,26.733998539790704,38.99696390419431,-0.8953951478567086
PSMB4,33.2890278375798,46.013718655122005,-0.8959832809759384
ACSL4,34.60040810977779,47.41931856516361,-0.8962017653818545
VDAC1,42.87305539435011,56.26335319914539,-0.8963262292516998
UQCR10,28.09405245521089,40.47565500955808,-0.8967630240407836
XYLT1,26.935245333882474,39.26121668728213,-0.8980770738814277
SPCS3,30.652226819177415,43.241875632519964,-0.8985120078390708
CCT8,34.93269932792931,47.824131339255594,-0.8989109975039326
AFF1,47.945410637063105,61.75081524794782,-0.8999355273459926
NR4A1,24.386431285920214,36.596199257843246,-0.9013033028176577
RANBP1,32.41571035438157,45.19847070729787,-0.9024286702993057
SNN,5.093883969522811,16.040706173394806,-0.904808879537768
EIF4G2,49.468334050957566,63.50500393567975,-0.9068364108749394
FDX1,22.42638111462643,34.6114921848645,-0.9073141144538563
RBM17,35.34361720051669,48.43135050039356,-0.9080777547641764
FAM89B,9.299473950240559,20.606094681209942,-0.9086538315476793
FGFR1,29.236011007731623,41.91498931744068,-0.9087001933320069
BAG3,17.995207518205813,29.91116608568537,-0.9092608107040827
CDC42EP5,9.077634460939402,20.392443494883615,-0.9099330792173034
CD48,5.835220997060861,16.934667716181266,-0.910352880575678
CDKN1C,6.897616863545314,18.070392443494885,-0.9103661228851905
TMEM70,14.639534230675627,26.34656471381986,-0.9104566773164442
SF1,48.93011588071213,63.06645676374677,-0.914293697503149
RNASE1,4.622124042907689,15.753963791746317,-0.9166726974782432
HIVEP1,32.488720819214855,45.56954908354886,-0.9184152855288498
NDUFA11,31.61259524121534,44.63623074328123,-0.9185832630754754
SIPA1L1,34.12864818316266,47.32936017092095,-0.9188008191219157
MAGOH,31.603234925211076,44.65872034184189,-0.9203559128435543
YWHAZ,67.4120598311399,82.94726189137523,-0.9212449056436607
PAFAH1B2,26.441956680457533,39.2499718880018,-0.9262254829977281
MCMBP,23.511241739521125,36.1182952884291,-0.926261106647082
RAB34,15.584926147106726,27.667828629258967,-0.9274137843385772
STARD10,10.249546024673792,21.966715394130215,-0.9274851028913804
NDUFA2,25.392665256379054,38.17047115708985,-0.9285153789692915
CSNK1D,39.26278151150383,53.00236140784887,-0.9289298575038953
PSMC4,26.74616695059625,39.63791746317328,-0.9296518490813641
EIF4E,36.66061366231724,50.292364781288654,-0.9328131826145424
SPRY1,11.920362431435686,23.861464072866298,-0.9334309142996289
PFKP,21.462268566186797,34.06049702012819,-0.9334693189149237
RBM22,15.993971956493253,28.241313392555945,-0.9348493685970891
CDC34,13.132523353988432,25.188350387945572,-0.9351404205587109
TBC1D1,19.34309302282045,31.83964916226245,-0.935875864095488
NFATC1,11.076061927850684,23.01248172720117,-0.9363441038881604
BNIP2,32.74051331972967,46.17114584504667,-0.9365533382701166
CAPNS1,24.887208192148567,37.782525581918364,-0.9368229749346647
TMEM38B,15.807701668008312,28.08950860227145,-0.9374286379465588
CREB3,10.773723720912818,22.71449454627235,-0.9377161210347091
RNF7,27.623228560196196,40.7399077926459,-0.938630925652427
VPS26A,32.78357077334931,46.26110423928933,-0.9389503525228297
MAFK,8.339105528202632,20.167547509276957,-0.9407251501949732
GPRC5A,4.569706273283787,16.147531766557968,-0.9411994568669229
ZHX2,27.31621019525619,40.47003260991791,-0.9418094307515514
LAMTOR5,30.837561076061924,44.25952996739008,-0.9432223525754452
HNRNPDL,66.43577887189471,82.31193073203643,-0.9435087901417565
NSA2,33.79074077540858,47.43056336444395,-0.9440239384619327
TTC33,15.529700282681544,27.926459012706623,-0.9447429688819793
SRI,28.99919501282363,42.34229169009333,-0.9458188626887118
DEGS1,31.796057434899,45.3446530979422,-0.9465331046906986
PRR13,23.829492483666247,36.84920724165074,-0.9475788066092339
ZFAND2A,11.750004680158002,23.951422467108962,-0.9482713859810594
DDX24,48.6708351273939,63.426290340717415,-0.9490415522097848
ACADVL,40.88586030664395,55.11638367255145,-0.9496211937542711
PSMD12,35.83877791714249,49.75261441583268,-0.9512861908354892
EVI2A,3.7712713181196995,15.495333408298661,-0.9521736304392188
VHL,19.651983450961303,32.48622512088159,-0.9531385143916585
MPC2,22.376771439803807,35.398628134487794,-0.9531476157386964
LBH,5.524458505719153,17.39008208703475,-0.9533167038925241
EMILIN2,13.354362843289588,25.789947149443382,-0.9550249234654118
SLC35F2,6.3575266300990325,18.32340042730237,-0.9556592484587094
TBC1D9,7.7915270419529365,19.86956032834814,-0.9563962280710128
ARPC5L,28.455360652975642,41.959968514562014,-0.9566708189513926
ECE1,18.33966714716289,31.170583605082648,-0.9578821429189367
LMO4,31.752999981279366,45.53581468570786,-0.9594721415802503
RBM38,5.471104704494824,17.44630608343641,-0.9594947784781562
EVI2B,10.05859557818672,22.354660969301698,-0.9597824732723468
STOM,30.36767321264766,44.068368379624424,-0.9601912747689507
CAMK2N1,9.891981953310744,22.185988980096706,-0.9602954716322146
ADM,7.407754085777936,19.560328348138984,-0.9619029645591446
LCP2,9.704775633225378,22.034184189812212,-0.9629293175493541
TAF10,16.858865155287642,29.70313729899921,-0.9641680860099581
RNF10,33.50618716887882,47.503654559766105,-0.9646025883305441
PTMS,32.66750285489638,46.615315416619815,-0.96504127135314
ATF3,15.014882902446786,27.80276622062296,-0.9680122185977793
RAD21,42.06245202838048,56.7300123692792,-0.9690473817499152
CCND2,7.230844113297265,19.532216349938153,-0.9706843307345125
RUNX1,30.501525731508693,44.411334757674574,-0.9710968079857305
COL15A1,4.871108448621225,17.02462611042393,-0.9714742816411088
IQGAP1,64.26792968530619,80.54087484538401,-0.9732909986687734
TESK1,4.8280509950015915,17.02462611042393,-0.97398480375392
TYMP,32.329595447142296,46.435398628134486,-0.9749283395508921
TES,20.253851770035755,33.53761385359271,-0.9754026126520386
SERBP1,55.2923226688133,70.99404025638142,-0.9758134092632971
ZBTB43,25.216691315498814,38.901383110311485,-0.9786495066611035
SLC3A2,55.52633056892,71.30327223659057,-0.9790389236023351
AMD1,43.903626186420055,58.883391431462954,-0.9791694248931417
CD37,6.843327030720557,19.290453165410998,-0.9800900257674672
PFDN5,36.500552258644255,51.00078713594962,-0.9807926245645863
CMTM6,30.664395229982965,44.78241313392556,-0.9818440727189721
PKM,54.967519703465186,70.79163386933544,-0.983709521422292
GNA15,7.9749892356365955,20.572360283368944,-0.9840393486633909
USP3,40.97010315068237,55.84167322613291,-0.9842763146110298
RNF5,17.82859389332984,31.136849207241653,-0.9858406227295824
HNRNPH1,63.887900855532884,80.36658045653886,-0.9859407334345134
DPH3,14.42331093097703,27.51040143933431,-0.9865551161771455
TFE3,11.014283842222513,23.867086472506465,-0.9865677528268518
MIR22HG,10.20368047625288,23.006859327561003,-0.9869027439335794
NRBP1,31.16142800980961,45.41774429326437,-0.9875233908678201
FMNL3,15.976187356085141,29.2027437310244,-0.9883356182893598
ARHGAP6,5.323211711627385,17.862363656808725,-0.9908152318605377
PLAGL1,5.070483179512141,17.614978072641403,-0.9920551801261941
FYTTD1,26.584233483722407,40.6218374002024,-0.992769774286167
C1R,10.747514836100867,23.698414483301473,-0.9929204439273895
CCDC107,17.26697493307374,30.675812436748007,-0.9934354394581556
ENG,16.940299904524778,30.344090857978184,-0.9943861212270475
ZNF143,13.184005092011905,26.37467671202069,-0.9968568451572277
PSMD8,41.22002358799633,56.35331159338806,-0.9976159841221117
RFX2,13.49008742535148,26.751377487911842,-0.9995606160598336
ELOVL7,4.70730291854653,17.36759248847408,-0.9997351633768885
NLRP1,5.025553662691652,17.733048465084895,-1.0011159968540961
SNRNP27,17.527191717992398,31.131226807601486,-1.0031075564964165
PPA1,33.894640283055956,48.62813448779939,-1.00329751731663
DNAJB6,55.896999082689035,72.14663218261555,-1.0034347562318833
CNRIP1,6.452065821742142,19.307320364331495,-1.0038231941219842
HIGD2A,24.263811146264295,38.344765545935005,-1.003843071287288
SSR2,44.04777505288578,59.49623299224109,-1.0041972249621274
SCAND1,26.60389014733137,40.857978185089394,-1.0045059493246034
BUD31,26.567384914914726,40.8411109861689,-1.0057142723951902
LSP1,4.088586030664395,16.83346452265827,-1.0066717774363314
YWHAQ,50.56442705505738,66.51298774316878,-1.0070229973558193
SLCO3A1,27.959263904749427,42.364781288653994,-1.007680313461253
THBD,6.40245614691952,19.357921961092995,-1.0094762414140919
SPCS2,46.17911900705768,61.89137523895199,-1.0105895361100594
NT5E,3.7516146545107363,16.56358933993028,-1.0115967327008897
PET100,23.021697212497894,37.22590801754188,-1.0152286930389152
HEBP2,17.34560158750959,31.159338805802317,-1.0152290157385864
ARHGAP15,15.187112716925325,28.87664455189475,-1.0165538455099843
SERTAD3,8.46078963625812,21.69121781176206,-1.016751593588971
PLCL2,5.247393151992812,18.267176430900708,-1.0173198474866534
SEMA6B,6.0982458767808,19.17800517260767,-1.0173985531757312
FKBP4,22.708126626354904,36.933543236253236,-1.0175623500203475
SNX3,41.407229908081696,56.938041155965365,-1.0185996569640592
RPS27L,43.11455154726024,58.79343303722029,-1.020269935073268
CTTNBP2NL,21.681299960686673,35.893399302822445,-1.0206894555277521
HAVCR2,3.2910871071007355,16.259979759361297,-1.0218854687607914
NFKBIE,7.994645899245559,21.29764983695041,-1.022460252689367
PQBP1,23.959600876125577,38.36725514449567,-1.022807339871358
GNG11,5.966265421120617,19.155515574047,-1.0238669651257934
RARA,15.174008274519348,29.01720454289891,-1.024985943028494
POLE3,17.274463185877156,31.28303159788598,-1.0261246973840883
EIF3J,43.83997603759103,59.687394580006746,-1.0267417377615655
NDFIP1,44.41657150345396,60.36208253682672,-1.029929094818396
SMCHD1,58.152835239717696,75.04779039694142,-1.0301732759358058
SNHG7,39.39569799876444,55.03767007758912,-1.032212995164777
SYPL1,38.02441170413913,53.60958056898685,-1.0342605269983476
NFKBID,6.066420802366288,19.453502754975823,-1.034283486595924
AGO2,41.657150345395664,57.49465872034184,-1.034393094657903
SNRPD3,29.04786865604583,44.04025638142359,-1.0356106300691583
SDC4,15.894752606848005,29.98425728100753,-1.0357180018521286
PGD,21.530598873017954,36.06207129202744,-1.0386779136079505
UAP1,18.965872287848438,33.32958506690655,-1.0391512919204238
ANP32E,23.91467135930509,38.64837512650399,-1.0407630662617735
NABP1,18.892861823015146,33.29585066906556,-1.0415679380615974
SEC14L1,29.043188498043694,44.147081974586754,-1.0417112123415682
COTL1,28.21948068966808,43.26998763072079,-1.0418901123271376
ITGAV,41.759177789842184,57.7532891037895,-1.042553415832777
DENND5A,33.460321620457904,48.886764871247046,-1.042730211766306
BCL2L11,13.813954359099162,27.892724614865628,-1.0429414912836725
DRAM1,14.553419323436358,28.68548296412909,-1.043073667045707
SLC43A2,4.876724638223787,18.34589002586304,-1.0432262626037327
CAMK4,3.534455323211712,16.9121781176206,-1.0432751998166936
GBP2,16.36651253346313,30.63083323962667,-1.0434843293737517
CLMP,6.180616657618361,19.768357134825145,-1.0448015226195433
TOMM20,44.83965778684688,61.194197683571346,-1.0506551976127443
DOCK11,14.729393264316604,29.022826942539076,-1.0512165336944996
CST3,36.42286163580882,52.21522545822557,-1.0515742206157634
TBC1D15,36.20289420970852,51.99032947261891,-1.0521308731043573
MGP,9.62427691558867,23.59158889013831,-1.052584625697103
PLP2,29.390456221802047,44.72056673788373,-1.0527488500662878
CHST15,3.1488103038358575,16.715394130214776,-1.0550255098970711
APOLD1,9.445494879907146,23.445406499493984,-1.0550340035280594
UQCRQ,28.130557687627533,43.41617002136512,-1.0550496328497472
LPAR1,8.262350936967632,22.185988980096706,-1.0553132759453567
TXNRD1,35.916468539977906,51.759811087372086,-1.056255740874663
PAK2,52.47954770953067,69.46474755425615,-1.0563878768971615
EMB,3.9069959001815904,17.553131676599573,-1.0565199224884718
ADA,7.525694067431717,21.421342629034072,-1.056550975594539
SOCS2,5.5384989797255555,19.33543236253233,-1.058623529281947
RBM47,5.700432446599398,19.526593950297986,-1.0596102978518092
RIT1,15.454817754647395,29.961767682446865,-1.060142104565559
TIFA,5.145365707546286,18.947486787360845,-1.0603819371269427
PARK7,38.787277458487,54.930844484425954,-1.0618600647160938
MBD2,32.56734747365071,48.28516810974924,-1.0619771078788602
NR4A3,8.32225695939495,22.388395367142696,-1.0628623324369189
RNF19B,15.795533257202763,30.389070055099516,-1.0635870316699896
MIR155HG,3.1366418930303084,16.86719892049927,-1.0640164728936017
KRAS,26.523391429694666,41.87001012031935,-1.0644093182563588
GFPT2,7.202763165284461,21.230181041268416,-1.0649513766638843
HLA-A,68.5736750472696,86.84920724165075,-1.0663797750200552
CRTC2,10.510698841192879,24.794782413133927,-1.0665389150026834
TBRG1,28.585469045434976,44.11896997638592,-1.0668655488178793
MAN2A1,30.816032349252108,46.51973462273698,-1.0677794648156573
HSPA5,49.298912331280306,66.2768469582818,-1.0679282338859026
GCLM,14.365276971750566,28.944113347576746,-1.0681527241982223
VAMP2,22.4497819046371,37.61385359271337,-1.0697387264614953
TCP1,32.39979781717431,48.25143371190824,-1.0699059873546846
DYNLT1,29.769549019974917,45.4458562914652,-1.070212352107056
TWIST2,7.473276297807814,21.62937141572023,-1.0709559412293241
SH2B3,16.219555572196118,30.979422017316992,-1.0710695539143202
TANK,44.889267461669505,61.6383672551445,-1.0719936003310222
TMED2,37.35608514143438,53.62644776790735,-1.074148359383129
SAP30,14.29881872812026,29.000337343978412,-1.075094870731232
SPTY2D1,14.982121796431846,29.73687169684021,-1.0754344303250023
DSE,17.799576913716606,32.77296750253008,-1.0767883139753254
FHL1,4.772825130576408,18.87439559203868,-1.078116037762539
BCL10,12.56903233053148,27.223659057685822,-1.0790285245659323
FERMT2,26.50186270288485,42.12864050376701,-1.079773746363648
CDK2AP1,16.62860138158264,31.597885977735295,-1.0809589063555942
PPP3CA,46.403766591160114,63.44877993927809,-1.08245288319745
TUBA1A,23.876294063687588,39.37366468008546,-1.082567717483278
CCDC82,25.559278881255032,41.18407736421904,-1.0832032181691393
ARCN1,23.124660688544846,38.59215113010232,-1.083758479146641
SERTAD1,14.223936200086115,29.124030136062075,-1.0862088586474132
OTUD1,3.4118351835557967,17.575621275160238,-1.0866178108771831
TSPYL1,11.843607840200686,26.599572697627348,-1.0872793309742093
SNHG12,25.621992998483627,41.34150455414371,-1.0881347767749308
FERMT3,5.794971638242507,20.195659507477792,-1.0905978662357476
NFKBIB,13.77932118988337,28.73608456089059,-1.0909689777142488
ATP6V0E1,53.38469026714342,71.06713145170359,-1.0910278274713614
PA2G4,38.03845217814553,54.66659170133813,-1.0911054307782142
KLF13,21.43137952337271,36.933543236253236,-1.0920047883219706
CCNG2,11.706947226538368,26.543348701225682,-1.0921802996255487
SQSTM1,66.92064324091581,85.55605532441245,-1.092216158270526
HSP90AA1,65.01956306044893,83.55448105251321,-1.0938684830749894
CAP1,39.97978171743078,56.80872596424153,-1.09477433913508
ANXA7,28.007001516371194,44.029011582143255,-1.0956863312722984
DEK,50.432446599397196,67.99730124817272,-1.0956926434284193
BASP1,21.06726323080667,36.70302485100641,-1.1006595112088702
NANS,25.72495647453058,41.69009333183403,-1.1011480577476593
GADD45GIP1,28.351461145328265,44.50129315191724,-1.1013667202888122
CDC26,19.320628264410207,34.87574496795232,-1.1028150540560195
GPR132,4.968455735065616,19.560328348138984,-1.1041294999066735
RELT,4.925398281445982,19.57157314741932,-1.1072534640651754
MARCKS,28.156766572439484,44.42257955695491,-1.108424552044299
DNAJC8,37.73892206600895,54.66659170133813,-1.1085699324325535
PDE4B,33.558604938502725,50.202406387046,-1.1087723915067738
RASA2,44.49987831589194,61.896997638592154,-1.1088066195325472
ARL8A,20.077877829155515,35.80906330821995,-1.1095783006034599
ACAP1,3.7703352865192725,18.390869222984367,-1.1101895337722123
PGK1,50.37534867177116,68.21095243449903,-1.1106772129243985
KYNU,5.804331954246775,20.617339480490273,-1.113056177272446
R3HDM4,14.3699571297527,29.81558529180254,-1.1154215999008932
MALT1,22.92809405245521,38.96885190599348,-1.1157698668879366
PRKAR1A,40.92985379186401,58.23119307320365,-1.1169795417300799
PCGF5,34.71273190182901,51.596761497807265,-1.1175462972355272
DNAJA2,23.25664114420503,39.37928707972563,-1.1190041263035384
MCTP2,7.436771065391168,22.483976161025527,-1.1197060228409308
PGAM1,34.93082726472846,51.87225908017542,-1.1198592870878803
CAPZA1,47.06554093266189,64.84313505003936,-1.1199340635205246
TC2N,4.135387610685736,18.964353986281345,-1.1201902167112054
SERP1,57.797143231555495,76.32407511525919,-1.120538043836215
RBM7,10.513506935994158,25.795569549083545,-1.1209715273661351
HSPE1,39.54733511803358,56.842460362082534,-1.1218290395356052
CCL2,3.9435011325982363,18.79568199707635,-1.1221767823981579
RPS6KA3,48.92169159630829,66.9121781176206,-1.1245820662383545
JDP2,5.381245670853848,20.392443494883615,-1.1254559449453896
CXCL16,6.306980923675984,21.42696502867424,-1.127916387723479
ID3,7.127880637250314,22.3209265714607,-1.1288213805094551
RWDD1,28.342100829323996,45.01293151917238,-1.1298240990444317
DAZAP2,30.738341726416685,47.582368154728435,-1.1302795932500107
BAZ1A,49.134170769605184,67.24389969639041,-1.130289725725179
PPP4C,31.74738379167681,48.723715281682225,-1.1337104209395477
RHOB,23.04884212891027,39.429888676487124,-1.1338806135318442
RGS10,19.395510792444355,35.533565725851794,-1.1343352883153335
ZCCHC2,19.460096972873806,35.60665692117396,-1.1345568784431053
CLIC2,6.935994159162813,22.230968177218035,-1.1351020405162418
SERPING1,12.891027201078309,28.601146969526592,-1.1354008358846128
HNRNPF,44.980062526910906,62.92027437310244,-1.1366320664757759
GABARAP,20.207986221614842,36.44439446755875,-1.1366516332788736
HTATIP2,17.67508471085984,33.745642640278874,-1.1371097344276455
ERH,30.950820899713577,47.97593612954009,-1.139361183988134
TSHZ2,9.608364378381413,25.171483189025075,-1.139701034767016
ZBTB21,9.292921729037571,24.839761610255255,-1.1399967977238705
ADIRF,9.24331205421495,24.794782413133927,-1.1404355876276082
NEDD8,32.96141677743041,50.151804790284494,-1.1408317524745055
PHF1,21.130913379635697,37.518272798830544,-1.14142285291989
COX17,21.872250407173745,38.327898347014504,-1.1423660386151209
DENND3,3.9182282793867125,19.172382772967502,-1.1442006582558772
EBF1,7.169066027669094,22.686382548071517,-1.1463568780169273
RPS6KA2,10.43675234475916,26.194759923535365,-1.1472239985370751
TPM3,53.806840518935914,72.55144495670753,-1.1473881454834334
VASP,23.04697006570942,39.67727426065445,-1.1474854916723767
CALCRL,5.857685755471104,21.31451703587091,-1.1479787197480829
THRB,6.556901360989947,22.079163386933544,-1.148924082805693
MAP7D1,24.713106314469176,41.48768694478804,-1.1491033705762952
ING1,8.794016886010072,24.474305633644438,-1.1491492418069362
ZBTB7A,32.881854091394125,50.230518385246825,-1.1497648550462736
TRAM1,38.18260104461126,55.897897222534574,-1.1498725433601822
COX14,19.350581275623867,35.83155290678061,-1.1532111777742844
EIF3K,49.28019169927177,67.82300685932756,-1.1533680465217535
TRIM28,26.139618473519665,43.1350500393568,-1.1557979411411718
HIF1A,41.102083606342546,59.15888901383111,-1.1575464220483074
CYP1B1,2.6938989460284177,18.17159563701788,-1.1609904667015294
ALCAM,19.017354025871914,35.629146519734626,-1.1615984790423075
SLC39A8,14.415822678173615,30.715169234229165,-1.1618227117403184
PARP8,18.47445569762435,35.055661756437644,-1.1619673439605784
HBP1,36.75515285396035,54.632857303497126,-1.1640895789164545
PHACTR2,21.68785218188966,38.53592713370067,-1.1644663002913496
WBP2,25.782990433757043,42.91577645339031,-1.1646294935324037
INSIG1,14.268865716906603,30.613966040706174,-1.1648702544532639
SNHG15,26.303424003594362,43.50612841560778,-1.1664906293067439
UBE2D3,66.46573188310838,86.45001686719893,-1.1675090127904557
CHIC2,35.83690585394163,53.73889576071067,-1.1688605491681383
BRK1,32.36610067955894,50.0506015967615,-1.1700214711012906
SH3GLB1,40.642492090532976,58.90588103002361,-1.170541070746146
SH3BP5,19.962745942303012,36.83234004273024,-1.1721144445846894
CPT1A,11.553438044068368,27.86461261666479,-1.1732102970920408
EMD,22.16335623490649,39.20499269088047,-1.1732412056336743
STAT3,50.91263081041616,69.9595187225908,-1.1747405011868115
RSBN1,22.21109384652826,39.3174406836838,-1.1765922211394197
RPS19BP1,27.382668438886498,44.849881929607555,-1.1768701712434748
PBX4,7.732557051126046,23.883953671426966,-1.1788333621457472
MANF,24.87410374974259,42.21859889800967,-1.1795899339069746
MAF1,19.401126982046915,36.38817047115709,-1.1806294243817985
ARRDC2,6.8217983039107395,22.95063533115934,-1.181020672696156
TNFRSF18,3.6542673680663462,19.610929944900484,-1.1835154901206966
HNRNPAB,34.24565213321601,52.316428651748566,-1.1840402954269607
BUB3,22.35617874459442,39.649162262453615,-1.186229393498471
BCL11B,5.154726023550555,21.331384234791408,-1.1898858851366472
JOSD1,22.47318269464777,39.851568649499605,-1.190449279362175
UFM1,32.65627047569126,50.8040031485438,-1.1942033521849178
RASSF5,4.656757212123481,20.95468345890026,-1.1983703106063528
RNF149,47.79002939139225,67.05836050826493,-1.1985398831451342
DBI,34.41788194769455,52.77746542224221,-1.1991493308490284
PRELID1,30.21416403017766,48.28516810974924,-1.1991825990007667
EPB41L4A-AS1,21.809536289945147,39.34555268188463,-1.2015391737839956
EPAS1,16.87758578729618,34.11109861688969,-1.2035458365672687
CLCF1,2.7912462324728082,19.059934780164173,-1.2037764252734247
IL1R2,2.8015425800775033,19.08242437872484,-1.2044029671204382
SLC36A4,22.78956137559204,40.48127740919825,-1.2063551540484512
GLIPR2,5.996218432334276,22.61891375238952,-1.2110606650330578
PCBP2,56.337869966490075,76.43090070842236,-1.2114506122675115
CSTB,35.94642155119157,54.64410210277747,-1.211857175428862
SYAP1,35.65625175505925,54.340492522208486,-1.2122129761728586
MPP1,7.662354681094034,24.42932643652311,-1.2126785439369763
SEC24D,23.224816069790517,41.14472056673789,-1.217170130777733
TP53BP2,25.494692700825578,43.584842010570114,-1.2179388780932954
YBX3,40.7548158825842,59.91791296525357,-1.2192016667379213
BIN1,9.931295280528671,26.998763072079164,-1.22055645134565
HLA-DRA,12.109440814721905,29.3376813223884,-1.2211527238816386
GRB2,42.32547690810042,61.64961205442483,-1.2220922612243261
PTPN1,43.3644719845742,62.785336781738444,-1.2234699177255839
EFHD2,18.39021285358594,36.095805689868435,-1.22362262427724
SURF4,39.61472939326431,58.78218823793995,-1.2237182795450032
VOPP1,13.9478068779602,31.38423479140897,-1.2256107972938137
UBAP1,31.816650130108393,50.50601596761498,-1.2269023191739383
UGP2,42.77945223430743,62.31305521196446,-1.2318157066002116
RAC1,57.68856356590598,78.29191498931745,-1.234221283681765
JMJD6,14.777130875938372,32.441245923760256,-1.2349195106332747
SSR3,33.040979463466684,52.012819071179585,-1.2377174027843627
PNPLA8,31.339274013890712,50.19678398740582,-1.237866712429051
NDUFA4,35.483085908980286,54.632857303497126,-1.2382591343797282
FYN,52.42525787670592,72.77634094231418,-1.2402120002778858
ANP32B,41.20036692438737,60.7837625098392,-1.2404582580452654
ARF4,44.172267255742554,63.99977510401439,-1.2426220807611186
MXD1,11.74438849055544,29.354548521308892,-1.243357748341401
SLC16A3,17.774304060505084,35.83155290678061,-1.2451181177302473
AKNA,8.964374637287754,26.447767907342858,-1.2468753855097272
SEMA4D,7.637081827882509,25.137748791184077,-1.2527989601425675
ADRM1,27.15427672838235,46.00247385584167,-1.2530646634381932
SIK3,50.25928075331824,70.71854267401328,-1.2542422835044549
MAPRE1,26.25381432877174,45.10288991341505,-1.256491957881306
COL6A2,10.798060542523915,28.601146969526592,-1.2574340411943117
ARHGDIA,31.095905797779732,50.34858877769032,-1.260338087640025
PTGES3,54.50792818765562,75.41324637355224,-1.2626312969269962
UBE2R2,46.070539341408164,66.41740694928595,-1.2638308413502148
CALM2,57.795271168354645,79.00595974361858,-1.2669531248687576
CAST,52.08922253215269,72.94501293151917,-1.2690066187567068
NCL,53.73757418050433,74.71044641853143,-1.2692076842635898
TLR2,3.228372989872138,20.79163386933543,-1.2727592432079717
UBE2A,27.500608420540278,46.76149780726414,-1.2742786714844772
ICAM1,22.035119905648017,40.94793657933206,-1.275801712486478
FUNDC2,22.401108261414908,41.375238951984706,-1.2777730722638236
IL15RA,3.2330531478742723,20.892837062858426,-1.2780073387808377
CBLB,43.32983881535841,63.763634319127405,-1.278858708704447
NFE2L2,56.377183293708,77.77465422242213,-1.282464720885403
DDX3X,46.00782522417957,66.69290453165411,-1.2825168015035115
ETS1,35.716157777486565,55.74047003260992,-1.2850936105304678
ITGB1,56.87421607353465,78.37062858427977,-1.2859969918743337
DOCK8,10.628638822846659,28.95535814685708,-1.286635824381801
SRSF2,47.021547447441826,67.86236365680872,-1.2872083514689256
DENND4A,36.31521800175974,56.42078038907006,-1.2872778509860683
ARFGAP3,37.34578879382968,57.522770718542674,-1.2873063704592815
MTCH1,43.03686092442481,63.63431912740357,-1.2888865908596563
UBE2B,50.605612445476154,71.72495220960306,-1.2889520165559312
YY1,45.53887339236572,66.33869335432362,-1.2905362374668343
LPXN,14.340004118539044,33.00910828741707,-1.2913855910424512
ZFAND5,39.50146956961267,59.929157764533905,-1.2928931328934898
EIF4A2,50.496096748226215,71.72495220960306,-1.295337474973299
NDUFA13,38.0094351985323,58.4054874620488,-1.2967667845680952
PSME2,30.343336391036562,50.213651186326324,-1.2968563434982667
DAB2,15.269483497762884,34.12234341617002,-1.2979218218696953
CALCOCO2,25.738996948536986,45.33340829866187,-1.299084632036359
HDGF,34.037853117921266,54.22804452940515,-1.3004414412170564
SGMS1,25.30655034913979,44.93984032385022,-1.3028285347006419
UPP1,27.346163206469846,47.200044979197116,-1.3072080449319285
PFDN2,40.07619297227475,60.907455301922866,-1.3127525783193057
ITGAX,2.9007619297227474,21.224558641628246,-1.315478560651493
GNB2,29.314637662167474,49.46024963454402,-1.3157353743061209
VEGFA,21.296590972911243,40.931069380411564,-1.317942461309424
PRKAG2,16.17837018177734,35.49420892837063,-1.319767904236559
PIK3IP1,6.557837392590374,25.222084785786574,-1.3203265580085395
SERINC1,37.28213864500066,58.158101877881485,-1.3256770526423471
TERF2IP,36.724263811146265,57.60710671314517,-1.3281460267347163
UBE2S,19.896287698672708,39.62667266389295,-1.3284297292433547
ORAI1,12.747814366213003,31.991453952546944,-1.3287038275138032
CREG1,17.71252597487691,37.33273361070505,-1.3306146842961473
KPNA2,18.664470112510998,38.406611941976834,-1.333694030339399
SF3B5,24.804837411311006,44.990441920611715,-1.3348420641772685
CD83,9.802122919669769,28.960980546497243,-1.3351336546570896
GYPC,30.889978845685828,51.50118070392443,-1.335222742210668
EIF4A3,25.109047681449724,45.3277858990217,-1.335507941055297
MZT2B,30.96673343692083,51.636118295288426,-1.3381087682100303
MB21D2,5.1144766647322015,24.01889126279096,-1.3388453264664972
RASSF2,9.625212947189098,28.848532553693918,-1.3393142054897784
PAPSS2,3.941629069397383,22.843809737996175,-1.3431250719821057
FOSL1,9.309770297845256,28.589902170246262,-1.3435973417436216
LRIG1,3.4633169215792723,22.34903856966153,-1.3440222480509938
C11orf96,9.05142557612745,28.348138985719107,-1.3454714704381423
EVA1B,8.190276503734765,27.448555043292476,-1.3466065490391226
HMOX1,3.4249396259617724,22.377150567862365,-1.347793492439683
JTB,30.81977647565382,51.692342291690096,-1.3497444995626435
UBE2D1,15.700994065559653,35.572922523332956,-1.3518960480679967
EIF2AK3,24.056012130969542,44.51253795119757,-1.3524320313712683
CHMP4B,34.61070445738248,55.819183627572244,-1.3538426312683485
COX5A,32.02070501900145,53.086697402451364,-1.3557895769079065
TAB2,30.28155830540839,51.253795119757115,-1.357201786190853
ARPC5,40.99163187749218,62.77409198245812,-1.3612080747228663
HNRNPH3,40.09865773068499,61.82390644326998,-1.3614382674190117
CD96,3.2442855270793944,22.444619363544362,-1.3620074222740999
CFD,4.80184211018964,24.136961655234455,-1.3635150415479655
SMNDC1,19.069771795495814,39.390531879005955,-1.3637385555362962
PRKCH,17.64700376284703,37.87248397616103,-1.363880262226182
OSTF1,24.139318943407527,44.85550432924772,-1.3662846992422175
PRMT1,31.67156523204223,52.90678061396604,-1.3663315639176978
LITAF,37.90366362768407,59.65928258180592,-1.3713327248092844
ALDOA,25.687515210513507,46.637805015180476,-1.3732456205583057
RAP1A,44.8265533444409,67.1145845046666,-1.3743965066162114
MORF4L1,60.686672782073124,84.06611941976836,-1.3744150278974692
SNHG8,38.2883726154595,60.14280895086023,-1.3752797634616862
SEC62,52.94007525694068,75.86303834476554,-1.3785847296015525
ARRB2,6.865791789130801,26.633307095468346,-1.379357843979339
HLA-DRB5,4.405900743209091,24.007646463510625,-1.3795463461468538
PER1,19.941217215493197,40.61621500056224,-1.3797929540159746
PPIB,47.61967164011457,70.21814910603845,-1.3808500333000924
PSMB6,26.979238819102534,48.17272011694591,-1.3816647964107296
HLA-DPA1,10.89447179736788,30.99628921623749,-1.3824758104564143
CDK2AP2,12.57745661493532,32.85168109749241,-1.3855650793250385
GLA,13.697886440646236,34.04925222084786,-1.3855685056903209
CRY1,18.46883950802179,39.148768694478804,-1.385587707997968
RELA,14.849205309171237,35.308669740245136,-1.3871448365737968
NXT1,15.293820319373982,35.792196109299454,-1.3875989748953315
DDX3Y,9.028024786116779,29.101540537501407,-1.3879365016911562
IGFBP4,10.423647902353183,30.61958844034634,-1.3893775154636954
KLF2,3.391242488346406,23.15304171820533,-1.3920857500284458
DUSP2,6.53818072898141,26.54897110086585,-1.393858827321094
VDAC2,34.52739764494449,56.51636118295288,-1.3967333526237775
GLIPR1,6.040211917554337,26.104801529292704,-1.3986626005166558
RSRC2,46.9822341202239,69.91453952546946,-1.4014537406495882
SERPINE1,5.875470355879214,26.07668953109187,-1.4067344713123162
ARID5B,57.2841979145216,81.10311480940065,-1.4111588723377673
SYNJ2,10.468577419173672,31.119982008321152,-1.414056011248775
SLC6A6,16.588352022764287,37.67007758911504,-1.414564403438309
MGLL,10.776531815714097,31.507927583492634,-1.417264071061732
RASGEF1B,5.004960967482262,25.37388957607107,-1.41915055138958
RAB31,11.188385719901904,31.991453952546944,-1.4196283892517094
FAS,7.993709867645133,28.5842797706061,-1.4200252748645315
BAG1,22.948686747664603,44.6249859440009,-1.423130531381561
DPYD,19.503154426493438,40.96480377825256,-1.4243514911018544
MKNK2,15.582118052305447,36.80422804452941,-1.4259991761651816
ABCG1,3.4745493007843944,23.8783312717868,-1.426795447452875
TUBA4A,11.047044948237453,32.013943551107616,-1.4290963350612325
RASD1,3.7787595709231145,24.260654447318114,-1.4299150925136659
DYNLL1,37.53580320871633,60.345215337906225,-1.4302012806906454
COQ10B,21.337776363330025,43.061958844034635,-1.4317883599903165
YPEL2,15.686953591553252,37.0235016304959,-1.4318487204771289
CMIP,29.632888406312595,51.94535027549758,-1.4327500333960028
PDK4,7.030533350805923,27.79152142134263,-1.4329368987755817
ELK3,32.622573338075895,55.15011807039244,-1.4332634592804387
TNIP2,17.99427148660539,39.53671426965029,-1.4344217783828874
PNPLA2,14.232360484489956,35.51669852693129,-1.4344594725134785
YWHAH,26.087200703895764,48.20645451478691,-1.435516591537132
GSTP1,33.30587640638748,55.92600922073541,-1.4357500660341267
OGFRL1,13.67074152423386,34.98819296075565,-1.438373636967908
TPM4,48.057734429114326,71.7530642078039,-1.4390430388673852
CDC42SE2,36.74485650635565,59.69301697964692,-1.4407388417215832
IFITM3,30.226332440983207,52.77184302260205,-1.4432364798515998
EIF3I,33.682161109759065,56.477004385471716,-1.4438689460697007
MSN,51.12417395211263,75.16586078938491,-1.446429864048172
EZR,30.313383379822902,52.97424940964803,-1.4492028158807373
ATP6V0B,39.23563659509145,62.526706398290784,-1.4500979906662392
CBL,21.418275080966733,43.539862813448785,-1.4531660621125624
ZFP36L1,46.65649512327536,70.57798268300911,-1.4566394668944274
BTG2,11.35780743957916,32.89103789497357,-1.45882539415872
STK4,37.962633618510964,61.34038007421567,-1.459603986876827
HSPA1A,29.00761929722748,51.77667828629259,-1.4600055499140778
COMMD6,30.303087032218208,53.204767794894856,-1.4623787200617622
GPSM3,8.91850908886684,30.349713257618347,-1.462414027180178
TLN1,32.66563079169553,55.74609243225008,-1.463265365589228
SRSF3,46.03965029859408,70.07196671539413,-1.4650005329327562
PELI1,28.888743283973266,51.76543348701226,-1.466323331962454
GPX3,3.3032555179062846,24.44057123580344,-1.4674550616209792
UQCRH,43.684594791920176,67.60935567300123,-1.467971369183766
PAM,25.381432877173932,48.09400652198359,-1.4705329031032646
LAPTM4A,46.6125016380553,70.79725626897559,-1.4711666854658738
TYROBP,2.8904655821180523,24.069492859552458,-1.4712797404555773
OSER1,20.127487503978134,42.49971888001799,-1.4716837597028538
PSMB3,30.3901379710579,53.48026537726302,-1.4723324293878894
TOB1,12.942508939101785,34.847632969751494,-1.4731661810438896
DAD1,34.311174345245895,57.77015630271,-1.4777393278500042
NFKBIZ,28.22603291087107,51.30439671651861,-1.4798124179993668
HLA-DQA1,2.8277514648894546,24.193185651636117,-1.4816842329920508
HLA-DPB1,11.30445363835483,33.323962667266386,-1.4855537772749863
PHF10,13.326281895276784,35.488586528730465,-1.48575598490363
DRAP1,28.547091749817472,51.78230068593276,-1.4871639422304712
IER5,13.352490780088736,35.595412121893624,-1.4900555404429354
PRNP,35.80508077952712,59.61430338468459,-1.4912396213422399
LYN,8.515079469082876,30.50151804790284,-1.49421799546269
IER3,31.290600370668514,54.885865287304625,-1.496510027000853
SBDS,28.035082464383997,51.42808950860227,-1.4976939003066043
CAMLG,24.41919239193515,47.565500955807934,-1.4978058385203732
USP12,29.189209427710278,52.704374226920045,-1.5000266645556073
CD40,2.7135556096373814,24.41245923760261,-1.5003046941387344
FLI1,3.4324278787651874,25.18272798830541,-1.5004106702981237
ENY2,35.32396053690773,59.271337006634425,-1.5005819947309593
ZNF331,18.877885317408317,41.70696053075453,-1.5012958133208667
EIF3F,33.23099387835333,57.056111548408865,-1.5017671170396152
ARPC3,46.72576146170695,71.5000562239964,-1.5029030486334876
PPP1R2,32.072186757024916,55.84729562577307,-1.5033878879031042
IRF1,15.81987007881386,38.49094793657933,-1.504153034830636
CNOT6L,27.482823820132168,50.96705273810862,-1.5047429513584794
CRISPLD2,2.9204185933317106,24.77229281457326,-1.5078734181458042
ANXA2,52.53570960555628,77.81401101990329,-1.5085940017622277
CTDNEP1,18.682254712919107,41.65073653435286,-1.5096351057354043
DNMBP,14.39991014096636,37.1078376250984,-1.5114923163657994
BCL3,7.008068592395679,29.303946924547397,-1.51675469154504
SLC41A2,6.396839957316959,28.68548296412909,-1.5186538777204452
MT1X,21.07100735720838,44.467558754076244,-1.5240229374875351
BID,15.384615384615385,38.412234341617,-1.5252370444772643
ST13,46.56757212123481,71.80928820420556,-1.5289961448261777
ROMO1,24.002658329745213,47.71168334645227,-1.5300671577274172
COX8A,30.838497107662356,55.07702687507028,-1.5332990239621114
FURIN,12.353745062433308,35.35927133700664,-1.5354064551871225
DIAPH1,31.542392871183335,55.88665242325425,-1.5364252723641347
ZYX,17.22298144785368,40.610592600922075,-1.5379765855062622
CDC42SE1,26.541176030102775,50.573484763296975,-1.53817650683514
SNX9,47.29486867476646,72.90565613403801,-1.5464007512015652
SAR1A,25.63977759889174,49.769481614753175,-1.546872635234292
AKIRIN2,20.685362337832526,44.585629146519736,-1.5529496248472485
TMBIM6,55.43366344047775,81.7328235690993,-1.5534095011796571
CLK1,35.037534867177115,59.95726976273473,-1.5547023892250473
BNIP3L,37.32051594061815,62.43674800404813,-1.5568541117531498
EIF3G,32.203231181084675,57.06735634768919,-1.5623056303867582
NDUFB11,28.61448602504821,53.24974699201619,-1.5632886163208646
ALYREF,7.035213508808057,30.203530866974027,-1.5642473347378618
GCH1,4.940374787052811,27.97706060946812,-1.5649281681361655
PTPRE,15.455753786247826,39.227482289441134,-1.5655637736469254
COX5B,33.372334650017784,58.39424266276847,-1.5665256587586518
IL6ST,37.14735009453919,62.43674800404813,-1.5669507767720647
PPTC7,18.58677948967557,42.61216687282132,-1.5676512105442697
ADAMTS4,3.2236928318700038,26.217249522096033,-1.5690179130920248
PIM1,7.889810359997754,31.232430001124477,-1.5705488756360115
GUK1,37.53673924031675,62.95400877094344,-1.5724652587231898
RFTN1,18.04388116142801,42.12301810412684,-1.5726208908052204
POMP,33.43879289364809,58.59102665017429,-1.57338595825368
PPP1R15B,14.295074601718555,38.21545035421118,-1.57802893344534
ARPC2,55.16595840275568,81.92398515686496,-1.5794469143099636
EHD1,12.651403111369039,36.54559766108175,-1.582769242488478
MAP2K3,21.585824737443136,46.131789047565505,-1.5847952480313445
DDAH2,13.315049516071662,37.29899921286405,-1.5851750730718503
RNF181,21.17677892805661,45.70448667491285,-1.5853344103668099
PRDX6,34.90836250631821,60.38457213538738,-1.585544753299723
CTSS,10.733474362094464,34.5777577870235,-1.5872442716480708
ARL6IP1,31.49839938596327,56.842460362082534,-1.5911329449283147
TRAF1,7.665162775895314,31.406724389969636,-1.59315560358497
CCNI,56.28638822846659,83.40829866186888,-1.5950931128403552
TRIP10,12.306943482411967,36.42190486899809,-1.5961055568883726
LACTB,18.945279592639046,43.56797481164961,-1.598890959010431
ENO1,48.33479978284067,74.98032160125942,-1.5989462419503164
PABPC1,67.20426081584515,95.16473630945687,-1.5998656863091716
NINJ1,18.906902297021546,43.59046441021028,-1.6023554823762747
HIPK1,19.36087762322856,44.147081974586754,-1.6062512283180994
MAN1A1,13.444221876930564,37.86123917688069,-1.6083156090179451
GADD45A,17.625475036037216,42.39289328685483,-1.6117392256502
PFKFB3,27.91620645112979,53.395929382660526,-1.6119774823965223
ATF4,42.22251343205347,68.76194759923536,-1.6160977775672962
PABPC4,35.87715521275998,62.06566962779715,-1.6207675915922102
NR4A2,16.462923788307094,41.31901495558304,-1.6209396073326556
PSMB1,33.31336465919089,59.41751939727876,-1.625787208679693
ILF2,32.391373532770466,58.46733385809063,-1.6277092749736033
PREX1,16.38429713387124,41.39210615090521,-1.6295114123139087
MYADM,11.742516427354587,36.43314966827842,-1.6296286692389592
GRPEL1,19.74465057940356,45.00168671989205,-1.6304964310459606
PMEPA1,13.064193047157271,38.00742156752502,-1.6384484420858665
HLA-DQB1,6.863919725929947,31.406724389969636,-1.6398731455103288
SYF2,29.800438062789,55.98223321713708,-1.6432065221860244
ARHGDIB,9.347211561862329,34.27414820645451,-1.6515092331334162
YPEL3,14.333451897336055,39.649162262453615,-1.654005154996426
ARF1,49.05179998876762,76.790734285393,-1.6559047604714232
DNTTIP2,22.620139655914784,48.5437984931969,-1.6560714595568318
SPHK1,7.818671958365314,32.73361070504892,-1.6565912078786096
MAFG,26.31840050920119,52.580681434836386,-1.6606651350963233
SOD1,34.09307898234644,60.94118969976387,-1.6634463250018134
ATP6V1G1,34.7857423666623,61.68334645226583,-1.663546839941731
UBE2M,18.636389164498194,44.585629146519736,-1.672417731476466
RAP1B,54.20184585431605,82.61554031260542,-1.673387464819839
COX6C,34.505868918134674,61.587765658383,-1.6746509762866344
GHITM,26.481270007675462,53.120431800292366,-1.6806140305149238
FNBP1,40.21566168073834,67.8005172607669,-1.6806606437448277
NFKB1,36.47715146863358,63.825480715169235,-1.681787691866436
CD74,16.444203156298556,42.42662768469583,-1.6824551801865741
GNAI2,33.8263099762248,61.02552569436636,-1.6836014621303885
PAIP2,40.82782634741749,68.52580681434837,-1.6845345804358136
ZEB1,21.854465806765635,48.279545710109076,-1.6862992038370088
MAPKAPK2,26.482206039275884,53.22725739345553,-1.6863871533813146
SLAMF1,6.00651477993897,31.378612391768808,-1.68833167638165
MRFAP1,30.260029578598573,57.337231530417185,-1.6903291939658613
PEA15,19.109085122713743,45.4458562914652,-1.6917848812985403
DNAJB9,12.288222850403429,38.17609355673001,-1.6928940473694989
ANXA5,52.36347979107775,81.01877881479815,-1.693467073235287
IFITM1,13.401164423310933,39.384909479365795,-1.69394752832183
GLIS3,3.689836568882565,29.039694141459577,-1.6958127358607937
ABCA1,21.23013272928094,47.796019341054766,-1.6963237665080786
CYCS,31.028511522549003,58.34364106600697,-1.7004248949982523
DDX21,41.74700937903664,69.85831552906781,-1.7036332733983917
GLUD1,30.28904655821181,57.61272911278533,-1.7036666504875155
STX11,3.001853342568845,28.471831777802763,-1.7049476897907305
NDUFB4,30.671883482786377,58.06814348363881,-1.7061892371610319
RHOC,24.349926053503566,51.33813111435961,-1.7076543108571285
MMP19,3.325720276316529,29.073428539300572,-1.718883346821422
NAMPT,47.17131250351012,76.03171033397054,-1.7241417468359608
IQGAP2,15.08134114607709,41.76880692679636,-1.7260323030409208
ITPRIP,8.170619840125802,34.42033059709884,-1.728086725288347
FCER1G,4.859876069416103,30.928820420555493,-1.7306502899495462
SOD2,47.00095475223244,76.09917912965254,-1.7377553344260104
PPP1CB,45.923582380141156,75.01967839874058,-1.7416825274276677
CSNK2B,26.07409626148979,53.82885415495333,-1.7430016863297983
RPS4Y1,18.600819963681975,45.850669065557184,-1.7435038711881092
MOB1A,25.67534679970796,53.41841898122118,-1.7438606694894316
RPL22L1,25.014508489806612,52.72686382548072,-1.744665040454349
TGIF1,28.284066870097536,56.257730799505225,-1.7466498919305375
DYNLT3,8.076080648482693,34.746429776228496,-1.751388777948025
PPP1R14B,26.647883632551434,54.632857303497126,-1.7534073566150798
PLEKHO1,11.013347810622086,37.939952771843025,-1.7543450495762802
TSPYL2,19.18396765074789,46.739008208703474,-1.7579645911393722
CAMK1D,8.448621225452571,35.26931294276397,-1.7581923591400512
HLA-E,54.38905217440141,84.39221859889801,-1.7593959945049886
ERN1,16.27010127861917,43.65231080625211,-1.7594716047534318
RIPK2,15.986483703689835,43.37681322388395,-1.7609789746379656
TMEM258,28.0875002340079,56.313954795906895,-1.7611781813696514
KLF6,51.206544732950185,81.02440121443833,-1.7612304318980199
EEF1D,54.6015313476983,84.76891937478916,-1.767557422174576
TMED5,27.605443959788083,55.92600922073541,-1.7681213631432793
ATP13A3,35.97918265720651,64.92184864500169,-1.7706330253216074
NDUFA1,30.364865117846378,58.93399302822445,-1.7713253888749043
GABARAPL2,28.141790066832655,56.61194197683571,-1.774268954655602
PPP1R18,19.662279798565997,47.5879905543686,-1.776390839509737
COX6B1,32.601044611266076,61.47531766557967,-1.7795798710377948
LGALS3,46.41125484396353,76.32969751489937,-1.7847141339946486
NOP10,24.81232566411442,53.32283818733835,-1.7889660074926277
ISCU,23.45976000149765,51.934105476217255,-1.79206905513272
POLR2L,28.624782372652902,57.46092432250084,-1.792422320187618
CDKN1B,12.923788307093249,40.689306195884406,-1.792940855133541
TUBA1C,35.30804799970047,64.6182390644327,-1.7932014891072168
TMEM50A,37.364509425838214,66.82221972337794,-1.793531410891994
EMP3,36.54828987026602,65.9901045766333,-1.7957274665189664
NNMT,5.297002826815433,32.59305071404475,-1.7959524556099495
YPEL5,20.486923638542038,48.903632070167546,-1.8000816027384305
HLA-C,54.27579235074976,85.02192735859666,-1.8003525137517082
PSMA7,43.90737031282176,73.97391206566962,-1.8021903439392182
PIM3,28.673456015875097,58.05689868435848,-1.8220967670903887
CXCL1,2.9831327105603087,30.658945237827506,-1.8253536990309447
SSR4,36.525825111855774,66.5410997413696,-1.82709596438188
CLEC2B,13.484471235748918,41.982458113122675,-1.83079532635374
VAPA,47.216242020330604,78.04452940515012,-1.8313281977664235
GPR183,4.065185240653724,31.94085235578545,-1.8321955800133685
ATP6V1F,25.87659359379973,55.26256606319577,-1.832731202933677
UXT,25.17176179867832,54.52603171033397,-1.8336469043963124
C19orf53,26.036654997472713,55.46497245024177,-1.8344405666845702
NDUFA6,26.98298294550424,56.52198358259305,-1.8369272090653046
NPM1,51.127918078514334,82.49746992016192,-1.8461757715677491
RSL24D1,27.950839620345587,57.74766670414934,-1.8473602210749926
MAP2K1,34.31679053484846,64.5845046665917,-1.849157748132475
SLC38A1,9.908830522118427,38.564039131901495,-1.8527914329624848
SKIL,22.91686167325009,52.46823344203306,-1.852861961551513
C12orf57,25.567703165658873,55.307545260317106,-1.8531952384474772
HLA-DRB1,10.184023812643915,38.91825030923198,-1.8560693465068137
MAFF,16.88601007170002,46.193635443607334,-1.8621981255527666
SOCS3,10.082932399797818,38.946362307432814,-1.8634972209293796
SLC38A2,46.56944418443567,78.02766220622962,-1.8681204429577278
IFNGR1,26.799520751820584,56.92679635668503,-1.8697081299734486
PDE4A,5.5787483385439085,34.262903407174186,-1.8706210525263876
CEBPD,19.15682273433551,48.83616327448555,-1.8739542531230895
TNFAIP2,2.9063781193253084,31.491060384572133,-1.875223688960972
TRMT112,27.505288578542412,57.7870235016305,-1.87548571444574
GNAS,59.68231087481514,92.29169009333184,-1.881708541429835
GSTO1,34.49650860213041,65.4222422129765,-1.8843804795438195
PSME1,25.75678154894509,56.10592600922073,-1.8857251570222064
GNG5,31.301832749873636,62.076914427077476,-1.8881512964079394
SRSF9,29.240691165733757,59.88417856741257,-1.8887076995072016
CYLD,19.15214257633338,49.1116608568537,-1.8892564660808573
TLE4,21.680363929086248,51.838524682334416,-1.8906048528846613
TOMM7,40.48617481326169,71.95547059484988,-1.891554851570921
HERPUD1,28.65660744706741,59.33880580231643,-1.8930115385171715
ACTG1,50.877997641200366,83.11593388058023,-1.894487027648571
PTK2B,10.873879102158488,40.38569661531541,-1.8959006030967824
HSPA8,38.998820600183464,70.51051388732711,-1.8994497147270117
GNA13,27.567066664170582,58.30990666816598,-1.9004087161041445
BATF,2.7472527472527473,31.817159563701786,-1.9022915247898666
CYTH1,29.288428777355524,60.21590014618239,-1.9040208349039138
BTG3,27.354587490873694,58.15247947824132,-1.9042094083255234
EIF1B,24.875039781343016,55.56617564376476,-1.9076910655740213
LUCAT1,4.343186625980493,33.62194984819521,-1.9076959252461756
COX7A2,33.20759308834266,64.65197346227369,-1.9175116330953452
HIVEP2,26.263174644776004,57.297874732936016,-1.9212240907560398
PITPNC1,30.967669468521258,62.34678960980546,-1.922357740162636
SNRPG,30.187019113765277,61.67210165298549,-1.9310680748578242
TIMP1,28.015425800775034,59.39502979871809,-1.933463697599445
FMNL1,2.907314150925735,32.56493871584392,-1.9337528277567524
PTP4A2,41.06464234232548,73.37231530417182,-1.93512023050799
MAP3K8,8.082632869685682,38.21545035421118,-1.9402536130698795
EDF1,36.47995956343486,68.57640841110985,-1.9408032264676953
SOCS1,4.239287118333115,34.144833014730686,-1.9422789793821367
FXYD5,25.647265851695156,57.07860114696953,-1.9451733523918093
REL,24.537132373588932,55.897897222534574,-1.9454897468506953
HNRNPA1,47.8162382762042,80.79950522883166,-1.946637919084266
ITM2B,47.542917048879566,80.642078038907,-1.9539860882041828
HNRNPK,47.29580470636689,80.45091645114135,-1.9579657872922738
RHOA,51.302019956193725,84.87574496795233,-1.965767522644722
ZC3H12A,8.485126457869217,39.17125829303947,-1.9689282628555598
NRP1,2.741636557650186,33.1384234791409,-1.9746984245645285
B2M,64.56652376584233,99.2803328460587,-1.9781822427254525
KDM6B,14.628301851470503,46.05307545260317,-1.9861687812012196
SLA,3.6018495984424437,34.307882604295514,-1.9883405316277916
YWHAB,45.08583409775914,78.67423816484876,-1.9898972203415872
ARF6,23.1021959301346,55.18385246823344,-1.990202055187165
HMGB2,16.67353089840313,48.403238502192735,-1.9951283683920122
SNRPB,33.534268116891624,66.49612054424829,-1.999068906471836
NFKB2,8.3868431398244,39.806589452378276,-2.0093182780424073
SEC61G,30.602617144354795,63.56685033172158,-2.010201063511291
CYBA,24.640095849635884,57.281007534015515,-2.014939696026957
MIF,40.687421607353464,74.45181603508377,-2.0160050236652194
PNP,10.105397158208062,41.87001012031935,-2.0216823151848544
GEM,5.012449220285677,36.68615765208591,-2.0358366368129426
RAB21,26.17705973753674,59.37254020015743,-2.039425192411574
SET,44.1217215493195,78.58427977060609,-2.041203548675968
PNRC2,21.313439541718928,54.27302372652648,-2.0448090703032378
PPDPF,26.810753131025706,60.390194535027554,-2.057993361234109
IL4R,9.636445326394218,42.038682109524345,-2.0582268062727884
UBALD2,15.255443023756483,48.20645451478691,-2.067076632612192
MTHFD2,18.22079113390868,51.52929270212526,-2.0754501907357943
SLC2A3,26.346481457213994,60.22714494546272,-2.076168429135822
RABAC1,30.133665312540952,64.27527268638255,-2.0761907727923723
FKBP5,29.592639047494245,63.79174631732823,-2.0813580209408284
DNAJA1,36.48744781623828,71.19082424378725,-2.0829918895493966
CRIM1,9.46234344871483,42.43225008433599,-2.0898485194585437
ANTXR2,4.0146395342306755,36.62993365568424,-2.090948047720509
CFLAR,36.259056105734125,71.25829303946925,-2.099989224334975
RPL10A,48.781286856244265,84.85887776903182,-2.111822056310989
TNIP1,21.72342138270588,55.999100416057566,-2.115067887677364
CNBP,44.15916281333658,80.20353086697402,-2.1273561405486188
HSP90AB1,50.41372596738866,86.89418643877207,-2.127673532564832
CSRNP1,6.227418237639703,39.75598785561677,-2.1324659304510547
TXNIP,25.3907931931782,60.25525694366356,-2.1334247098409267
CDV3,30.020405488889306,65.27605982233217,-2.137390879546881
NDUFS5,33.28809180597937,68.80130439671652,-2.139178163135565
RELB,14.90162307879514,49.39278083886202,-2.1524247110117365
SAP18,32.62912555927888,68.36837962442371,-2.153982548016025
ZFAS1,51.91792874927458,89.1487686944788,-2.1629641184804056
HECA,11.096654623060074,45.608905881030026,-2.167855210214641
ID2,9.73940880244117,44.23141796918925,-2.1718445827387725
DUSP5,5.960649231518056,40.22826942539076,-2.173784818155956
EEF2,47.307037085572006,84.51591139098167,-2.17907016799738
RPL3,55.54411516932811,93.46677161812661,-2.1870962408727377
RGS1,11.72098770054477,46.694029011582145,-2.1906497969880174
ISG20,12.143137952337272,47.16631058135612,-2.191800330887937
COX7B,28.643503004661437,64.83189025075903,-2.1934420497843967
TUBB,38.8396952281109,75.77870235016306,-2.1961253296369163
HNRNPA0,26.924948986277776,63.33070954683458,-2.2117501149264776
PLAUR,11.750004680158002,47.160688181715955,-2.2144157682864125
GADD45B,13.177452870808917,48.89238727088722,-2.225656577626299
CLDND1,20.793942003482037,57.05048914876869,-2.2266192506455558
PPP1R15A,32.5879401688601,69.68964353986281,-2.2284633573621395
UBXN1,30.827264728457234,67.95794445069156,-2.2366518061127065
SNRPD2,30.762678548027782,68.01416844709321,-2.2434847995103757
SLC25A3,37.84562966845761,75.73372315304172,-2.251631876319494
RPS2,55.38592582885599,94.65309794220174,-2.261037816629292
SMAP2,16.873841660894474,53.93005734847633,-2.284955748367592
RPSA,42.85059063593987,81.72720116945914,-2.2867755793420894
CEBPB,26.877211374656007,64.67446306083437,-2.287839844337663
B4GALT1,24.286275904674543,61.936354436073316,-2.2895346455220453
TCF4,6.606511035812569,43.09007084223547,-2.292247987092038
RAN,33.040979463466684,71.38198583155291,-2.294371326486383
GLUL,22.37957953460509,60.007871359496235,-2.2955018030295173
RGS2,5.040530168298481,41.52142134262903,-2.2979794194297973
ANXA1,32.34925211075126,70.7297874732936,-2.2991237713443198
RPS21,53.67392403167531,93.61857640841112,-2.3044216906938444
CREM,27.566130632570157,65.73709659282582,-2.305641763850441
THBS1,2.828687496489881,39.3343078826043,-2.307629370946745
ARID5A,6.829286556714155,43.63544360733161,-2.309010703202616
KLF9,12.40335473725593,49.623299224108855,-2.3106651320591207
BCL6,12.6953965965891,50.0168671989205,-2.3151077145453094
TGFB1,26.265046707976865,64.6182390644327,-2.3204657093652665
SUB1,37.441264017073216,76.67828629258968,-2.326738085390861
HLA-B,52.364415822678176,92.64590127066232,-2.327711571911675
IRAK3,8.604002471123424,45.996851456201505,-2.3343563604956743
DDIT4,26.644139506149727,65.3547734172945,-2.338542653451725
EIF5A,27.519329052548812,66.31058135612278,-2.3396561365641504
RPS18,55.112604601531345,95.83942426627685,-2.3416923102092335
VIM,54.22243854952543,95.04666591701339,-2.350346961842038
CALM1,42.545444334200724,82.77858990217024,-2.361924371674516
RGCC,3.4277477207630533,40.98167097717306,-2.3625696273317347
TIPARP,12.232996985978247,50.573484763296975,-2.37243392023588
BZW1,30.693412209596193,70.44304509164512,-2.3800269473871074
MT2A,35.9511017091937,76.28471831777803,-2.392153509522031
RBM8A,32.52335398843065,72.69762734735184,-2.396324887753586
RPL4,44.13295392852463,85.39300573484763,-2.4119877885295757
SEC61B,32.47561637680888,72.96188013043967,-2.413524180778475
RAB8B,25.780182338955765,66.2599797593613,-2.438298910089053
ZNF267,13.373083475298126,53.19352299561453,-2.448891657459954
SERPINB9,5.266113784001348,44.849881929607555,-2.4664053121457834
RHOG,12.906003706685137,53.21039019453503,-2.477045527795726
ITGA5,7.777486567946534,47.762284943213764,-2.478857870921539
PRDX1,33.20010483553924,75.09839199370292,-2.4878359060832516
TMA7,36.33393863376828,78.5674125716856,-2.494360428620265
LDHA,39.96948536982609,82.4862251208816,-2.4961695927138834
COX4I1,38.44281782952992,80.87259642415383,-2.4971550410267476
PCBP1,31.625699683621317,73.59158889013831,-2.497432458781337
MAP1LC3B,30.50058969990827,72.41650736534353,-2.498928799345785
SLC25A5,33.26188292116742,75.40762397391207,-2.5011035088735345
TNFRSF1B,4.1999737911151875,44.37197796019341,-2.5024967357798493
UBB,37.108036767321266,79.61317890475655,-2.5062757174065546
UQCRB,32.36797274275979,74.63735522320927,-2.5112033508684
COX6A1,31.626635715221745,73.95704486674913,-2.5173147486986105
ETS2,16.326263174644776,57.67457550882716,-2.5211592416693938
LCP1,2.749124810453601,43.185651636118294,-2.5223722798477013
CSGALNACT2,16.523765842334836,57.94445069155516,-2.524366194987638
MCL1,32.19480689668083,74.69357921961092,-2.5243672261157677
TAGLN2,32.15830166426418,74.65984482176992,-2.5246553861178187
RPL13,52.24179568302226,96.12616664792533,-2.5247214154176545
HINT1,35.35765767452309,78.21320139435511,-2.531960364260625
PPIA,44.694572888780726,88.22107275385135,-2.533522522418869
OST4,29.339910515378996,71.85988980096705,-2.536238361994668
SUMO2,36.836587603197486,79.89429888676487,-2.537438973173064
RILPL2,9.11881985135818,50.32047677948949,-2.5402077148453057
CHCHD2,37.669655727577364,80.83886202631282,-2.5403949597849405
RPL22,43.38974483778572,87.0741032272574,-2.5470311690901477
RPS17,29.639440627515583,72.42775216462385,-2.549752683647702
RPL31,43.507684819439504,87.37209040818621,-2.5564107357745516
IL1R1,6.711346575060374,48.13336331946475,-2.561264169005243
ZFP36L2,30.84879345526705,74.06949285955245,-2.5688022968891295
RPL17,38.13205533818822,81.88462835938378,-2.570484245605277
UBL5,32.07312278862535,75.52007196671539,-2.5765501702711004
TNFAIP8,13.652956923825748,56.00472281569774,-2.585933775149325
WTAP,33.725218563378704,77.47104464185315,-2.586654723261199
RPL7,42.07462043918603,86.39941527043742,-2.586904723924798
GABARAPL1,12.552183761723795,54.902732486225126,-2.5899984982513473
TUBA1B,34.34393545126083,78.40436298212077,-2.6014953018237716
RPLP0,45.637156710410544,90.50376700775891,-2.603092654050556
SYTL3,2.7968624220753693,45.209715506578206,-2.630008443120845
TUBB4B,26.641331411348446,70.71854267401328,-2.631318238949141
RPL5,47.018739352640544,92.51096367929831,-2.6320370453256814
RPL27A,43.886777617612374,89.1656358933993,-2.632151232155925
ARL4C,7.515397719827021,50.359833576970644,-2.635844422423609
XBP1,24.24228241945448,68.34589002586304,-2.6417617102461564
EEF1B2,38.55514162158114,83.65568424603622,-2.642432759214789
YBX1,45.08583409775914,90.64994939840324,-2.6432129990020523
COX7C,34.792294587865285,79.88867648712471,-2.6563274759410884
RPL11,48.04931014471048,94.11896997638593,-2.6596704568549727
RPL13A,45.75509669206432,91.71820533003486,-2.662467747458743
MYL12A,36.41069322500328,82.3850219273586,-2.6981487245832914
EEF1A1,51.120429825710914,98.34701450579108,-2.711258947509979
RPLP1,50.14508489806616,97.34622736984146,-2.713531388955461
TFPI,6.7263230806672025,51.00640953558979,-2.717125386596469
RPS7,45.873036673718104,92.97762284943214,-2.7242966090496905
TPI1,33.31430069079132,79.66378050151805,-2.7302350353779086
RPS9,46.12482917423292,93.9896547846621,-2.764825296458664
SRP14,37.10616470412041,84.38659619925785,-2.766791018937545
RPS19,48.18971488477451,96.418531429214,-2.776932870048224
S100A4,19.397382855645205,65.8551669852693,-2.7883726113846374
CDKN1A,15.34155793099575,61.554031260542,-2.790211296621285
RPS4X,44.122657580919935,92.45473968289666,-2.7978297354676265
RPL10,47.07677331186701,95.72135387383335,-2.8037910021748145
LAPTM5,3.3781380459404313,49.34217924210053,-2.8215563463891797
S100A11,34.41975401089541,82.52558191836276,-2.8219011095881132
RPL14,43.55261433625999,92.35915888901383,-2.825852607790172
PTMA,48.00906078589213,97.12695378387495,-2.826112996487004
NACA,43.102383136454684,92.16799730124818,-2.841675422062612
RPL36A,38.772300952880165,87.70381198695604,-2.850610131964001
CLIC1,34.280285302431814,82.91352749353425,-2.8511967687472404
IRAK2,3.376265982739577,50.202406387046,-2.8685938160198488
GAPDH,45.22623883782316,95.13662431125604,-2.8797898900821215
GPX4,32.47093621880674,81.55290678061397,-2.8824667865244264
TXN,33.34425370200498,82.56493871584392,-2.886756633000644
MYL12B,34.08652676114345,83.40829866186888,-2.8894855682652767
ACTB,40.73422318737481,90.57123580344091,-2.8926453677791724
FOSL2,10.570604863620197,58.52918025413246,-2.9033721517435493
NFIL3,6.324765524084093,54.19993253120432,-2.9147562751029423
RPS20,35.316472284104314,85.3311593388058,-2.922670548160233
BTG1,41.13671677555834,91.5776453390307,-2.9240805067704603
RPL23,38.772300952880165,89.27808388620264,-2.9364920183606817
RPL15,43.7239081191381,94.65309794220174,-2.941007273227475
RPL30,43.991613156860176,94.96232992241089,-2.9422680311303995
RPL7A,42.20660089484621,93.07882604295513,-2.9435940030235574
S100A10,36.809442686785104,87.32148881142471,-2.944200164814116
RPL37A,43.224067244510174,94.20892837062858,-2.945920199558376
RPS8,42.62500702023701,93.78162599797594,-2.9575384051308133
SERF2,38.6758896980362,89.59293826605195,-2.9592897821100084
RPLP2,44.31548009060786,95.76633307095467,-2.967245644983519
OAZ1,40.096785667484134,91.3583717530642,-2.972752953560655
BTF3,33.81975775502181,84.8138985719105,-2.981720145762495
METRNL,5.194039350768482,54.261778927246155,-2.9840587000993732
RPS3,42.699889548271145,94.39446755875409,-2.9866048712073665
RPS28,41.93234363592115,93.6523108062521,-2.990870481681032
RPL6,40.59288241571035,92.25233329585066,-2.992596015328056
STK17B,9.086058745343243,58.61351624873497,-2.9945314034105506
FTH1,46.40751071756182,98.60564488923873,-3.0001611327783633
LGALS1,31.546136997585037,82.74485550432925,-3.0014132922254015
RPS5,38.60287923320291,90.36882941639492,-3.0058742555409035
RPL18,41.59724432296834,93.67480040481277,-3.011635776998206
RPL23A,41.01409663590243,93.07882604295513,-3.013124550234897
RPS24,42.12984630361121,94.28764196559092,-3.0140143014842202
S100A6,40.63593986932999,92.70774766670415,-3.0149298960657127
RPL41,44.98099855851134,97.49240976048577,-3.022605059383788
RPL24,40.4131643484284,92.61216687282132,-3.022704861782758
FAM107B,8.952206226482208,59.01832902282694,-3.024419766232193
RPS15,42.671808600258345,95.10288991341504,-3.0268890171159653
CD55,24.640095849635884,75.9361295400877,-3.032640049827626
RPS27A,42.40878372053841,94.98481952097156,-3.035783891151432
RPL28,41.6131568601756,94.28201956595075,-3.04383384581511
FTL,44.987550779714326,97.91408973349826,-3.0452271001234963
UBC,40.17822041672127,92.82581805914765,-3.0480589791360027
RPL8,41.67774304060505,94.4731811537164,-3.0504965774226327
RPL35,39.77853492333901,92.48285168109749,-3.052653191137449
RPS23,40.565737499297974,93.55673001236929,-3.065338013090588
EIF1,43.54699814665743,96.84021140222647,-3.0706367224038864
RPL19,41.242488346406574,94.4731811537164,-3.075874681389095
RPS16,41.18913454518224,94.56876194759923,-3.0841998031346445
CFL1,35.578561132223825,88.62026312830315,-3.086820907577179
JUNB,24.063500383772958,76.45339030698301,-3.094477549613996
DUSP1,18.692551060523805,70.76914427077476,-3.097542940806788
PLIN2,16.945916094127337,69.12178117620601,-3.1095135563849876
RPS6,40.838122695022186,94.8611267288879,-3.12061550919878
RPL26,39.3910178407623,93.7366468008546,-3.14364667824725
RPS11,38.26122769904712,93.1350500393568,-3.1767014459802665
SH3BGRL3,26.332440983207594,80.45091645114135,-3.1802625968253744
ELL2,21.668195518280697,75.59316316203756,-3.187210669785715
RPL27,36.26092816893498,91.45957494658721,-3.201928706282759
RPS14,39.189771046670536,94.6587203418419,-3.2056828880428876
RPL21,39.017541232192,94.6587203418419,-3.2157249764941325
MYL6,37.84937379485932,93.42179242100529,-3.2163579079200937
RPS3A,38.84905554411517,94.6924547396829,-3.2273890848117706
RPL9,38.66652938203194,94.55189474867873,-3.230363489936251
UBA52,36.4462624258195,92.55032047677949,-3.2506264243161214
RPL12,38.422225134320534,94.68120994040257,-3.251662557623514
RPL37,39.23095643708932,95.81693466771618,-3.266466049771545
BIRC3,4.767208940973847,59.046441021027775,-3.2699652053981474
TSC22D3,15.177752400921054,70.24063870459912,-3.273646176259474
RPL18A,37.99258662972462,94.70369953896322,-3.277940086275338
RPL36,37.61817398955389,94.5069155515574,-3.289035477543677
PFN1,28.494673980193568,84.77454177442932,-3.2900591920761366
RPL32,38.36138308029279,95.36714269650287,-3.2926299993091765
RPL38,36.357339423778946,93.2531204318003,-3.2941513261004154
RPL35A,37.00226519647303,94.04025638142359,-3.299489014174255
TPT1,41.09927551154127,98.58315529067806,-3.308437963942483
FAU,37.59009304154108,94.90610592600922,-3.312449967195788
RPS12,37.789467772432,95.3109187001012,-3.3229090719269787
RPL34,37.948593144504564,95.50770268750702,-3.3243662912226952
RPL36AL,33.53801224329334,90.82424378724839,-3.326032466052722
RPS15A,34.883089653106694,92.71337006634431,-3.3506642019872195
TMSB10,36.01568788962315,94.16394917350726,-3.3637605790008336
RPL29,34.16234532077803,92.60092207354099,-3.3865537386360693
RPS27,38.312709437070595,97.11570898459463,-3.390858218932892
RPL39,36.60538779789206,95.45710109074554,-3.399923176623268
JUND,25.981429133047534,84.36972900033734,-3.4145133626247195
RPS13,34.4263062320984,93.75351399977511,-3.434040956236467
PNRC1,26.2350936967632,86.33194647475543,-3.506768749759207
RPS26,30.227268472583635,90.73990779264591,-3.514468970558167
RPS29,33.51461145328266,94.7093219386034,-3.539341107030562
RPS25,32.59262032686224,94.24828516810975,-3.567947902312013
IFITM2,12.525974876911844,74.91847520521759,-3.683453483475331
RPS10,27.54928206376247,91.88687731923986,-3.733183619321937
SRGN,4.596851189696164,70.14505791071629,-3.885365439810654
ZFP36,19.223280977965814,86.8210952434499,-3.9422865471613058
TNFAIP3,12.058895108298856,81.2436748004048,-4.0557483414435165
NFKBIA,22.94587865286332,93.35994602496346,-4.081952087107536
TMSB4X,19.34590111762173,92.23546609693017,-4.230509361796574
