Gene,NCTId,Overall_Status,Conditions,Phase,Phase_Score,Status_Score,Cancer_Score,Modality_Score,Total_Score,EARLY_PHASE1,N/A,NA,PHASE1,PHASE2,PHASE3,PHASE4
A2M,NCT05896761,COMPLETED,Human Immunodeficiency Virus Type 1 (HIV-1),PHASE3,5,3,0,16,24,0.0,0.0,2.0,1.0,0.0,1.0,0.0
AAAS,NCT00803075,COMPLETED,"Aortic Aneurysm, Abdominal",PHASE4,6,3,0,16,25,1.0,0.0,10.0,1.0,6.0,0.0,3.0
ABAT,NCT04321395,COMPLETED,"NAFLD, Obesity",PHASE2,4,3,0,16,23,0.0,0.0,1.0,0.0,2.0,0.0,0.0
ABCA1,NCT04776889,COMPLETED,Prostate Cancer Metastatic,PHASE4,6,3,10,16,35,0.0,0.0,4.0,0.0,1.0,1.0,2.0
ABCA2,NCT04607304,COMPLETED,Gastroparesis,NA,0,3,0,16,19,0.0,0.0,1.0,0.0,0.0,0.0,0.0
ABCA7,NCT05597124,RECRUITING,"Aging, Alzheimer Disease, Healthy Aging, Cognitive Change",PHASE2,4,2,0,16,22,0.0,0.0,2.0,0.0,1.0,0.0,0.0
ABCB1,NCT02743260,COMPLETED,Healthy,PHASE4,6,3,0,16,25,0.0,0.0,13.0,57.0,16.0,3.0,10.0
ABCB4,NCT02859415,TERMINATED,"Esophageal Neoplasms, Lung Neoplasms, Mesothelioma, Thymus Neoplasms, Neoplasms, Germ Cell and Embryonal",PHASE1,3,0,10,16,29,0.0,0.0,0.0,1.0,0.0,0.0,0.0
ABCD1,NCT05003648,RECRUITING,"Adrenoleukodystrophy, Restless Legs Syndrome",PHASE4,6,2,0,16,24,0.0,0.0,8.0,8.0,13.0,4.0,1.0
ABCE1,NCT01561664,COMPLETED,"Obesity, Insulin Resistance",NA,0,3,0,16,19,0.0,0.0,1.0,0.0,0.0,0.0,0.0
ABCG1,NCT03231033,COMPLETED,Autoimmune Pulmonary Alveolar Proteinosis,PHASE1,3,3,0,16,22,0.0,0.0,2.0,1.0,0.0,0.0,0.0
ABL1,NCT03332511,COMPLETED,"Chronic Myeloid Leukemia, Chronic Phase",PHASE4,6,3,10,16,35,0.0,0.0,8.0,76.0,125.0,27.0,7.0
ABL2,NCT04357613,UNKNOWN,SARS Virus,PHASE2,4,1,0,16,21,0.0,0.0,0.0,0.0,2.0,0.0,0.0
ABR,NCT04396639,COMPLETED,Hemophilia A,PHASE4,6,3,0,16,25,0.0,0.0,17.0,3.0,5.0,2.0,5.0
ABRACL,NCT04162717,COMPLETED,"Cancer, Self Efficacy",NA,0,3,10,16,29,0.0,0.0,2.0,0.0,0.0,0.0,0.0
ACACA,NCT02498002,COMPLETED,"Obesity, Type 2 Diabetes",NA,0,3,0,16,19,0.0,0.0,1.0,0.0,0.0,0.0,0.0
ACADM,NCT06773026,RECRUITING,Medium-chain Acyl-CoA Dehydrogenase Deficiency,PHASE2,4,2,0,16,22,0.0,0.0,4.0,1.0,3.0,0.0,0.0
ACADVL,NCT00983788,COMPLETED,"Carnitine Palmitoyltransferase II Deficiency, Very Long Chain Acyl Coa Dehydrogenase Deficiency",PHASE2,4,3,0,16,23,0.0,0.0,2.0,0.0,1.0,0.0,0.0
ACAT1,NCT05304546,NOT_YET_RECRUITING,"Malignant Melanoma, Metastatic Melanoma, Immunotherapy, BRAF V600E, Malignant Melanoma Stage IV",PHASE2,4,2,10,16,32,0.0,0.0,0.0,0.0,1.0,0.0,0.0
ACCS,NCT02860936,COMPLETED,Adenoid Cystic Carcinomas of the Salivary Glands,PHASE2,4,3,10,16,33,0.0,0.0,2.0,1.0,1.0,0.0,0.0
ACD,NCT06011603,COMPLETED,"Allergic Reaction, Wound Complication",PHASE4,6,3,0,16,25,1.0,0.0,38.0,3.0,9.0,8.0,5.0
ACLY,NCT06381947,NOT_YET_RECRUITING,"Dyslipidemias, Statin Adverse Reaction, Cardiovascular Diseases, Lipid Metabolism Disorders",PHASE4,6,2,0,16,24,0.0,0.0,0.0,0.0,1.0,0.0,1.0
ACO2,NCT04761237,COMPLETED,"Jugular Veins, Radial Artery, Carbon Dioxide",NA,0,3,0,16,19,0.0,0.0,6.0,0.0,0.0,0.0,0.0
ACP5,NCT06018467,RECRUITING,"Osteopenia, Osteoporosis",PHASE2,4,2,0,16,22,0.0,0.0,6.0,1.0,2.0,0.0,0.0
ACSM3,NCT05777265,COMPLETED,Healthy Women,NA,0,3,0,16,19,0.0,0.0,1.0,0.0,0.0,0.0,0.0
ACSS2,NCT04990739,UNKNOWN,Advanced Solid Tumor,PHASE1,3,1,10,16,30,0.0,0.0,0.0,1.0,0.0,0.0,0.0
ACTA2,NCT05401500,UNKNOWN,Familial Aortopathies,NA,0,1,0,16,17,0.0,0.0,1.0,0.0,0.0,0.0,0.0
ACTN1,NCT04456608,TERMINATED,Platelet Function,PHASE4,6,0,0,16,22,0.0,0.0,0.0,0.0,0.0,0.0,1.0
ACTN4,NCT06261879,RECRUITING,"Cervical Cancer, CIN",NA,0,2,10,16,28,0.0,0.0,1.0,0.0,0.0,0.0,0.0
ACVR1,NCT03429218,COMPLETED,Advanced Solid Tumors,PHASE1,3,3,10,16,32,0.0,0.0,0.0,1.0,0.0,0.0,0.0
ADA,NCT01563120,COMPLETED,Gestational Diabetes Mellitus,PHASE4,6,3,0,16,25,0.0,0.0,27.0,28.0,12.0,15.0,12.0
ADAL,NCT05300620,COMPLETED,Healthy,NA,0,3,0,16,19,0.0,0.0,2.0,0.0,0.0,0.0,0.0
ADAM10,NCT00312780,COMPLETED,"Albuminuria, Diabetic Nephropathy",PHASE2,4,3,0,16,23,0.0,0.0,1.0,1.0,1.0,0.0,0.0
ADAM12,NCT04554771,ACTIVE_NOT_RECRUITING,"Esophageal Adenocarcinoma, Oesophageal Adenocarcinoma, Resectable Carcinoma",PHASE2,4,2,10,16,32,0.0,0.0,0.0,0.0,1.0,0.0,0.0
ADAM17,NCT01223196,COMPLETED,Type 2 Diabetes,PHASE4,6,3,0,16,25,0.0,0.0,2.0,2.0,1.0,0.0,1.0
ADAM22,NCT06584045,NOT_YET_RECRUITING,"Encephalitis, Encephalitis, Viral, Autoimmune Encephalitis Caused by N-Methyl D-Aspartate Receptor Antibody, Autoimmune Encephalitis",NA,0,2,0,16,18,0.0,0.0,1.0,0.0,0.0,0.0,0.0
ADAM23,NCT06584045,NOT_YET_RECRUITING,"Encephalitis, Encephalitis, Viral, Autoimmune Encephalitis Caused by N-Methyl D-Aspartate Receptor Antibody, Autoimmune Encephalitis",NA,0,2,0,16,18,0.0,0.0,1.0,0.0,0.0,0.0,0.0
ADAM9,NCT06723236,NOT_YET_RECRUITING,"Advanced Solid Tumors, NSCLC Adenocarcinoma, Cholangiocarcinoma, Pancreatic Carcinoma",PHASE1,3,2,10,16,31,0.0,0.0,0.0,1.0,0.0,0.0,0.0
ADAMTS4,NCT06606561,NOT_YET_RECRUITING,Knee Osteoarthritis,PHASE1,3,2,0,16,21,0.0,0.0,0.0,1.0,0.0,0.0,0.0
ADAMTS7,NCT06606561,NOT_YET_RECRUITING,Knee Osteoarthritis,PHASE1,3,2,0,16,21,0.0,0.0,0.0,1.0,0.0,0.0,0.0
ADAR,NCT06184750,RECRUITING,"Breast Carcinoma, Breast Ductal Carcinoma In Situ, Breast Lobular Carcinoma In Situ, Estrogen Receptor-Positive Breast Carcinoma",PHASE2,4,2,10,16,32,0.0,0.0,0.0,1.0,1.0,0.0,0.0
ADCY3,NCT05938335,NOT_YET_RECRUITING,"Obesity, Child",NA,0,2,0,16,18,0.0,0.0,1.0,0.0,0.0,0.0,0.0
ADCY6,NCT03360448,WITHDRAWN,Heart Failure,PHASE3,5,0,0,16,21,0.0,0.0,0.0,0.0,0.0,1.0,0.0
ADD1,NCT05503043,UNKNOWN,Organ Protection,NA,0,1,0,16,17,0.0,0.0,1.0,0.0,0.0,0.0,0.0
ADH5,NCT03926741,COMPLETED,"Asthma, Healthy Volunteers",EARLY_PHASE1,2,3,0,16,21,1.0,0.0,0.0,0.0,0.0,0.0,0.0
ADIPOR1,NCT02261545,UNKNOWN,Diabetes Mellitus Type II,PHASE4,6,1,0,16,23,0.0,0.0,0.0,0.0,0.0,0.0,1.0
ADIPOR2,NCT02261545,UNKNOWN,Diabetes Mellitus Type II,PHASE4,6,1,0,16,23,0.0,0.0,0.0,0.0,0.0,0.0,1.0
ADK,NCT02158481,COMPLETED,"Vascular Diseases, Impaired Glucose Tolerance",NA,0,3,0,16,19,0.0,0.0,1.0,0.0,0.0,0.0,0.0
ADM,NCT00249366,COMPLETED,Alcohol Withdrawal Syndrome,PHASE4,6,3,0,16,25,3.0,0.0,392.0,45.0,79.0,50.0,48.0
ADNP,NCT04388774,COMPLETED,ADNP Syndrome,PHASE1,3,3,0,16,22,0.0,0.0,0.0,1.0,0.0,0.0,0.0
ADO,NCT00781404,COMPLETED,Acute Myocardial Infarction,PHASE3,5,3,0,16,24,1.0,0.0,16.0,12.0,14.0,4.0,0.0
ADRB2,NCT01108627,WITHDRAWN,Safety of Long Acting Beta Agnoists,PHASE4,6,0,0,16,22,0.0,0.0,4.0,2.0,3.0,1.0,1.0
ADRM1,NCT01878357,COMPLETED,Malaria,PHASE4,6,3,0,16,25,0.0,0.0,7.0,5.0,4.0,1.0,2.0
ADSL,NCT03776656,COMPLETED,Adenylosuccinate Lyase Deficiency,PHASE2,4,3,0,16,23,0.0,0.0,1.0,0.0,1.0,0.0,0.0
AGA,NCT01199874,COMPLETED,Rotavirus Gastroenteritis,PHASE4,6,3,0,16,25,2.0,0.0,95.0,18.0,31.0,19.0,19.0
AGER,NCT03644212,COMPLETED,"Polycystic Ovary Syndrome, Vitamin D Deficiency",PHASE4,6,3,0,16,25,0.0,0.0,7.0,2.0,0.0,1.0,3.0
AGK,NCT01596465,COMPLETED,Heart Murmur,NA,0,3,0,16,19,0.0,0.0,1.0,0.0,0.0,0.0,0.0
AGL,NCT03642860,COMPLETED,"Tarui Disease, Debrancher Deficiency, GYG1 DEFICIENCY",PHASE2,4,3,0,16,23,0.0,0.0,0.0,0.0,1.0,0.0,0.0
AGPAT2,NCT02056912,COMPLETED,Lipodystrophy,NA,0,3,0,16,19,0.0,0.0,1.0,0.0,0.0,0.0,0.0
AGPS,NCT06529276,COMPLETED,Augmented Reality,NA,0,3,0,16,19,0.0,0.0,2.0,0.0,0.0,0.0,0.0
AHR,NCT00546520,COMPLETED,Asthma,PHASE3,5,3,0,16,24,1.0,0.0,11.0,7.0,4.0,1.0,0.0
AIDA,NCT00465933,COMPLETED,Acute Promyelocytic Leukemia,PHASE4,6,3,10,16,35,0.0,0.0,9.0,0.0,2.0,2.0,2.0
AIM2,NCT02127125,COMPLETED,Insulin Sensitivity,PHASE2,4,3,0,16,23,0.0,0.0,7.0,3.0,2.0,0.0,0.0
AIP,NCT06468709,RECRUITING,Type 1 AIP,PHASE4,6,2,0,16,24,0.0,0.0,10.0,5.0,1.0,0.0,1.0
AK2,NCT03252717,UNKNOWN,Breast Cancer,NA,0,1,10,16,27,0.0,0.0,1.0,0.0,0.0,0.0,0.0
AKAP9,NCT02722473,COMPLETED,"Cardiac Arrest, Hypothermia, Critical Care",PHASE3,5,3,0,16,24,0.0,0.0,0.0,0.0,0.0,3.0,0.0
AKR1B1,NCT00000159,COMPLETED,"Diabetic Retinopathy, Diabetes Mellitus",PHASE3,5,3,0,16,24,1.0,0.0,4.0,2.0,5.0,4.0,0.0
AKR1C3,NCT03770325,COMPLETED,Cardiovascular Risk Factor,PHASE2,4,3,0,16,23,0.0,0.0,1.0,3.0,4.0,0.0,0.0
AKT1,NCT01206764,COMPLETED,Renal Cell Carcinoma,PHASE4,6,3,10,16,35,1.0,0.0,16.0,23.0,25.0,4.0,1.0
AKT2,NCT00075400,COMPLETED,"Recurrent Uterine Sarcoma, Uterine Carcinosarcoma",PHASE2,4,3,10,16,33,0.0,0.0,0.0,0.0,2.0,0.0,0.0
AKTIP,NCT04124354,TERMINATED,PreDiabetes,NA,0,0,0,16,16,0.0,0.0,1.0,0.0,0.0,0.0,0.0
ALDH1A1,NCT01190345,COMPLETED,Breast Cancer,PHASE2,4,3,10,16,33,0.0,0.0,0.0,0.0,3.0,0.0,0.0
ALDH2,NCT00343278,COMPLETED,Virus Diseases,PHASE4,6,3,0,16,25,1.0,0.0,2.0,1.0,2.0,0.0,1.0
ALDH3A2,NCT02402309,COMPLETED,Sjögren-Larsson Syndrome,PHASE2,4,3,0,16,23,0.0,0.0,0.0,1.0,1.0,0.0,0.0
ALG1,NCT04812405,COMPLETED,Healthy Patients,NA,0,3,0,16,19,0.0,0.0,1.0,0.0,0.0,0.0,0.0
ALPK1,NCT06244992,RECRUITING,Locally Advanced or Metastatic Solid Tumors,PHASE1,3,2,10,16,31,0.0,0.0,0.0,2.0,0.0,0.0,0.0
AMD1,NCT06573216,COMPLETED,Blood Pressure,NA,0,3,0,16,19,0.0,0.0,1.0,0.0,0.0,0.0,0.0
AMPD2,NCT00513110,COMPLETED,Endotoxemia,PHASE1,3,3,0,16,22,0.0,0.0,1.0,1.0,0.0,0.0,0.0
AMPD3,NCT00513110,COMPLETED,Endotoxemia,PHASE1,3,3,0,16,22,0.0,0.0,0.0,1.0,0.0,0.0,0.0
AMT,NCT04022811,COMPLETED,"Pterygium, Pain",PHASE4,6,3,0,16,25,1.0,0.0,34.0,5.0,11.0,1.0,4.0
ANG,NCT02832973,COMPLETED,Hypertension Resistant to Conventional Therapy,PHASE4,6,3,0,16,25,3.0,0.0,59.0,19.0,37.0,18.0,26.0
ANGPT1,NCT01623869,COMPLETED,"Adult Angiosarcoma, Recurrent Adult Soft Tissue Sarcoma, Stage III Adult Soft Tissue Sarcoma, Stage IV Adult Soft Tissue Sarcoma",PHASE2,4,3,10,16,33,0.0,0.0,0.0,0.0,1.0,0.0,0.0
ANGPT2,NCT02686177,COMPLETED,Type 2 Diabetes,PHASE4,6,3,0,16,25,0.0,0.0,1.0,1.0,2.0,0.0,1.0
ANXA1,NCT03019653,COMPLETED,"Heart Failure, Cardiorenal Disease, Renal Disfunction",PHASE1,3,3,0,16,22,0.0,0.0,2.0,1.0,0.0,0.0,0.0
ANXA2,NCT03031925,COMPLETED,"Systemic Lupus Erythematosus (SLE), Lupus Nephritis",NA,0,3,0,16,19,0.0,0.0,3.0,0.0,0.0,0.0,0.0
AP4M1,NCT06692712,NOT_YET_RECRUITING,Hereditary Spastic Paraplegia Type 50,PHASE3,5,2,0,16,23,0.0,0.0,0.0,2.0,0.0,1.0,0.0
APAF1,NCT06220929,NOT_YET_RECRUITING,"Sepsis, Liver Dysfunction",PHASE4,6,2,0,16,24,0.0,0.0,1.0,0.0,0.0,0.0,1.0
APC,NCT00725244,COMPLETED,"Radiation Injuries, Telangiectasis",PHASE4,6,3,0,16,25,1.0,0.0,82.0,9.0,33.0,10.0,11.0
APCDD1,NCT01882660,TERMINATED,Colon Cancer,NA,0,0,10,16,26,0.0,0.0,1.0,0.0,0.0,0.0,0.0
APEX1,NCT03510390,COMPLETED,"Head and Neck Cancer, Oral Cavity Squamous Cell Carcinoma",NA,0,3,10,16,29,0.0,0.0,2.0,0.0,0.0,0.0,0.0
APOBEC3B,NCT03989089,ACTIVE_NOT_RECRUITING,HER2-Negative Breast Cancer,PHASE2,4,2,10,16,32,0.0,0.0,0.0,0.0,1.0,0.0,0.0
APOBEC3G,NCT00598169,COMPLETED,Lymphoma,PHASE1,3,3,10,16,32,0.0,0.0,0.0,1.0,0.0,0.0,0.0
APOC1,NCT02816099,COMPLETED,diabète de Type 1,NA,0,3,0,16,19,0.0,0.0,1.0,0.0,0.0,0.0,0.0
APOE,NCT04117178,COMPLETED,"Dementia, Dementia With Lewy Bodies, Dementia in Parkinsons Disease, Dementia Alzheimers, Alzheimer Disease",PHASE4,6,3,0,16,25,0.0,0.0,69.0,11.0,16.0,9.0,2.0
APOL1,NCT06110130,RECRUITING,Chronic Kidney Diseases,PHASE4,6,2,0,16,24,0.0,0.0,7.0,1.0,4.0,1.0,1.0
APOM,NCT05472883,RECRUITING,Type 2 Diabetes,NA,0,2,0,16,18,0.0,0.0,1.0,0.0,0.0,0.0,0.0
APP,NCT02267057,COMPLETED,"Depression, Pain, Dementia",PHASE4,6,3,0,16,25,10.0,0.0,489.0,19.0,27.0,14.0,6.0
APRT,NCT02752633,COMPLETED,Adenine Phosphoribosyltransferase Deficiency,PHASE4,6,3,0,16,25,0.0,0.0,1.0,0.0,0.0,0.0,1.0
APTX,NCT01361464,COMPLETED,"Adult Acute Megakaryoblastic Leukemia, Adult Acute Monoblastic Leukemia, Adult Acute Monocytic Leukemia, Adult Acute Myeloid Leukemia With Inv(16)(p13.1q22); CBFB-MYH11, Adult Acute Myeloid Leukemia With Maturation, Adult Acute Myeloid Leukemia With Minimal Differentiation, Adult Acute Myeloid Leukemia With t(16;16)(p13.1;q22); CBFB-MYH11, Adult Acute Myeloid Leukemia With t(8;21)(q22;q22); RUNX1-RUNX1T1, Adult Acute Myeloid Leukemia With t(9;11)(p22;q23); MLLT3-MLL, Adult Acute Myeloid Leukemia Without Maturation, Adult Acute Myelomonocytic Leukemia, Adult Erythroleukemia, Adult Pure Erythroid Leukemia, Alkylating Agent-Related Acute Myeloid Leukemia, Secondary Acute Myeloid Leukemia, Untreated Adult Acute Myeloid Leukemia",PHASE2,4,3,10,16,33,0.0,0.0,0.0,0.0,1.0,0.0,0.0
AR,NCT01523366,COMPLETED,Stable Coronary Artery Disease,PHASE4,6,3,0,16,25,8.0,0.0,304.0,120.0,160.0,101.0,80.0
ARF6,NCT04057547,UNKNOWN,Ulcerative Colitis,EARLY_PHASE1,2,1,0,16,19,2.0,0.0,0.0,0.0,0.0,0.0,0.0
ARID1A,NCT05523440,RECRUITING,"Recurrent Endometrial Carcinoma, Recurrent Ovarian Carcinoma, ARID1A Gene Mutation",PHASE2,4,2,10,16,32,1.0,0.0,0.0,7.0,15.0,0.0,0.0
ARID4B,NCT02684565,COMPLETED,Prediabetic State,NA,0,3,0,16,19,0.0,0.0,3.0,0.0,0.0,0.0,0.0
ARNT,NCT05534802,COMPLETED,Pharmacological Action,NA,0,3,0,16,19,0.0,0.0,1.0,0.0,0.0,0.0,0.0
ARSA,NCT04283227,ACTIVE_NOT_RECRUITING,"Lysosomal Storage Diseases, Metachromatic Leukodystrophy",PHASE3,5,2,0,16,23,0.0,0.0,2.0,6.0,3.0,1.0,0.0
ARSB,NCT03173521,COMPLETED,Mucopolysaccharidosis Type VI,PHASE1,3,3,0,16,22,0.0,0.0,0.0,1.0,0.0,0.0,0.0
ARSD,NCT04438980,COMPLETED,Covid-19 Pneumonia,PHASE3,5,3,0,16,24,0.0,0.0,0.0,0.0,0.0,1.0,0.0
ASAH1,NCT05032118,WITHDRAWN,"Subarachnoid Hemorrhage, Aneurysmal",PHASE2,4,0,0,16,20,0.0,0.0,1.0,1.0,1.0,0.0,0.0
ASCL2,NCT01882660,TERMINATED,Colon Cancer,NA,0,0,10,16,26,0.0,0.0,1.0,0.0,0.0,0.0,0.0
ASL,NCT02275364,COMPLETED,Nasal Congestion,PHASE4,6,3,0,16,25,1.0,0.0,90.0,14.0,10.0,1.0,4.0
ASNS,NCT02195180,COMPLETED,Pancreatic Adenocarcinoma Metastatic,PHASE2,4,3,10,16,33,0.0,0.0,0.0,0.0,1.0,0.0,0.0
ASPH,NCT04217720,WITHDRAWN,"Myelodysplastic Syndromes, Chronic Myelomonocytic Leukemia (CMML)",PHASE2,4,0,10,16,30,0.0,0.0,1.0,2.0,1.0,0.0,0.0
ASXL1,NCT04588922,RECRUITING,Hematologic Malignancies,PHASE1,3,2,0,16,21,0.0,0.0,2.0,1.0,0.0,0.0,0.0
ATAD1,NCT03773536,COMPLETED,Plasmodium Falciparum Malaria,PHASE4,6,3,0,16,25,0.0,0.0,0.0,7.0,0.0,2.0,1.0
ATF1,NCT03132155,TERMINATED,Clear Cell Sarcoma,PHASE2,4,0,10,16,30,0.0,0.0,0.0,0.0,1.0,0.0,0.0
ATF3,NCT03965689,ACTIVE_NOT_RECRUITING,"Metastatic Lung Non-Small Cell Squamous Carcinoma, Metastatic Lung Non-Squamous Non-Small Cell Carcinoma, Stage IIIB Lung Cancer AJCC v8, Stage IV Lung Cancer AJCC v8, Stage IVA Lung Cancer AJCC v8, Stage IVB Lung Cancer AJCC v8, Unresectable Lung Non-Small Cell Carcinoma, Unresectable Lung Non-Squamous Non-Small Cell Carcinoma",PHASE2,4,2,10,16,32,0.0,0.0,0.0,0.0,1.0,0.0,0.0
ATF4,NCT02344186,UNKNOWN,Type 2 Diabetes,PHASE4,6,1,0,16,23,0.0,0.0,1.0,0.0,1.0,0.0,1.0
ATF6,NCT04041232,NOT_YET_RECRUITING,"ACHROMATOPSIA 7, Achromatopsia",EARLY_PHASE1,2,2,0,16,20,1.0,0.0,0.0,0.0,0.0,0.0,0.0
ATG10,NCT06030895,COMPLETED,Hepatocellular Carcinoma,NA,0,3,10,16,29,0.0,0.0,1.0,0.0,0.0,0.0,0.0
ATG16L1,NCT05842564,NOT_YET_RECRUITING,"Crohn Disease, Pediatric Crohns Disease",NA,0,2,0,16,18,0.0,0.0,1.0,0.0,0.0,0.0,0.0
ATG3,NCT06341465,NOT_YET_RECRUITING,"Scoliosis, Scoliosis Idiopathic, Musculoskeletal Deformity",NA,0,2,0,16,18,0.0,0.0,1.0,0.0,0.0,0.0,0.0
ATG5,NCT01748500,COMPLETED,Prostate Cancer,PHASE2,4,3,10,16,33,0.0,0.0,1.0,0.0,1.0,0.0,0.0
ATG7,NCT02936999,TERMINATED,Breast Cancer,EARLY_PHASE1,2,0,10,16,28,1.0,0.0,0.0,0.0,0.0,0.0,0.0
ATIC,NCT00384618,TERMINATED,Chronic Kidney Disease,PHASE4,6,0,0,16,22,1.0,0.0,1.0,0.0,1.0,0.0,1.0
ATM,NCT00465855,COMPLETED,Carbon Monoxide Poisoning,PHASE4,6,3,0,16,25,2.0,0.0,64.0,56.0,65.0,15.0,4.0
ATN1,NCT06706388,ACTIVE_NOT_RECRUITING,Dentatorubral-Pallidoluysian Atrophy,PHASE1,3,2,0,16,21,0.0,0.0,0.0,1.0,0.0,0.0,0.0
ATP1B1,NCT06383884,RECRUITING,"Solid Tumor, Adult",PHASE2,4,2,10,16,32,0.0,0.0,0.0,0.0,1.0,0.0,0.0
ATP2A2,NCT05230901,RECRUITING,"Aortic Stenosis, Severe",PHASE3,5,2,0,16,23,0.0,0.0,1.0,1.0,0.0,1.0,0.0
ATP2B1,NCT01363102,UNKNOWN,"Muscle Weakness, Critical Illness, Respiratory Insufficiency",NA,0,1,0,16,17,0.0,0.0,1.0,0.0,0.0,0.0,0.0
ATP2C1,NCT02782702,COMPLETED,"Hailey-Hailey Disease, Darier Disease",PHASE1,3,3,0,16,22,0.0,0.0,0.0,1.0,0.0,0.0,0.0
ATP7A,NCT00001262,COMPLETED,Kinky Hair Syndrome,PHASE1,3,3,0,16,22,0.0,0.0,2.0,1.0,0.0,0.0,0.0
ATR,NCT01082237,COMPLETED,Major Depressive Disorder,PHASE4,6,3,0,16,25,0.0,0.0,27.0,28.0,23.0,2.0,5.0
ATRX,NCT03893903,ACTIVE_NOT_RECRUITING,Malignant Glioma,PHASE1,3,2,10,16,31,1.0,0.0,2.0,1.0,0.0,0.0,0.0
ATXN2,NCT06672445,RECRUITING,Spinocerebellar Ataxia Type 2,PHASE1,3,2,0,16,21,0.0,0.0,0.0,2.0,0.0,0.0,0.0
AUH,NCT06150144,RECRUITING,"Basal Cell Carcinoma, BCC",PHASE3,5,2,10,16,33,0.0,0.0,6.0,0.0,0.0,1.0,0.0
AURKA,NCT01316692,TERMINATED,"Recurrent Melanoma, Stage IIIc Melanoma, Stage IV Melanoma",PHASE2,4,0,10,16,30,1.0,0.0,1.0,4.0,1.0,0.0,0.0
AVEN,NCT01881152,COMPLETED,Acute Stroke,NA,0,3,0,16,19,0.0,0.0,2.0,0.0,0.0,0.0,0.0
AVIL,NCT02477787,TERMINATED,Acute Myelogenous Leukemia,PHASE2,4,0,10,16,30,0.0,0.0,0.0,0.0,1.0,0.0,0.0
AXIN1,NCT06005974,ACTIVE_NOT_RECRUITING,"AXIN1 Gene Mutation, APC Gene Mutation, Solid Tumor",PHASE2,4,2,10,16,32,0.0,0.0,0.0,0.0,1.0,0.0,0.0
AXIN2,NCT01882660,TERMINATED,Colon Cancer,NA,0,0,10,16,26,0.0,0.0,1.0,0.0,0.0,0.0,0.0
B2M,NCT03965689,ACTIVE_NOT_RECRUITING,"Metastatic Lung Non-Small Cell Squamous Carcinoma, Metastatic Lung Non-Squamous Non-Small Cell Carcinoma, Stage IIIB Lung Cancer AJCC v8, Stage IV Lung Cancer AJCC v8, Stage IVA Lung Cancer AJCC v8, Stage IVB Lung Cancer AJCC v8, Unresectable Lung Non-Small Cell Carcinoma, Unresectable Lung Non-Squamous Non-Small Cell Carcinoma",PHASE2,4,2,10,16,32,0.0,0.0,6.0,1.0,2.0,0.0,0.0
BACE1,NCT02868905,UNKNOWN,"Obesity, Alzheimer's Disease",NA,0,1,0,16,17,0.0,0.0,1.0,0.0,0.0,0.0,0.0
BACH1,NCT06155604,RECRUITING,"Lupus Nephritis, Chronic Kidney Diseases",PHASE2,4,2,0,16,22,0.0,0.0,0.0,0.0,1.0,0.0,0.0
BACH2,NCT06155604,RECRUITING,"Lupus Nephritis, Chronic Kidney Diseases",PHASE2,4,2,0,16,22,0.0,0.0,0.0,0.0,1.0,0.0,0.0
BAD,NCT00420927,COMPLETED,Rheumatoid Arthritis,PHASE4,6,3,0,16,25,0.0,0.0,38.0,19.0,37.0,4.0,10.0
BAG1,NCT02430116,UNKNOWN,"Ischemia-reperfusion(I/R), Cardiopulmonarybypass, the Mitochondrial Pathway, Ischemic Postconditioning",NA,0,1,0,16,17,0.0,0.0,1.0,0.0,0.0,0.0,0.0
BAG3,NCT03693781,COMPLETED,Amyotrophic Lateral Sclerosis,PHASE2,4,3,0,16,23,0.0,0.0,1.0,0.0,1.0,0.0,0.0
BAG6,NCT02640573,TERMINATED,Hemoglobin SC Disease,PHASE2,4,0,0,16,20,0.0,0.0,0.0,0.0,1.0,0.0,0.0
BAMBI,NCT00272259,TERMINATED,Stroke,PHASE1,3,0,0,16,19,0.0,0.0,5.0,1.0,0.0,0.0,0.0
BAP1,NCT03531840,COMPLETED,Mesothelioma,PHASE2,4,3,0,16,23,0.0,0.0,1.0,0.0,7.0,0.0,0.0
BARD1,NCT04508803,COMPLETED,Treatment Efficacy,PHASE2,4,3,0,16,23,0.0,0.0,0.0,0.0,5.0,0.0,0.0
BAX,NCT02872818,COMPLETED,Apoptotic Signal Pathways in Endometrial Hyperplasia,PHASE4,6,3,0,16,25,0.0,0.0,6.0,16.0,10.0,11.0,2.0
BBS2,NCT03389763,COMPLETED,Endoscopic Sinus Surgery,NA,0,3,0,16,19,0.0,0.0,1.0,0.0,0.0,0.0,0.0
BCAN,NCT06689410,NOT_YET_RECRUITING,"Aneurysm, Brain Aneurysm, Congenital Disease",NA,0,2,0,16,18,0.0,0.0,1.0,0.0,0.0,0.0,0.0
BCKDHA,NCT01529060,COMPLETED,Maple Syrup Urine Disease,PHASE2,4,3,0,16,23,0.0,0.0,5.0,0.0,1.0,0.0,0.0
BCKDHB,NCT02684929,COMPLETED,Type 2 Diabetes Mellitus With Features of Insulin Resistance,NA,0,3,0,16,19,0.0,0.0,1.0,0.0,0.0,0.0,0.0
BCL10,NCT02388581,UNKNOWN,Gastric Diffuse Large B-cell Lymphoma,PHASE2,4,1,10,16,31,0.0,0.0,0.0,0.0,1.0,0.0,0.0
BCL11A,NCT06146478,COMPLETED,Transfusion-dependent Beta-Thalassemia,PHASE3,5,3,0,16,24,0.0,0.0,0.0,4.0,2.0,1.0,0.0
BCL2,NCT02872818,COMPLETED,Apoptotic Signal Pathways in Endometrial Hyperplasia,PHASE4,6,3,0,16,25,3.0,0.0,11.0,102.0,96.0,12.0,5.0
BCL2L1,NCT03412786,COMPLETED,Prostate Cancer,PHASE1,3,3,10,16,32,0.0,0.0,0.0,1.0,0.0,0.0,0.0
BCL2L11,NCT03617913,COMPLETED,"Bladder Carcinoma Infiltrating the Muscle of the Bladder Wall, Stage II Bladder Cancer AJCC v8, Stage II Renal Pelvis Cancer AJCC v8, Stage II Ureter Cancer AJCC v8, Stage II Urethral Cancer AJCC v8, Stage III Bladder Cancer AJCC v8, Stage III Renal Pelvis Cancer AJCC v8, Stage III Ureter Cancer AJCC v8, Stage III Urethral Cancer AJCC v8, Stage IIIA Bladder Cancer AJCC v8, Stage IIIB Bladder Cancer AJCC v8, Urethral Urothelial Carcinoma",PHASE2,4,3,10,16,33,0.0,0.0,0.0,3.0,1.0,0.0,0.0
BCL2L12,NCT03020017,COMPLETED,"Gliosarcoma, Recurrent Glioblastoma",EARLY_PHASE1,2,3,10,16,31,1.0,0.0,0.0,0.0,0.0,0.0,0.0
BCL6,NCT05164770,UNKNOWN,"High Grade B-Cell Lymphoma, Not Otherwise Specified, High Grade B-Cell Lymphoma With MYC and BCL2 and/or BCL6 Rearrangements, Diffuse Large B Cell Lymphoma, B-cell Non Hodgkin Lymphoma, Mantle Cell Lymphoma",PHASE3,5,1,10,16,32,0.0,0.0,1.0,2.0,5.0,1.0,0.0
BCR,NCT01243489,COMPLETED,Chronic Myelogenous Leukemia (CML),PHASE4,6,3,10,16,35,4.0,0.0,85.0,154.0,225.0,81.0,28.0
BDH1,NCT05924295,RECRUITING,Ketosis,NA,0,2,0,16,18,0.0,0.0,1.0,0.0,0.0,0.0,0.0
BDNF,NCT00812994,COMPLETED,Depression,PHASE4,6,3,0,16,25,7.0,0.0,243.0,15.0,25.0,12.0,19.0
BEGAIN,NCT02277847,UNKNOWN,Acute Myeloid Leukemia,PHASE4,6,1,10,16,33,0.0,0.0,0.0,0.0,0.0,0.0,1.0
BEST1,NCT00256984,COMPLETED,"Obstructive Defecation Syndrome, Chronic Constipation, Rectocele, Intussusception",PHASE4,6,3,0,16,25,0.0,0.0,2.0,1.0,3.0,1.0,1.0
BID,NCT00370838,COMPLETED,"Tic Disorders, Tourette Syndrome",PHASE4,6,3,0,16,25,5.0,0.0,20.0,29.0,66.0,26.0,23.0
BIK,NCT04542070,COMPLETED,HIV Infections,PHASE3,5,3,0,16,24,0.0,0.0,1.0,2.0,0.0,1.0,0.0
BIRC2,NCT03803774,TERMINATED,"Locally Recurrent Head and Neck Squamous Cell Carcinoma, Nasopharyngeal Squamous Cell Carcinoma, Sinonasal Squamous Cell Carcinoma",PHASE1,3,0,10,16,29,0.0,0.0,0.0,1.0,0.0,0.0,0.0
BIRC3,NCT04269083,UNKNOWN,Esophageal Cancer,NA,0,1,10,16,27,0.0,0.0,1.0,0.0,0.0,0.0,0.0
BIRC5,NCT02872818,COMPLETED,Apoptotic Signal Pathways in Endometrial Hyperplasia,PHASE4,6,3,0,16,25,3.0,0.0,2.0,45.0,13.0,0.0,1.0
BLM,NCT00969462,COMPLETED,Non-Hodgkin's Lymphoma,PHASE4,6,3,10,16,35,0.0,0.0,15.0,10.0,41.0,31.0,6.0
BLMH,NCT01558193,COMPLETED,Aggression,NA,0,3,0,16,19,0.0,0.0,1.0,0.0,0.0,0.0,0.0
BLNK,NCT06769061,NOT_YET_RECRUITING,"Gynaecological, Urological or Rectal Cancer, Chemotherapy-Induced Peripheral Neuropathy, Acupuncture",NA,0,2,10,16,28,0.0,0.0,1.0,0.0,0.0,0.0,0.0
BMF,NCT00545363,COMPLETED,Postmenopausal Osteoporosis,PHASE4,6,3,0,16,25,1.0,0.0,3.0,3.0,1.0,0.0,2.0
BMI1,NCT03345966,UNKNOWN,Oral Squamous Cell Carcinoma,NA,0,1,10,16,27,0.0,0.0,1.0,0.0,0.0,0.0,0.0
BMPR2,NCT06658522,NOT_YET_RECRUITING,"Pulmonary Arterial Hypertension PAH, Pulmonary Arterial Hypertension WHO Group I, Pulmonary Arterial Hypertension",PHASE4,6,2,0,16,24,0.0,0.0,2.0,0.0,2.0,0.0,1.0
BORA,NCT02808819,COMPLETED,Asthma,PHASE3,5,3,0,16,24,0.0,0.0,9.0,0.0,1.0,2.0,0.0
BRAF,NCT01739764,COMPLETED,Neoplasms,PHASE4,6,3,10,16,35,7.0,0.0,39.0,171.0,279.0,54.0,5.0
BRAP,NCT03531840,COMPLETED,Mesothelioma,PHASE2,4,3,0,16,23,0.0,0.0,1.0,0.0,1.0,0.0,0.0
BRCA1,NCT02476968,COMPLETED,BRCA or HRR+ Mutated Ovarian Cancer Patients,PHASE4,6,3,10,16,35,1.0,0.0,56.0,41.0,96.0,20.0,7.0
BRCA2,NCT02476968,COMPLETED,BRCA or HRR+ Mutated Ovarian Cancer Patients,PHASE4,6,3,10,16,35,0.0,0.0,28.0,20.0,45.0,7.0,3.0
BRD4,NCT04915300,NOT_YET_RECRUITING,Pulmonary Arterial Hypertension,PHASE2,4,2,0,16,22,1.0,0.0,0.0,6.0,1.0,0.0,0.0
BRIP1,NCT02952534,COMPLETED,Metastatic Castration Resistant Prostate Cancer,PHASE2,4,3,10,16,33,0.0,0.0,5.0,1.0,21.0,0.0,0.0
BSG,NCT05797597,RECRUITING,AERD - Aspirin Exacerbated Respiratory Disease,PHASE3,5,2,0,16,23,0.0,0.0,9.0,1.0,1.0,1.0,0.0
BST2,NCT02224599,TERMINATED,"Progressive Solid Malignancies, Refractory Solid Malignancies, Cancer",PHASE1,3,0,10,16,29,0.0,0.0,0.0,1.0,0.0,0.0,0.0
BTBD8,NCT01467648,COMPLETED,Ventilator-Associated Pneumonia,PHASE4,6,3,0,16,25,1.0,0.0,53.0,5.0,6.0,4.0,11.0
BTD,NCT04612582,UNKNOWN,Immunoglobulin Light-Chain Amyloidosis,PHASE4,6,1,0,16,23,0.0,0.0,2.0,0.0,1.0,0.0,1.0
C5,NCT02203162,COMPLETED,Cough,PHASE4,6,3,0,16,25,0.0,0.0,47.0,16.0,23.0,20.0,9.0
CA2,NCT02248233,COMPLETED,Cerebral Infarction,PHASE4,6,3,0,16,25,0.0,0.0,16.0,6.0,8.0,11.0,4.0
CACNA1A,NCT01543750,WITHDRAWN,Episodic Ataxia Type 2,PHASE2,4,0,0,16,20,0.0,0.0,0.0,0.0,1.0,0.0,0.0
CACNA1C,NCT02068404,UNKNOWN,Preterm Labor,PHASE4,6,1,0,16,23,1.0,0.0,3.0,0.0,0.0,0.0,1.0
CACNA1D,NCT05686993,COMPLETED,"Primary Aldosteronism, Endocrine Hypertension",NA,0,3,0,16,19,0.0,0.0,1.0,0.0,0.0,0.0,0.0
CAD,NCT00231738,COMPLETED,"Myocardial Infarction, Unstable Angina Pectoris, Sudden Cardiac Death, Stroke, Peripheral Artery Disease",PHASE4,6,3,0,16,25,2.0,0.0,93.0,9.0,9.0,17.0,23.0
CADM1,NCT03183700,UNKNOWN,Cervical Cancer,NA,0,1,10,16,27,0.0,0.0,1.0,0.0,0.0,0.0,0.0
CALR,NCT03232177,COMPLETED,Essential Thrombocythemia,PHASE4,6,3,0,16,25,1.0,0.0,7.0,11.0,8.0,5.0,2.0
CAP1,NCT00464308,COMPLETED,Gastro-oesophageal Reflux,PHASE4,6,3,0,16,25,0.0,0.0,5.0,7.0,2.0,1.0,1.0
CAPS,NCT02351960,COMPLETED,Gastroesophageal Reflux Disease,PHASE4,6,3,0,16,25,3.0,0.0,95.0,79.0,61.0,28.0,25.0
CARD8,NCT01535586,UNKNOWN,Obstructive Sleep Apnea,PHASE4,6,1,0,16,23,2.0,0.0,70.0,10.0,13.0,15.0,2.0
CARF,NCT02203643,ACTIVE_NOT_RECRUITING,MULTIPLE MYELOMA (MM),PHASE2,4,2,0,16,22,0.0,0.0,0.0,1.0,1.0,0.0,0.0
CARS2,NCT06359080,COMPLETED,Autism Spectrum Disorder,NA,0,3,0,16,19,0.0,0.0,2.0,0.0,0.0,0.0,0.0
CASK,NCT03673982,COMPLETED,Anorexia Nervosa,NA,0,3,0,16,19,0.0,0.0,1.0,0.0,0.0,0.0,0.0
CASP1,NCT00137111,COMPLETED,"Lymphoblastic Leukemia, Acute",PHASE3,5,3,10,16,34,0.0,0.0,3.0,0.0,1.0,1.0,0.0
CASP3,NCT06250517,RECRUITING,Lung Transplant Failure,NA,0,2,0,16,18,0.0,0.0,1.0,0.0,0.0,0.0,0.0
CASP8,NCT05417061,COMPLETED,"Periodontitis, Diagnose Disease",NA,0,3,0,16,19,0.0,0.0,3.0,0.0,0.0,0.0,0.0
CASP9,NCT00710892,ACTIVE_NOT_RECRUITING,"Acute Lymphoblastic Leukemia, Non-Hodgkin's Lymphoma, Myelodysplastic Syndrome, Chronic Myeloid Leukemia",PHASE1,3,2,10,16,31,0.0,0.0,0.0,4.0,0.0,0.0,0.0
CAST,NCT00610220,COMPLETED,Distal Radius Fractures,PHASE4,6,3,0,16,25,3.0,0.0,375.0,6.0,15.0,13.0,15.0
CAT,NCT01051466,COMPLETED,"Major Depressive Disorder, Healthy Participants",PHASE4,6,3,0,16,25,4.0,0.0,242.0,24.0,59.0,26.0,23.0
CAV1,NCT04776889,COMPLETED,Prostate Cancer Metastatic,PHASE4,6,3,10,16,35,0.0,0.0,5.0,2.0,3.0,0.0,1.0
CBFB,NCT06211452,COMPLETED,"AML, Pediatric AML",PHASE3,5,3,0,16,24,0.0,0.0,1.0,0.0,2.0,1.0,0.0
CBL,NCT00035880,COMPLETED,Graft Vs Host Disease,PHASE2,4,3,0,16,23,1.0,0.0,8.0,4.0,3.0,0.0,0.0
CBX3,NCT02150330,COMPLETED,"Dehydroepiandrosterone, DHEAS, Gene Expression of Cumulus Cells., Ovarian Hyper-stimulation Protocol., Artificial Reproduction Technology.",PHASE3,5,3,0,16,24,0.0,0.0,0.0,0.0,0.0,1.0,0.0
CCDC124,NCT03788668,UNKNOWN,Obstructive Sleep Apnea,NA,0,1,0,16,17,0.0,0.0,1.0,0.0,0.0,0.0,0.0
CCDC88B,NCT04959864,RECRUITING,Male Infertility,NA,0,2,0,16,18,0.0,0.0,1.0,0.0,0.0,0.0,0.0
CCL2,NCT03059966,COMPLETED,Gingival Recession,PHASE4,6,3,0,16,25,1.0,0.0,54.0,7.0,17.0,8.0,24.0
CCND1,NCT03356223,COMPLETED,"Head and Neck Cancer, Advanced Cancer, Metastatic Cancer",PHASE2,4,3,10,16,33,0.0,0.0,0.0,1.0,7.0,0.0,0.0
CCND2,NCT03310879,RECRUITING,Cancer,PHASE2,4,2,10,16,32,0.0,0.0,0.0,0.0,1.0,0.0,0.0
CCND3,NCT03310879,RECRUITING,Cancer,PHASE2,4,2,10,16,32,0.0,0.0,0.0,0.0,1.0,0.0,0.0
CCNE1,NCT03253679,COMPLETED,"Advanced Malignant Solid Neoplasm, Refractory Malignant Solid Neoplasm",PHASE2,4,3,10,16,33,0.0,0.0,0.0,11.0,3.0,0.0,0.0
CCS,NCT01917240,COMPLETED,Infertility,PHASE4,6,3,0,16,25,1.0,0.0,94.0,9.0,21.0,7.0,9.0
CD14,NCT01458652,COMPLETED,Loss of Solute Clearance,PHASE4,6,3,0,16,25,1.0,0.0,21.0,7.0,17.0,0.0,5.0
CD160,NCT03680794,UNKNOWN,"Diabetic Retinopathy, Retinal Vein Occlusion",NA,0,1,0,16,17,0.0,0.0,1.0,0.0,0.0,0.0,0.0
CD200,NCT06305910,RECRUITING,"Diffuse Midline Glioma, H3 K27M-Mutant, Recurrent High Grade Glioma",PHASE1,3,2,0,16,21,0.0,0.0,0.0,3.0,0.0,0.0,0.0
CD22,NCT05687032,ACTIVE_NOT_RECRUITING,Acute Lymphoblastic Leukemia,PHASE4,6,2,10,16,34,11.0,0.0,4.0,112.0,23.0,1.0,1.0
CD226,NCT05468866,UNKNOWN,Immune Thrombocytopenia,NA,0,1,0,16,17,0.0,0.0,1.0,0.0,0.0,0.0,0.0
CD276,NCT04743661,ACTIVE_NOT_RECRUITING,"Recurrent Medulloblastoma, Recurrent Ependymoma",PHASE2,4,2,0,16,22,4.0,0.0,2.0,7.0,1.0,0.0,0.0
CD37,NCT04136275,COMPLETED,"Hematologic Malignancy, Leukemia, Lymphoma, Lymphoma, B-Cell, Lymphoma, T-Cell, Lymphoma, Non-Hodgkin",PHASE1,3,3,10,16,32,0.0,0.0,0.0,3.0,0.0,0.0,0.0
CD40,NCT00982358,COMPLETED,"Hypertension, Type 2 Diabetes Mellitus, Coronary Artery Disease",PHASE4,6,3,0,16,25,1.0,0.0,8.0,55.0,20.0,2.0,5.0
CD44,NCT02078882,COMPLETED,Primary Biliary Cirrhosis,PHASE4,6,3,0,16,25,6.0,0.0,8.0,15.0,18.0,4.0,3.0
CD46,NCT06842498,NOT_YET_RECRUITING,Metastatic Castration-Resistant Prostate Cancer,PHASE2,4,2,10,16,32,0.0,0.0,2.0,3.0,1.0,0.0,0.0
CD47,NCT06814067,NOT_YET_RECRUITING,"Head and Neck Squamous Cell Carcinoma, Head and Neck Squamous Cell Carcinoma HNSCC",PHASE2,4,2,10,16,32,1.0,0.0,1.0,30.0,5.0,0.0,0.0
CD48,NCT05664568,RECRUITING,"Tuberculosis, Pulmonary",PHASE2,4,2,0,16,22,0.0,0.0,0.0,0.0,1.0,0.0,0.0
CD55,NCT04209634,COMPLETED,"CD55-deficient Protein-losing Enteropathy, CHAPLE",PHASE2,4,3,0,16,23,0.0,0.0,1.0,1.0,2.0,0.0,0.0
CD58,NCT01267643,TERMINATED,Aplastic Anemia,PHASE1,3,0,0,16,19,0.0,0.0,0.0,1.0,0.0,0.0,0.0
CD59,NCT02751255,COMPLETED,Multiple Myeloma,PHASE1,3,3,0,16,22,1.0,0.0,1.0,3.0,0.0,0.0,0.0
CD63,NCT05001529,UNKNOWN,Severe Asthma,PHASE4,6,1,0,16,23,0.0,0.0,2.0,0.0,2.0,1.0,1.0
CD68,NCT01765946,COMPLETED,"Insulin Resistance, Prediabetes, Aging, Inflammation",PHASE4,6,3,0,16,25,0.0,0.0,11.0,2.0,8.0,1.0,1.0
CD74,NCT06383884,RECRUITING,"Solid Tumor, Adult",PHASE2,4,2,10,16,32,0.0,0.0,1.0,6.0,3.0,0.0,0.0
CD81,NCT06773572,COMPLETED,"Infertility, Female, Reproductive Techniques, Assisted",NA,0,3,0,16,19,0.0,0.0,1.0,0.0,0.0,0.0,0.0
CD83,NCT00515983,COMPLETED,Melanoma,PHASE1,3,3,10,16,32,0.0,0.0,1.0,1.0,0.0,0.0,0.0
CD9,NCT02138331,UNKNOWN,Diabetes Mellitus Type 1,PHASE2,4,1,0,16,21,0.0,0.0,2.0,1.0,1.0,0.0,0.0
CD96,NCT04488939,COMPLETED,Decolletage Rejuvenation,PHASE4,6,3,0,16,25,2.0,0.0,271.0,13.0,17.0,5.0,8.0
CDC42,NCT04641442,ACTIVE_NOT_RECRUITING,"NLRC4-GOF, AIFEC (Autoinflammation With Infantile Enterocolitis), XIAP Deficiency, CDC42 Mutations",PHASE2,4,2,0,16,22,0.0,0.0,1.0,1.0,1.0,0.0,0.0
CDC7,NCT03096054,ACTIVE_NOT_RECRUITING,"A. Colorectal Cancer, B. High Grade Serous Ovarian Cancer, C. Non Small-cell Lung Cancer (squamous Cell Variant), D. Squamous Carcinoma of the Oesophagus, E. Squamous Carcinoma of the Head and Neck (HPV Negative), F. Urothelial Cancer, G. Breast Cancer (triple Negative Type), H. Pancreatic Cancer",PHASE1,3,2,10,16,31,0.0,0.0,0.0,4.0,0.0,0.0,0.0
CDH1,NCT04535414,COMPLETED,"Gastric Cancer, Gastric Neoplasms, Gastric Adenocarcinoma",PHASE2,4,3,10,16,33,0.0,0.0,4.0,0.0,7.0,0.0,0.0
CDH13,NCT04651946,UNKNOWN,"Epithelial Ovarian Cancer, DNA Methylation, Benign Ovarian Tumor, Training Set, Validation Set, Cell-free DNA, Liquid Biopsy",PHASE2,4,1,10,16,31,0.0,0.0,0.0,0.0,1.0,0.0,0.0
CDH3,NCT05242965,RECRUITING,"Lung Non-Small Cell Carcinoma, Stage IV Lung Cancer AJCC v8",PHASE2,4,2,10,16,32,0.0,0.0,0.0,1.0,1.0,0.0,0.0
CDK1,NCT02593019,COMPLETED,Small Cell Lung Cancer,PHASE2,4,3,10,16,33,0.0,0.0,0.0,4.0,3.0,0.0,0.0
CDK12,NCT03570619,COMPLETED,"Metastatic Castration Resistant Prostate Cancer, Metastatic Cancer, Solid Tumor",PHASE2,4,3,10,16,33,0.0,0.0,0.0,1.0,11.0,0.0,0.0
CDK2,NCT02593019,COMPLETED,Small Cell Lung Cancer,PHASE2,4,3,10,16,33,0.0,0.0,0.0,5.0,2.0,0.0,0.0
CDK4,NCT06613373,NOT_YET_RECRUITING,Breast Cancer,PHASE4,6,2,10,16,34,4.0,0.0,15.0,82.0,102.0,36.0,5.0
CDK6,NCT03356223,COMPLETED,"Head and Neck Cancer, Advanced Cancer, Metastatic Cancer",PHASE2,4,3,10,16,33,0.0,0.0,0.0,5.0,7.0,0.0,0.0
CDK7,NCT04247126,COMPLETED,"Advanced Solid Tumor, Breast Cancer, Small-cell Lung Cancer, Pancreatic Cancer",PHASE1,3,3,10,16,32,0.0,0.0,0.0,2.0,0.0,0.0,0.0
CDK8,NCT04021368,ACTIVE_NOT_RECRUITING,"Acute Myeloid Leukemia, High-risk Myelodysplastic Syndrome",PHASE1,3,2,10,16,31,0.0,0.0,0.0,3.0,0.0,0.0,0.0
CDK9,NCT00835419,COMPLETED,Melanoma,PHASE2,4,3,10,16,33,0.0,0.0,0.0,5.0,1.0,0.0,0.0
CDKL5,NCT03572933,COMPLETED,CDKL5 Deficiency Disorder,PHASE3,5,3,0,16,24,0.0,0.0,3.0,0.0,3.0,3.0,0.0
CDKN1A,NCT04767984,RECRUITING,"Colorectal Carcinoma, Ulcerative Colitis",PHASE2,4,2,10,16,32,0.0,0.0,1.0,0.0,2.0,0.0,0.0
CDKN1B,NCT04037462,TERMINATED,"Non-Small Cell Lung Cancer, Immunotherapy",PHASE1,3,0,10,16,29,0.0,0.0,1.0,1.0,0.0,0.0,0.0
CDKN1C,NCT00945009,ACTIVE_NOT_RECRUITING,"Adult Kidney Wilms Tumor, Beckwith-Wiedemann Syndrome, Childhood Kidney Wilms Tumor, Diffuse Hyperplastic Perilobar Nephroblastomatosis, Rhabdoid Tumor of the Kidney, Stage I Kidney Wilms Tumor, Stage II Kidney Wilms Tumor, Stage III Kidney Wilms Tumor, Stage IV Kidney Wilms Tumor, Stage V Kidney Wilms Tumor",PHASE3,5,2,10,16,33,0.0,0.0,1.0,0.0,0.0,1.0,0.0
CDKN2A,NCT04966481,RECRUITING,HPV-unrelated Head and Neck Squamous Cell Carcinoma,PHASE3,5,2,10,16,33,2.0,0.0,9.0,8.0,15.0,1.0,0.0
CDKN2B,NCT01907607,COMPLETED,Advanced Gastrointestinal Stromal Tumors,PHASE2,4,3,10,16,33,0.0,0.0,2.0,0.0,1.0,0.0,0.0
CDKN2C,NCT03732703,COMPLETED,Relapsed Refractory Multiple Myeloma,PHASE1,3,3,0,16,22,0.0,0.0,0.0,1.0,0.0,0.0,0.0
CEACAM1,NCT02346955,TERMINATED,"Non-small Cell Lung Carcinoma (NSCLC), Melanoma, Bladder Cancer, Colorectal Cancer, Gastric Cancer, Ovarian Cancer",PHASE1,3,0,10,16,29,0.0,0.0,0.0,1.0,0.0,0.0,0.0
CENPE,NCT00504790,COMPLETED,Cancer,PHASE1,3,3,10,16,32,0.0,0.0,0.0,1.0,0.0,0.0,0.0
CEP290,NCT03913143,ACTIVE_NOT_RECRUITING,"Leber Congenital Amaurosis 10, Blindness, Leber Congenital Amaurosis, Vision Disorders, Sensation Disorders, Neurologic Manifestations, Eye Diseases, Eye Diseases, Hereditary, Eye Disorders Congenital, Retinal Disease",PHASE2,4,2,0,16,22,0.0,0.0,0.0,3.0,2.0,0.0,0.0
CEP72,NCT03117751,ACTIVE_NOT_RECRUITING,"Acute Lymphoblastic Leukemia, Acute Lymphoblastic Lymphoma",PHASE2,4,2,10,16,32,0.0,0.0,0.0,1.0,1.0,0.0,0.0
CES2,NCT04603391,COMPLETED,Drug Interaction,PHASE4,6,3,0,16,25,0.0,0.0,1.0,2.0,1.0,0.0,3.0
CFD,NCT01329276,COMPLETED,Chronic Obstructive Pulmonary Disease,PHASE4,6,3,0,16,25,0.0,0.0,14.0,0.0,3.0,3.0,5.0
CFH,NCT02438046,UNKNOWN,Gingival Recession,PHASE4,6,1,0,16,23,0.0,0.0,5.0,1.0,1.0,0.0,1.0
CHAMP1,NCT05487170,RECRUITING,"Advanced Solid Tumor, DLBCL",PHASE1,3,2,10,16,31,0.0,0.0,0.0,1.0,0.0,0.0,0.0
CHCHD10,NCT06849115,COMPLETED,Amyotrophic Lateral Sclerosis (ALS),PHASE4,6,3,0,16,25,0.0,0.0,0.0,1.0,0.0,0.0,1.0
CHD7,NCT03186144,COMPLETED,"Development Abnormalies, Inclusion on Clinical Criteria of the Syndrome",NA,0,3,0,16,19,0.0,0.0,1.0,0.0,0.0,0.0,0.0
CHDH,NCT02122211,COMPLETED,"Men Carrying 2 Minor Alleles for Choline Dehydrogenase rs12676, Male Infertility",PHASE1,3,3,0,16,22,0.0,0.0,0.0,1.0,0.0,0.0,0.0
CHEK1,NCT01870596,COMPLETED,"Adult Acute Megakaryoblastic Leukemia, Adult Acute Monoblastic Leukemia, Adult Acute Monocytic Leukemia, Adult Acute Myeloid Leukemia With Inv(16)(p13.1q22); CBFB-MYH11, Adult Acute Myeloid Leukemia With Maturation, Adult Acute Myeloid Leukemia With Minimal Differentiation, Adult Acute Myeloid Leukemia With t(16;16)(p13.1;q22); CBFB-MYH11, Adult Acute Myeloid Leukemia With t(8;21)(q22;q22); RUNX1-RUNX1T1, Adult Acute Myeloid Leukemia With t(9;11)(p22;q23); MLLT3-MLL, Adult Acute Myeloid Leukemia Without Maturation, Adult Acute Myelomonocytic Leukemia, Adult Erythroleukemia, Adult Pure Erythroid Leukemia, Alkylating Agent-Related Acute Myeloid Leukemia, Recurrent Adult Acute Myeloid Leukemia",PHASE2,4,3,10,16,33,0.0,0.0,0.0,8.0,6.0,0.0,0.0
CHEK2,NCT04508803,COMPLETED,Treatment Efficacy,PHASE2,4,3,0,16,23,0.0,0.0,0.0,2.0,11.0,0.0,0.0
CHFR,NCT01715233,COMPLETED,"Metastatic Esophageal Cancer, Gastroesophageal Cancer, Gastric Cancer",PHASE2,4,3,10,16,33,0.0,0.0,0.0,1.0,3.0,0.0,0.0
CHL1,NCT06426303,RECRUITING,Alcohol Use Disorder,PHASE4,6,2,0,16,24,0.0,0.0,0.0,0.0,0.0,0.0,1.0
CHM,NCT00887172,COMPLETED,Acute Upper Respiratory Tract Infections,PHASE4,6,3,0,16,25,0.0,0.0,12.0,5.0,12.0,4.0,2.0
CHN1,NCT02817204,UNKNOWN,Primary Hypertension,PHASE3,5,1,0,16,22,0.0,0.0,0.0,0.0,0.0,1.0,0.0
CHRNA5,NCT03294460,RECRUITING,Alcohol Drinking,PHASE1,3,2,0,16,21,0.0,0.0,1.0,1.0,0.0,0.0,0.0
CHUK,NCT04088591,WITHDRAWN,Sepsis,PHASE3,5,0,0,16,21,0.0,0.0,3.0,0.0,0.0,1.0,0.0
CIC,NCT02325310,COMPLETED,"Measles, Rubella, Mumps",PHASE4,6,3,0,16,25,1.0,0.0,34.0,9.0,14.0,18.0,4.0
CIDEB,NCT06836609,NOT_YET_RECRUITING,"Metabolic Dysfunction-Associated Steatotic Liver Disease, Metabolic Dysfunction-Associated Steatohepatitis",PHASE1,3,2,0,16,21,0.0,0.0,0.0,1.0,0.0,0.0,0.0
CIITA,NCT06321289,RECRUITING,"Non-hodgkin Lymphoma,B Cell",PHASE1,3,2,10,16,31,0.0,0.0,0.0,2.0,0.0,0.0,0.0
CINP,NCT06848348,RECRUITING,Chemotherapy Induced Neuropathic Pain,PHASE2,4,2,0,16,22,1.0,0.0,3.0,0.0,2.0,0.0,0.0
CISH,NCT01501487,COMPLETED,Breast Cancer,PHASE4,6,3,10,16,35,0.0,0.0,1.0,4.0,2.0,0.0,1.0
CIT,NCT00357331,COMPLETED,"Bone Diseases, Metabolic, Osteoporosis, Postmenopausal",PHASE4,6,3,0,16,25,10.0,0.0,127.0,47.0,44.0,24.0,11.0
CITED2,NCT04883125,COMPLETED,"Chronic Myelogenous Leukemia, BCR-ABL Positive, CML, Chronic Phase",PHASE2,4,3,10,16,33,0.0,0.0,0.0,0.0,1.0,0.0,0.0
CKB,NCT03756194,UNKNOWN,Aging,NA,0,1,0,16,17,0.0,0.0,1.0,0.0,0.0,0.0,0.0
CLCF1,NCT01834105,UNKNOWN,Postmenopausal Osteoporosis,PHASE2,4,1,0,16,21,0.0,0.0,1.0,0.0,1.0,0.0,0.0
CLCN5,NCT00638482,TERMINATED,"Dent's Disease, Nephrolithiasis",PHASE2,4,0,0,16,20,0.0,0.0,0.0,0.0,1.0,0.0,0.0
CLEC11A,NCT04507074,ACTIVE_NOT_RECRUITING,"Low Back Pain, Obesity",NA,0,2,0,16,18,0.0,0.0,1.0,0.0,0.0,0.0,0.0
CLEC12A,NCT06128044,RECRUITING,"Acute Myeloid Leukemia, in Relapse, Acute Myeloid Leukemia Refractory",PHASE1,3,2,10,16,31,0.0,0.0,0.0,2.0,0.0,0.0,0.0
CLEC7A,NCT03782974,COMPLETED,Protective Qi Insufficiency (a Condition Term From TCM),NA,0,3,0,16,19,0.0,0.0,2.0,0.0,0.0,0.0,0.0
CLIP2,NCT05447962,ACTIVE_NOT_RECRUITING,Hypertension,NA,0,2,0,16,18,0.0,0.0,2.0,0.0,0.0,0.0,0.0
CLN3,NCT04637282,NOT_YET_RECRUITING,Juvenile Neuronal Ceroid Lipofuscinosis,PHASE3,5,2,0,16,23,0.0,0.0,1.0,2.0,1.0,1.0,0.0
CLN5,NCT05228145,ACTIVE_NOT_RECRUITING,Neuronal Ceroid Lipofuscinosis CLN5,PHASE1,3,2,0,16,21,0.0,0.0,0.0,1.0,0.0,0.0,0.0
CLN6,NCT02725580,COMPLETED,Variant Late-Infantile Neuronal Ceroid Lipofuscinosis,PHASE1,3,3,0,16,22,0.0,0.0,0.0,1.0,0.0,0.0,0.0
CLOCK,NCT00669344,COMPLETED,Cognitive Impairment,PHASE4,6,3,0,16,25,7.0,0.0,151.0,3.0,18.0,25.0,16.0
CLPB,NCT06025201,RECRUITING,"Chronic Low-back Pain, Healthy",NA,0,2,0,16,18,0.0,0.0,2.0,0.0,0.0,0.0,0.0
CLPP,NCT04732065,RECRUITING,"Diffuse Midline Glioma (DMG), Glioblastoma, Recurrent Ependymoma, Recurrent Malignant Central Nervous System Neoplasm, Spinal Cord Glioma, World Health Organization (WHO) Grade III Glioma, CNS Tumor, Central Nervous System Tumor",PHASE1,3,2,10,16,31,0.0,0.0,0.0,1.0,0.0,0.0,0.0
CLPX,NCT01129453,COMPLETED,Salmonella,PHASE1,3,3,0,16,22,0.0,0.0,0.0,1.0,0.0,0.0,0.0
CLTC,NCT03998111,COMPLETED,Glucose Control,NA,0,3,0,16,19,0.0,0.0,1.0,0.0,0.0,0.0,0.0
CLTCL1,NCT03998111,COMPLETED,Glucose Control,NA,0,3,0,16,19,0.0,0.0,1.0,0.0,0.0,0.0,0.0
CMC1,NCT06084364,RECRUITING,Osteoarthritis Thumb,PHASE4,6,2,0,16,24,0.0,0.0,2.0,0.0,0.0,0.0,1.0
CMC2,NCT06054425,COMPLETED,Healthy Volunteers,PHASE1,3,3,0,16,22,0.0,0.0,0.0,1.0,0.0,0.0,0.0
CMIP,NCT06694766,NOT_YET_RECRUITING,Yellow Fever Vaccine,NA,0,2,0,16,18,0.0,0.0,3.0,0.0,0.0,0.0,0.0
CNBP,NCT02935465,TERMINATED,"Chronic, Non-neuropathic Back Pain",NA,0,0,0,16,16,0.0,0.0,1.0,0.0,0.0,0.0,0.0
CNDP2,NCT04936737,UNKNOWN,"Exercise Training, Carnosine, Dietary Supplements",NA,0,1,0,16,17,0.0,0.0,1.0,0.0,0.0,0.0,0.0
CNP,NCT03748290,UNKNOWN,"Spinal Cord Injuries, Central Pain Syndrome",PHASE4,6,1,0,16,23,0.0,0.0,27.0,2.0,10.0,1.0,1.0
CNST,NCT04852302,COMPLETED,Depression,NA,0,3,0,16,19,0.0,0.0,1.0,0.0,0.0,0.0,0.0
CNTNAP2,NCT02572206,TERMINATED,Schizophrenia,PHASE1,3,0,0,16,19,0.0,0.0,2.0,1.0,0.0,0.0,0.0
COIL,NCT00146822,COMPLETED,Arrhythmia,PHASE4,6,3,0,16,25,7.0,0.0,220.0,26.0,25.0,7.0,9.0
COL18A1,NCT00813332,UNKNOWN,"Advanced NSCLC, Recurrent NSCLC",PHASE4,6,1,0,16,23,0.0,0.0,3.0,4.0,19.0,2.0,1.0
COL1A1,NCT01799798,COMPLETED,Osteogenesis Imperfecta,PHASE2,4,3,0,16,23,0.0,0.0,1.0,1.0,3.0,0.0,0.0
COL1A2,NCT01799798,COMPLETED,Osteogenesis Imperfecta,PHASE2,4,3,0,16,23,0.0,0.0,2.0,0.0,1.0,0.0,0.0
COL4A3,NCT06499948,RECRUITING,"Alport Syndrome, Thin Basement Membrane Disease, Alport Nephropathy",PHASE4,6,2,0,16,24,0.0,0.0,1.0,0.0,1.0,0.0,1.0
COL7A1,NCT05725018,RECRUITING,"Epidermolysis Bullosa, Recessive Dystrophic Epidermolysis Bullosa, RDEB",PHASE3,5,2,0,16,23,0.0,0.0,1.0,9.0,2.0,1.0,0.0
COMT,NCT01980550,COMPLETED,Nicotine Dependence,PHASE4,6,3,0,16,25,1.0,0.0,17.0,15.0,22.0,5.0,10.0
COPA,NCT00618787,COMPLETED,Wounds,PHASE2,4,3,0,16,23,0.0,0.0,1.0,1.0,3.0,0.0,0.0
COPE,NCT01077882,COMPLETED,"Psoriasis, Atopic Dermatitis",PHASE4,6,3,0,16,25,1.0,0.0,146.0,4.0,4.0,4.0,2.0
CP,NCT02682329,COMPLETED,Tooth Stain,PHASE4,6,3,0,16,25,3.0,0.0,271.0,32.0,51.0,29.0,19.0
CPD,NCT01122238,COMPLETED,"Smoking, Smoking Cessation, Motivation, Nicotine Dependence",PHASE4,6,3,0,16,25,0.0,0.0,30.0,7.0,6.0,2.0,5.0
CPE,NCT00912158,COMPLETED,Acute Cardiogenic Pulmonary Edema,PHASE4,6,3,0,16,25,0.0,0.0,11.0,1.0,4.0,2.0,3.0
CPM,NCT05910190,RECRUITING,Cancer-Related Pain,PHASE4,6,2,10,16,34,1.0,0.0,116.0,4.0,11.0,4.0,1.0
CPQ,NCT06107088,COMPLETED,Lactose Intolerance,NA,0,3,0,16,19,0.0,0.0,3.0,0.0,0.0,0.0,0.0
CPS1,NCT01599286,COMPLETED,"Propionic Acidemia, Type I and/or Type II, Methylmalonic Acidemia, Carbamoyl-Phosphate Synthase I Deficiency Disease, Ornithine Carbamoyltransferase Deficiency",PHASE2,4,3,0,16,23,0.0,0.0,1.0,0.0,1.0,0.0,0.0
CPT1A,NCT00653666,COMPLETED,Carnitine Palmitoyl Transferase Type 1A (CPT1A) Deficiency,NA,0,3,0,16,19,0.0,0.0,1.0,0.0,0.0,0.0,0.0
CPT1B,NCT02684929,COMPLETED,Type 2 Diabetes Mellitus With Features of Insulin Resistance,NA,0,3,0,16,19,0.0,0.0,1.0,0.0,0.0,0.0,0.0
CPT2,NCT00336167,UNKNOWN,Carnitine Palmitoyl Transferase 2 Deficiency,PHASE3,5,1,0,16,22,0.0,0.0,1.0,0.0,1.0,1.0,0.0
CRAT,NCT02072759,COMPLETED,Glucose Intolerance,NA,0,3,0,16,19,0.0,0.0,2.0,0.0,0.0,0.0,0.0
CRBN,NCT06048250,RECRUITING,Multiple Myeloma,PHASE1,3,2,0,16,21,0.0,0.0,0.0,3.0,0.0,0.0,0.0
CRCP,NCT00725244,COMPLETED,"Radiation Injuries, Telangiectasis",PHASE4,6,3,0,16,25,0.0,0.0,1.0,0.0,0.0,0.0,1.0
CREB1,NCT06726941,RECRUITING,"Ischemic Stroke, Acute, Acute Hemiparesis",NA,0,2,0,16,18,0.0,0.0,1.0,0.0,0.0,0.0,0.0
CREBBP,NCT01619644,COMPLETED,Rubinstein-Taybi Syndrome,PHASE2,4,3,0,16,23,0.0,0.0,1.0,1.0,2.0,0.0,0.0
CREM,NCT03580421,COMPLETED,"Endometrial Cancer Stage I, Endometrial Cancer Stage II",NA,0,3,10,16,29,0.0,0.0,2.0,0.0,0.0,0.0,0.0
CRIM1,NCT04012905,NOT_YET_RECRUITING,Giant Cell Arteritis,PHASE3,5,2,0,16,23,0.0,0.0,0.0,0.0,0.0,1.0,0.0
CRK,NCT00672295,COMPLETED,"Ovarian Cancer, Peritoneal Cancer, Fallopian Tube Cancer",PHASE1,3,3,10,16,32,0.0,0.0,0.0,1.0,0.0,0.0,0.0
CRKL,NCT00335868,UNKNOWN,Leukemia,PHASE2,4,1,10,16,31,0.0,0.0,0.0,0.0,1.0,0.0,0.0
CRTC1,NCT04139915,WITHDRAWN,Clinically Symptomatic Respiratory Illness,PHASE3,5,0,0,16,21,1.0,0.0,0.0,4.0,1.0,1.0,0.0
CRTC2,NCT03591965,TERMINATED,Hepatocellular Carcinoma,PHASE2,4,0,10,16,30,0.0,0.0,0.0,0.0,1.0,0.0,0.0
CRY1,NCT02307747,COMPLETED,Infection,NA,0,3,0,16,19,0.0,0.0,3.0,0.0,0.0,0.0,0.0
CRY2,NCT06544018,NOT_YET_RECRUITING,"Cryopyrin Associated Periodic Syndrome, Familial Cold Urticaria, Muckle-Wells Syndrome, CINCA Syndrome",NA,0,2,0,16,18,0.0,0.0,2.0,0.0,0.0,0.0,0.0
CS,NCT02221531,COMPLETED,"Complications; Cesarean Section, Anesthesia; Reaction",PHASE4,6,3,0,16,25,3.0,0.0,225.0,53.0,49.0,37.0,46.0
CSF1,NCT02305420,COMPLETED,"Recurrent Miscarriage, Infertility",PHASE4,6,3,0,16,25,2.0,0.0,23.0,86.0,136.0,19.0,9.0
CSK,NCT01975389,TERMINATED,Cardiovascular Disease,PHASE3,5,0,0,16,21,0.0,0.0,1.0,1.0,0.0,1.0,0.0
CSTA,NCT02244099,COMPLETED,"Anxiety, Chronic Pain, Opioid Use, Unspecified",NA,0,3,0,16,19,0.0,0.0,1.0,0.0,0.0,0.0,0.0
CTBP2,NCT06505356,NOT_YET_RECRUITING,"Prostate Cancer, Prostate Inflammation",NA,0,2,10,16,28,0.0,0.0,1.0,0.0,0.0,0.0,0.0
CTBS,NCT06231095,COMPLETED,OCD,PHASE4,6,3,0,16,25,6.0,0.0,115.0,4.0,5.0,1.0,2.0
CTH,NCT02713087,COMPLETED,Brain Tumor,PHASE4,6,3,10,16,35,0.0,0.0,4.0,2.0,0.0,0.0,1.0
CTHRC1,NCT04637360,COMPLETED,"Hyperparathyroidism; Secondary, Renal",NA,0,3,0,16,19,0.0,0.0,1.0,0.0,0.0,0.0,0.0
CTIF,NCT04795934,ACTIVE_NOT_RECRUITING,"GERD, Hiatal Hernia",NA,0,2,0,16,18,0.0,0.0,1.0,0.0,0.0,0.0,0.0
CTNNA1,NCT04253106,COMPLETED,Hereditary Diffuse Gastric Cancer,NA,0,3,10,16,29,0.0,0.0,1.0,0.0,0.0,0.0,0.0
CTNNB1,NCT01079143,COMPLETED,Renal Interstitial Fibrosis,PHASE3,5,3,0,16,24,0.0,0.0,5.0,5.0,10.0,1.0,0.0
CTNS,NCT00309387,COMPLETED,Cataract,PHASE3,5,3,0,16,24,1.0,0.0,3.0,1.0,0.0,1.0,0.0
CTPS1,NCT05463263,RECRUITING,"Lymphoma, B-Cell, Lymphoma, T-Cell",PHASE1,3,2,10,16,31,0.0,0.0,0.0,2.0,0.0,0.0,0.0
CTSA,NCT04906447,RECRUITING,Sickle Cell Disease,PHASE2,4,2,0,16,22,0.0,0.0,10.0,0.0,1.0,0.0,0.0
CTSB,NCT05689606,COMPLETED,Healthy,NA,0,3,0,16,19,0.0,0.0,3.0,0.0,0.0,0.0,0.0
CTSC,NCT04386577,UNKNOWN,Aging,PHASE3,5,1,0,16,22,0.0,0.0,3.0,1.0,1.0,1.0,0.0
CTSK,NCT05636683,UNKNOWN,Periodontal Diseases,NA,0,1,0,16,17,0.0,0.0,1.0,0.0,0.0,0.0,0.0
CTSS,NCT02083341,COMPLETED,"Dysphonia, Singing",NA,0,3,0,16,19,0.0,0.0,1.0,0.0,0.0,0.0,0.0
CTTN,NCT05225870,COMPLETED,Cancer Colon,NA,0,3,10,16,29,0.0,0.0,2.0,0.0,0.0,0.0,0.0
CUL3,NCT05275868,RECRUITING,Non-small Cell Lung Cancer,PHASE1,3,2,10,16,31,0.0,0.0,0.0,1.0,0.0,0.0,0.0
CUL5,NCT04460963,UNKNOWN,Acute Myeloid Leukemia,NA,0,1,10,16,27,0.0,0.0,1.0,0.0,0.0,0.0,0.0
CX3CL1,NCT03715140,UNKNOWN,Osteoarthritis,PHASE3,5,1,0,16,22,0.0,0.0,1.0,0.0,0.0,1.0,0.0
CXADR,NCT03864835,WITHDRAWN,"Non-Alcoholic Fatty Liver Disease, Non Alcoholic Steatohepatitis, NASH - Nonalcoholic Steatohepatitis",NA,0,0,0,16,16,0.0,0.0,1.0,0.0,0.0,0.0,0.0
CXCL1,NCT05221593,COMPLETED,Neutropenia,PHASE3,5,3,0,16,24,0.0,0.0,0.0,3.0,3.0,1.0,0.0
CXCL10,NCT03059966,COMPLETED,Gingival Recession,PHASE4,6,3,0,16,25,2.0,0.0,17.0,9.0,10.0,3.0,3.0
CXCL16,NCT04523662,UNKNOWN,Hepatocellular Carcinoma,PHASE2,4,1,10,16,31,0.0,0.0,0.0,0.0,1.0,0.0,0.0
CYBA,NCT02926963,TERMINATED,Chronic Granulomatous Disease,NA,0,0,0,16,16,0.0,0.0,1.0,0.0,0.0,0.0,0.0
CYCS,NCT05490953,RECRUITING,Hodgkin Lymphoma,PHASE4,6,2,10,16,34,0.0,0.0,6.0,4.0,1.0,0.0,1.0
CYFIP1,NCT02862340,COMPLETED,Autistic Disorder,NA,0,3,0,16,19,0.0,0.0,1.0,0.0,0.0,0.0,0.0
CYP1B1,NCT06213688,NOT_YET_RECRUITING,"Psoriasis, Atopic Dermatitis",NA,0,2,0,16,18,0.0,0.0,1.0,0.0,0.0,0.0,0.0
CYP27A1,NCT06260748,WITHDRAWN,Cerebrotendinous Xanthomatoses,PHASE3,5,0,0,16,21,0.0,0.0,2.0,0.0,1.0,1.0,0.0
CYP27B1,NCT03142620,UNKNOWN,H. Pylori Infection,PHASE3,5,1,0,16,22,0.0,0.0,1.0,0.0,2.0,1.0,0.0
CYP2R1,NCT01721915,COMPLETED,"Polycystic Ovary Syndrome, Healthy, Vitamin D Deficiency",PHASE4,6,3,0,16,25,0.0,0.0,1.0,0.0,1.0,1.0,2.0
CYP2U1,NCT06478238,RECRUITING,Hereditary Spastic Paraplegia,EARLY_PHASE1,2,2,0,16,20,1.0,0.0,0.0,0.0,0.0,0.0,0.0
CYP3A5,NCT03020589,COMPLETED,Renal Transplant,PHASE4,6,3,0,16,25,0.0,0.0,4.0,9.0,2.0,1.0,18.0
CYP4V2,NCT05694598,NOT_YET_RECRUITING,Bietti Crystalline Dystrophy,PHASE1,3,2,0,16,21,2.0,0.0,0.0,1.0,0.0,0.0,0.0
CYP7B1,NCT04101643,UNKNOWN,Hereditary Spastic Paraplegia Type 5,PHASE1,3,1,0,16,20,0.0,0.0,0.0,1.0,0.0,0.0,0.0
DAP,NCT00777257,COMPLETED,"Meningitis, Meningococcemia, Pertussis, Tetanus, Diphtheria",PHASE4,6,3,0,16,25,0.0,0.0,27.0,8.0,10.0,9.0,13.0
DAPK1,NCT02965703,ACTIVE_NOT_RECRUITING,Colorectal Adenoma,PHASE2,4,2,0,16,22,0.0,0.0,0.0,0.0,1.0,0.0,0.0
DBI,NCT05735379,RECRUITING,"Deprescribing Anticholinergic and Sedative Medications, Physical Function",PHASE4,6,2,0,16,24,0.0,0.0,6.0,0.0,0.0,0.0,1.0
DBP,NCT04838665,COMPLETED,Retinopathy of Prematurity,PHASE4,6,3,0,16,25,1.0,0.0,20.0,1.0,2.0,6.0,9.0
DBT,NCT05560529,COMPLETED,Binge Eating Disorder,PHASE4,6,3,0,16,25,4.0,0.0,182.0,5.0,9.0,5.0,5.0
DCK,NCT02806687,COMPLETED,Pancreatic Adenocarcinoma,PHASE2,4,3,10,16,33,0.0,0.0,0.0,3.0,3.0,0.0,0.0
DCLRE1C,NCT02406677,COMPLETED,"Cost Sharing, Acute Coronary Syndrome",PHASE4,6,3,0,16,25,3.0,0.0,11.0,5.0,3.0,5.0,1.0
DCPS,NCT02188316,COMPLETED,"Colonoscopy, Polypectomy",NA,0,3,0,16,19,0.0,0.0,1.0,0.0,0.0,0.0,0.0
DCXR,NCT04545164,COMPLETED,"Tuberculosis Infection, HIV Infections",NA,0,3,0,16,19,0.0,0.0,1.0,0.0,0.0,0.0,0.0
DDIT3,NCT00415298,UNKNOWN,Head and Neck Cancer,NA,0,1,10,16,27,0.0,0.0,1.0,0.0,0.0,0.0,0.0
DDR2,NCT01514864,TERMINATED,"Carcinoma, Non-small Cell Lung",PHASE2,4,0,10,16,30,0.0,0.0,0.0,1.0,3.0,0.0,0.0
DDT,NCT01644682,COMPLETED,"Cost-effective and Sustainable Vector Control Methods Will be Established to Reduce VL in India, Bangladesh and Nepal",PHASE3,5,3,0,16,24,0.0,0.0,9.0,1.0,1.0,1.0,0.0
DDX41,NCT06022016,RECRUITING,DDX41 Gene Mutation,NA,0,2,0,16,18,0.0,0.0,1.0,0.0,0.0,0.0,0.0
DDX5,NCT06206876,WITHDRAWN,"Advanced Pancreatic Ductal Adenocarcinoma, Locally Advanced Pancreatic Ductal Adenocarcinoma, Metastatic Pancreatic Ductal Adenocarcinoma, Refractory Pancreatic Ductal Adenocarcinoma, Stage II Pancreatic Cancer AJCC v8, Stage III Pancreatic Cancer AJCC v8, Stage IV Pancreatic Cancer AJCC v8, Unresectable Pancreatic Ductal Adenocarcinoma",PHASE1,3,0,10,16,29,0.0,0.0,0.0,1.0,0.0,0.0,0.0
DDX6,NCT04529031,RECRUITING,Posttraumatic Stress Disorder,NA,0,2,0,16,18,0.0,0.0,1.0,0.0,0.0,0.0,0.0
DEFB1,NCT04700228,UNKNOWN,"Pain, Postoperative",PHASE4,6,1,0,16,23,0.0,0.0,1.0,0.0,1.0,0.0,1.0
DEPDC1,NCT00633204,UNKNOWN,Bladder Cancer,PHASE2,4,1,10,16,31,0.0,0.0,0.0,3.0,1.0,0.0,0.0
DERA,NCT06472258,COMPLETED,Malaria,NA,0,3,0,16,19,0.0,0.0,2.0,0.0,0.0,0.0,0.0
DGAT1,NCT01064492,COMPLETED,Healthy Volunteers,PHASE1,3,3,0,16,22,0.0,0.0,2.0,1.0,0.0,0.0,0.0
DGAT2,NCT04321031,COMPLETED,"Nonalcoholic Fatty Liver Disease, Nonalcoholic Steatohepatitis With Liver Fibrosis",PHASE2,4,3,0,16,23,0.0,0.0,0.0,0.0,1.0,0.0,0.0
DGKE,NCT05805202,RECRUITING,Atypical Hemolytic Uremic Syndrome,NA,0,2,0,16,18,0.0,0.0,1.0,0.0,0.0,0.0,0.0
DHCR24,NCT05828082,RECRUITING,"Castration-Resistant Prostate Carcinoma, Refractory Prostate Carcinoma",PHASE2,4,2,10,16,32,0.0,0.0,0.0,0.0,1.0,0.0,0.0
DHCR7,NCT01721915,COMPLETED,"Polycystic Ovary Syndrome, Healthy, Vitamin D Deficiency",PHASE4,6,3,0,16,25,0.0,0.0,3.0,2.0,4.0,0.0,1.0
DHFR,NCT01746199,COMPLETED,"Malaria in Pregnancy, HIV Infection",PHASE3,5,3,0,16,24,1.0,0.0,3.0,0.0,2.0,1.0,0.0
DHODH,NCT05007678,COMPLETED,COVID-19,PHASE3,5,3,0,16,24,0.0,0.0,1.0,8.0,4.0,1.0,0.0
DHPS,NCT01746199,COMPLETED,"Malaria in Pregnancy, HIV Infection",PHASE3,5,3,0,16,24,0.0,0.0,3.0,0.0,0.0,1.0,0.0
DHX58,NCT03979508,RECRUITING,"Anatomic Stage I Breast Cancer AJCC v8, Anatomic Stage II Breast Cancer AJCC v8, Anatomic Stage III Breast Cancer AJCC v8, Breast Ductal Carcinoma In Situ, Breast Fibrocystic Change, Breast Lobular Carcinoma In Situ, Invasive Breast Carcinoma, Prognostic Stage I Breast Cancer AJCC v8, Prognostic Stage IA Breast Cancer AJCC v8, Prognostic Stage IB Breast Cancer AJCC v8, Prognostic Stage II Breast Cancer AJCC v8, Prognostic Stage IIA Breast Cancer AJCC v8, Prognostic Stage IIB Breast Cancer AJCC v8, Prognostic Stage III Breast Cancer AJCC v8, Prognostic Stage IIIA Breast Cancer AJCC v8, Prognostic Stage IIIB Breast Cancer AJCC v8, Prognostic Stage IIIC Breast Cancer AJCC v8, Triple-Negative Breast Carcinoma",PHASE2,4,2,10,16,32,0.0,0.0,0.0,0.0,1.0,0.0,0.0
DHX9,NCT06625515,RECRUITING,"Advanced Solid Tumors, Breast Cancer Recurrent, Colorectal Cancer Metastatic, Colon Cancer, Rectal Adenocarcinoma, Endometrial Cancer",PHASE1,3,2,10,16,31,0.0,0.0,0.0,1.0,0.0,0.0,0.0
DIABLO,NCT04081883,COMPLETED,"Diabetes Mellitus, Type 1",NA,0,3,0,16,19,0.0,0.0,1.0,0.0,0.0,0.0,0.0
DKK3,NCT04013334,UNKNOWN,Malignant Pleural Mesothelioma,PHASE2,4,1,10,16,31,0.0,0.0,1.0,3.0,1.0,0.0,0.0
DLD,NCT04638660,COMPLETED,Dim Light Vision Disturbances,PHASE3,5,3,0,16,24,0.0,0.0,27.0,0.0,0.0,1.0,0.0
DLL3,NCT03061812,COMPLETED,Small Cell Lung Cancer,PHASE3,5,3,10,16,34,0.0,0.0,0.0,12.0,5.0,2.0,0.0
DMD,NCT04687020,ACTIVE_NOT_RECRUITING,Duchenne Muscular Dystrophy,PHASE4,6,2,0,16,24,2.0,0.0,37.0,51.0,52.0,19.0,5.0
DMPK,NCT01421992,COMPLETED,Dystrophia Myotonica 1,PHASE2,4,3,0,16,23,0.0,0.0,0.0,5.0,2.0,0.0,0.0
DNAJB1,NCT04248569,RECRUITING,Fibrolamellar Hepatocellular Carcinoma (FLC),PHASE1,3,2,10,16,31,0.0,0.0,0.0,4.0,0.0,0.0,0.0
DNAJB9,NCT05546047,UNKNOWN,Fibrillary Glomerulonephritis,PHASE4,6,1,0,16,23,0.0,0.0,0.0,0.0,0.0,0.0,1.0
DNASE1,NCT01992666,COMPLETED,Systemic Lupus Erythematosus (SLE),NA,0,3,0,16,19,0.0,0.0,1.0,0.0,0.0,0.0,0.0
DNM1L,NCT06279780,COMPLETED,Obesity Adult Onset,NA,0,3,0,16,19,0.0,0.0,1.0,0.0,0.0,0.0,0.0
DNM2,NCT04743557,WITHDRAWN,Centronuclear Myopathy,PHASE1,3,0,0,16,19,0.0,0.0,1.0,2.0,0.0,0.0,0.0
DNMT1,NCT00802919,COMPLETED,"Schizophrenia, Cigarette Smoking",PHASE4,6,3,0,16,25,3.0,0.0,4.0,17.0,6.0,0.0,1.0
DNMT3A,NCT06097663,COMPLETED,"Coronary Heart Disease, Clonal Hematopoiesis of Indeterminate Potential (CHIP)",PHASE2,4,3,0,16,23,0.0,0.0,4.0,2.0,2.0,0.0,0.0
DNMT3B,NCT06102629,NOT_YET_RECRUITING,Polycystic Ovary Syndrome,NA,0,2,0,16,18,0.0,0.0,2.0,0.0,0.0,0.0,0.0
DOCK8,NCT01176006,RECRUITING,DOCK8 Deficiency,PHASE2,4,2,0,16,22,0.0,0.0,0.0,0.0,1.0,0.0,0.0
DOK6,NCT05042531,UNKNOWN,Acute Myeloid Leukemia,NA,0,1,10,16,27,0.0,0.0,1.0,0.0,0.0,0.0,0.0
DOK7,NCT06436742,ACTIVE_NOT_RECRUITING,Congenital Myasthenic Syndrome,PHASE1,3,2,0,16,21,0.0,0.0,0.0,1.0,0.0,0.0,0.0
DOT1L,NCT02141828,COMPLETED,"Leukemia, Acute Myeloid Leukemia, Acute Lymphocytic Leukemia, Acute Leukemias",PHASE1,3,3,10,16,32,0.0,0.0,0.0,1.0,0.0,0.0,0.0
DPP3,NCT05824767,RECRUITING,"Septic Shock, Vasodilatory Shock",PHASE4,6,2,0,16,24,0.0,0.0,0.0,1.0,0.0,0.0,1.0
DPYD,NCT01641458,COMPLETED,Colorectal Cancer,PHASE4,6,3,10,16,35,0.0,0.0,7.0,8.0,9.0,0.0,2.0
DR1,NCT02559206,COMPLETED,Irritable Bowel Syndrome With Constipation,PHASE2,4,3,0,16,23,0.0,0.0,0.0,0.0,1.0,0.0,0.0
DSE,NCT02552238,COMPLETED,Coronary Artery Disease,PHASE3,5,3,0,16,24,0.0,0.0,9.0,1.0,0.0,3.0,0.0
DSP,NCT02770807,COMPLETED,"Nervous System Disease, Genetic Syndrome",PHASE3,5,3,0,16,24,0.0,0.0,9.0,8.0,6.0,4.0,0.0
DST,NCT02231229,COMPLETED,Tuberculosis,PHASE4,6,3,0,16,25,0.0,0.0,30.0,1.0,2.0,1.0,4.0
DTL,NCT02582905,COMPLETED,"Alcohol Use Disorder, Bipolar Disorder, Schizoaffective Disorder Bipolar Type",PHASE4,6,3,0,16,25,0.0,0.0,2.0,1.0,0.0,0.0,1.0
DTNB,NCT06008223,COMPLETED,"Sepsis, Vitamin B6, Kidney Injury, Inflammatory Response, Oxidative Stress Response",NA,0,3,0,16,19,0.0,0.0,1.0,0.0,0.0,0.0,0.0
DUSP1,NCT02042573,TERMINATED,Depression,PHASE4,6,0,0,16,22,0.0,0.0,0.0,0.0,0.0,0.0,1.0
DUT,NCT00752869,COMPLETED,Hypogonadism,PHASE4,6,3,0,16,25,0.0,0.0,7.0,0.0,1.0,5.0,1.0
DXO,NCT00446290,COMPLETED,Stomach Cancer,PHASE1,3,3,10,16,32,0.0,0.0,0.0,1.0,0.0,0.0,0.0
DYRK1A,NCT01394796,COMPLETED,Down Syndrome,PHASE2,4,3,0,16,23,0.0,0.0,1.0,1.0,2.0,0.0,0.0
EAPP,NCT05156879,RECRUITING,Pelvic Pain,PHASE4,6,2,0,16,24,0.0,0.0,0.0,0.0,1.0,0.0,1.0
EBP,NCT02473276,COMPLETED,Postdural Puncture Headache,PHASE4,6,3,0,16,25,1.0,0.0,92.0,3.0,3.0,0.0,3.0
EBPL,NCT05941377,RECRUITING,Unruptured Intracranial Aneurysm,NA,0,2,0,16,18,0.0,0.0,1.0,0.0,0.0,0.0,0.0
ECD,NCT03377283,COMPLETED,Organ Preservation Solutions,PHASE4,6,3,0,16,25,2.0,0.0,54.0,6.0,13.0,5.0,4.0
ECE1,NCT05895162,RECRUITING,"Vulvovaginal Candidiasis, Vaginal Yeast Infections",NA,0,2,0,16,18,0.0,0.0,1.0,0.0,0.0,0.0,0.0
EDA,NCT04002375,UNKNOWN,Apical Prolapse,PHASE4,6,1,0,16,23,1.0,0.0,68.0,2.0,5.0,0.0,1.0
EDN1,NCT00637065,UNKNOWN,"Pulmonary Hypertension, Interstitial Lung Disease, Idiopathic Pulmonary Fibrosis, Nonspecific Interstitial Pneumonia",PHASE4,6,1,0,16,23,0.0,0.0,1.0,0.0,0.0,0.0,1.0
EED,NCT06658522,NOT_YET_RECRUITING,"Pulmonary Arterial Hypertension PAH, Pulmonary Arterial Hypertension WHO Group I, Pulmonary Arterial Hypertension",PHASE4,6,2,0,16,24,1.0,0.0,17.0,2.0,5.0,0.0,1.0
EGF,NCT02514174,COMPLETED,"Carcinoma, Non-Small-Cell Lung, ErbB Receptors",PHASE4,6,3,10,16,35,8.0,0.0,35.0,112.0,187.0,55.0,6.0
EGLN1,NCT03433833,WITHDRAWN,"Polycythemia; Familial, Erythrocytosis; Familial, VHL Gene Mutation, HIF-2alpha Erythrocytosis, PHD2 Erythrocytosis, Chuvash Erythrocytosis",PHASE1,3,0,0,16,19,0.0,0.0,0.0,1.0,0.0,0.0,0.0
EGR2,NCT05724290,UNKNOWN,"Rhinitis, Allergic",PHASE1,3,1,0,16,20,0.0,0.0,0.0,1.0,0.0,0.0,0.0
EHBP1L1,NCT02688491,NOT_YET_RECRUITING,"Renal Neoplasms, Targeted Molecular Therapy",NA,0,2,10,16,28,0.0,0.0,1.0,0.0,0.0,0.0,0.0
EIF2A,NCT06644079,NOT_YET_RECRUITING,Cutaneous Squamous Cell Carcinoma,PHASE2,4,2,10,16,32,0.0,0.0,1.0,0.0,1.0,0.0,0.0
EIF2AK1,NCT02459223,COMPLETED,Undernutrition,NA,0,3,0,16,19,0.0,0.0,1.0,0.0,0.0,0.0,0.0
EIF2AK4,NCT03895151,COMPLETED,"Nutritional Stunting, Nutritional Anemia, Nutritional Deficiency, Nutrigenetic, Nutrigenomic, Linear Programming, Food Based Recommendation",NA,0,3,0,16,19,0.0,0.0,2.0,0.0,0.0,0.0,0.0
EIF2S1,NCT04122586,UNKNOWN,IBS (Irritable Bowel Syndrome),NA,0,1,0,16,17,0.0,0.0,1.0,0.0,0.0,0.0,0.0
EIF4A1,NCT03675893,ACTIVE_NOT_RECRUITING,"Endometrial Cancer, Ovarian Cancer",PHASE2,4,2,10,16,32,0.0,0.0,0.0,0.0,1.0,0.0,0.0
EIF4A2,NCT03675893,ACTIVE_NOT_RECRUITING,"Endometrial Cancer, Ovarian Cancer",PHASE2,4,2,10,16,32,0.0,0.0,0.0,0.0,1.0,0.0,0.0
EIF4E,NCT03722290,COMPLETED,Fragile X Syndrome,PHASE2,4,3,0,16,23,0.0,0.0,0.0,8.0,1.0,0.0,0.0
EIF4EBP1,NCT00467194,COMPLETED,Liver Cancer,PHASE1,3,3,10,16,32,0.0,0.0,0.0,1.0,0.0,0.0,0.0
ELF3,NCT05502458,COMPLETED,"Hepatocellular Carcinoma, Desflurane Adverse Reaction, Propofol Adverse Reaction, Circulating Tumor Cells",PHASE2,4,3,10,16,33,0.0,0.0,0.0,0.0,1.0,0.0,0.0
ELK1,NCT05488418,NOT_YET_RECRUITING,"Stress Disorders, Post-Traumatic, Depressive Disorder, Major, Anxiety Disorder",NA,0,2,0,16,18,0.0,0.0,2.0,0.0,0.0,0.0,0.0
ELL,NCT00709150,COMPLETED,Depression,PHASE4,6,3,0,16,25,0.0,0.0,8.0,1.0,0.0,2.0,2.0
ELOVL4,NCT00060749,COMPLETED,Macular Degeneration,PHASE1,3,3,0,16,22,0.0,0.0,0.0,1.0,0.0,0.0,0.0
ELOVL5,NCT03109626,COMPLETED,SCA38,NA,0,3,0,16,19,0.0,0.0,1.0,0.0,0.0,0.0,0.0
EMB,NCT01380080,COMPLETED,HIV Infection,PHASE4,6,3,0,16,25,0.0,0.0,14.0,3.0,6.0,6.0,6.0
EMC2,NCT05709860,COMPLETED,"HIV Infections, Electronic Health Record, Primary Health Care",NA,0,3,0,16,19,0.0,0.0,4.0,0.0,0.0,0.0,0.0
EMD,NCT01380366,COMPLETED,Short Bowel Syndrome,PHASE4,6,3,0,16,25,4.0,0.0,71.0,66.0,64.0,25.0,23.0
EML4,NCT03083041,COMPLETED,"Carcinoma, Non-Small-Cell Lung",PHASE2,4,3,10,16,33,0.0,0.0,0.0,0.0,4.0,0.0,0.0
ENAH,NCT05435508,UNKNOWN,"Pain, Chronic, Pain, Postoperative, Anesthesia, Surgery, Anxiety, Stress",NA,0,1,0,16,17,0.0,0.0,1.0,0.0,0.0,0.0,0.0
ENG,NCT01288482,COMPLETED,Asthma,PHASE4,6,3,0,16,25,5.0,0.0,472.0,16.0,20.0,14.0,14.0
ENO2,NCT04527289,COMPLETED,"Trauma, Brain",PHASE4,6,3,0,16,25,0.0,0.0,35.0,7.0,13.0,4.0,9.0
ENPP1,NCT06046820,RECRUITING,"Ectonucleotide Pyrophosphatase/Phosphodiesterase1 Deficiency, Autosomal Recessive Hypophosphatemic Rickets, Generalized Arterial Calcification of Infancy",PHASE3,5,2,0,16,23,0.0,0.0,0.0,7.0,3.0,1.0,0.0
ENPP2,NCT02754752,ACTIVE_NOT_RECRUITING,"Stage I Breast Cancer AJCC v7, Stage IA Breast Cancer AJCC v7, Stage IB Breast Cancer AJCC v7, Stage II Breast Cancer AJCC v6 and v7, Stage IIA Breast Cancer AJCC v6 and v7, Stage IIB Breast Cancer AJCC v6 and v7, Stage III Breast Cancer AJCC v7, Stage IIIA Breast Cancer AJCC v7, Stage IIIB Breast Cancer AJCC v7, Stage IIIC Breast Cancer AJCC v7",PHASE2,4,2,10,16,32,0.0,0.0,3.0,1.0,1.0,0.0,0.0
ENSA,NCT06035770,COMPLETED,Preventative Medicine,NA,0,3,0,16,19,0.0,0.0,1.0,0.0,0.0,0.0,0.0
ENTPD1,NCT02136979,COMPLETED,"Valvular Heart Disease, Aortic Disease",PHASE4,6,3,0,16,25,0.0,0.0,2.0,6.0,2.0,0.0,1.0
EP300,NCT01619644,COMPLETED,Rubinstein-Taybi Syndrome,PHASE2,4,3,0,16,23,0.0,0.0,0.0,1.0,2.0,0.0,0.0
EPAS1,NCT03433833,WITHDRAWN,"Polycythemia; Familial, Erythrocytosis; Familial, VHL Gene Mutation, HIF-2alpha Erythrocytosis, PHD2 Erythrocytosis, Chuvash Erythrocytosis",PHASE1,3,0,0,16,19,0.0,0.0,0.0,1.0,0.0,0.0,0.0
EPCAM,NCT06432296,RECRUITING,Malignant Ascites,PHASE3,5,2,10,16,33,1.0,0.0,15.0,12.0,11.0,1.0,0.0
EPHA2,NCT00563290,COMPLETED,"Recurrent Skin Cancer, Squamous Cell Carcinoma of the Skin, Stage 0 Chronic Lymphocytic Leukemia, Stage I Chronic Lymphocytic Leukemia",PHASE2,4,3,10,16,33,0.0,0.0,0.0,14.0,1.0,0.0,0.0
EPHB4,NCT00364780,COMPLETED,Non-small-cell Lung Cancer,PHASE2,4,3,10,16,33,0.0,0.0,1.0,7.0,8.0,0.0,0.0
EPHX2,NCT02555566,COMPLETED,Kidney Transplant Recipients,NA,0,3,0,16,19,0.0,0.0,2.0,0.0,0.0,0.0,0.0
EPOR,NCT00524901,COMPLETED,"CABG, Coronary Artery Disease",PHASE2,4,3,0,16,23,0.0,0.0,0.0,0.0,1.0,0.0,0.0
EPS8,NCT03291444,RECRUITING,"Leukemia, Acute Lymphocytic (ALL), Leukemia, Acute Myelogenous (AML), Myelodysplastic Syndromes",PHASE1,3,2,10,16,31,0.0,0.0,0.0,1.0,0.0,0.0,0.0
ERAP1,NCT03767114,COMPLETED,Psoriasis,NA,0,3,0,16,19,0.0,0.0,1.0,0.0,0.0,0.0,0.0
ERBB2,NCT02445586,COMPLETED,Breast Cancer,PHASE4,6,3,10,16,35,9.0,0.0,40.0,216.0,354.0,103.0,12.0
ERBB3,NCT01684878,COMPLETED,Ovarian Cancer,PHASE3,5,3,10,16,34,1.0,0.0,0.0,12.0,10.0,1.0,0.0
ERCC1,NCT01107626,COMPLETED,Lung Cancer,PHASE3,5,3,10,16,34,0.0,0.0,2.0,6.0,21.0,5.0,0.0
ERCC2,NCT00711243,COMPLETED,"Gastric Cancer, Unspecified Adult Solid Tumor, Protocol Specific",PHASE1,3,3,10,16,32,0.0,0.0,0.0,1.0,0.0,0.0,0.0
ERCC3,NCT03012321,ACTIVE_NOT_RECRUITING,"Prostate Cancer Metastatic Castration-Resistant, Abnormal DNA Repair, Metastatic Prostate Carcinoma, Stage IV Prostate Cancer",PHASE2,4,2,10,16,32,0.0,0.0,0.0,0.0,1.0,0.0,0.0
ERF,NCT01177397,COMPLETED,"Multiple Myeloma, Diffuse Large B-Cell Lymphoma, Glioblastoma Multiforme, Hepatocellular Carcinoma, Non-Small Cell Lung Cancer, Neuroendocrine Tumors of Non-Pancreatic Origin, Hormone Receptor-Positive Breast Cancer",PHASE1,3,3,10,16,32,0.0,0.0,2.0,1.0,0.0,0.0,0.0
ERH,NCT04531618,RECRUITING,"Child Development, Mother-Infant Interaction, Relation, Parent-Child",NA,0,2,0,16,18,0.0,0.0,3.0,0.0,0.0,0.0,0.0
ESD,NCT02235246,COMPLETED,Gastric Neoplasm,PHASE4,6,3,10,16,35,1.0,0.0,127.0,1.0,5.0,13.0,12.0
ESR2,NCT02089854,UNKNOWN,Female Breast Cancer,PHASE4,6,1,10,16,33,3.0,0.0,0.0,0.0,3.0,2.0,1.0
ETV6,NCT03117751,ACTIVE_NOT_RECRUITING,"Acute Lymphoblastic Leukemia, Acute Lymphoblastic Lymphoma",PHASE2,4,2,10,16,32,0.0,0.0,0.0,0.0,2.0,0.0,0.0
EVL,NCT00921349,COMPLETED,"Variceal Bleeding, Cirrhosis",PHASE4,6,3,0,16,25,0.0,0.0,17.0,0.0,1.0,8.0,18.0
EWSR1,NCT03011528,COMPLETED,Ewing Sarcoma Family of Tumors,PHASE2,4,3,10,16,33,0.0,0.0,0.0,2.0,3.0,0.0,0.0
EXT1,NCT00090220,COMPLETED,"Healthy Adult Female Participants, Prevention, Papillomavirus Infection, Human Papillomavirus Recombinant Vaccine Quadrivalent, Types 6, 11, 16, 18",PHASE3,5,3,0,16,24,0.0,0.0,0.0,2.0,2.0,3.0,0.0
EXT2,NCT00293267,COMPLETED,HIV Infections,PHASE3,5,3,0,16,24,0.0,0.0,0.0,0.0,1.0,2.0,0.0
EZH1,NCT06632977,NOT_YET_RECRUITING,"Castration-Resistant Prostate Carcinoma, Stage IVB Prostate Cancer AJCC v8",PHASE2,4,2,10,16,32,0.0,0.0,0.0,2.0,1.0,0.0,0.0
EZH2,NCT04224493,RECRUITING,"Relapsed/Refractory Follicular Lymphoma, Follicular Lymphoma, Refractory Follicular Lymphoma",PHASE3,5,2,10,16,33,1.0,0.0,3.0,16.0,17.0,1.0,0.0
EZR,NCT06563596,RECRUITING,"Follicular Lymphoma, Lymphoma, Non-Hodgkin Lymphoma, Relapsed Lymphoma, Refractory Lymphoma",PHASE2,4,2,10,16,32,0.0,0.0,0.0,1.0,1.0,0.0,0.0
F2R,NCT02978040,COMPLETED,"Coronary Artery Disease, STEMI - ST Elevation Myocardial Infarction",PHASE4,6,3,0,16,25,2.0,0.0,12.0,5.0,7.0,4.0,5.0
F2RL1,NCT02114216,COMPLETED,Gastro-esophageal Reflux Disease,NA,0,3,0,16,19,0.0,0.0,1.0,0.0,0.0,0.0,0.0
FAAH,NCT05885685,RECRUITING,Healthy,PHASE4,6,2,0,16,24,2.0,0.0,3.0,2.0,5.0,0.0,1.0
FADD,NCT00458809,COMPLETED,"Carcinoma of the Appendix, Colorectal Cancer, Primary Peritoneal Cavity Cancer",PHASE1,3,3,10,16,32,0.0,0.0,0.0,2.0,0.0,0.0,0.0
FADS1,NCT01661764,COMPLETED,Colorectal Adenomatous Polyps,PHASE2,4,3,0,16,23,0.0,0.0,5.0,0.0,1.0,0.0,0.0
FADS2,NCT03572205,COMPLETED,"Fatty Acids, Genetics",NA,0,3,0,16,19,0.0,0.0,2.0,0.0,0.0,0.0,0.0
FAH,NCT06668805,RECRUITING,"Short Stature Homeobox- Containing Gene SHOX Deficiency, Noonan Syndrome, Turner Syndrome",PHASE2,4,2,0,16,22,0.0,0.0,2.0,0.0,1.0,0.0,0.0
FAIM,NCT04920708,RECRUITING,"Metastatic Breast Cancer, ER+ Breast Cancer, Advanced Breast Cancer",PHASE2,4,2,10,16,32,0.0,0.0,3.0,0.0,1.0,0.0,0.0
FANCA,NCT04508803,COMPLETED,Treatment Efficacy,PHASE2,4,3,0,16,23,0.0,0.0,1.0,4.0,9.0,0.0,0.0
FANCC,NCT04508803,COMPLETED,Treatment Efficacy,PHASE2,4,3,0,16,23,0.0,0.0,0.0,2.0,2.0,0.0,0.0
FANCD2,NCT04508803,COMPLETED,Treatment Efficacy,PHASE2,4,3,0,16,23,0.0,0.0,0.0,1.0,1.0,0.0,0.0
FANCE,NCT04508803,COMPLETED,Treatment Efficacy,PHASE2,4,3,0,16,23,0.0,0.0,1.0,0.0,1.0,0.0,0.0
FANCF,NCT04508803,COMPLETED,Treatment Efficacy,PHASE2,4,3,0,16,23,0.0,0.0,0.0,0.0,1.0,0.0,0.0
FANCI,NCT01166386,COMPLETED,Traumatic Brain Injury,NA,0,3,0,16,19,0.0,0.0,1.0,0.0,0.0,0.0,0.0
FANCL,NCT03786796,RECRUITING,"Renal Cell Carcinoma, Metastatic Renal Cell Carcinoma, Kidney Cancer, Renal Carcinoma, Kidney Cancer Metastatic",PHASE2,4,2,10,16,32,0.0,0.0,0.0,0.0,2.0,0.0,0.0
FANCM,NCT04508803,COMPLETED,Treatment Efficacy,PHASE2,4,3,0,16,23,0.0,0.0,0.0,0.0,1.0,0.0,0.0
FAP,NCT04896294,COMPLETED,Dentin Hypersensitivity,PHASE4,6,3,0,16,25,18.0,0.0,71.0,28.0,44.0,10.0,6.0
FAS,NCT04563494,COMPLETED,"Nausea and Vomiting, Postoperative",PHASE4,6,3,0,16,25,4.0,0.0,67.0,17.0,19.0,9.0,13.0
FASN,NCT01021878,COMPLETED,Disorders Associated With Peritoneal Dialysis,PHASE4,6,3,0,16,25,1.0,0.0,12.0,3.0,3.0,1.0,2.0
FAU,NCT01618435,UNKNOWN,Spinal Stenosis,PHASE3,5,1,0,16,22,0.0,0.0,1.0,1.0,0.0,1.0,0.0
FBF1,NCT01059136,COMPLETED,Myocardial Infarction,PHASE3,5,3,0,16,24,0.0,0.0,0.0,0.0,0.0,1.0,0.0
FBL,NCT06565273,RECRUITING,Rheumatoid Arthritis,PHASE2,4,2,0,16,22,0.0,0.0,0.0,1.0,1.0,0.0,0.0
FBN1,NCT00683124,UNKNOWN,Marfan Syndrome,PHASE3,5,1,0,16,22,0.0,0.0,7.0,0.0,1.0,1.0,0.0
FBRS,NCT05608720,COMPLETED,"Behavior, Child, Dentist-Patient Relations",NA,0,3,0,16,19,0.0,0.0,7.0,0.0,0.0,0.0,0.0
FBXL4,NCT04802707,RECRUITING,"Mitochondrial Diseases, Mitochondrial Encephalomyopathy, Mitochondrial Encephalopathy, Mitochondrial DNA Depletion, Mitochondrial Metabolism Disorders",PHASE2,4,2,0,16,22,0.0,0.0,0.0,0.0,1.0,0.0,0.0
FBXO32,NCT02457260,COMPLETED,Heart Failure,PHASE2,4,3,0,16,23,0.0,0.0,0.0,0.0,1.0,0.0,0.0
FBXW2,NCT06758700,NOT_YET_RECRUITING,"Extensive-stage Small Cell Lung Cancer (ES-SCLC), Thoracic Neoplasms, Lung Neoplasms, Lung Diseases",PHASE2,4,2,10,16,32,0.0,0.0,0.0,0.0,1.0,0.0,0.0
FBXW7,NCT02873975,COMPLETED,Advanced Cancers,PHASE2,4,3,10,16,33,0.0,0.0,0.0,0.0,1.0,0.0,0.0
FCGR2A,NCT04421625,COMPLETED,COVID-19,NA,0,3,0,16,19,0.0,0.0,1.0,0.0,0.0,0.0,0.0
FCGR2B,NCT05555251,TERMINATED,"HER2-positive Breast Cancer, HER2-positive Gastric Cancer, HER2-positive Metastatic Breast Cancer, Metastatic Gastroesophageal Junction Adenocarcinoma, Metastatic Gastric Adenocarcinoma",PHASE1,3,0,10,16,29,0.0,0.0,0.0,1.0,0.0,0.0,0.0
FCGRT,NCT04761614,ACTIVE_NOT_RECRUITING,"Metastatic Colorectal Carcinoma, Stage IV Colorectal Cancer AJCC v8, Stage IVA Colorectal Cancer AJCC v8, Stage IVB Colorectal Cancer AJCC v8, Stage IVC Colorectal Cancer AJCC v8",PHASE1,3,2,10,16,31,0.0,0.0,0.0,1.0,0.0,0.0,0.0
FDFT1,NCT05828082,RECRUITING,"Castration-Resistant Prostate Carcinoma, Refractory Prostate Carcinoma",PHASE2,4,2,10,16,32,0.0,0.0,0.0,0.0,1.0,0.0,0.0
FDPS,NCT05252689,COMPLETED,"Single Posterior Crowns, Endodontically Treated Teeth, Decayed Teeth",NA,0,3,0,16,19,0.0,0.0,10.0,0.0,0.0,0.0,0.0
FECH,NCT01550705,TERMINATED,"Erythropoietic Protoporphyria (EPP), X Linked Erythropoietic Protoporphyria",NA,0,0,0,16,16,0.0,0.0,1.0,0.0,0.0,0.0,0.0
FER,NCT02632760,COMPLETED,Anaemia,PHASE4,6,3,0,16,25,8.0,0.0,184.0,51.0,76.0,67.0,61.0
FES,NCT01399268,COMPLETED,Postoperative Inflammatory Response,PHASE4,6,3,0,16,25,7.0,0.0,333.0,14.0,36.0,6.0,9.0
FGF2,NCT05270317,UNKNOWN,Periosteal Elevation,PHASE3,5,1,0,16,22,0.0,0.0,0.0,3.0,0.0,1.0,0.0
FGFR1,NCT04073550,UNKNOWN,Small Cell Lung Cancer,PHASE3,5,1,10,16,32,1.0,0.0,1.0,9.0,32.0,2.0,0.0
FGFR2,NCT02691793,COMPLETED,Refractory Solid Tumors,PHASE4,6,3,10,16,35,0.0,0.0,4.0,17.0,34.0,3.0,1.0
FH,NCT04880395,COMPLETED,HIV-1-infection,PHASE4,6,3,0,16,25,2.0,0.0,47.0,11.0,5.0,18.0,7.0
FHIT,NCT00084409,COMPLETED,"Lung Cancer, Precancerous Condition",PHASE2,4,3,10,16,33,0.0,0.0,0.0,0.0,1.0,0.0,0.0
FIP1L1,NCT00171860,TERMINATED,Hypereosinophilic Syndrome,PHASE2,4,0,0,16,20,0.0,0.0,0.0,0.0,1.0,0.0,0.0
FIS1,NCT06279780,COMPLETED,Obesity Adult Onset,NA,0,3,0,16,19,0.0,0.0,1.0,0.0,0.0,0.0,0.0
FKBP1A,NCT02961608,COMPLETED,Kidney Transplant; Complications,PHASE4,6,3,0,16,25,0.0,0.0,0.0,0.0,0.0,0.0,1.0
FKBP5,NCT02770391,COMPLETED,Prostate Cancer,PHASE2,4,3,10,16,33,0.0,0.0,6.0,2.0,1.0,0.0,0.0
FKRP,NCT05230459,RECRUITING,"Limb Girdle Muscular Dystrophy, Limb-Girdle Muscular Dystrophy Type 2, LGMD2I, Muscular Dystrophy, LGMD2, LGMD, FKRP, FKRP Mutation, Fukutin Related Protein",PHASE1,3,2,0,16,21,0.0,0.0,0.0,2.0,0.0,0.0,0.0
FLCN,NCT02916992,UNKNOWN,Spontaneous Pneumothorax,PHASE1,3,1,0,16,20,0.0,0.0,0.0,1.0,0.0,0.0,0.0
FLI1,NCT02736565,COMPLETED,"Ewing's Sarcoma, Ewing Family of Tumors, Ewing's Tumor Metastatic, Ewing's Sarcoma Metastatic, Ewing's Tumor Recurrent, Rare Diseases, Sarcoma",PHASE1,3,3,10,16,32,0.0,0.0,0.0,5.0,0.0,0.0,0.0
FLVCR1,NCT06565572,ENROLLING_BY_INVITATION,Posterior Column Ataxia with Retinitis Pigmentosa,EARLY_PHASE1,2,0,0,16,18,1.0,0.0,0.0,0.0,0.0,0.0,0.0
FMO4,NCT04990349,COMPLETED,"Cardiogenic Shock, Extracorporeal Membrane Oxygenation",PHASE3,5,3,0,16,24,0.0,0.0,0.0,0.0,0.0,1.0,0.0
FMR1,NCT03722290,COMPLETED,Fragile X Syndrome,PHASE2,4,3,0,16,23,0.0,0.0,5.0,0.0,4.0,0.0,0.0
FN1,NCT03664414,UNKNOWN,"Chronic Kidney Disease stage3 and 4, Type 2 Diabetes Mellitus",PHASE4,6,1,0,16,23,0.0,0.0,2.0,0.0,1.0,0.0,1.0
FOS,NCT05057286,COMPLETED,Gummy Smile,PHASE4,6,3,0,16,25,1.0,0.0,56.0,6.0,11.0,7.0,6.0
FOSB,NCT00343395,TERMINATED,Coronary Artery Disease,PHASE4,6,0,0,16,22,0.0,0.0,0.0,0.0,0.0,0.0,1.0
FOXM1,NCT02255591,COMPLETED,"Hip Fractures, Anesthesia Local, Pain, Postoperative",PHASE4,6,3,0,16,25,0.0,0.0,28.0,1.0,1.0,1.0,2.0
FOXO1,NCT02011906,UNKNOWN,Coronary Artery Disease,PHASE4,6,1,0,16,23,0.0,0.0,1.0,0.0,0.0,1.0,1.0
FOXO3,NCT05346978,COMPLETED,Pre Diabetes,NA,0,3,0,16,19,0.0,0.0,1.0,0.0,0.0,0.0,0.0
FRMD8,NCT01278264,UNKNOWN,Post Operative Pain,PHASE4,6,1,0,16,23,0.0,0.0,3.0,0.0,0.0,0.0,1.0
FRY,NCT02993380,COMPLETED,Hemodialysis,NA,0,3,0,16,19,0.0,0.0,9.0,0.0,0.0,0.0,0.0
FSTL1,NCT02901379,COMPLETED,Myocardial Edema,PHASE3,5,3,0,16,24,0.0,0.0,0.0,0.0,0.0,1.0,0.0
FTL,NCT04704583,COMPLETED,"Failure to Launch, Anxiety Disorders, Hikikomori",NA,0,3,0,16,19,0.0,0.0,2.0,0.0,0.0,0.0,0.0
FTO,NCT05919797,RECRUITING,Obesity,PHASE4,6,2,0,16,24,0.0,0.0,16.0,0.0,1.0,0.0,1.0
FTX,NCT06261437,NOT_YET_RECRUITING,Healthy Volunteers,NA,0,2,0,0,2,0.0,0.0,1.0,0.0,0.0,0.0,0.0
FURIN,NCT05004324,UNKNOWN,"Dermatitis, Atopic",PHASE3,5,1,0,16,22,0.0,0.0,0.0,1.0,2.0,2.0,0.0
FUS,NCT00180739,WITHDRAWN,"Uterine Fibroids, Pregnancy",PHASE4,6,0,0,16,22,3.0,0.0,48.0,12.0,5.0,4.0,1.0
FUT2,NCT02000089,RECRUITING,"Pancreas Cancer, Peutz-Jeghers Syndrome (PJS), Gene Mutation, Germline Mutation Carrier, Lynch Syndrome",PHASE3,5,2,10,16,33,0.0,0.0,2.0,2.0,1.0,1.0,0.0
FXN,NCT01716221,COMPLETED,Friedreich Ataxia,PHASE4,6,3,0,16,25,2.0,0.0,8.0,12.0,20.0,6.0,2.0
FYN,NCT05112081,NOT_YET_RECRUITING,"Scrotum Disease, Chronic Pain",PHASE4,6,2,0,16,24,0.0,0.0,7.0,2.0,3.0,2.0,2.0
G6PC3,NCT04138251,UNKNOWN,"Glycogen Storage Disease Type I, Glucose 6 Phosphatase Deficiency",PHASE2,4,1,0,16,21,0.0,0.0,0.0,1.0,1.0,0.0,0.0
G6PD,NCT02389374,COMPLETED,Malaria,PHASE4,6,3,0,16,25,1.0,0.0,17.0,10.0,11.0,11.0,19.0
GAA,NCT00486889,COMPLETED,"Pompe Disease, Glycogen Storage Disease Type II (GSD-II), Acid Maltase Deficiency Disease",PHASE4,6,3,0,16,25,3.0,0.0,17.0,14.0,12.0,5.0,6.0
GALC,NCT04771416,SUSPENDED,"Leukodystrophy, Globoid Cell",PHASE1,3,0,0,16,19,0.0,0.0,0.0,1.0,0.0,0.0,0.0
GALE,NCT03761511,WITHDRAWN,Friedreich Ataxia,PHASE2,4,0,0,16,20,0.0,0.0,0.0,0.0,1.0,0.0,0.0
GALNS,NCT01966029,COMPLETED,Mucopolysaccharidosis IVA (Morquio A Syndrome),PHASE3,5,3,0,16,24,0.0,0.0,0.0,0.0,0.0,1.0,0.0
GALT,NCT01025427,COMPLETED,"HIV, HIV Infections",PHASE4,6,3,0,16,25,0.0,0.0,4.0,3.0,1.0,1.0,3.0
GAN,NCT01397331,TERMINATED,"Heart; Dysfunction Postoperative, Cardiac Surgery, Disorder; Heart, Functional, Postoperative, Cardiac Surgery",PHASE4,6,0,0,16,22,1.0,0.0,13.0,14.0,15.0,21.0,2.0
GANC,NCT04148690,TERMINATED,"Malaria, Malaria in Pregnancy",NA,0,0,0,16,16,0.0,0.0,1.0,0.0,0.0,0.0,0.0
GAPDH,NCT04400981,COMPLETED,Ischemic Stroke,NA,0,3,0,16,19,0.0,0.0,1.0,0.0,0.0,0.0,0.0
GAS6,NCT03824080,COMPLETED,"Acute Myeloid Leukemia, High-risk Myelodysplastic Syndrome, Low-risk Myelodysplastic Syndrome",PHASE2,4,3,10,16,33,1.0,0.0,3.0,1.0,1.0,0.0,0.0
GATA3,NCT02026518,COMPLETED,Irritable Bowel Disease,PHASE4,6,3,0,16,25,0.0,0.0,3.0,2.0,1.0,1.0,1.0
GCA,NCT03726749,COMPLETED,Giant Cell Arteritis,PHASE4,6,3,0,16,25,0.0,0.0,8.0,4.0,14.0,18.0,5.0
GCDH,NCT06217861,RECRUITING,"Glutaric Acidemia Type I, Glutaric Aciduria Type I",PHASE1,3,2,0,16,21,0.0,0.0,0.0,1.0,0.0,0.0,0.0
GCLC,NCT03419988,COMPLETED,Aging,NA,0,3,0,16,19,0.0,0.0,1.0,0.0,0.0,0.0,0.0
GCLM,NCT03965689,ACTIVE_NOT_RECRUITING,"Metastatic Lung Non-Small Cell Squamous Carcinoma, Metastatic Lung Non-Squamous Non-Small Cell Carcinoma, Stage IIIB Lung Cancer AJCC v8, Stage IV Lung Cancer AJCC v8, Stage IVA Lung Cancer AJCC v8, Stage IVB Lung Cancer AJCC v8, Unresectable Lung Non-Small Cell Carcinoma, Unresectable Lung Non-Squamous Non-Small Cell Carcinoma",PHASE2,4,2,10,16,32,0.0,0.0,1.0,0.0,1.0,0.0,0.0
GDF11,NCT05924100,RECRUITING,"Myelodysplastic Syndromes, Del(5Q), Anemia, Transfusion-dependent Anemia",PHASE2,4,2,0,16,22,1.0,0.0,0.0,0.0,1.0,0.0,0.0
GDF15,NCT05546476,ACTIVE_NOT_RECRUITING,"Non-small Cell Lung Cancer, Pancreatic Cancer, Colorectal Cancer, Loss of Appetite, Fatigue, Cachexia",PHASE2,4,2,10,16,32,0.0,0.0,6.0,6.0,4.0,0.0,0.0
GEM,NCT01664975,COMPLETED,Peripheral T-cell Lymphoma,PHASE4,6,3,10,16,35,0.0,0.0,53.0,53.0,108.0,24.0,4.0
GEN1,NCT03902080,COMPLETED,Overactive Bladder,PHASE3,5,3,0,16,24,0.0,0.0,5.0,8.0,4.0,1.0,0.0
GGH,NCT03421483,UNKNOWN,Folate,NA,0,1,0,16,17,0.0,0.0,1.0,0.0,0.0,0.0,0.0
GHDC,NCT04723290,COMPLETED,Covid19,NA,0,3,0,16,19,0.0,0.0,2.0,0.0,0.0,0.0,0.0
GHRL,NCT00951431,COMPLETED,Functional Dyspepsia,PHASE4,6,3,0,16,25,3.0,0.0,230.0,29.0,28.0,10.0,16.0
GK,NCT04531631,COMPLETED,"Diabetes Mellitus, Type 2",PHASE2,4,3,0,16,23,0.0,0.0,6.0,7.0,6.0,0.0,0.0
GLA,NCT00329680,COMPLETED,"Sepsis, Severe Sepsis, Septic Shock",PHASE4,6,3,0,16,25,3.0,0.0,34.0,59.0,22.0,12.0,13.0
GLB1,NCT04713475,ACTIVE_NOT_RECRUITING,"GM1 Gangliosidosis, GM1 Gangliosidosis, Type I, GM1 Gangliosidosis, Type 2, Beta-Galactosidase-1 (GLB1) Deficiency",PHASE1,3,2,0,16,21,0.0,0.0,0.0,3.0,0.0,0.0,0.0
GLDC,NCT01720316,COMPLETED,"Schizo-affective Disorder, Bipolar Disorder",PHASE2,4,3,0,16,23,1.0,0.0,1.0,0.0,1.0,0.0,0.0
GLS,NCT00861276,COMPLETED,Smoking Cessation,PHASE4,6,3,0,16,25,1.0,0.0,25.0,2.0,4.0,8.0,9.0
GMFB,NCT03933709,COMPLETED,"Nutrition Disorder, Child, Gross Motor Development Delay, Neuro: Cerebral Palsy, Diet Modification, Probiotics",NA,0,3,0,16,19,0.0,0.0,1.0,0.0,0.0,0.0,0.0
GMPS,NCT02604966,UNKNOWN,Drug Resistant Malaria Due to Plasmodium Falciparum,PHASE4,6,1,0,16,23,0.0,0.0,0.0,1.0,0.0,0.0,1.0
GNA11,NCT01143402,COMPLETED,"Iris Melanoma, Medium/Large Size Posterior Uveal Melanoma, Ocular Melanoma With Extraocular Extension, Recurrent Uveal Melanoma, Small Size Posterior Uveal Melanoma, Stage IV Uveal Melanoma",PHASE2,4,3,10,16,33,0.0,0.0,0.0,1.0,5.0,0.0,0.0
GNAO1,NCT06412653,RECRUITING,"GNAO1, Dystonia, Epilepsy, Development Delay, Developmental and Epileptic Encephalopathy 17, Neurodevelopmental Disorder With Involuntary Movements, Choreoathetosis",PHASE2,4,2,0,16,22,0.0,0.0,0.0,0.0,1.0,0.0,0.0
GNAQ,NCT01979523,COMPLETED,"Recurrent Uveal Melanoma, Stage IV Uveal Melanoma AJCC v7",PHASE2,4,3,10,16,33,0.0,0.0,1.0,2.0,5.0,0.0,0.0
GNAS,NCT02743377,COMPLETED,Nervous System Disease,PHASE1,3,3,0,16,22,0.0,0.0,3.0,1.0,0.0,0.0,0.0
GNB5,NCT04291768,RECRUITING,"Gram-negative Bacteremia, Urinary Tract Infection Bacterial",PHASE4,6,2,0,16,24,0.0,0.0,0.0,0.0,0.0,0.0,1.0
GNE,NCT04671472,COMPLETED,"GNE Myopathy, Distal Myopathy With Rimmed Vacuoles (DMRV), Hereditary Inclusion Body Myopathy (hIBM), Nonaka Disease",PHASE3,5,3,0,16,24,0.0,0.0,5.0,3.0,7.0,3.0,0.0
GNS,NCT00998426,COMPLETED,Hepatitis B,PHASE4,6,3,0,16,25,0.0,0.0,6.0,1.0,0.0,0.0,1.0
GOPC,NCT02701686,COMPLETED,Smoking,NA,0,3,0,16,19,0.0,0.0,7.0,0.0,0.0,0.0,0.0
GOT1,NCT04408963,COMPLETED,HIV,PHASE1,3,3,0,16,22,0.0,0.0,1.0,2.0,0.0,0.0,0.0
GPC2,NCT05650749,RECRUITING,"Refractory Neuroblastoma, Relapsed Neuroblastoma, High-risk Neuroblastoma",PHASE1,3,2,0,16,21,0.0,0.0,0.0,1.0,0.0,0.0,0.0
GPC3,NCT04864054,RECRUITING,"Hepatocellular Carcinoma, Liver Cancer, Adult, Liver Neoplasm, Metastatic Liver Cancer",PHASE2,4,2,10,16,32,4.0,0.0,6.0,47.0,2.0,0.0,0.0
GPER1,NCT04513405,UNKNOWN,"Skin Tear, Estrogen Deficiency",NA,0,1,0,16,17,0.0,0.0,1.0,0.0,0.0,0.0,0.0
GPI,NCT01108029,COMPLETED,"Parkinson's Disease, Gait Disorders, Neurologic",PHASE4,6,3,0,16,25,1.0,0.0,42.0,9.0,10.0,6.0,3.0
GPNMB,NCT02487979,COMPLETED,Recurrent Osteosarcoma,PHASE2,4,3,10,16,33,3.0,0.0,1.0,2.0,5.0,0.0,0.0
GPR55,NCT02048397,COMPLETED,Bronchiectasis,NA,0,3,0,16,19,0.0,0.0,1.0,0.0,0.0,0.0,0.0
GRB10,NCT02159144,COMPLETED,"Obesity, Type 2 Diabetes",NA,0,3,0,16,19,0.0,0.0,1.0,0.0,0.0,0.0,0.0
GRB2,NCT02781883,UNKNOWN,Acute Myeloid Leukemia (AML),PHASE2,4,1,10,16,31,0.0,0.0,0.0,2.0,1.0,0.0,0.0
GRHPR,NCT03847909,COMPLETED,"Primary Hyperoxaluria Type 1 (PH1), Primary Hyperoxaluria Type 2 (PH2), Kidney Diseases, Urologic Diseases, Genetic Disease",PHASE2,4,3,0,16,23,0.0,0.0,0.0,0.0,2.0,0.0,0.0
GRK4,NCT01629225,UNKNOWN,Essential Hypertension,PHASE4,6,1,0,16,23,0.0,0.0,0.0,0.0,0.0,0.0,1.0
GRN,NCT05456503,RECRUITING,"Frontotemporal Lobar Degeneration, Alzheimer Disease, Cognitively Normal",PHASE3,5,2,0,16,23,0.0,0.0,4.0,9.0,1.0,1.0,0.0
GSDMD,NCT06220929,NOT_YET_RECRUITING,"Sepsis, Liver Dysfunction",PHASE4,6,2,0,16,24,0.0,0.0,1.0,0.0,0.0,0.0,1.0
GSK3B,NCT00385710,COMPLETED,Progressive Supranuclear Palsy,PHASE2,4,3,0,16,23,0.0,0.0,0.0,0.0,1.0,0.0,0.0
GSN,NCT04358406,COMPLETED,Sars-CoV2,PHASE2,4,3,0,16,23,0.0,0.0,5.0,2.0,3.0,0.0,0.0
GSPT1,NCT05546268,RECRUITING,"NSCLC, SCLC, High Grade Neuroendocrine Cancer, DLBCL, L-MYC and N-MYC Amplified Solid Tumors, NSCLC With High or Low L-MYC or N-MYC Expression, HR-positive, HER2-negative Breast Cancer, Prostate Cancer",PHASE1,3,2,10,16,31,0.0,0.0,0.0,1.0,0.0,0.0,0.0
GSR,NCT04902859,UNKNOWN,"Retinopathy of Prematurity, Pain, Procedural, Premature Infant Disease",PHASE4,6,1,0,16,23,1.0,0.0,32.0,1.0,2.0,0.0,1.0
GSS,NCT05268419,COMPLETED,"Clinical Infection, Outcome, Morality",PHASE3,5,3,0,16,24,0.0,0.0,20.0,0.0,0.0,1.0,0.0
GSTP1,NCT00775645,COMPLETED,"Breast Cancer, Chemotherapeutic Agent Toxicity, Fatigue, Neuropathy, Neurotoxicity",PHASE3,5,3,10,16,34,0.0,0.0,2.0,1.0,2.0,1.0,0.0
GSTZ1,NCT02616484,ACTIVE_NOT_RECRUITING,Pyruvate Dehydrogenase Complex Deficiency,PHASE3,5,2,0,16,23,0.0,0.0,1.0,1.0,0.0,1.0,0.0
GTF2I,NCT06315699,RECRUITING,"Williams Syndrome, Child, Neurodevelopmental Delay",PHASE3,5,2,0,16,23,0.0,0.0,0.0,0.0,0.0,1.0,0.0
GYG1,NCT03642860,COMPLETED,"Tarui Disease, Debrancher Deficiency, GYG1 DEFICIENCY",PHASE2,4,3,0,16,23,0.0,0.0,0.0,0.0,1.0,0.0,0.0
HADHA,NCT05304546,NOT_YET_RECRUITING,"Malignant Melanoma, Metastatic Melanoma, Immunotherapy, BRAF V600E, Malignant Melanoma Stage IV",PHASE2,4,2,10,16,32,0.0,0.0,0.0,0.0,1.0,0.0,0.0
HAS3,NCT04699604,RECRUITING,Allergic Asthma,PHASE3,5,2,0,16,23,0.0,0.0,0.0,0.0,0.0,1.0,0.0
HAT1,NCT03406117,COMPLETED,"Healthy, Atopic Dermatitis, Psoriasis",PHASE4,6,3,0,16,25,0.0,0.0,0.0,2.0,1.0,0.0,1.0
HBEGF,NCT01594177,COMPLETED,Unilateral HER2 Positive Breast Cancer,PHASE2,4,3,10,16,33,0.0,0.0,0.0,0.0,1.0,0.0,0.0
HBS1L,NCT06146478,COMPLETED,Transfusion-dependent Beta-Thalassemia,PHASE3,5,3,0,16,24,0.0,0.0,0.0,0.0,0.0,1.0,0.0
HCAR2,NCT06582706,RECRUITING,Alzheimer Disease,PHASE1,3,2,0,16,21,0.0,0.0,3.0,1.0,0.0,0.0,0.0
HCCS,NCT00357474,COMPLETED,Hepatocellular Carcinoma,PHASE3,5,3,10,16,34,0.0,0.0,14.0,1.0,1.0,2.0,0.0
HDAC1,NCT05563844,RECRUITING,Diffuse Large B Cell Lymphoma，DLBCL,PHASE2,4,2,10,16,32,0.0,0.0,0.0,4.0,1.0,0.0,0.0
HDAC10,NCT05563844,RECRUITING,Diffuse Large B Cell Lymphoma，DLBCL,PHASE2,4,2,10,16,32,0.0,0.0,0.0,1.0,1.0,0.0,0.0
HDAC11,NCT05563844,RECRUITING,Diffuse Large B Cell Lymphoma，DLBCL,PHASE2,4,2,10,16,32,0.0,0.0,0.0,1.0,1.0,0.0,0.0
HDAC2,NCT02340520,COMPLETED,COPD,PHASE3,5,3,0,16,24,0.0,0.0,0.0,2.0,3.0,1.0,0.0
HDAC3,NCT05563844,RECRUITING,Diffuse Large B Cell Lymphoma，DLBCL,PHASE2,4,2,10,16,32,0.0,0.0,0.0,1.0,2.0,0.0,0.0
HDAC4,NCT05563844,RECRUITING,Diffuse Large B Cell Lymphoma，DLBCL,PHASE2,4,2,10,16,32,0.0,0.0,1.0,1.0,1.0,0.0,0.0
HDAC5,NCT05563844,RECRUITING,Diffuse Large B Cell Lymphoma，DLBCL,PHASE2,4,2,10,16,32,0.0,0.0,0.0,1.0,1.0,0.0,0.0
HDAC6,NCT01023308,COMPLETED,Multiple Myeloma,PHASE3,5,3,0,16,24,0.0,0.0,0.0,9.0,3.0,1.0,0.0
HDAC7,NCT05563844,RECRUITING,Diffuse Large B Cell Lymphoma，DLBCL,PHASE2,4,2,10,16,32,0.0,0.0,0.0,1.0,1.0,0.0,0.0
HDAC8,NCT05873244,RECRUITING,HCC,PHASE2,4,2,10,16,32,0.0,0.0,0.0,4.0,2.0,0.0,0.0
HDAC9,NCT05563844,RECRUITING,Diffuse Large B Cell Lymphoma，DLBCL,PHASE2,4,2,10,16,32,0.0,0.0,0.0,1.0,1.0,0.0,0.0
HDX,NCT04585607,COMPLETED,Chronic Kidney Disease Requiring Chronic Dialysis,PHASE4,6,3,0,16,25,0.0,0.0,14.0,0.0,0.0,0.0,1.0
HES1,NCT01192763,TERMINATED,"Adenocarcinoma of the Pancreas, Stage IA Pancreatic Cancer, Stage IB Pancreatic Cancer, Stage IIA Pancreatic Cancer, Stage IIB Pancreatic Cancer",PHASE1,3,0,10,16,29,0.0,0.0,0.0,1.0,0.0,0.0,0.0
HEXA,NCT00294294,COMPLETED,"Vaccines, Pneumococcal, Infant, Fever, Chemically Induced, Drug Therapy, Combination",PHASE4,6,3,0,16,25,0.0,0.0,2.0,2.0,8.0,28.0,15.0
HEXB,NCT03822013,RECRUITING,"GM2 Gangliosidosis, Supportive Care",PHASE3,5,2,0,16,23,0.0,0.0,0.0,2.0,0.0,1.0,0.0
HEXIM1,NCT05950464,RECRUITING,"Endometrial Carcinoma, Endometrial Clear Cell Adenocarcinoma, Endometrial Endometrioid Adenocarcinoma, Endometrial Low Grade Endometrioid Adenocarcinoma, Ovarian Clear Cell Adenocarcinoma, Ovarian Endometrioid Adenocarcinoma, Ovarian High Grade Serous Adenocarcinoma, Ovarian Low Grade Endometrioid Adenocarcinoma, Platinum-Resistant Ovarian Carcinoma",PHASE1,3,2,10,16,31,0.0,0.0,0.0,1.0,0.0,0.0,0.0
HFE,NCT03196882,COMPLETED,"Anemia Ferropenic, Risk of Hemoconcentration (Iron Levels >130g/L)",PHASE4,6,3,0,16,25,0.0,0.0,7.0,0.0,4.0,1.0,2.0
HGS,NCT00656006,COMPLETED,Chronic Hepatitis C,PHASE2,4,3,0,16,23,1.0,0.0,23.0,1.0,2.0,0.0,0.0
HIF1A,NCT00880672,COMPLETED,Benign Prostatic Hyperplasia,PHASE4,6,3,0,16,25,0.0,0.0,5.0,8.0,3.0,0.0,2.0
HIP1,NCT00276926,UNKNOWN,"Hypereosinophilic Syndrome, Chronic Eosinophilic Leukemia (CEL), Myeloproliferative Disorders",PHASE2,4,1,10,16,31,0.0,0.0,0.0,1.0,1.0,0.0,0.0
HIPK2,NCT04804436,COMPLETED,Kidney Stone,NA,0,3,0,16,19,0.0,0.0,1.0,0.0,0.0,0.0,0.0
HIRA,NCT04915924,COMPLETED,Advanced Heart Failure,NA,0,3,0,16,19,0.0,0.0,2.0,0.0,0.0,0.0,0.0
HK2,NCT04644770,RECRUITING,"Prostatic Neoplasms, Adenocarcinoma",PHASE1,3,2,10,16,31,3.0,0.0,0.0,1.0,0.0,0.0,0.0
HLA-A,NCT02745717,COMPLETED,Severe Aplastic Anemia,PHASE4,6,3,0,16,25,3.0,0.0,2.0,67.0,20.0,5.0,1.0
HLA-B,NCT01517620,COMPLETED,Ankylosing Spondylitis,PHASE4,6,3,0,16,25,7.0,0.0,163.0,167.0,187.0,108.0,65.0
HLA-C,NCT00196768,UNKNOWN,"Relapsed Acute Promyelocytic Leukemia, Refractory Acute Promyelocytic Leukemia",PHASE4,6,1,10,16,33,0.0,0.0,1.0,4.0,3.0,0.0,1.0
HLA-DPB1,NCT00020397,COMPLETED,Melanoma (Skin),PHASE2,4,3,10,16,33,0.0,0.0,0.0,2.0,1.0,0.0,0.0
HLA-DQB1,NCT02868450,COMPLETED,Whipple Infection,NA,0,3,0,0,3,0.0,0.0,2.0,0.0,0.0,0.0,0.0
HLA-DRB1,NCT00264524,COMPLETED,Rheumatic Heart Disease,NA,0,3,0,16,19,0.0,0.0,4.0,0.0,0.0,0.0,0.0
HLA-E,NCT00198718,COMPLETED,"Vitamin A Deficiency, HIV",PHASE2,4,3,0,16,23,0.0,0.0,0.0,0.0,2.0,0.0,0.0
HLCS,NCT03026296,COMPLETED,"Musculoskeletal Disease, Obesity, Psychological Disorder",NA,0,3,0,16,19,0.0,0.0,1.0,0.0,0.0,0.0,0.0
HMBS,NCT02110329,COMPLETED,"Colorectal Cancer, Stage II and III",NA,0,3,10,16,29,0.0,0.0,1.0,0.0,0.0,0.0,0.0
HMGA2,NCT05619913,RECRUITING,"Ovarian Carcinosarcoma, Uterine Carcinosarcoma",PHASE2,4,2,10,16,32,0.0,0.0,0.0,0.0,2.0,0.0,0.0
HMGB1,NCT02439905,COMPLETED,One Lung Ventilation in Thoracic Surgery,PHASE4,6,3,0,16,25,1.0,0.0,13.0,4.0,6.0,1.0,2.0
HMGCR,NCT04776889,COMPLETED,Prostate Cancer Metastatic,PHASE4,6,3,10,16,35,0.0,0.0,0.0,0.0,1.0,0.0,2.0
HMGN1,NCT02916147,UNKNOWN,"Carcinoma, Non-Small-Cell Lung",NA,0,1,10,16,27,0.0,0.0,1.0,0.0,0.0,0.0,0.0
HMMR,NCT03803033,COMPLETED,Chronic Disease,NA,0,3,0,16,19,0.0,0.0,1.0,0.0,0.0,0.0,0.0
HMOX1,NCT01942291,COMPLETED,Hypoalphalipoproteinemia,PHASE4,6,3,0,16,25,0.0,0.0,10.0,5.0,7.0,3.0,5.0
HNMT,NCT04402593,WITHDRAWN,"Relapsed Germ Cell Cancer, Cisplatin Induced Tinnitus",NA,0,0,10,16,26,0.0,0.0,1.0,0.0,0.0,0.0,0.0
HOXA10,NCT04676269,UNKNOWN,Cell- and Tissue-Based Therapy,EARLY_PHASE1,2,1,0,16,19,1.0,0.0,1.0,0.0,0.0,0.0,0.0
HOXA9,NCT04175470,COMPLETED,Ovarian Cancer Recurrent,PHASE2,4,3,10,16,33,0.0,0.0,0.0,0.0,1.0,0.0,0.0
HP1BP3,NCT06544941,RECRUITING,"Postpartum Depression, Postpartum Anxiety, Sleep Disturbance, Infant Behavior, Maternal Behavior, Inflammation, Military Family",NA,0,2,0,16,18,0.0,0.0,1.0,0.0,0.0,0.0,0.0
HPDL,NCT05474820,COMPLETED,"Inflammatory Response, Periodontitis",NA,0,3,0,16,19,0.0,0.0,1.0,0.0,0.0,0.0,0.0
HPRT1,NCT00935753,WITHDRAWN,Behavioral Manifestations of Lesch-Nyhan Disease,PHASE2,4,0,0,16,20,0.0,0.0,0.0,1.0,1.0,0.0,0.0
HPS1,NCT00001596,COMPLETED,"Albinism, Inborn Errors of Metabolism, Oculocutaneous Albinism, Platelet Storage Pool Deficiency, Pulmonary Fibrosis",PHASE2,4,3,0,16,23,0.0,0.0,0.0,1.0,3.0,0.0,0.0
HPS4,NCT03705234,ACTIVE_NOT_RECRUITING,Atherosclerotic Cardiovascular Disease,PHASE3,5,2,0,16,23,0.0,0.0,0.0,0.0,0.0,1.0,0.0
HRAS,NCT02383927,COMPLETED,"Thyroid Cancer, Squamous Cell Carcinoma Head and Neck Cancer (HNSCC), HRAS Mutant Tumor, Other Squamous Cell Carcinoma (SCC) With HRAS Mutant Tumor",PHASE2,4,3,10,16,33,0.0,0.0,2.0,5.0,11.0,0.0,0.0
HSD17B1,NCT03709420,COMPLETED,Endometriosis,PHASE1,3,3,0,16,22,0.0,0.0,0.0,1.0,0.0,0.0,0.0
HSF1,NCT06420349,RECRUITING,"Advanced Cholangiocarcinoma, Metastatic Cholangiocarcinoma, Refractory Cholangiocarcinoma, Stage III Hilar Cholangiocarcinoma AJCC V8, Stage III Intrahepatic Cholangiocarcinoma AJCC V8, Stage IV Hilar Cholangiocarcinoma AJCC V8, Stage IV Intrahepatic Cholangiocarcinoma AJCC V8",PHASE1,3,2,10,16,31,0.0,0.0,0.0,1.0,0.0,0.0,0.0
HSPA1A,NCT04641494,COMPLETED,"Obesity, Lung Functions, Inflammation, Lipid Disorder",NA,0,3,0,16,19,0.0,0.0,1.0,0.0,0.0,0.0,0.0
HSPB1,NCT02117960,COMPLETED,Cardiovascular Disease,PHASE4,6,3,0,16,25,0.0,0.0,2.0,2.0,1.0,0.0,1.0
HTR2B,NCT01558193,COMPLETED,Aggression,NA,0,3,0,16,19,0.0,0.0,1.0,0.0,0.0,0.0,0.0
HTRA1,NCT02689518,COMPLETED,"Macular Degeneration, Wet Macular Degeneration",PHASE4,6,3,0,16,25,0.0,0.0,1.0,0.0,0.0,0.0,2.0
HTT,NCT01065220,COMPLETED,Transsexualism,PHASE4,6,3,0,16,25,3.0,0.0,21.0,12.0,8.0,2.0,7.0
HYOU1,NCT00813423,COMPLETED,Adult Solid Neoplasm,PHASE1,3,3,10,16,32,1.0,0.0,0.0,1.0,0.0,0.0,0.0
ICAM1,NCT01487863,COMPLETED,"Prostate Cancer Metastatic, Hormone Refractory Prostate Cancer, Castration-resistant Prostate Cancer",PHASE2,4,3,10,16,33,0.0,0.0,3.0,2.0,3.0,0.0,0.0
ICMT,NCT02813174,COMPLETED,Postpartum Depression,NA,0,3,0,16,19,0.0,0.0,1.0,0.0,0.0,0.0,0.0
ID1,NCT01712984,COMPLETED,Influenza,PHASE3,5,3,0,16,24,0.0,0.0,1.0,0.0,0.0,1.0,0.0
ID2,NCT01712984,COMPLETED,Influenza,PHASE3,5,3,0,16,24,0.0,0.0,2.0,0.0,0.0,1.0,0.0
IDE,NCT03447873,COMPLETED,HIV Infections,PHASE4,6,3,0,16,25,5.0,1.0,224.0,23.0,56.0,24.0,70.0
IDH1,NCT02989857,COMPLETED,"Advanced Cholangiocarcinoma, Metastatic Cholangiocarcinoma",PHASE3,5,3,10,16,34,2.0,0.0,8.0,46.0,33.0,10.0,0.0
IDH2,NCT02577406,COMPLETED,"Leukemia, Myeloid, Isocitrate Dehydrogenase",PHASE3,5,3,10,16,34,1.0,0.0,2.0,24.0,21.0,7.0,0.0
IDS,NCT00644722,COMPLETED,"Cardiac Arrest, Coma, Major Trauma, Respiratory Distress, Shock",PHASE4,6,3,0,16,25,2.0,0.0,56.0,8.0,32.0,12.0,12.0
IDUA,NCT03053089,COMPLETED,Mucopolysaccharidosis I,PHASE1,3,3,0,16,22,0.0,0.0,2.0,9.0,0.0,0.0,0.0
IFI16,NCT03513497,COMPLETED,"Severe Periodontitis, Acute Inflammatory Response",NA,0,3,0,16,19,0.0,0.0,2.0,0.0,0.0,0.0,0.0
IFI44,NCT01538719,COMPLETED,"Scleroderma, Systemic Sclerosis, Diffuse Scleroderma, Diffuse Systemic Sclerosis",PHASE1,3,3,0,16,22,0.0,0.0,0.0,1.0,0.0,0.0,0.0
IFIH1,NCT04353180,UNKNOWN,COVID19,PHASE3,5,1,0,16,22,0.0,0.0,1.0,0.0,0.0,1.0,0.0
IFNAR1,NCT01959633,COMPLETED,Melanoma,PHASE1,3,3,10,16,32,0.0,0.0,0.0,2.0,0.0,0.0,0.0
IFNAR2,NCT02973646,UNKNOWN,Chronic Hepatitis b,PHASE4,6,1,0,16,23,0.0,0.0,0.0,0.0,0.0,0.0,1.0
IGBP1,NCT00536120,COMPLETED,Multiple Sclerosis,PHASE4,6,3,0,16,25,0.0,0.0,0.0,0.0,0.0,1.0,1.0
IGF1,NCT00212758,COMPLETED,"Kidney Failure, Chronic, Growth Hormone Deficiency",PHASE4,6,3,0,16,25,2.0,0.0,134.0,50.0,66.0,26.0,26.0
IGF1R,NCT00799240,COMPLETED,Non Small Cell Lung Cancer,PHASE2,4,3,10,16,33,0.0,0.0,0.0,9.0,7.0,0.0,0.0
IGFBP2,NCT03029611,TERMINATED,"Stage III Fallopian Tube Cancer, Stage III Ovarian Cancer, Stage III Primary Peritoneal Cancer, Stage IIIA Fallopian Tube Cancer, Stage IIIA Ovarian Cancer, Stage IIIA Primary Peritoneal Cancer, Stage IIIB Fallopian Tube Cancer, Stage IIIB Ovarian Cancer, Stage IIIB Primary Peritoneal Cancer, Stage IIIC Fallopian Tube Cancer, Stage IIIC Ovarian Cancer, Stage IIIC Primary Peritoneal Cancer, Stage IV Fallopian Tube Cancer, Stage IV Ovarian Cancer, Stage IV Primary Peritoneal Cancer",PHASE2,4,0,10,16,30,0.0,0.0,1.0,0.0,1.0,0.0,0.0
IGFBP3,NCT01120236,COMPLETED,"Prostate Adenocarcinoma, Recurrent Prostate Carcinoma, Stage IV Prostate Cancer",PHASE2,4,3,10,16,33,0.0,0.0,3.0,1.0,2.0,0.0,0.0
IGFBP7,NCT02499185,TERMINATED,"Acute Kidney Injury, Arterial Hypertension, Obesity, Cardio Vascular Disease, Diabetes Mellitus, Chronic Liver Disease, Hypercholesterolemia",PHASE4,6,0,0,16,22,0.0,0.0,9.0,0.0,2.0,0.0,1.0
IGHMBP2,NCT05152823,ENROLLING_BY_INVITATION,"SMARD1, CMT2S",PHASE1,3,0,0,16,19,0.0,0.0,0.0,1.0,0.0,0.0,0.0
IK,NCT03005366,COMPLETED,Paroxysmal Atrial Fibrillation,PHASE4,6,3,0,16,25,0.0,0.0,22.0,5.0,2.0,5.0,6.0
IKBKB,NCT06729463,RECRUITING,"Psoriasis, Psoriatic Arthritis",NA,0,2,0,16,18,0.0,0.0,1.0,0.0,0.0,0.0,0.0
IKZF2,NCT03979508,RECRUITING,"Anatomic Stage I Breast Cancer AJCC v8, Anatomic Stage II Breast Cancer AJCC v8, Anatomic Stage III Breast Cancer AJCC v8, Breast Ductal Carcinoma In Situ, Breast Fibrocystic Change, Breast Lobular Carcinoma In Situ, Invasive Breast Carcinoma, Prognostic Stage I Breast Cancer AJCC v8, Prognostic Stage IA Breast Cancer AJCC v8, Prognostic Stage IB Breast Cancer AJCC v8, Prognostic Stage II Breast Cancer AJCC v8, Prognostic Stage IIA Breast Cancer AJCC v8, Prognostic Stage IIB Breast Cancer AJCC v8, Prognostic Stage III Breast Cancer AJCC v8, Prognostic Stage IIIA Breast Cancer AJCC v8, Prognostic Stage IIIB Breast Cancer AJCC v8, Prognostic Stage IIIC Breast Cancer AJCC v8, Triple-Negative Breast Carcinoma",PHASE2,4,2,10,16,32,0.0,0.0,0.0,0.0,1.0,0.0,0.0
IKZF5,NCT03387826,COMPLETED,"Myocardial Infarction, Diabetes Mellitus, Coronary Artery Disease, Renal Disease",PHASE4,6,3,0,16,25,0.0,0.0,5.0,1.0,2.0,0.0,4.0
IL15,NCT03059966,COMPLETED,Gingival Recession,PHASE4,6,3,0,16,25,1.0,0.0,18.0,77.0,17.0,1.0,1.0
IL15RA,NCT05445882,WITHDRAWN,Castration Resistant Prostate Cancer,PHASE2,4,0,10,16,30,0.0,0.0,0.0,0.0,1.0,0.0,0.0
IL16,NCT01597817,COMPLETED,Atopic Dermatitis,PHASE2,4,3,0,16,23,0.0,0.0,1.0,0.0,1.0,0.0,0.0
IL17RA,NCT03935061,UNKNOWN,"General Anxiety Disorders, Systemic Inflammation, Interleukin",NA,0,1,0,16,17,0.0,0.0,1.0,0.0,0.0,0.0,0.0
IL18,NCT04527289,COMPLETED,"Trauma, Brain",PHASE4,6,3,0,16,25,0.0,0.0,35.0,11.0,21.0,9.0,9.0
IL1R1,NCT01794117,COMPLETED,"Sneddon-Wilkinson, Acrodermatitis Continua of Hallopeau, Pustular Psoriasis, Palmoplantar Pustulosis",PHASE2,4,3,0,16,23,0.0,0.0,0.0,1.0,1.0,0.0,0.0
IL1RAP,NCT03267316,COMPLETED,"Non Small Cell Lung Cancer, Pancreatic Ductal Adenocarcinoma, Triple Negative Breast Cancer, Colorectal Cancer",PHASE1,3,3,10,16,32,0.0,0.0,0.0,4.0,0.0,0.0,0.0
IL1RN,NCT02002663,COMPLETED,Abdominal Pain,PHASE3,5,3,0,16,24,0.0,0.0,4.0,0.0,1.0,1.0,0.0
IL4R,NCT04023084,COMPLETED,"Atopic Dermatitis, Eczema",PHASE4,6,3,0,16,25,0.0,0.0,0.0,0.0,5.0,0.0,3.0
IL6R,NCT02401958,COMPLETED,Rheumatoid Arthritis,PHASE4,6,3,0,16,25,2.0,0.0,25.0,18.0,22.0,1.0,9.0
IL6ST,NCT05215509,COMPLETED,Rheumatoid Arthritis,NA,0,3,0,16,19,0.0,0.0,1.0,0.0,0.0,0.0,0.0
IL7,NCT03059966,COMPLETED,Gingival Recession,PHASE4,6,3,0,16,25,1.0,0.0,8.0,35.0,10.0,0.0,2.0
ILK,NCT00916825,COMPLETED,Breast Cancer,NA,0,3,10,16,29,0.0,0.0,1.0,0.0,0.0,0.0,0.0
IMP3,NCT04501107,COMPLETED,Type 1 Diabetes,PHASE1,3,3,0,16,22,0.0,0.0,0.0,1.0,0.0,0.0,0.0
IMP4,NCT04501107,COMPLETED,Type 1 Diabetes,PHASE1,3,3,0,16,22,0.0,0.0,0.0,1.0,0.0,0.0,0.0
IMPA1,NCT05117710,RECRUITING,"Depressive Disorder, Treatment-Resistant",PHASE1,3,2,0,16,21,0.0,0.0,0.0,1.0,0.0,0.0,0.0
IMPACT,NCT01520766,COMPLETED,"Endodontically Treated Teeth, Tooth Fractures",PHASE4,6,3,0,16,25,6.0,0.0,384.0,21.0,31.0,19.0,37.0
INIP,NCT04160819,COMPLETED,Pneumonia,NA,0,3,0,16,19,0.0,0.0,1.0,0.0,0.0,0.0,0.0
INSR,NCT01750567,ACTIVE_NOT_RECRUITING,Relapsed Chronic Lymphocytic Leukemia,PHASE2,4,2,10,16,32,0.0,0.0,0.0,0.0,2.0,0.0,0.0
INVS,NCT00391313,TERMINATED,Chikungunya Virus,PHASE3,5,0,0,16,21,0.0,0.0,1.0,0.0,1.0,1.0,0.0
IPMK,NCT03622333,UNKNOWN,Small Intestinal Carcinoid Tumors,NA,0,1,10,16,27,0.0,0.0,1.0,0.0,0.0,0.0,0.0
IPP,NCT02773173,COMPLETED,"Colorectal Surgery, Laparoscopy",PHASE4,6,3,0,16,25,1.0,0.0,20.0,2.0,2.0,1.0,6.0
IRAK1,NCT05531786,RECRUITING,Graft vs Host Disease,PHASE1,3,2,0,16,21,0.0,0.0,1.0,3.0,0.0,0.0,0.0
IRAK4,NCT05656911,COMPLETED,Atopic Dermatitis,PHASE2,4,3,0,16,23,0.0,0.0,0.0,4.0,3.0,0.0,0.0
IRF1,NCT00805389,COMPLETED,Hepatitis B,PHASE2,4,3,0,16,23,0.0,0.0,0.0,0.0,2.0,0.0,0.0
IRF2,NCT04599140,RECRUITING,"Metastatic Colon Adenocarcinoma, Metastatic Colorectal Carcinoma, Metastatic Rectal Adenocarcinoma, Stage III Colon Cancer AJCC v8, Stage III Rectal Cancer AJCC v8, Stage IIIA Colon Cancer AJCC v8, Stage IIIA Rectal Cancer AJCC v8, Stage IIIB Colon Cancer AJCC v8, Stage IIIB Rectal Cancer AJCC v8, Stage IIIC Colon Cancer AJCC v8, Stage IIIC Rectal Cancer AJCC v8, Stage IV Colon Cancer AJCC v8, Stage IV Rectal Cancer AJCC v8, Stage IVA Colon Cancer AJCC v8, Stage IVA Rectal Cancer AJCC v8, Stage IVB Colon Cancer AJCC v8, Stage IVB Rectal Cancer AJCC v8, Stage IVC Colon Cancer AJCC v8, Stage IVC Rectal Cancer AJCC v8, Unresectable Colon Adenocarcinoma, Unresectable Rectal Adenocarcinoma",PHASE1,3,2,10,16,31,0.0,0.0,0.0,1.0,0.0,0.0,0.0
IRF3,NCT04379518,SUSPENDED,"Hematopoietic and Lymphoid Cell Neoplasm, Malignant Solid Neoplasm, Symptomatic COVID-19 Infection Laboratory-Confirmed",PHASE1,3,0,10,16,29,0.0,0.0,1.0,1.0,0.0,0.0,0.0
IRF7,NCT04379518,SUSPENDED,"Hematopoietic and Lymphoid Cell Neoplasm, Malignant Solid Neoplasm, Symptomatic COVID-19 Infection Laboratory-Confirmed",PHASE1,3,0,10,16,29,0.0,0.0,0.0,1.0,0.0,0.0,0.0
IRS1,NCT01594177,COMPLETED,Unilateral HER2 Positive Breast Cancer,PHASE2,4,3,10,16,33,0.0,0.0,2.0,2.0,2.0,0.0,0.0
IRS2,NCT00769483,COMPLETED,"Pancreatic Cancer, Pancreatic Adenocarcinoma",PHASE1,3,3,10,16,32,0.0,0.0,0.0,1.0,0.0,0.0,0.0
ISG15,NCT01654081,WITHDRAWN,Lung Cancer,PHASE2,4,0,10,16,30,0.0,0.0,1.0,2.0,1.0,0.0,0.0
ISM1,NCT04008966,COMPLETED,Assisted Reproduction,PHASE4,6,3,0,16,25,0.0,0.0,0.0,0.0,0.0,0.0,1.0
ITCH,NCT02067520,COMPLETED,Pain,PHASE4,6,3,0,16,25,3.0,0.0,76.0,14.0,30.0,23.0,25.0
ITGA2,NCT04943354,COMPLETED,"Primary Ovarian Insufficiency, Cardiovascular Diseases, Menopause, Premature, Coronary Disease, Pulmonary Embolism, Arrhythmias, Cardiac, Polymorphism, Single Nucleotide",NA,0,3,0,16,19,0.0,0.0,2.0,0.0,0.0,0.0,0.0
ITGA4,NCT06366516,NOT_YET_RECRUITING,Precancerous Cervical Lesion,NA,0,2,10,16,28,0.0,0.0,1.0,0.0,0.0,0.0,0.0
ITGA6,NCT06204835,RECRUITING,Hepatocellular Carcinoma,PHASE1,3,2,10,16,31,0.0,0.0,0.0,1.0,0.0,0.0,0.0
ITGAE,NCT06250517,RECRUITING,Lung Transplant Failure,NA,0,2,0,16,18,0.0,0.0,1.0,0.0,0.0,0.0,0.0
ITIH4,NCT01858909,UNKNOWN,"Severe Sepsis, Septic Shock",PHASE3,5,1,0,16,22,0.0,0.0,0.0,0.0,0.0,1.0,0.0
ITPA,NCT01964742,COMPLETED,HIV-HCV Co-infected Patients,NA,0,3,0,16,19,0.0,0.0,1.0,0.0,0.0,0.0,0.0
IVD,NCT05808816,UNKNOWN,"Vaginal Flora Imbalance, ASC-US, LSIL, HPV Infection",PHASE4,6,1,0,16,23,0.0,0.0,23.0,4.0,5.0,0.0,2.0
JAK1,NCT05238896,TERMINATED,Rheumatoid Arthritis,PHASE4,6,0,0,16,22,1.0,0.0,7.0,23.0,25.0,11.0,1.0
JAK2,NCT05238896,TERMINATED,Rheumatoid Arthritis,PHASE4,6,0,0,16,22,0.0,0.0,9.0,33.0,33.0,9.0,1.0
JAK3,NCT01052194,COMPLETED,Rheumatoid Arthritis,PHASE2,4,3,0,16,23,0.0,0.0,3.0,6.0,10.0,0.0,0.0
JAZF1,NCT06505356,NOT_YET_RECRUITING,"Prostate Cancer, Prostate Inflammation",NA,0,2,10,16,28,0.0,0.0,1.0,0.0,0.0,0.0,0.0
JTB,NCT01376167,COMPLETED,"Malaria, Vivax",PHASE2,4,3,0,16,23,0.0,0.0,0.0,0.0,1.0,0.0,0.0
JUN,NCT04817189,COMPLETED,Chemotherapy-induced Nausea and Vomiting,PHASE4,6,3,0,16,25,0.0,0.0,111.0,11.0,18.0,17.0,13.0
JUND,NCT00343395,TERMINATED,Coronary Artery Disease,PHASE4,6,0,0,16,22,0.0,0.0,1.0,0.0,0.0,0.0,1.0
KAT2A,NCT06846606,NOT_YET_RECRUITING,"Relapsed Acute Myeloid Leukemia (AML), Refractory Acute Myeloid Leukemia (AML), Relapsed/refractory AML, Relapsed Myelodysplastic Syndromes, Refractory Myelodysplastic Syndromes, Relapsed/Refractory (R/R) Acute Myeloid Leukemia (AML)",PHASE1,3,2,10,16,31,0.0,0.0,0.0,1.0,0.0,0.0,0.0
KAT2B,NCT06846606,NOT_YET_RECRUITING,"Relapsed Acute Myeloid Leukemia (AML), Refractory Acute Myeloid Leukemia (AML), Relapsed/refractory AML, Relapsed Myelodysplastic Syndromes, Refractory Myelodysplastic Syndromes, Relapsed/Refractory (R/R) Acute Myeloid Leukemia (AML)",PHASE1,3,2,10,16,31,0.0,0.0,0.0,1.0,0.0,0.0,0.0
KAT6A,NCT06784193,RECRUITING,"Advanced or Metastatic ER+ HER2- Breast Cancer (mBC), Advanced or Metastatic Non-Small Cell Lung Cancer (NSCLC), Advanced or Metastatic Castration-Resistant Prostate Cancer (mCRPC)",PHASE1,3,2,10,16,31,0.0,0.0,0.0,1.0,0.0,0.0,0.0
KCNMA1,NCT06412926,COMPLETED,"Soil-transmitted Helminth Infection, Onchocerciasis (River Blindness)",PHASE1,3,3,0,16,22,0.0,0.0,0.0,1.0,0.0,0.0,0.0
KCNN4,NCT03592823,UNKNOWN,Atrial Fibrillation,PHASE4,6,1,0,16,23,0.0,0.0,0.0,1.0,0.0,0.0,1.0
KDM1A,NCT04081220,ACTIVE_NOT_RECRUITING,"Thrombocythemia, Essential",PHASE2,4,2,0,16,22,1.0,0.0,1.0,7.0,3.0,0.0,0.0
KDM4C,NCT03070262,UNKNOWN,Esophagus Cancer,PHASE3,5,1,10,16,32,0.0,0.0,0.0,0.0,0.0,2.0,0.0
KDM6A,NCT04953104,RECRUITING,"Locally Advanced Bladder Urothelial Carcinoma, Locally Advanced Renal Pelvis Urothelial Carcinoma, Locally Advanced Ureter Urothelial Carcinoma, Locally Advanced Urethral Urothelial Carcinoma, Locally Advanced Urothelial Carcinoma, Metastatic Bladder Urothelial Carcinoma, Metastatic Renal Pelvis Urothelial Carcinoma, Metastatic Ureter Urothelial Carcinoma, Metastatic Urethral Urothelial Carcinoma, Metastatic Urothelial Carcinoma, Recurrent Bladder Urothelial Carcinoma, Recurrent Renal Pelvis Urothelial Carcinoma, Recurrent Ureter Urothelial Carcinoma, Recurrent Urethral Urothelial Carcinoma, Recurrent Urothelial Carcinoma, Stage III Bladder Cancer AJCC v8, Stage III Renal Pelvis Cancer AJCC v8, Stage III Ureter Cancer AJCC v8, Stage III Urethral Cancer AJCC v8, Stage IIIA Bladder Cancer AJCC v8, Stage IIIB Bladder Cancer AJCC v8, Stage IV Bladder Cancer AJCC v8, Stage IV Renal Pelvis Cancer AJCC v8, Stage IV Ureter Cancer AJCC v8, Stage IV Urethral Cancer AJCC v8, Stage IVA Bladder Cancer AJCC v8, Stage IVB Bladder Cancer AJCC v8, Unresectable Bladder Urothelial Carcinoma, Unresectable Renal Pelvis Urothelial Carcinoma, Unresectable Ureter Urothelial Carcinoma, Unresectable Urethral Urothelial Carcinoma, Unresectable Urothelial Carcinoma",PHASE2,4,2,10,16,32,0.0,0.0,0.0,0.0,2.0,0.0,0.0
KEAP1,NCT06008093,RECRUITING,"Carcinoma, Non-Small-Cell Lung",PHASE3,5,2,10,16,33,0.0,0.0,0.0,5.0,7.0,1.0,0.0
KHK,NCT02052609,COMPLETED,"Psoriasis Vulgaris, Psoriatic Arthritis, Pustular; Psoriasis, Palmaris Et Plantaris, Psoriatic Erythroderma",PHASE3,5,3,0,16,24,0.0,0.0,1.0,2.0,2.0,1.0,0.0
KIF18A,NCT06799065,NOT_YET_RECRUITING,"Advanced Solid Tumors, Breast Cancer Recurrent, Ovarian Cancer, High-grade Serous Ovarian Carcinoma, Triple Negative Breast Cancer",PHASE1,3,2,10,16,31,0.0,0.0,0.0,1.0,0.0,0.0,0.0
KIF20A,NCT01069575,COMPLETED,Non-Small Cell Lung Cancer,PHASE1,3,3,10,16,32,0.0,0.0,0.0,4.0,0.0,0.0,0.0
KIF20B,NCT00633204,UNKNOWN,Bladder Cancer,PHASE2,4,1,10,16,31,0.0,0.0,0.0,3.0,1.0,0.0,0.0
KIF5B,NCT01823068,COMPLETED,Non Small Cell Lung Cancer,PHASE2,4,3,10,16,33,0.0,0.0,0.0,0.0,2.0,0.0,0.0
KIN,NCT03564574,COMPLETED,Organophosphate Poisoning,PHASE4,6,3,0,16,25,1.0,0.0,67.0,7.0,12.0,8.0,3.0
KMO,NCT04013555,COMPLETED,"Schizophrenia, Schizoaffective Disorder, Schizophreniform Disorder",PHASE1,3,3,0,16,22,1.0,0.0,1.0,2.0,0.0,0.0,0.0
KMT2A,NCT05029531,RECRUITING,"Acute Lymphoblastic Leukemia, Pediatric, ALL, Infants",PHASE3,5,2,10,16,33,0.0,0.0,2.0,17.0,7.0,3.0,0.0
KMT2D,NCT06630416,RECRUITING,"Metastatic Bladder Urothelial Carcinoma, Metastatic Malignant Solid Neoplasm, Stage IV Bladder Cancer AJCC v8",PHASE2,4,2,10,16,32,0.0,0.0,0.0,0.0,1.0,0.0,0.0
KPNB1,NCT01862211,COMPLETED,Children With a Deficiency of Alpha-1 Antitrypsin,NA,0,3,0,16,19,0.0,0.0,1.0,0.0,0.0,0.0,0.0
KRAS,NCT06314763,COMPLETED,Drug Drug Interaction Study,PHASE4,6,3,0,16,25,5.0,0.0,26.0,232.0,182.0,32.0,3.0
KRT5,NCT03021681,COMPLETED,Cell Transplantation,NA,0,3,0,16,19,0.0,0.0,3.0,0.0,0.0,0.0,0.0
KRT8,NCT03203005,COMPLETED,Hepatocellular Carcinoma,PHASE1,3,3,10,16,32,0.0,0.0,1.0,1.0,0.0,0.0,0.0
LAD1,NCT03366142,COMPLETED,LAD1,PHASE1,3,3,0,16,22,0.0,0.0,0.0,1.0,0.0,0.0,0.0
LAMA2,NCT01422200,COMPLETED,"Duchenne Muscular Dystrophy, Spinal Muscular Atrophy, Congenital Muscular Dystrophy",PHASE4,6,3,0,16,25,0.0,0.0,1.0,0.0,0.0,0.0,1.0
LAMB3,NCT05111600,TERMINATED,Junctional Epidermolysis Bullosa Non-Herlitz Type,PHASE2,4,0,0,16,20,0.0,0.0,0.0,2.0,1.0,0.0,0.0
LAMP1,NCT05634707,RECRUITING,"Primary Brain Tumor, Brain Tumor, Recurrent",EARLY_PHASE1,2,2,10,16,30,1.0,0.0,0.0,0.0,0.0,0.0,0.0
LAMP2,NCT06092034,ACTIVE_NOT_RECRUITING,Danon Disease,PHASE2,4,2,0,16,22,0.0,0.0,0.0,1.0,1.0,0.0,0.0
LAP3,NCT02085408,COMPLETED,"Acute Myeloid Leukemia With Multilineage Dysplasia Following Myelodysplastic Syndrome, Adult Acute Megakaryoblastic Leukemia (M7), Adult Acute Minimally Differentiated Myeloid Leukemia (M0), Adult Acute Monoblastic Leukemia (M5a), Adult Acute Monocytic Leukemia (M5b), Adult Acute Myeloblastic Leukemia With Maturation (M2), Adult Acute Myeloblastic Leukemia Without Maturation (M1), Adult Acute Myeloid Leukemia With 11q23 (MLL) Abnormalities, Adult Acute Myeloid Leukemia With Del(5q), Adult Acute Myeloid Leukemia With Inv(16)(p13;q22), Adult Acute Myeloid Leukemia With t(16;16)(p13;q22), Adult Acute Myeloid Leukemia With t(8;21)(q22;q22), Adult Acute Myelomonocytic Leukemia (M4), Adult Erythroleukemia (M6a), Adult Pure Erythroid Leukemia (M6b), Secondary Acute Myeloid Leukemia, Untreated Adult Acute Myeloid Leukemia",PHASE3,5,3,10,16,34,1.0,0.0,4.0,15.0,8.0,1.0,0.0
LAT,NCT02565069,COMPLETED,Arrhythmias,PHASE4,6,3,0,16,25,2.0,0.0,207.0,12.0,18.0,7.0,12.0
LATS1,NCT04857372,RECRUITING,Mesothelioma,PHASE1,3,2,0,16,21,0.0,0.0,0.0,1.0,0.0,0.0,0.0
LATS2,NCT04857372,RECRUITING,Mesothelioma,PHASE1,3,2,0,16,21,0.0,0.0,0.0,1.0,0.0,0.0,0.0
LBH,NCT01136499,COMPLETED,Soft Tissue Sarcoma,PHASE2,4,3,10,16,33,1.0,0.0,0.0,4.0,6.0,0.0,0.0
LBR,NCT03795220,ACTIVE_NOT_RECRUITING,Infertility,PHASE4,6,2,0,16,24,0.0,0.0,9.0,2.0,1.0,0.0,2.0
LCA5,NCT05616793,RECRUITING,LCA5,PHASE1,3,2,0,16,21,0.0,0.0,0.0,1.0,0.0,0.0,0.0
LCAT,NCT01450410,TERMINATED,Dyslipidemias,PHASE4,6,0,0,16,22,0.0,0.0,1.0,1.0,0.0,1.0,1.0
LDHA,NCT04633239,RECRUITING,"Recurrent Ovarian High Grade Serous Adenocarcinoma, Recurrent Platinum-Resistant Ovarian Carcinoma",PHASE1,3,2,10,16,31,0.0,0.0,0.0,1.0,0.0,0.0,0.0
LDLR,NCT03207945,RECRUITING,"Dyslipidemias, Cardiovascular Diseases, HIV Infections",PHASE3,5,2,0,16,23,2.0,0.0,4.0,2.0,2.0,1.0,0.0
LEAP2,NCT05574439,RECRUITING,"Obesity, Adolescent",PHASE4,6,2,0,16,24,3.0,0.0,4.0,0.0,0.0,0.0,1.0
LEPR,NCT01601002,COMPLETED,Major Depressive Disorder,PHASE4,6,3,0,16,25,0.0,0.0,2.0,0.0,2.0,3.0,1.0
LIPA,NCT01014026,COMPLETED,"Uterine Cervical Neoplasms, Uterine Cervical Dysplasia",PHASE3,5,3,10,16,34,0.0,0.0,5.0,1.0,5.0,2.0,0.0
LIPE,NCT06661070,NOT_YET_RECRUITING,Low Back Pain,NA,0,2,0,16,18,0.0,0.0,1.0,0.0,0.0,0.0,0.0
LMNA,NCT03439514,TERMINATED,"Dilated Cardiomyopathy, Lamin A/C Gene Mutation",PHASE3,5,0,0,16,21,0.0,0.0,4.0,0.0,3.0,1.0,0.0
LMNB1,NCT06816498,ENROLLING_BY_INVITATION,Autosomal Dominant Leukodystrophy,PHASE1,3,0,0,16,19,0.0,0.0,0.0,1.0,0.0,0.0,0.0
LOXL1,NCT05000957,ACTIVE_NOT_RECRUITING,"Pelvic Organ Prolapse, Female Urogenital Diseases",NA,0,2,0,16,18,0.0,0.0,1.0,0.0,0.0,0.0,0.0
LOXL2,NCT01769196,TERMINATED,Idiopathic Pulmonary Fibrosis,PHASE2,4,0,0,16,20,1.0,0.0,0.0,0.0,2.0,0.0,0.0
LPAR1,NCT04069143,COMPLETED,"Healthy Participants, Idiopathic Pulmonary Fibrosis (IPF)",PHASE1,3,3,0,16,22,0.0,0.0,0.0,1.0,0.0,0.0,0.0
LPIN1,NCT03040856,WITHDRAWN,Omega 3 Supplements During Pregnancy,NA,0,0,0,16,16,0.0,0.0,1.0,0.0,0.0,0.0,0.0
LPL,NCT02049034,COMPLETED,Type 2 Diabetes,PHASE4,6,3,0,16,25,1.0,0.0,11.0,3.0,9.0,0.0,3.0
LPP,NCT01827280,COMPLETED,"1- Microvascular Function, 2-oxidative Stress, 3-inflammation",PHASE4,6,3,0,16,25,0.0,0.0,19.0,1.0,2.0,3.0,1.0
LRBA,NCT03427593,COMPLETED,Primary Immune-Deficiency (PID) Common Variable Immune Deficiency (CVID),NA,0,3,0,16,19,0.0,0.0,1.0,0.0,0.0,0.0,0.0
LRP1,NCT02463084,COMPLETED,"Prediabetic State, Insulin Resistance, Middle Age, Prehypertension, Mild Cognitive Impairment",NA,0,3,0,16,19,0.0,0.0,2.0,0.0,0.0,0.0,0.0
LRPAP1,NCT05898763,COMPLETED,Non Small Cell Lung Cancer,PHASE1,3,3,10,16,32,0.0,0.0,0.0,1.0,0.0,0.0,0.0
LRRK2,NCT05355064,UNKNOWN,Parkinson Disease,PHASE4,6,1,0,16,23,1.0,0.0,4.0,2.0,4.0,1.0,1.0
LSR,NCT00605176,COMPLETED,Actinic Keratoses,PHASE3,5,3,0,16,24,0.0,0.0,3.0,4.0,2.0,4.0,0.0
LSS,NCT01435291,COMPLETED,Renal Transplantation,PHASE4,6,3,0,16,25,0.0,0.0,37.0,0.0,2.0,1.0,3.0
LTA4H,NCT02588196,UNKNOWN,Tuberculous Meningitis,PHASE4,6,1,0,16,23,0.0,0.0,0.0,1.0,0.0,1.0,1.0
LTBP4,NCT01761292,COMPLETED,Duchenne Muscular Dystrophy (DMD),PHASE1,3,3,0,16,22,0.0,0.0,0.0,1.0,0.0,0.0,0.0
LTK,NCT06037317,RECRUITING,Advanced Solid Tumor,PHASE1,3,2,10,16,31,0.0,0.0,1.0,1.0,0.0,0.0,0.0
LUC7L,NCT02725632,COMPLETED,Sleep Apnea Syndromes,NA,0,3,0,16,19,0.0,0.0,1.0,0.0,0.0,0.0,0.0
LUC7L3,NCT02725632,COMPLETED,Sleep Apnea Syndromes,NA,0,3,0,16,19,0.0,0.0,1.0,0.0,0.0,0.0,0.0
LYN,NCT05779241,COMPLETED,"Schizophrenia, Schizoaffective Disorder",PHASE3,5,3,0,16,24,1.0,0.0,1.0,3.0,3.0,2.0,0.0
LYZ,NCT04868240,COMPLETED,"Sedentary Lifestyle, Metabolic Disorders, Concurrent Exercise, Lung Function Decreased, Stress, Quality of Life, Office Worker",NA,0,3,0,16,19,0.0,0.0,5.0,0.0,0.0,0.0,0.0
LZTS1,NCT00675259,COMPLETED,Breast Cancer,PHASE2,4,3,10,16,33,0.0,0.0,0.0,0.0,1.0,0.0,0.0
MADD,NCT03506880,COMPLETED,"Underage Drinking, Driving Under the Influence, Drinking, Teen",NA,0,3,0,16,19,0.0,0.0,1.0,0.0,0.0,0.0,0.0
MAF,NCT06434077,NOT_YET_RECRUITING,Breast Cancer,PHASE3,5,2,10,16,33,0.0,0.0,9.0,0.0,4.0,1.0,0.0
MAGT1,NCT02496676,COMPLETED,XMEN,PHASE1,3,3,0,16,22,0.0,0.0,0.0,1.0,0.0,0.0,0.0
MAK,NCT04804644,RECRUITING,"Metastatic Lung Small Cell Carcinoma, Metastatic Malignant Neoplasm in the Brain, Recurrent Lung Small Cell Carcinoma, Stage IV Lung Cancer AJCC v8, Stage IVA Lung Cancer AJCC v8, Stage IVB Lung Cancer AJCC v8",PHASE3,5,2,10,16,33,0.0,0.0,16.0,2.0,2.0,2.0,0.0
MAL,NCT02736760,COMPLETED,"Actinic Keratoses, Photodamaged Skin",PHASE4,6,3,0,16,25,7.0,0.0,116.0,22.0,14.0,14.0,13.0
MALAT1,NCT06776315,RECRUITING,"Rehabilitation, Pulmonary Rehabilitation, Long Noncoding RNA, Exercise, Asthma",NA,0,2,0,0,2,0.0,0.0,2.0,0.0,0.0,0.0,0.0
MALT1,NCT04876092,ACTIVE_NOT_RECRUITING,"Leukemia, Lymphocytic, Chronic, B-Cell, Lymphoma, Non-Hodgkin",PHASE1,3,2,10,16,31,0.0,0.0,0.0,5.0,0.0,0.0,0.0
MAOA,NCT01253642,TERMINATED,"Hormone-Resistant Prostate Cancer, Metastatic Prostatic Adenocarcinoma, Prostate Adenocarcinoma, Recurrent Prostate Carcinoma",PHASE2,4,0,10,16,30,0.0,0.0,1.0,0.0,1.0,0.0,0.0
MAP1LC3B,NCT05306249,COMPLETED,HIV Seropositivity,PHASE2,4,3,0,16,23,0.0,0.0,0.0,0.0,1.0,0.0,0.0
MAP2,NCT06131268,RECRUITING,"Major Depressive Disorder, Bipolar Affective Disorder, Currently Depressed, Moderate",PHASE4,6,2,0,16,24,0.0,0.0,0.0,0.0,0.0,0.0,1.0
MAP2K1,NCT01909453,COMPLETED,Melanoma,PHASE3,5,3,10,16,34,0.0,0.0,1.0,10.0,19.0,1.0,0.0
MAP3K5,NCT01876043,TERMINATED,"Adult Patients With Unresectable Locally Advanced or Metastatic, Relapsed/Refractory Dedifferentiated Liposarcoma",PHASE2,4,0,10,16,30,0.0,0.0,0.0,0.0,1.0,0.0,0.0
MAP3K8,NCT04157010,COMPLETED,Rheumatoid Arthritis,PHASE4,6,3,0,16,25,0.0,0.0,5.0,3.0,4.0,4.0,2.0
MAP4,NCT01254474,COMPLETED,"Atrial Fibrillation, Ventricular Fibrillation, Junctional Tachycardia",NA,0,3,0,16,19,0.0,0.0,1.0,0.0,0.0,0.0,0.0
MAPK1,NCT00087256,TERMINATED,Colorectal Cancer,PHASE3,5,0,10,16,31,0.0,0.0,0.0,3.0,2.0,1.0,0.0
MAPK14,NCT00662298,COMPLETED,Asthma,PHASE4,6,3,0,16,25,0.0,0.0,1.0,4.0,15.0,4.0,1.0
MAPK3,NCT02575092,COMPLETED,"Homocysteine, Coronary Disease, Angioplasty,Balloon,Coronary, Contrast Media, Nephropathy, Hypertension",PHASE2,4,3,0,16,23,0.0,0.0,1.0,5.0,6.0,0.0,0.0
MAPK7,NCT04674163,WITHDRAWN,"Sclerosis, Multiple, Guillain-Barre Syndrome, Inflammation",NA,0,0,0,16,16,0.0,0.0,1.0,0.0,0.0,0.0,0.0
MAPK8,NCT01876043,TERMINATED,"Adult Patients With Unresectable Locally Advanced or Metastatic, Relapsed/Refractory Dedifferentiated Liposarcoma",PHASE2,4,0,10,16,30,1.0,0.0,0.0,0.0,1.0,0.0,0.0
MAPKAPK2,NCT04481685,COMPLETED,Covid19,PHASE2,4,3,0,16,23,1.0,0.0,1.0,1.0,1.0,0.0,0.0
MAPT,NCT00800709,COMPLETED,Alzheimer's Disease,PHASE4,6,3,0,16,25,10.0,0.0,31.0,17.0,19.0,4.0,3.0
MARVELD2,NCT02461797,COMPLETED,Allergic Rhinitis,NA,0,3,0,16,19,0.0,0.0,1.0,0.0,0.0,0.0,0.0
MAST2,NCT04581408,RECRUITING,Long QT Syndrome,PHASE2,4,2,0,16,22,0.0,0.0,0.0,0.0,1.0,0.0,0.0
MAT2A,NCT06568614,RECRUITING,Advanced or Metastatic MTAP-deleted Solid Tumors,PHASE1,3,2,10,16,31,0.0,0.0,0.0,3.0,0.0,0.0,0.0
MAVS,NCT04353180,UNKNOWN,COVID19,PHASE3,5,1,0,16,22,0.0,0.0,0.0,0.0,0.0,1.0,0.0
MAX,NCT02266160,COMPLETED,Tinnitus,PHASE4,6,3,0,16,25,1.0,0.0,79.0,69.0,20.0,9.0,10.0
MAZ,NCT03731988,COMPLETED,Actinic Keratosis,PHASE4,6,3,0,16,25,0.0,0.0,2.0,1.0,1.0,0.0,1.0
MBD4,NCT06550674,RECRUITING,Uveal Melanoma,NA,0,2,10,16,28,0.0,0.0,1.0,0.0,0.0,0.0,0.0
MBNL1,NCT05052554,WITHDRAWN,"Fuchs Endothelial Corneal Dystrophy, FECD3, Corneal Diseases, LRS, Descemet's Membrane Disorder",PHASE1,3,0,0,16,19,0.0,0.0,1.0,1.0,0.0,0.0,0.0
MBOAT7,NCT04640324,COMPLETED,"Non-Alcoholic Fatty Liver Disease, Insulin Resistance",NA,0,3,0,16,19,0.0,0.0,2.0,0.0,0.0,0.0,0.0
MBP,NCT02078167,COMPLETED,Hypercholesterolemia,PHASE4,6,3,0,16,25,0.0,0.0,28.0,3.0,3.0,3.0,6.0
MC1R,NCT05634252,RECRUITING,Skin Cancer,PHASE3,5,2,10,16,33,0.0,0.0,3.0,2.0,0.0,1.0,0.0
MCAT,NCT03443427,COMPLETED,Respiratory Disorders,PHASE2,4,3,0,16,23,0.0,0.0,13.0,1.0,3.0,0.0,0.0
MCC,NCT00325767,COMPLETED,Mucociliary Clearance,PHASE4,6,3,0,16,25,2.0,0.0,64.0,26.0,26.0,10.0,12.0
MCL1,NCT00773747,COMPLETED,Multiple Myeloma,PHASE3,5,3,0,16,24,0.0,0.0,0.0,17.0,8.0,1.0,0.0
MCM2,NCT00892866,ACTIVE_NOT_RECRUITING,"Atypical Endometrial Hyperplasia, Human Papillomavirus Infection, Stage 0 Cervical Cancer AJCC v7",NA,0,2,10,16,28,0.0,0.0,2.0,0.0,0.0,0.0,0.0
MCU,NCT05350566,COMPLETED,"Healthy Volunteers, Exercise Intensity, Neuromuscular Fatigue, Skeletal Muscle Adaptations",NA,0,3,0,16,19,0.0,0.0,4.0,0.0,0.0,0.0,0.0
MDK,NCT06329284,COMPLETED,Pre-Eclampsia,NA,0,3,0,16,19,0.0,0.0,1.0,0.0,0.0,0.0,0.0
MDM2,NCT06058793,ACTIVE_NOT_RECRUITING,"Liposarcoma, Dedifferentiated",PHASE3,5,2,10,16,33,1.0,0.0,2.0,34.0,11.0,2.0,0.0
MDM4,NCT05860335,RECRUITING,Hypopharyngeal Cancer,PHASE2,4,2,10,16,32,0.0,0.0,0.0,0.0,1.0,0.0,0.0
ME2,NCT02159716,COMPLETED,"Metastatic Pancreatic (Ductal) Adenocarcinoma, Epithelial Ovarian Cancer, Malignant Epithelial Pleural Mesothelioma",PHASE1,3,3,10,16,32,0.0,0.0,2.0,1.0,0.0,0.0,0.0
ME3,NCT06496958,RECRUITING,"Manual Pressure, Repositioning, Colonoscopy, Colon Polyp",NA,0,2,0,16,18,0.0,0.0,1.0,0.0,0.0,0.0,0.0
MECP2,NCT03941444,COMPLETED,Rett Syndrome,PHASE3,5,3,0,16,24,1.0,0.0,12.0,7.0,10.0,2.0,0.0
MEF2D,NCT03117751,ACTIVE_NOT_RECRUITING,"Acute Lymphoblastic Leukemia, Acute Lymphoblastic Lymphoma",PHASE2,4,2,10,16,32,0.0,0.0,0.0,0.0,1.0,0.0,0.0
MELK,NCT01910545,COMPLETED,"Solid Tumors, Metastatic Tumors",PHASE1,3,3,10,16,32,0.0,0.0,0.0,3.0,0.0,0.0,0.0
MEN1,NCT00325104,COMPLETED,"Hypercalcemia, Familial Primary Hyperparathyroidism",PHASE3,5,3,0,16,24,0.0,0.0,3.0,0.0,4.0,2.0,0.0
MERTK,NCT01482195,COMPLETED,"Retinal Disease, Retinitis Pigmentosa",PHASE1,3,3,0,16,22,0.0,0.0,0.0,3.0,0.0,0.0,0.0
MEST,NCT06797518,NOT_YET_RECRUITING,"Glomerulonephritis, IGA, Immunoglobulin A Nephropathy",PHASE2,4,2,0,16,22,0.0,0.0,2.0,0.0,1.0,0.0,0.0
METAP2,NCT00100347,TERMINATED,"Non-Hodgkin's Lymphoma,, Solid Tumors",PHASE1,3,0,10,16,29,0.0,0.0,1.0,1.0,0.0,0.0,0.0
METRN,NCT06377657,COMPLETED,Diabetes Type 2,NA,0,3,0,16,19,0.0,0.0,1.0,0.0,0.0,0.0,0.0
METRNL,NCT06377657,COMPLETED,Diabetes Type 2,NA,0,3,0,16,19,0.0,0.0,1.0,0.0,0.0,0.0,0.0
MFF,NCT01282229,COMPLETED,Chronic Periodontitis,NA,0,3,0,16,19,0.0,0.0,4.0,0.0,0.0,0.0,0.0
MFN1,NCT06279780,COMPLETED,Obesity Adult Onset,NA,0,3,0,16,19,0.0,0.0,1.0,0.0,0.0,0.0,0.0
MFN2,NCT05351164,ACTIVE_NOT_RECRUITING,"Lipomatosis, Multiple Symmetrical",PHASE2,4,2,0,16,22,0.0,0.0,2.0,0.0,1.0,0.0,0.0
MFSD1,NCT00262119,COMPLETED,"Atrial Fibrillation, Heart Failure, Congestive",PHASE4,6,3,0,16,25,0.0,0.0,6.0,0.0,1.0,1.0,2.0
MFSD8,NCT04737460,ACTIVE_NOT_RECRUITING,CLN7,PHASE1,3,2,0,16,21,0.0,0.0,0.0,1.0,0.0,0.0,0.0
MGA,NCT04445844,RECRUITING,"Anatomic Stage IV Breast Cancer AJCC v8, Locally Advanced Breast Carcinoma, Metastatic Triple-Negative Breast Carcinoma, Prognostic Stage IV Breast Cancer AJCC v8, Triple-negative Breast Cancer",PHASE2,4,2,10,16,32,0.0,0.0,2.0,0.0,3.0,0.0,0.0
MGLL,NCT06808984,NOT_YET_RECRUITING,"Agitation, Alzheimer Disease",PHASE2,4,2,0,16,22,0.0,0.0,0.0,3.0,1.0,0.0,0.0
MGMT,NCT02617589,COMPLETED,Brain Cancer,PHASE3,5,3,10,16,34,3.0,0.0,7.0,55.0,87.0,10.0,0.0
MGP,NCT02976246,COMPLETED,"Vitamin K Supplementation, Endstage Renal Disease, Cardiovascular Disease, Bone Disease",PHASE4,6,3,0,16,25,0.0,0.0,13.0,0.0,6.0,3.0,6.0
MIA,NCT01435850,COMPLETED,Coxarthrosis,PHASE4,6,3,0,16,25,0.0,0.0,14.0,1.0,4.0,3.0,2.0
MIB1,NCT00078910,COMPLETED,Prostate Cancer,PHASE2,4,3,10,16,33,0.0,0.0,0.0,6.0,8.0,0.0,0.0
MICA,NCT02192931,COMPLETED,"Depression, Dual Diagnosis, Drug Addiction",PHASE4,6,3,0,0,9,1.0,0.0,6.0,1.0,1.0,1.0,4.0
MICU1,NCT00488813,COMPLETED,ICU Patient,PHASE4,6,3,0,16,25,0.0,0.0,0.0,0.0,0.0,0.0,1.0
MICU2,NCT00488813,COMPLETED,ICU Patient,PHASE4,6,3,0,16,25,0.0,0.0,0.0,0.0,0.0,0.0,1.0
MIF,NCT01596894,COMPLETED,Crohn's Disease,PHASE4,6,3,0,16,25,0.0,0.0,7.0,3.0,2.0,0.0,1.0
MITF,NCT02685592,COMPLETED,Lentigo Maligna,PHASE4,6,3,0,16,25,1.0,0.0,1.0,1.0,1.0,0.0,1.0
MKI67,NCT00725374,COMPLETED,Breast Cancer,PHASE3,5,3,10,16,34,9.0,0.0,23.0,32.0,92.0,6.0,0.0
MKNK1,NCT02439346,TERMINATED,Medical Oncology,PHASE1,3,0,10,16,29,0.0,0.0,0.0,1.0,0.0,0.0,0.0
MLH1,NCT02813824,RECRUITING,Lynch Syndrome,PHASE3,5,2,0,16,23,0.0,0.0,3.0,0.0,3.0,1.0,0.0
MLH3,NCT03012321,ACTIVE_NOT_RECRUITING,"Prostate Cancer Metastatic Castration-Resistant, Abnormal DNA Repair, Metastatic Prostate Carcinoma, Stage IV Prostate Cancer",PHASE2,4,2,10,16,32,0.0,0.0,0.0,0.0,1.0,0.0,0.0
MLKL,NCT02965703,ACTIVE_NOT_RECRUITING,Colorectal Adenoma,PHASE2,4,2,0,16,22,0.0,0.0,0.0,1.0,1.0,0.0,0.0
MLLT10,NCT06221683,RECRUITING,"AML, Childhood, Acute Myeloid Leukemia",PHASE2,4,2,10,16,32,0.0,0.0,0.0,0.0,1.0,0.0,0.0
MLLT3,NCT06221683,RECRUITING,"AML, Childhood, Acute Myeloid Leukemia",PHASE2,4,2,10,16,32,0.0,0.0,0.0,0.0,1.0,0.0,0.0
MLX,NCT04245592,UNKNOWN,Fibromyalgia,NA,0,1,0,16,17,0.0,0.0,1.0,0.0,0.0,0.0,0.0
MMD,NCT02922712,COMPLETED,Knee Osteoarthritis,PHASE4,6,3,0,16,25,0.0,0.0,18.0,1.0,2.0,11.0,3.0
MME,NCT02916160,COMPLETED,"Chronic Heart Failure, Sleep Apnea Syndrome",PHASE4,6,3,0,16,25,4.0,1.0,86.0,7.0,16.0,16.0,47.0
MMP14,NCT03486730,COMPLETED,"Advanced Solid Tumours, Non-Small Cell Lung Cancer, Non-Small Cell Lung Sarcoma, Oesophageal Cancer",PHASE1,3,3,10,16,32,0.0,0.0,0.0,1.0,0.0,0.0,0.0
MNT,NCT00935415,COMPLETED,"Exercise-Induced Asthma, Asthma",PHASE4,6,3,0,16,25,1.0,0.0,25.0,0.0,2.0,0.0,1.0
MOK,NCT04700436,UNKNOWN,"Endocrine System Diseases, Nutritional and Metabolic Diseases, Diabetes Mellitus, Type 2, Dyslipidemias",PHASE4,6,1,0,16,23,0.0,0.0,4.0,0.0,3.0,2.0,1.0
MPC1,NCT02147002,UNKNOWN,"Chronic Kidney Disease, Cardiovascular Complications",NA,0,1,0,16,17,0.0,0.0,1.0,0.0,0.0,0.0,0.0
MPC2,NCT05534269,RECRUITING,Female Stress Urinary Incontinence,PHASE2,4,2,0,16,22,0.0,0.0,0.0,0.0,1.0,0.0,0.0
MPG,NCT01769313,COMPLETED,Cataract,PHASE4,6,3,0,16,25,0.0,0.0,8.0,0.0,2.0,1.0,1.0
MPI,NCT00844194,COMPLETED,"Diabetic Neuropathies, Depressive Disorder, Major",PHASE4,6,3,0,16,25,5.0,0.0,52.0,6.0,11.0,14.0,10.0
MPND,NCT05950867,RECRUITING,"Polyneuropathy, Amyloidosis",NA,0,2,0,16,18,0.0,0.0,1.0,0.0,0.0,0.0,0.0
MPPE1,NCT05773859,RECRUITING,"Epithelial Ovarian Cancer, Ovarian Carcinoma",PHASE1,3,2,10,16,31,0.0,0.0,0.0,1.0,0.0,0.0,0.0
MPST,NCT06448520,RECRUITING,"Development, Child, Activity, Motor",NA,0,2,0,16,18,0.0,0.0,3.0,0.0,0.0,0.0,0.0
MPV17,NCT04802707,RECRUITING,"Mitochondrial Diseases, Mitochondrial Encephalomyopathy, Mitochondrial Encephalopathy, Mitochondrial DNA Depletion, Mitochondrial Metabolism Disorders",PHASE2,4,2,0,16,22,0.0,0.0,0.0,0.0,1.0,0.0,0.0
MPZ,NCT06040346,ACTIVE_NOT_RECRUITING,Malaria,PHASE2,4,2,0,16,22,0.0,0.0,0.0,0.0,1.0,0.0,0.0
MR1,NCT06172348,COMPLETED,Healthy Volunteers,PHASE1,3,3,0,16,22,0.0,0.0,0.0,3.0,0.0,0.0,0.0
MRAS,NCT05814770,NOT_YET_RECRUITING,"Primary Aldosteronism, Hypertension",PHASE4,6,2,0,16,24,0.0,0.0,3.0,0.0,3.0,2.0,3.0
MREG,NCT04255758,UNKNOWN,"Glymphatic System, Neurodegeneration",NA,0,1,0,16,17,0.0,0.0,1.0,0.0,0.0,0.0,0.0
MSH2,NCT02813824,RECRUITING,Lynch Syndrome,PHASE3,5,2,0,16,23,0.0,0.0,3.0,0.0,4.0,1.0,0.0
MSH6,NCT03832621,COMPLETED,Metastatic Colorectal Cancer,PHASE2,4,3,10,16,33,0.0,0.0,3.0,0.0,2.0,0.0,0.0
MSN,NCT03970577,UNKNOWN,Minimal Change Nephrotic Syndrome (MCNS),PHASE2,4,1,0,16,21,0.0,0.0,5.0,0.0,1.0,0.0,0.0
MST1,NCT01878357,COMPLETED,Malaria,PHASE4,6,3,0,0,9,0.0,0.0,0.0,0.0,0.0,0.0,1.0
MTAP,NCT00107419,COMPLETED,Sarcoma,PHASE2,4,3,10,16,33,0.0,0.0,0.0,16.0,9.0,0.0,0.0
MTF2,NCT04190550,ACTIVE_NOT_RECRUITING,"Acute Myeloid Leukemia, Acute Myeloid Leukemia Arising From Previous Myelodysplastic Syndrome",PHASE1,3,2,10,16,31,0.0,0.0,0.0,1.0,0.0,0.0,0.0
MTHFR,NCT02709668,COMPLETED,Depression,PHASE4,6,3,0,16,25,0.0,0.0,16.0,0.0,6.0,0.0,8.0
MTM1,NCT03199469,ACTIVE_NOT_RECRUITING,X-Linked Myotubular Myopathy,PHASE2,4,2,0,16,22,0.0,0.0,1.0,3.0,1.0,0.0,0.0
MTOR,NCT02328963,COMPLETED,"Transplantation Infection, Cytomegalovirus Infection",PHASE4,6,3,0,16,25,5.0,0.0,31.0,100.0,116.0,20.0,17.0
MTPN,NCT00035815,COMPLETED,Amyotrophic Lateral Sclerosis,PHASE3,5,3,0,16,24,0.0,0.0,0.0,0.0,0.0,1.0,0.0
MTR,NCT04230174,UNKNOWN,Multiple Sclerosis,PHASE4,6,1,0,16,23,0.0,0.0,12.0,3.0,3.0,0.0,2.0
MTRR,NCT06163443,COMPLETED,"Hyperhomocysteinemia, Hyperlipoproteinemias",NA,0,3,0,16,19,0.0,0.0,2.0,0.0,0.0,0.0,0.0
MTX1,NCT05069714,COMPLETED,"Rheumatoid Arthritis, Autoimmune Diseases, Influenza, Vaccine Reaction",PHASE3,5,3,0,16,24,0.0,0.0,0.0,0.0,0.0,2.0,0.0
MUTYH,NCT03061591,UNKNOWN,"Familial Adenomatous Polyposis, FAP, FAP Gene Mutation",PHASE2,4,1,0,16,21,0.0,0.0,1.0,0.0,1.0,0.0,0.0
MVD,NCT02497118,COMPLETED,Non Small Cell Lung Cancer,PHASE4,6,3,10,16,35,0.0,0.0,23.0,1.0,4.0,1.0,7.0
MVK,NCT06497829,RECRUITING,Mevalonate Kinase Deficiency,NA,0,2,0,16,18,0.0,0.0,1.0,0.0,0.0,0.0,0.0
MVP,NCT01119482,COMPLETED,Meningitis,PHASE4,6,3,0,16,25,2.0,0.0,26.0,3.0,3.0,1.0,5.0
MX1,NCT04646980,COMPLETED,Influenza-like Illness,NA,0,3,0,16,19,0.0,0.0,1.0,0.0,0.0,0.0,0.0
MYC,NCT02872818,COMPLETED,Apoptotic Signal Pathways in Endometrial Hyperplasia,PHASE4,6,3,0,16,25,2.0,0.0,4.0,41.0,41.0,4.0,4.0
MYD88,NCT03005496,COMPLETED,PreTerm Birth,PHASE4,6,3,0,16,25,0.0,0.0,3.0,6.0,8.0,1.0,1.0
MYH11,NCT06211452,COMPLETED,"AML, Pediatric AML",PHASE3,5,3,0,16,24,0.0,0.0,1.0,0.0,4.0,2.0,0.0
MYH9,NCT01133860,COMPLETED,Blood Platelet Disorders,PHASE2,4,3,0,16,23,0.0,0.0,0.0,0.0,2.0,0.0,0.0
MYLK,NCT05453188,COMPLETED,"COVID-19, Genetic Predisposition to Disease",NA,0,3,0,16,19,0.0,0.0,1.0,0.0,0.0,0.0,0.0
MYPOP,NCT05989308,RECRUITING,Health Technology,NA,0,2,0,16,18,0.0,0.0,1.0,0.0,0.0,0.0,0.0
MYT1L,NCT02980302,COMPLETED,"Intellectual Deficiency, Asymptomatic Carrier of the Mutation of the Gene MYT1L, Healthy Volunteers",NA,0,3,0,16,19,0.0,0.0,1.0,0.0,0.0,0.0,0.0
MZF1,NCT02282423,TERMINATED,"Diabetes, Obesity",NA,0,0,0,16,16,0.0,0.0,1.0,0.0,0.0,0.0,0.0
NACA,NCT06169280,NOT_YET_RECRUITING,"Glioma, Malignant, New Diagnosis Tumor",PHASE1,3,2,10,16,31,0.0,0.0,0.0,1.0,0.0,0.0,0.0
NAE1,NCT03965689,ACTIVE_NOT_RECRUITING,"Metastatic Lung Non-Small Cell Squamous Carcinoma, Metastatic Lung Non-Squamous Non-Small Cell Carcinoma, Stage IIIB Lung Cancer AJCC v8, Stage IV Lung Cancer AJCC v8, Stage IVA Lung Cancer AJCC v8, Stage IVB Lung Cancer AJCC v8, Unresectable Lung Non-Small Cell Carcinoma, Unresectable Lung Non-Squamous Non-Small Cell Carcinoma",PHASE2,4,2,10,16,32,0.0,0.0,0.0,0.0,2.0,0.0,0.0
NAGLU,NCT03300453,COMPLETED,Sanfilippo Syndrome B,PHASE1,3,3,0,16,22,0.0,0.0,0.0,2.0,0.0,0.0,0.0
NAMPT,NCT00495599,COMPLETED,Obesity,PHASE3,5,3,0,16,24,0.0,0.0,1.0,5.0,1.0,1.0,0.0
NANP,NCT05252845,COMPLETED,"Malaria,Falciparum",PHASE2,4,3,0,16,23,0.0,0.0,0.0,0.0,1.0,0.0,0.0
NANS,NCT03545568,COMPLETED,N-Acetylneuraminic Acid Storage Disease,NA,0,3,0,16,19,0.0,0.0,1.0,0.0,0.0,0.0,0.0
NAPA,NCT00653042,COMPLETED,"Coronary Artery Bypass Surgery, Coronary Heart Disease, Coronary Artery Bypass Grafting, Cardiopulmonary Bypass, Ischemic Heart Disease, Congestive Heart Failure",PHASE2,4,3,0,16,23,0.0,0.0,4.0,0.0,2.0,0.0,0.0
NAPB,NCT05836350,NOT_YET_RECRUITING,Type 2 Diabetes,PHASE4,6,2,0,16,24,1.0,0.0,0.0,2.0,0.0,0.0,1.0
NBAS,NCT02764099,COMPLETED,Drug Abuse,NA,0,3,0,16,19,0.0,0.0,7.0,0.0,0.0,0.0,0.0
NBL1,NCT06556550,RECRUITING,Oligometastatic Disease,PHASE2,4,2,10,16,32,0.0,0.0,1.0,0.0,1.0,0.0,0.0
NBN,NCT04508803,COMPLETED,Treatment Efficacy,PHASE2,4,3,0,16,23,0.0,0.0,0.0,1.0,3.0,0.0,0.0
NCAM1,NCT02452554,COMPLETED,"Pleuropulmonary Blastoma, Recurrent Malignant Peripheral Nerve Sheath Tumor, Recurrent Neuroblastoma, Recurrent Rhabdomyosarcoma, Recurrent Synovial Sarcoma, Wilms Tumor",PHASE2,4,3,10,16,33,0.0,0.0,0.0,3.0,2.0,0.0,0.0
NCL,NCT03143101,COMPLETED,"Influenza, Healthy",PHASE4,6,3,0,16,25,0.0,0.0,6.0,7.0,4.0,3.0,2.0
NCOA1,NCT05093634,ACTIVE_NOT_RECRUITING,"Obesity, Genetic Obesity",PHASE3,5,2,0,16,23,0.0,0.0,0.0,0.0,0.0,1.0,0.0
NCOR1,NCT06678685,NOT_YET_RECRUITING,"NCOR Gene Mutations, Spironolactone, ASD",PHASE2,4,2,0,16,22,0.0,0.0,0.0,0.0,1.0,0.0,0.0
NEB,NCT01415531,COMPLETED,Hypertension,PHASE4,6,3,0,16,25,0.0,0.0,7.0,7.0,6.0,8.0,16.0
NEDD4,NCT01706887,TERMINATED,Hypertension,NA,0,0,0,16,16,0.0,0.0,1.0,0.0,0.0,0.0,0.0
NEDD8,NCT03965689,ACTIVE_NOT_RECRUITING,"Metastatic Lung Non-Small Cell Squamous Carcinoma, Metastatic Lung Non-Squamous Non-Small Cell Carcinoma, Stage IIIB Lung Cancer AJCC v8, Stage IV Lung Cancer AJCC v8, Stage IVA Lung Cancer AJCC v8, Stage IVB Lung Cancer AJCC v8, Unresectable Lung Non-Small Cell Carcinoma, Unresectable Lung Non-Squamous Non-Small Cell Carcinoma",PHASE2,4,2,10,16,32,0.0,0.0,0.0,3.0,2.0,0.0,0.0
NEFH,NCT01854294,COMPLETED,Amyotrophic Lateral Sclerosis,PHASE2,4,3,0,16,23,0.0,0.0,0.0,0.0,1.0,0.0,0.0
NEGR1,NCT06131268,RECRUITING,"Major Depressive Disorder, Bipolar Affective Disorder, Currently Depressed, Moderate",PHASE4,6,2,0,16,24,0.0,0.0,0.0,0.0,0.0,0.0,1.0
NELFCD,NCT04444622,RECRUITING,Metastatic Colorectal Cancer,PHASE2,4,2,10,16,32,0.0,0.0,0.0,1.0,1.0,0.0,0.0
NEO1,NCT06631092,RECRUITING,Triple Negative Breast Cancer,PHASE1,3,2,10,16,31,0.0,0.0,0.0,3.0,0.0,0.0,0.0
NEU1,NCT00228891,TERMINATED,"Diabetes Mellitus, With Complications",PHASE2,4,0,0,16,20,0.0,0.0,1.0,0.0,3.0,0.0,0.0
NF1,NCT00169611,COMPLETED,Neurofibromatosis Type 1,PHASE4,6,3,0,16,25,4.0,0.0,27.0,38.0,57.0,7.0,1.0
NF2,NCT01490476,COMPLETED,Neurofibromatosis 2,PHASE2,4,3,0,16,23,3.0,0.0,11.0,4.0,22.0,0.0,0.0
NFE2L2,NCT06491394,NOT_YET_RECRUITING,Rhabdomyolysis,PHASE4,6,2,0,16,24,0.0,0.0,5.0,3.0,6.0,0.0,2.0
NFKB1,NCT02608905,TERMINATED,Type 2 Diabetes Mellitus,PHASE4,6,0,0,16,22,0.0,0.0,2.0,5.0,4.0,0.0,2.0
NFKB2,NCT02765854,ACTIVE_NOT_RECRUITING,"Recurrent Plasma Cell Myeloma, Refractory Plasma Cell Myeloma",PHASE2,4,2,0,16,22,0.0,0.0,0.0,0.0,1.0,0.0,0.0
NGFR,NCT05425719,COMPLETED,Chronic Kidney Disease,PHASE3,5,3,0,16,24,0.0,0.0,0.0,2.0,0.0,1.0,0.0
NGLY1,NCT05402345,RECRUITING,NGLY1 Deficiency,PHASE2,4,2,0,16,22,0.0,0.0,0.0,1.0,1.0,0.0,0.0
NHS,NCT02018094,COMPLETED,"Wound Infection, Amputation Wound",PHASE4,6,3,0,16,25,0.0,0.0,70.0,5.0,6.0,6.0,4.0
NIN,NCT01639014,COMPLETED,Ischemic Stroke,PHASE3,5,3,0,16,24,0.0,0.0,10.0,0.0,0.0,1.0,0.0
NIPBL,NCT06789783,RECRUITING,Cornelia De Lange Syndrome,PHASE2,4,2,0,16,22,0.0,0.0,0.0,0.0,1.0,0.0,0.0
NKTR,NCT03785925,COMPLETED,"Urinary Bladder Neoplasm, Neoplasm Metastasis",PHASE2,4,3,10,16,33,0.0,0.0,0.0,9.0,5.0,0.0,0.0
NLN,NCT05672446,COMPLETED,"Anxiety, Pediatric Nursing, Patient Simulation, Self Efficacy, High Fidelity Simulation Training",NA,0,3,0,16,19,0.0,0.0,2.0,0.0,0.0,0.0,0.0
NLRC4,NCT03113760,COMPLETED,"NLRC4-MAS, XIAP Deficiency",PHASE3,5,3,0,16,24,0.0,0.0,0.0,0.0,1.0,3.0,0.0
NLRC5,NCT03979508,RECRUITING,"Anatomic Stage I Breast Cancer AJCC v8, Anatomic Stage II Breast Cancer AJCC v8, Anatomic Stage III Breast Cancer AJCC v8, Breast Ductal Carcinoma In Situ, Breast Fibrocystic Change, Breast Lobular Carcinoma In Situ, Invasive Breast Carcinoma, Prognostic Stage I Breast Cancer AJCC v8, Prognostic Stage IA Breast Cancer AJCC v8, Prognostic Stage IB Breast Cancer AJCC v8, Prognostic Stage II Breast Cancer AJCC v8, Prognostic Stage IIA Breast Cancer AJCC v8, Prognostic Stage IIB Breast Cancer AJCC v8, Prognostic Stage III Breast Cancer AJCC v8, Prognostic Stage IIIA Breast Cancer AJCC v8, Prognostic Stage IIIB Breast Cancer AJCC v8, Prognostic Stage IIIC Breast Cancer AJCC v8, Triple-Negative Breast Carcinoma",PHASE2,4,2,10,16,32,0.0,0.0,0.0,0.0,1.0,0.0,0.0
NLRP1,NCT06066554,NOT_YET_RECRUITING,Early Disease Onset,NA,0,2,0,16,18,0.0,0.0,1.0,0.0,0.0,0.0,0.0
NMB,NCT04287426,COMPLETED,"Neuromuscular Blockade, Intubation Complication, Anesthesia",PHASE4,6,3,0,16,25,2.0,0.0,64.0,3.0,17.0,12.0,79.0
NMI,NCT03504163,RECRUITING,Bladder Cancer,PHASE2,4,2,10,16,32,0.0,0.0,4.0,1.0,1.0,0.0,0.0
NNT,NCT02020928,UNKNOWN,"Oral Mucositis, Effects of Chemotherapy, Malignant Neoplasm of Bone Marrow",PHASE3,5,1,10,16,32,0.0,0.0,8.0,0.0,1.0,1.0,0.0
NONO,NCT01002638,TERMINATED,Fingertips Traumatic Amputations,NA,0,0,0,16,16,0.0,0.0,1.0,0.0,0.0,0.0,0.0
NOS1AP,NCT06256419,RECRUITING,"Type 2 Diabetes Mellitus, Susceptibility, Genetic",NA,0,2,0,16,18,0.0,0.0,1.0,0.0,0.0,0.0,0.0
NOTCH1,NCT04939363,COMPLETED,Richter's Syndrome,PHASE2,4,3,0,16,23,0.0,0.0,3.0,1.0,6.0,0.0,0.0
NPAS2,NCT06544018,NOT_YET_RECRUITING,"Cryopyrin Associated Periodic Syndrome, Familial Cold Urticaria, Muckle-Wells Syndrome, CINCA Syndrome",NA,0,2,0,16,18,0.0,0.0,2.0,0.0,0.0,0.0,0.0
NPAT,NCT03967561,UNKNOWN,"Diabetes Mellitus, Type 2",NA,0,1,0,16,17,0.0,0.0,1.0,0.0,0.0,0.0,0.0
NPC1,NCT04860960,ACTIVE_NOT_RECRUITING,"Niemann-Pick Disease, Type C1",PHASE3,5,2,0,16,23,0.0,0.0,0.0,5.0,4.0,1.0,0.0
NPC2,NCT02612129,COMPLETED,"Niemann-Pick Disease, Type C",PHASE2,4,3,0,16,23,0.0,0.0,0.0,2.0,1.0,0.0,0.0
NPHP1,NCT01022957,COMPLETED,Nephronophthisis,NA,0,3,0,16,19,0.0,0.0,3.0,0.0,0.0,0.0,0.0
NPHP3,NCT01022957,COMPLETED,Nephronophthisis,NA,0,3,0,16,19,0.0,0.0,1.0,0.0,0.0,0.0,0.0
NPHP4,NCT01022957,COMPLETED,Nephronophthisis,NA,0,3,0,16,19,0.0,0.0,3.0,0.0,0.0,0.0,0.0
NPIPA1,NCT05459129,COMPLETED,Squamous Cell Carcinoma of the Head and Neck,PHASE1,3,3,10,16,32,0.0,0.0,5.0,8.0,0.0,0.0,0.0
NPL,NCT04214938,COMPLETED,Nasopharyngeal Diseases,PHASE4,6,3,0,16,25,0.0,0.0,3.0,1.0,0.0,1.0,4.0
NPM1,NCT00860639,COMPLETED,Acute Myeloid Leukemia,PHASE3,5,3,10,16,34,0.0,0.0,2.0,19.0,11.0,6.0,0.0
NPR2,NCT03091998,WITHDRAWN,"Heart Failure, Left Ventricular Assist Device, Natriuretic Peptide",PHASE1,3,0,0,16,19,0.0,0.0,0.0,1.0,0.0,0.0,0.0
NPW,NCT03942614,COMPLETED,"Cancer, Neoplasms",NA,0,3,10,16,29,0.0,0.0,2.0,0.0,0.0,0.0,0.0
NQO1,NCT03965689,ACTIVE_NOT_RECRUITING,"Metastatic Lung Non-Small Cell Squamous Carcinoma, Metastatic Lung Non-Squamous Non-Small Cell Carcinoma, Stage IIIB Lung Cancer AJCC v8, Stage IV Lung Cancer AJCC v8, Stage IVA Lung Cancer AJCC v8, Stage IVB Lung Cancer AJCC v8, Unresectable Lung Non-Small Cell Carcinoma, Unresectable Lung Non-Squamous Non-Small Cell Carcinoma",PHASE2,4,2,10,16,32,2.0,0.0,4.0,0.0,1.0,0.0,0.0
NQO2,NCT00746590,TERMINATED,Hepatocellular Carcinoma,PHASE2,4,0,10,16,30,0.0,0.0,0.0,0.0,1.0,0.0,0.0
NR1D1,NCT06601660,ACTIVE_NOT_RECRUITING,"Obesity Type I and II, Obesity and Overweight",NA,0,2,0,16,18,0.0,0.0,1.0,0.0,0.0,0.0,0.0
NR1H3,NCT00644592,TERMINATED,Healthy,NA,0,0,0,16,16,0.0,0.0,1.0,0.0,0.0,0.0,0.0
NR3C1,NCT01990560,COMPLETED,Mild Hypercortisolism,PHASE4,6,3,0,16,25,3.0,0.0,23.0,22.0,13.0,4.0,2.0
NR3C2,NCT00879060,COMPLETED,"Myocardial Fibrosis, Hypertrophic Cardiomyopathy",PHASE4,6,3,0,16,25,1.0,0.0,31.0,12.0,25.0,18.0,32.0
NR4A1,NCT02344550,COMPLETED,Metastatic Breast Cancer,PHASE2,4,3,10,16,33,0.0,0.0,0.0,0.0,1.0,0.0,0.0
NR4A2,NCT05173701,UNKNOWN,Parkinson's Disease,NA,0,1,0,16,17,0.0,0.0,1.0,0.0,0.0,0.0,0.0
NRAS,NCT02301962,UNKNOWN,Cancer,PHASE4,6,1,10,16,33,1.0,0.0,7.0,38.0,42.0,7.0,1.0
NRF1,NCT03562429,UNKNOWN,"Osteoarthritis, Knee",PHASE2,4,1,0,16,21,0.0,0.0,0.0,0.0,1.0,0.0,0.0
NRG1,NCT04814056,UNKNOWN,NRG1-fused Non-small Cell Lung Cancer,PHASE4,6,1,10,16,33,0.0,0.0,0.0,3.0,10.0,0.0,2.0
NRG2,NCT01594177,COMPLETED,Unilateral HER2 Positive Breast Cancer,PHASE2,4,3,10,16,33,0.0,0.0,0.0,0.0,1.0,0.0,0.0
NRG4,NCT01594177,COMPLETED,Unilateral HER2 Positive Breast Cancer,PHASE2,4,3,10,16,33,0.0,0.0,1.0,0.0,1.0,0.0,0.0
NRL,NCT04134039,COMPLETED,"Control of Pregnancy, Prevention of Sexually Transmitted Infections",PHASE4,6,3,0,16,25,0.0,0.0,8.0,0.0,1.0,2.0,2.0
NRM,NCT02623309,COMPLETED,Hematologic Neoplasms,PHASE3,5,3,10,16,34,1.0,0.0,16.0,17.0,42.0,6.0,0.0
NRP1,NCT00747734,COMPLETED,Solid Cancers,PHASE1,3,3,10,16,32,0.0,0.0,1.0,1.0,0.0,0.0,0.0
NRP2,NCT04285892,COMPLETED,In Vitro Maturation of Oocytes,NA,0,3,0,16,19,0.0,0.0,1.0,0.0,0.0,0.0,0.0
NSF,NCT02752191,COMPLETED,Pediatric Congenital Heart Disease,PHASE4,6,3,0,16,25,1.0,0.0,5.0,1.0,2.0,4.0,6.0
NT5E,NCT00987974,COMPLETED,"Ischemia Reperfusion Injury, Endothelial Dysfunction",PHASE4,6,3,0,16,25,1.0,0.0,16.0,47.0,22.0,5.0,4.0
NTRK2,NCT03155620,ACTIVE_NOT_RECRUITING,"Advanced Malignant Solid Neoplasm, Ann Arbor Stage III Non-Hodgkin Lymphoma, Ann Arbor Stage IV Non-Hodgkin Lymphoma, Histiocytic Sarcoma, Juvenile Xanthogranuloma, Langerhans Cell Histiocytosis, Malignant Glioma, Recurrent Childhood Rhabdomyosarcoma, Recurrent Ependymoma, Recurrent Ewing Sarcoma, Recurrent Glioma, Recurrent Hepatoblastoma, Recurrent Langerhans Cell Histiocytosis, Recurrent Malignant Germ Cell Tumor, Recurrent Malignant Solid Neoplasm, Recurrent Medulloblastoma, Recurrent Neuroblastoma, Recurrent Non-Hodgkin Lymphoma, Recurrent Osteosarcoma, Recurrent Peripheral Primitive Neuroectodermal Tumor, Recurrent Primary Central Nervous System Neoplasm, Recurrent Rhabdoid Tumor, Recurrent Soft Tissue Sarcoma, Refractory Ewing Sarcoma, Refractory Glioma, Refractory Hepatoblastoma, Refractory Langerhans Cell Histiocytosis, Refractory Malignant Germ Cell Tumor, Refractory Malignant Solid Neoplasm, Refractory Medulloblastoma, Refractory Neuroblastoma, Refractory Non-Hodgkin Lymphoma, Refractory Osteosarcoma, Refractory Peripheral Primitive Neuroectodermal Tumor, Refractory Primary Central Nervous System Neoplasm, Refractory Rhabdoid Tumor, Refractory Rhabdomyosarcoma, Rhabdoid Tumor, Stage III Osteosarcoma AJCC v7, Stage III Soft Tissue Sarcoma AJCC v7, Stage IV Osteosarcoma AJCC v7, Stage IV Soft Tissue Sarcoma AJCC v7, Stage IVA Osteosarcoma AJCC v7, Stage IVB Osteosarcoma AJCC v7, Wilms Tumor",PHASE2,4,2,10,16,32,0.0,0.0,3.0,8.0,3.0,0.0,0.0
NUB1,NCT04529031,RECRUITING,Posttraumatic Stress Disorder,NA,0,2,0,16,18,0.0,0.0,1.0,0.0,0.0,0.0,0.0
NUDT15,NCT02929706,UNKNOWN,Thiopurine-induced Leukopenia,NA,0,1,0,16,17,0.0,0.0,1.0,0.0,0.0,0.0,0.0
NUDT21,NCT06424301,RECRUITING,"Retinoblastoma, Refractory",EARLY_PHASE1,2,2,0,16,20,1.0,0.0,0.0,0.0,0.0,0.0,0.0
NUMB,NCT02506660,COMPLETED,"Pain, Shoulder Arthroscopy",PHASE4,6,3,0,16,25,5.0,0.0,47.0,10.0,12.0,5.0,27.0
NUP214,NCT04441996,COMPLETED,COVID-19,PHASE4,6,3,0,16,25,4.0,0.0,33.0,9.0,5.0,5.0,2.0
NUP98,NCT05326516,COMPLETED,"Relapsed/Refractory Leukemias, Acute Lymphoblastic Leukemia, Acute Lymphocytic Leukemia, Mixed Phenotype Acute Leukemia, Acute Myeloid Leukemia, Acute Undifferentiated Leukemia",PHASE1,3,3,10,16,32,0.0,0.0,0.0,3.0,0.0,0.0,0.0
NVL,NCT05384626,RECRUITING,"Locally Advanced Solid Tumor, Metastatic Solid Tumor",PHASE1,3,2,10,16,31,0.0,0.0,2.0,2.0,0.0,0.0,0.0
OAF,NCT06281873,COMPLETED,Oroantral Fistula,NA,0,3,0,16,19,0.0,0.0,2.0,0.0,0.0,0.0,0.0
OAS2,NCT03979508,RECRUITING,"Anatomic Stage I Breast Cancer AJCC v8, Anatomic Stage II Breast Cancer AJCC v8, Anatomic Stage III Breast Cancer AJCC v8, Breast Ductal Carcinoma In Situ, Breast Fibrocystic Change, Breast Lobular Carcinoma In Situ, Invasive Breast Carcinoma, Prognostic Stage I Breast Cancer AJCC v8, Prognostic Stage IA Breast Cancer AJCC v8, Prognostic Stage IB Breast Cancer AJCC v8, Prognostic Stage II Breast Cancer AJCC v8, Prognostic Stage IIA Breast Cancer AJCC v8, Prognostic Stage IIB Breast Cancer AJCC v8, Prognostic Stage III Breast Cancer AJCC v8, Prognostic Stage IIIA Breast Cancer AJCC v8, Prognostic Stage IIIB Breast Cancer AJCC v8, Prognostic Stage IIIC Breast Cancer AJCC v8, Triple-Negative Breast Carcinoma",PHASE2,4,2,10,16,32,0.0,0.0,0.0,0.0,1.0,0.0,0.0
OAT,NCT00025766,COMPLETED,"Cardiovascular Diseases, Coronary Disease, Heart Diseases, Myocardial Infarction",PHASE4,6,3,0,16,25,2.0,0.0,168.0,6.0,16.0,5.0,18.0
OCRL,NCT01314560,COMPLETED,Oculocerebrorenal Syndrome,NA,0,3,0,16,19,0.0,0.0,1.0,0.0,0.0,0.0,0.0
ODC1,NCT04633239,RECRUITING,"Recurrent Ovarian High Grade Serous Adenocarcinoma, Recurrent Platinum-Resistant Ovarian Carcinoma",PHASE1,3,2,10,16,31,0.0,0.0,0.0,1.0,0.0,0.0,0.0
OGT,NCT04836052,UNKNOWN,COVID-19,PHASE3,5,1,0,16,22,0.0,0.0,15.0,3.0,5.0,1.0,0.0
OPA1,NCT06007391,RECRUITING,Nicotinamide Adverse Reaction,PHASE2,4,2,0,16,22,0.0,0.0,1.0,1.0,1.0,0.0,0.0
OPTN,NCT02525510,COMPLETED,"Brain Death, Organ Donation, Organ Transplant Failure or Rejection, Delayed Graft Function",NA,0,3,0,16,19,0.0,0.0,4.0,0.0,0.0,0.0,0.0
P2RX7,NCT02293811,TERMINATED,Crohn Disease-Associated Colorectal Adenocarcinoma,NA,0,0,10,16,26,0.0,0.0,1.0,0.0,0.0,0.0,0.0
P4HB,NCT04514510,COMPLETED,Sickle Cell Disease,PHASE2,4,3,0,16,23,0.0,0.0,1.0,0.0,1.0,0.0,0.0
PABPN1,NCT06185673,RECRUITING,Oculopharyngeal Muscular Dystrophy,PHASE1,3,2,0,16,21,0.0,0.0,0.0,1.0,0.0,0.0,0.0
PAK1,NCT04480593,COMPLETED,Covid19,PHASE2,4,3,0,16,23,0.0,0.0,0.0,0.0,1.0,0.0,0.0
PAK4,NCT04914845,RECRUITING,"Acute Myeloid Leukemia, Acute Myeloid Leukemia, in Relapse, Acute Myeloid Leukemia Refractory",PHASE1,3,2,10,16,31,0.0,0.0,0.0,3.0,0.0,0.0,0.0
PALB2,NCT06380751,RECRUITING,Advanced Breast Cancer,PHASE3,5,2,10,16,33,0.0,0.0,4.0,7.0,23.0,2.0,0.0
PALM,NCT01258920,COMPLETED,Schizophrenia,PHASE3,5,3,0,16,24,1.0,0.0,43.0,3.0,9.0,4.0,0.0
PAM,NCT03706755,COMPLETED,"Anesthesia, Adverse Effect, Hypotension, Cesarean Section Complications, Vasopressor",PHASE4,6,3,0,16,25,0.0,0.0,90.0,11.0,8.0,8.0,3.0
PANK2,NCT02174848,COMPLETED,Pantothenate Kinase-Associated Neurodegeneration,PHASE3,5,3,0,16,24,0.0,0.0,1.0,0.0,0.0,3.0,0.0
PANX1,NCT04939623,RECRUITING,"Chronic Pain, Drug Dependence of Morphine Type, Symptom, Withdrawal",PHASE2,4,2,0,16,22,0.0,0.0,0.0,0.0,1.0,0.0,0.0
PAOX,NCT01095731,COMPLETED,Aneurysmal Subarachnoid Hemorrhage,PHASE2,4,3,0,16,23,0.0,0.0,0.0,0.0,1.0,0.0,0.0
PAPPA,NCT04119349,COMPLETED,"Genetic Counseling, Prenatal Diagnosis",NA,0,3,0,16,19,0.0,0.0,2.0,0.0,0.0,0.0,0.0
PARG,NCT06395519,RECRUITING,"Advanced or Metastatic Solid Tumors, Breast Cancer, Ovarian Cancer, Prostate Cancer, Epithelial Ovarian Cancer, BRCA2 Mutation, ER+ Breast Cancer, Castrate Resistant Prostate Cancer, BRCA1 Mutation, BRCA Mutation, Endometrial Cancer, Colorectal Cancer, Gastric Cancer",PHASE1,3,2,10,16,31,0.0,0.0,0.0,3.0,0.0,0.0,0.0
PARP1,NCT01082549,COMPLETED,Squamous Cell Lung Cancer,PHASE3,5,3,10,16,34,6.0,0.0,3.0,41.0,24.0,1.0,0.0
PARP14,NCT05215808,RECRUITING,Atopic Dermatitis,PHASE1,3,2,0,16,21,0.0,0.0,0.0,1.0,0.0,0.0,0.0
PARP2,NCT05494580,RECRUITING,"Ovarian Cancer, Ovarian Carcinoma, Platinum-resistant Ovarian Cancer, Fallopian Tube Carcinosarcoma, Primary Peritoneal Cancer",PHASE1,3,2,10,16,31,0.0,0.0,0.0,2.0,0.0,0.0,0.0
PARP3,NCT04053673,UNKNOWN,"Solid Tumor, Adult",PHASE1,3,1,10,16,30,0.0,0.0,0.0,1.0,0.0,0.0,0.0
PART1,NCT01734382,COMPLETED,Juvenile Idiopathic Arthritis,PHASE4,6,3,0,0,9,0.0,0.0,0.0,4.0,0.0,0.0,1.0
PAWR,NCT04011410,ACTIVE_NOT_RECRUITING,Prostate Cancer Recurrent,PHASE2,4,2,10,16,32,0.0,0.0,0.0,0.0,1.0,0.0,0.0
PBK,NCT05398237,COMPLETED,Sun Damaged Skin,NA,0,3,0,16,19,0.0,0.0,4.0,0.0,0.0,0.0,0.0
PC,NCT06256289,NOT_YET_RECRUITING,"Polycystic Ovary Syndrome, Non-Alcoholic Fatty Liver Disease",PHASE4,6,2,0,16,24,0.0,0.0,83.0,12.0,24.0,16.0,3.0
PCCA,NCT04210310,TERMINATED,Tinnitus,PHASE3,5,0,0,16,21,0.0,0.0,4.0,1.0,2.0,1.0,0.0
PCDH9,NCT06167590,RECRUITING,"Depression, Anxiety, Healthy",NA,0,2,0,16,18,0.0,0.0,1.0,0.0,0.0,0.0,0.0
PCNA,NCT00637988,COMPLETED,Barrett's Esophagus,PHASE4,6,3,0,16,25,0.0,0.0,5.0,5.0,3.0,2.0,1.0
PCOLCE,NCT04820959,COMPLETED,"Valvulopathy, Heart Surgery, Procollagen C-Proteinase Enhancers",NA,0,3,0,16,19,0.0,0.0,1.0,0.0,0.0,0.0,0.0
PCYT1A,NCT00075166,COMPLETED,"Brain Neoplasms, Neoplasm Metastasis",PHASE4,6,3,10,16,35,1.0,0.0,28.0,6.0,7.0,1.0,4.0
PDCD1LG2,NCT05930951,COMPLETED,Adenoid Cystic Carcinoma of the Head and Neck,PHASE1,3,3,10,16,32,0.0,0.0,0.0,1.0,0.0,0.0,0.0
PDE3A,NCT04809805,TERMINATED,Metastatic Melanoma and Other Solid Tumors,PHASE1,3,0,10,16,29,0.0,0.0,0.0,1.0,0.0,0.0,0.0
PDE4A,NCT04023084,COMPLETED,"Atopic Dermatitis, Eczema",PHASE4,6,3,0,16,25,0.0,0.0,0.0,0.0,0.0,0.0,1.0
PDE4B,NCT06795581,RECRUITING,Alcohol Use Disorder,PHASE1,3,2,0,16,21,0.0,0.0,0.0,3.0,0.0,0.0,0.0
PDE4D,NCT01805518,COMPLETED,Adverse Mental/Physical Effects of Low Dose S. Tortuosum.,PHASE1,3,3,0,16,22,0.0,0.0,1.0,3.0,0.0,0.0,0.0
PDE5A,NCT01803828,COMPLETED,"Diabetic Cardiomyopathy, Diabetes Mellitus Type 2",PHASE4,6,3,0,16,25,0.0,0.0,0.0,1.0,2.0,0.0,2.0
PDF,NCT01315314,COMPLETED,"Kidney Failure, Chronic, Disorders Associated With Peritoneal Dialysis",PHASE4,6,3,0,16,25,0.0,0.0,20.0,1.0,2.0,0.0,3.0
PDGFA,NCT01876082,COMPLETED,Progressive Desmoids Tumors,PHASE2,4,3,10,16,33,0.0,0.0,0.0,0.0,1.0,0.0,0.0
PDK1,NCT04690725,UNKNOWN,"Safety Issues, Efficacy, Self",PHASE1,3,1,0,16,20,0.0,0.0,0.0,1.0,0.0,0.0,0.0
PDK3,NCT00491517,COMPLETED,Polycystic Kidney,PHASE2,4,3,0,16,23,0.0,0.0,0.0,0.0,1.0,0.0,0.0
PDK4,NCT02469337,UNKNOWN,Insulin Resistance,PHASE4,6,1,0,16,23,0.0,0.0,1.0,0.0,0.0,0.0,1.0
PDPR,NCT00735605,COMPLETED,"Obstructed Defecation, Anismus, Constipation",NA,0,3,0,16,19,0.0,0.0,1.0,0.0,0.0,0.0,0.0
PEA15,NCT00948402,COMPLETED,"Polycystic Ovarian Syndrome, Insulin Sensitivity",PHASE3,5,3,0,16,24,0.0,0.0,0.0,0.0,0.0,1.0,0.0
PEMT,NCT05581186,COMPLETED,"Neck Pain, Musculoskeletal Diseases, Chronic Neck Pain, Cervical Disc Disease",NA,0,3,0,16,19,0.0,0.0,4.0,0.0,0.0,0.0,0.0
PER1,NCT02861131,COMPLETED,"Postoperative Complications, Neuromuscular Blockade",PHASE4,6,3,0,16,25,2.0,0.0,55.0,15.0,22.0,19.0,21.0
PER2,NCT03822949,RECRUITING,"Myocardial Ischemia, Critical Illness, Endothelial Dysfunction",NA,0,2,0,16,18,0.0,0.0,4.0,0.0,0.0,0.0,0.0
PER3,NCT02307747,COMPLETED,Infection,NA,0,3,0,16,19,0.0,0.0,2.0,0.0,0.0,0.0,0.0
PERP,NCT03159962,COMPLETED,"Malocclusion, Angle Class II, Malocclusion",NA,0,3,0,16,19,0.0,0.0,3.0,0.0,0.0,0.0,0.0
PEX1,NCT01838941,COMPLETED,Peroxisome Biogenesis Disorders,PHASE3,5,3,0,16,24,0.0,0.0,0.0,0.0,1.0,1.0,0.0
PEX2,NCT03856866,COMPLETED,"Zellweger Syndrome, Peroxisome Biogenesis Disorders",PHASE2,4,3,0,16,23,0.0,0.0,0.0,0.0,1.0,0.0,0.0
PEX26,NCT03856866,COMPLETED,"Zellweger Syndrome, Peroxisome Biogenesis Disorders",PHASE2,4,3,0,16,23,0.0,0.0,0.0,0.0,1.0,0.0,0.0
PEX6,NCT03856866,COMPLETED,"Zellweger Syndrome, Peroxisome Biogenesis Disorders",PHASE2,4,3,0,16,23,0.0,0.0,0.0,0.0,1.0,0.0,0.0
PEX7,NCT00007020,COMPLETED,"Infantile Refsum's Disease, Zellweger Syndrome, Adrenoleukodystrophy, Peroxisomal Disorders, Cholestasis",PHASE3,5,3,0,16,24,0.0,0.0,1.0,0.0,1.0,2.0,0.0
PFAS,NCT06588530,NOT_YET_RECRUITING,"Innate Inflammatory Response, Vaccination, Diphtheria, Tetanus, Environmental Exposure, Vaccine, Antibodies, Adult, Immunity, Pollution; Exposure",PHASE4,6,2,0,16,24,1.0,0.0,6.0,0.0,1.0,0.0,1.0
PGD,NCT01888744,COMPLETED,"Reproductive Endocrinology, Fertility, Optimal Stimulation Protocol",PHASE4,6,3,0,16,25,3.0,0.0,34.0,1.0,7.0,3.0,7.0
PGLS,NCT02186678,COMPLETED,"Paragangliomas, Pheochromocytomas",NA,0,3,0,16,19,0.0,0.0,1.0,0.0,0.0,0.0,0.0
PGM1,NCT05402332,NOT_YET_RECRUITING,PGM1-CDG - Phosphoglucomutase 1-Related Congenital Disorder of Glycosylation,PHASE2,4,2,0,16,22,0.0,0.0,0.0,0.0,1.0,0.0,0.0
PGM3,NCT02511041,TERMINATED,PGM3,PHASE1,3,0,0,16,19,0.0,0.0,0.0,1.0,0.0,0.0,0.0
PGP,NCT00027014,COMPLETED,Pain,PHASE4,6,3,0,16,25,1.0,0.0,24.0,19.0,5.0,2.0,3.0
PHACTR1,NCT04508998,COMPLETED,Microvascular Angina,NA,0,3,0,16,19,0.0,0.0,1.0,0.0,0.0,0.0,0.0
PHEX,NCT04695860,COMPLETED,X-linked Hypophosphatemia,PHASE3,5,3,0,16,24,0.0,0.0,0.0,0.0,0.0,2.0,0.0
PHIP,NCT01092689,WITHDRAWN,Pancreas Cancer,PHASE1,3,0,10,16,29,0.0,0.0,0.0,1.0,0.0,0.0,0.0
PHYH,NCT00007020,COMPLETED,"Infantile Refsum's Disease, Zellweger Syndrome, Adrenoleukodystrophy, Peroxisomal Disorders, Cholestasis",PHASE3,5,3,0,16,24,0.0,0.0,1.0,0.0,1.0,2.0,0.0
PI4KB,NCT05016687,COMPLETED,"Pulmonary Disease, Chronic Obstructive, Enterovirus Infections, Rhinovirus",PHASE1,3,3,0,16,22,0.0,0.0,0.0,1.0,0.0,0.0,0.0
PIEZO1,NCT04372498,COMPLETED,Dehydrated Hereditary Stomatocytosis,PHASE1,3,3,0,16,22,0.0,0.0,0.0,1.0,0.0,0.0,0.0
PIGA,NCT03837054,UNKNOWN,Breast Cancer Female,NA,0,1,10,16,27,0.0,0.0,1.0,0.0,0.0,0.0,0.0
PIGF,NCT04810585,RECRUITING,Recurrent or Metastatic Colorectal Cancer,PHASE4,6,2,10,16,34,0.0,0.0,4.0,3.0,1.0,0.0,3.0
PIGS,NCT01379326,COMPLETED,"Ascaris Lumbricoides, Ascaris Suum, Trichuris Trichiura, Trichuris Vulpis, Ancylostoma Duodenal, Ancylostoma Caninum, Ancylostoma Ceylanicum, Necator Americanus",PHASE4,6,3,0,16,25,1.0,0.0,26.0,9.0,8.0,3.0,2.0
PIGT,NCT04249622,ACTIVE_NOT_RECRUITING,"Anatomic Stage I Breast Cancer AJCC V8, Anatomic Stage IA Breast Cancer AJCC V8, Anatomic Stage IB Breast Cancer AJCC V8, Anatomic Stage II Breast Cancer AJCC V8, Anatomic Stage IIA Breast Cancer AJCC V8, Anatomic Stage IIB Breast Cancer AJCC V8, Anatomic Stage III Breast Cancer AJCC V8, Anatomic Stage IIIA Breast Cancer AJCC V8, Anatomic Stage IIIB Breast Cancer AJCC V8, Anatomic Stage IIIC Breast Cancer AJCC V8, HER2 Positive Breast Carcinoma, Prognostic Stage I Breast Cancer AJCC V8, Prognostic Stage IA Breast Cancer AJCC V8, Prognostic Stage IB Breast Cancer AJCC V8, Prognostic Stage II Breast Cancer AJCC V8, Prognostic Stage IIA Breast Cancer AJCC V8, Prognostic Stage IIB Breast Cancer AJCC V8, Prognostic Stage III Breast Cancer AJCC V8, Prognostic Stage IIIA Breast Cancer AJCC V8, Prognostic Stage IIIB Breast Cancer AJCC V8, Prognostic Stage IIIC Breast Cancer AJCC V8",PHASE2,4,2,10,16,32,0.0,0.0,0.0,0.0,1.0,0.0,0.0
PIK3CA,NCT02688881,COMPLETED,Refractory Solid Tumors,PHASE4,6,3,10,16,35,1.0,0.0,6.0,67.0,77.0,18.0,2.0
PIK3CB,NCT01884285,COMPLETED,"Advanced Castrate-resistant Prostate Cancer CRPC, Squamous Non-Small Cell Lung Cancer sqNSCLC, Triple Negative Breast Cancer TNBC",PHASE1,3,3,10,16,32,0.0,0.0,0.0,2.0,0.0,0.0,0.0
PIK3CD,NCT03383380,COMPLETED,"Activated PI3K-delta Syndrome, Immunodeficiency Primary",PHASE1,3,3,0,16,22,0.0,0.0,0.0,1.0,0.0,0.0,0.0
PIK3R1,NCT05082025,ACTIVE_NOT_RECRUITING,"Endometrial Cancer, Ovarian Cancer",PHASE2,4,2,10,16,32,0.0,0.0,0.0,1.0,3.0,0.0,0.0
PIK3R2,NCT02065687,UNKNOWN,"Endometrial Adenocarcinoma, Endometrial Clear Cell Adenocarcinoma, Endometrial Serous Adenocarcinoma, Endometrial Undifferentiated Carcinoma, Recurrent Uterine Corpus Carcinoma, Stage III Uterine Corpus Cancer AJCC v7, Stage IIIA Uterine Corpus Cancer AJCC v7, Stage IIIB Uterine Corpus Cancer AJCC v7, Stage IIIC Uterine Corpus Cancer AJCC v7, Stage IV Uterine Corpus Cancer AJCC v7, Stage IVA Uterine Corpus Cancer AJCC v7, Stage IVB Uterine Corpus Cancer AJCC v7",PHASE2,4,1,10,16,31,0.0,0.0,0.0,0.0,1.0,0.0,0.0
PIM1,NCT02028832,COMPLETED,"Pain, Nausea, Vomiting, Anxiety",PHASE3,5,3,0,16,24,0.0,0.0,0.0,1.0,0.0,1.0,0.0
PIN1,NCT01691612,COMPLETED,Asthma,PHASE2,4,3,0,16,23,0.0,0.0,0.0,0.0,2.0,0.0,0.0
PINK1,NCT04767841,RECRUITING,Osteo Arthritis Knee,PHASE1,3,2,0,16,21,0.0,0.0,0.0,1.0,0.0,0.0,0.0
PIR,NCT00755729,COMPLETED,Colorectal Disease,PHASE4,6,3,0,16,25,1.0,0.0,23.0,0.0,1.0,1.0,2.0
PITX1,NCT02688491,NOT_YET_RECRUITING,"Renal Neoplasms, Targeted Molecular Therapy",NA,0,2,10,16,28,0.0,0.0,1.0,0.0,0.0,0.0,0.0
PKD1,NCT00491517,COMPLETED,Polycystic Kidney,PHASE2,4,3,0,16,23,0.0,0.0,5.0,1.0,3.0,0.0,0.0
PKD2,NCT00491517,COMPLETED,Polycystic Kidney,PHASE2,4,3,0,16,23,0.0,0.0,3.0,0.0,4.0,0.0,0.0
PKM,NCT01252771,COMPLETED,"Hyperphosphatemia, ESRD",PHASE4,6,3,0,16,25,0.0,0.0,2.0,0.0,0.0,0.0,1.0
PLAT,NCT01057420,COMPLETED,Healthy Volunteers,PHASE4,6,3,0,16,25,1.0,0.0,59.0,34.0,88.0,25.0,25.0
PLAU,NCT02122731,COMPLETED,"Hypertension, Type 2 Diabetes Mellitus, Microalbuminuria",PHASE4,6,3,0,16,25,1.0,0.0,8.0,3.0,7.0,1.0,2.0
PLCG2,NCT04963946,RECRUITING,Untreated Chronic Lymphocytic Leukemia,PHASE2,4,2,10,16,32,0.0,0.0,0.0,1.0,3.0,0.0,0.0
PLEC,NCT02638376,UNKNOWN,"Keratoconus, Post LASIK Keratectasia",PHASE3,5,1,0,16,22,1.0,0.0,0.0,0.0,0.0,1.0,0.0
PLIN2,NCT02684929,COMPLETED,Type 2 Diabetes Mellitus With Features of Insulin Resistance,NA,0,3,0,16,19,0.0,0.0,1.0,0.0,0.0,0.0,0.0
PLK1,NCT00710710,COMPLETED,Pancreatic Neoplasms,PHASE2,4,3,10,16,33,0.0,0.0,0.0,8.0,4.0,0.0,0.0
PLK4,NCT01954316,COMPLETED,Advanced Cancer,PHASE1,3,3,10,16,32,0.0,0.0,0.0,2.0,0.0,0.0,0.0
PLN,NCT04186819,COMPLETED,Prostate Cancer,PHASE3,5,3,10,16,34,0.0,0.0,2.0,0.0,1.0,2.0,0.0
PLS3,NCT02539472,UNKNOWN,Cutaneous T Cell Lymphoma,NA,0,1,10,16,27,0.0,0.0,1.0,0.0,0.0,0.0,0.0
PLTP,NCT01950962,COMPLETED,Patients With Periodontal Disease,NA,0,3,0,16,19,0.0,0.0,4.0,0.0,0.0,0.0,0.0
PLXNA1,NCT06617546,RECRUITING,Healthy Volunteers,PHASE1,3,2,0,16,21,0.0,0.0,1.0,1.0,0.0,0.0,0.0
PLXNA3,NCT02696343,COMPLETED,"Infant, Extremely Low Birth Weight, Feeding Behavior",NA,0,3,0,16,19,0.0,0.0,1.0,0.0,0.0,0.0,0.0
PMEL,NCT00028431,COMPLETED,Melanoma,PHASE1,3,3,10,16,32,0.0,0.0,0.0,3.0,0.0,0.0,0.0
PML,NCT00504764,COMPLETED,Acute Promyelocytic Leukemia,PHASE4,6,3,10,16,35,2.0,0.0,12.0,4.0,18.0,10.0,7.0
PMM2,NCT04925960,ACTIVE_NOT_RECRUITING,"Pmm2-CDG, Phosphomannomutase 2 Deficiency, Phosphomannomutase 2 Congenital Disorder of Glycosylation, Phosphomannomutase II Congenital Disorder of Glycosylation, Phosphomannomutase II Deficiency",PHASE3,5,2,0,16,23,0.0,0.0,0.0,0.0,3.0,1.0,0.0
PMP22,NCT01401257,COMPLETED,"Charcot-Marie-Tooth Disease, Hereditary Neuropathy With Liability to Pressure Palsies, Genetic Disorders",PHASE2,4,3,0,16,23,0.0,0.0,0.0,1.0,3.0,0.0,0.0
PMS1,NCT03806075,UNKNOWN,Peutz-Jeghers Syndrome,NA,0,1,0,16,17,0.0,0.0,1.0,0.0,0.0,0.0,0.0
PMS2,NCT03012321,ACTIVE_NOT_RECRUITING,"Prostate Cancer Metastatic Castration-Resistant, Abnormal DNA Repair, Metastatic Prostate Carcinoma, Stage IV Prostate Cancer",PHASE2,4,2,10,16,32,0.0,0.0,3.0,0.0,1.0,0.0,0.0
PNN,NCT05648565,COMPLETED,Chronic Rhinitis,NA,0,3,0,16,19,0.0,0.0,3.0,0.0,0.0,0.0,0.0
PNP,NCT01713426,COMPLETED,"Non-diabetic Painful Peripheral Polyneuropathy, Postherpetic Neuralgia (PHN), Peripheral Nerve Injury (PNI)",PHASE4,6,3,0,16,25,0.0,0.0,16.0,9.0,4.0,1.0,6.0
PNPLA2,NCT01527318,COMPLETED,Neutral Lipid Storage Disease,PHASE4,6,3,0,16,25,0.0,0.0,1.0,0.0,0.0,0.0,1.0
PNPO,NCT04706013,RECRUITING,Pyridox(am)Ine 5'-Phosphate Oxidase Deficiency,PHASE3,5,2,0,16,23,0.0,0.0,0.0,0.0,0.0,1.0,0.0
POLB,NCT05765955,COMPLETED,"Influenza, Human",PHASE1,3,3,0,16,22,0.0,0.0,0.0,1.0,0.0,0.0,0.0
POLD1,NCT03810339,RECRUITING,"Solid Tumor, Advanced Cancer",PHASE2,4,2,10,16,32,0.0,0.0,0.0,0.0,7.0,0.0,0.0
POLE,NCT00312416,COMPLETED,"Ocular Physiology, Regional Blood Flow",PHASE4,6,3,0,16,25,0.0,0.0,88.0,5.0,20.0,4.0,9.0
POLG,NCT04802707,RECRUITING,"Mitochondrial Diseases, Mitochondrial Encephalomyopathy, Mitochondrial Encephalopathy, Mitochondrial DNA Depletion, Mitochondrial Metabolism Disorders",PHASE2,4,2,0,16,22,0.0,0.0,1.0,0.0,2.0,0.0,0.0
POLI,NCT00339625,COMPLETED,"Diet, Polyps, Adenoma",PHASE3,5,3,0,16,24,0.0,0.0,3.0,0.0,1.0,2.0,0.0
POLL,NCT02123056,ACTIVE_NOT_RECRUITING,Vasovagal Syncope,PHASE4,6,2,0,16,24,0.0,0.0,10.0,0.0,0.0,0.0,2.0
POLQ,NCT05687110,RECRUITING,"Metastatic Malignant Solid Neoplasm, Unresectable Malignant Solid Neoplasm",PHASE1,3,2,10,16,31,0.0,0.0,1.0,1.0,0.0,0.0,0.0
POLR3F,NCT03020524,COMPLETED,Hiv,EARLY_PHASE1,2,3,0,16,21,1.0,0.0,0.0,0.0,0.0,0.0,0.0
POMC,NCT02413944,COMPLETED,Healthy,PHASE4,6,3,0,16,25,7.0,0.0,65.0,8.0,38.0,18.0,48.0
POMP,NCT01269788,COMPLETED,Non-erosive Reflux Disease,PHASE2,4,3,0,16,23,0.0,0.0,4.0,1.0,2.0,0.0,0.0
PON2,NCT05197556,COMPLETED,Obesity,PHASE2,4,3,0,16,23,0.0,0.0,1.0,0.0,1.0,0.0,0.0
POR,NCT01577472,COMPLETED,"Female Infertility, Ovarian Insufficiency",PHASE4,6,3,0,16,25,4.0,0.0,291.0,3.0,14.0,22.0,15.0
POU2F1,NCT02743260,COMPLETED,Healthy,PHASE4,6,3,0,16,25,0.0,0.0,2.0,6.0,0.0,0.0,6.0
POU2F2,NCT00187720,COMPLETED,Other Conditions That May Be A Focus of Clinical Attention,PHASE4,6,3,0,16,25,0.0,0.0,1.0,8.0,2.0,1.0,3.0
PPA1,NCT00742781,COMPLETED,Inflammatory Bowel Disease,PHASE1,3,3,0,16,22,0.0,0.0,0.0,1.0,0.0,0.0,0.0
PPARA,NCT00745225,COMPLETED,End-stage Renal Disease,PHASE4,6,3,0,16,25,3.0,0.0,21.0,2.0,15.0,9.0,11.0
PPCS,NCT02644876,COMPLETED,Postoperative Complications,PHASE4,6,3,0,16,25,2.0,0.0,56.0,2.0,5.0,2.0,3.0
PPIA,NCT00176670,COMPLETED,Anxiety,PHASE2,4,3,0,16,23,0.0,0.0,5.0,1.0,2.0,0.0,0.0
PPIB,NCT01684748,COMPLETED,"Overweight, Obese, Prehypertension, Hypertension",PHASE4,6,3,0,16,25,0.0,0.0,0.0,0.0,1.0,1.0,2.0
PPIE,NCT05330234,COMPLETED,Research With Clinical Staff in Stroke Rehabilitation,NA,0,3,0,16,19,0.0,0.0,2.0,0.0,0.0,0.0,0.0
PPIH,NCT02518659,COMPLETED,"Hypomagnesemia, Intestinal, With Secondary Hypocalcemia, Drug Induced Hypomagnesemia",NA,0,3,0,16,19,0.0,0.0,1.0,0.0,0.0,0.0,0.0
PPL,NCT02395939,UNKNOWN,Lung Cancer,PHASE3,5,1,10,16,32,0.0,0.0,24.0,1.0,1.0,1.0,0.0
PPOX,NCT02593682,COMPLETED,Panic Disorder,PHASE4,6,3,0,16,25,2.0,0.0,4.0,0.0,4.0,0.0,7.0
PPP2R5D,NCT06717438,NOT_YET_RECRUITING,"Jordan's Syndrome, PPP2R5D Neurodevelopmental Disorder",PHASE2,4,2,0,16,22,0.0,0.0,0.0,0.0,1.0,0.0,0.0
PPT1,NCT00028262,COMPLETED,Infantile Neronal Ceroid Lipofuscinosis,PHASE4,6,3,0,16,25,0.0,0.0,5.0,1.0,0.0,0.0,1.0
PPT2,NCT03636386,COMPLETED,Myofascial Trigger Point Pain (MTrP),NA,0,3,0,16,19,0.0,0.0,1.0,0.0,0.0,0.0,0.0
PRCC,NCT03091192,ACTIVE_NOT_RECRUITING,"Carcinoma, Carcinoma, Renal Cell, Kidney Neoplasms, Urologic Neoplasms, Kidney Diseases, Neoplasms by Site, Enzyme Inhibitors, Protein Kinase Inhibitors",PHASE3,5,2,10,16,33,0.0,0.0,0.0,1.0,4.0,3.0,0.0
PRDX1,NCT03364296,RECRUITING,"Stroke, Acute",NA,0,2,0,16,18,0.0,0.0,1.0,0.0,0.0,0.0,0.0
PREP,NCT01169220,COMPLETED,"Gastrointestinal Hemorrhage, Colon Cancer, Diverticulosis",PHASE4,6,3,10,16,35,5.0,0.0,435.0,34.0,45.0,58.0,82.0
PREPL,NCT02640443,UNKNOWN,"Hypotonia Cystinuria Syndrome, Isolated PREPL Deficiency",PHASE2,4,1,0,16,21,0.0,0.0,1.0,0.0,1.0,0.0,0.0
PRKAA1,NCT03393377,COMPLETED,Atherosclerosis,NA,0,3,0,16,19,0.0,0.0,1.0,0.0,0.0,0.0,0.0
PRKACA,NCT04565145,COMPLETED,Pharmacokinetics,PHASE2,4,3,0,16,23,0.0,0.0,0.0,4.0,1.0,0.0,0.0
PRKCSH,NCT02021110,COMPLETED,"Polycystic Liver Disease, Polycystic Kidney, Autosomal Dominant",PHASE2,4,3,0,16,23,0.0,0.0,0.0,0.0,2.0,0.0,0.0
PRMT1,NCT06224387,RECRUITING,"Solid Tumors, Pancreatic Cancer, Non-small Cell Lung Cancer, Triple-negative Breast Cancer",PHASE1,3,2,10,16,31,0.0,0.0,0.0,2.0,0.0,0.0,0.0
PRMT5,NCT04676516,COMPLETED,Breast Cancer,PHASE2,4,3,10,16,33,0.0,0.0,1.0,9.0,1.0,0.0,0.0
PRNP,NCT02951559,UNKNOWN,"Encephalopathy, HIV-encephalopathy, Alzheimer Dementia",PHASE4,6,1,0,16,23,0.0,0.0,2.0,1.0,2.0,0.0,1.0
PROCR,NCT03625726,UNKNOWN,Cirrhosis,NA,0,1,0,16,17,0.0,0.0,1.0,0.0,0.0,0.0,0.0
PROS1,NCT03418363,COMPLETED,"Contraceptive Usage, Coagulation",PHASE4,6,3,0,16,25,1.0,0.0,1.0,5.0,2.0,2.0,1.0
PRPF31,NCT06455826,NOT_YET_RECRUITING,"Retinitis Pigmentosa 11, Retinal Degeneration, Eye Diseases, Retinal Disease, Retinal Dystrophies",PHASE1,3,2,0,16,21,0.0,0.0,0.0,3.0,0.0,0.0,0.0
PRRT2,NCT03481491,COMPLETED,Dystonia,NA,0,3,0,16,19,0.0,0.0,2.0,0.0,0.0,0.0,0.0
PSAP,NCT03638466,TERMINATED,"Attention Deficit Hyperactivity Disorder (ADHD), Impulsive Aggression",PHASE2,4,0,0,16,20,0.0,0.0,3.0,0.0,1.0,0.0,0.0
PSEN1,NCT01998841,COMPLETED,Alzheimer's Disease,PHASE2,4,3,0,16,23,0.0,0.0,4.0,3.0,3.0,0.0,0.0
PSEN2,NCT01836575,COMPLETED,Non Small Cell Lung Carcinoma,PHASE3,5,3,10,16,34,0.0,0.0,2.0,3.0,2.0,2.0,0.0
PSMA1,NCT06059014,SUSPENDED,Metastatic Clear Cell Renal Cell Carcinoma,PHASE1,3,0,10,16,29,0.0,0.0,0.0,1.0,0.0,0.0,0.0
PSMB9,NCT06250517,RECRUITING,Lung Transplant Failure,NA,0,2,0,16,18,0.0,0.0,1.0,0.0,0.0,0.0,0.0
PSME3,NCT05608837,RECRUITING,"Uveitis Related Cystoid Macular Edema, Cystoid Macular Edema, Postoperative",PHASE2,4,2,0,16,22,0.0,0.0,0.0,0.0,1.0,0.0,0.0
PTCH1,NCT01358045,COMPLETED,Basal Cell Carcinoma,PHASE2,4,3,10,16,33,0.0,0.0,0.0,1.0,4.0,0.0,0.0
PTCH2,NCT00822458,COMPLETED,Recurrent Childhood Medulloblastoma,PHASE1,3,3,0,16,22,0.0,0.0,0.0,1.0,0.0,0.0,0.0
PTEN,NCT00490139,COMPLETED,"Neoplasms, Breast",PHASE3,5,3,10,16,34,1.0,0.0,12.0,56.0,70.0,9.0,0.0
PTK2,NCT02428270,COMPLETED,"Pancreatic Cancer, Adenocarcinoma",PHASE2,4,3,10,16,33,0.0,0.0,1.0,9.0,5.0,0.0,0.0
PTK2B,NCT00666926,COMPLETED,"Head and Neck Neoplasm, Prostatic Neoplasm, Pancreatic Neoplasm",PHASE1,3,3,10,16,32,0.0,0.0,0.0,1.0,0.0,0.0,0.0
PTK7,NCT03243331,COMPLETED,"Triple Negative Breast Cancer, Metastatic Breast Cancer",PHASE1,3,3,10,16,32,1.0,0.0,3.0,3.0,0.0,0.0,0.0
PTMA,NCT00815386,SUSPENDED,"Mitral Regurgitation, Heart Failure",PHASE2,4,0,0,16,20,0.0,0.0,0.0,1.0,1.0,0.0,0.0
PTMS,NCT01330693,UNKNOWN,Attention Deficit Disorder With Hyperactivity,PHASE3,5,1,0,16,22,0.0,0.0,2.0,0.0,0.0,1.0,0.0
PTPN1,NCT02295514,COMPLETED,Sepsis,NA,0,3,0,16,19,0.0,0.0,3.0,0.0,0.0,0.0,0.0
PTPN11,NCT01529944,COMPLETED,"Genetic Disorder, Noonan Syndrome",PHASE3,5,3,0,16,24,0.0,0.0,2.0,4.0,0.0,1.0,0.0
PTS,NCT01082627,COMPLETED,Small Bowel Obstruction,PHASE4,6,3,0,16,25,2.0,0.0,107.0,44.0,76.0,35.0,26.0
PTTG1,NCT02224599,TERMINATED,"Progressive Solid Malignancies, Refractory Solid Malignancies, Cancer",PHASE1,3,0,10,16,29,0.0,0.0,0.0,1.0,0.0,0.0,0.0
PURA,NCT04848948,COMPLETED,"Neuroendocrinology, Mental Stress, Psychological, Obesity",NA,0,3,0,16,19,0.0,0.0,1.0,0.0,0.0,0.0,0.0
PVR,NCT01824420,COMPLETED,Overactive Bladder,PHASE4,6,3,0,16,25,3.0,0.0,70.0,21.0,51.0,18.0,22.0
PXN,NCT02051075,WITHDRAWN,Infertility,PHASE4,6,0,0,16,22,0.0,0.0,1.0,1.0,0.0,0.0,1.0
PYCARD,NCT04315376,COMPLETED,"Inflammatory Response, Obesity, Abdominal Obesity, Diet Habit, Exercise",NA,0,3,0,16,19,0.0,0.0,1.0,0.0,0.0,0.0,0.0
QSOX1,NCT04064034,COMPLETED,"Pancreas Cancer, Pancreas Cyst",NA,0,3,10,16,29,0.0,0.0,1.0,0.0,0.0,0.0,0.0
RAB32,NCT06819449,RECRUITING,"Leprosy, Mycobacterium Leprae Infection",NA,0,2,0,16,18,0.0,0.0,1.0,0.0,0.0,0.0,0.0
RABEP2,NCT04091412,UNKNOWN,"Collateral Circulation, Large-artery Occlusion, Cerebral Infarction",PHASE4,6,1,0,16,23,0.0,0.0,0.0,0.0,0.0,0.0,1.0
RAC1,NCT05828082,RECRUITING,"Castration-Resistant Prostate Carcinoma, Refractory Prostate Carcinoma",PHASE2,4,2,10,16,32,0.0,0.0,1.0,1.0,1.0,0.0,0.0
RAD50,NCT04508803,COMPLETED,Treatment Efficacy,PHASE2,4,3,0,16,23,0.0,0.0,0.0,2.0,2.0,0.0,0.0
RAD51,NCT01638546,COMPLETED,Recurrent Small Cell Lung Carcinoma,PHASE2,4,3,10,16,33,0.0,0.0,1.0,10.0,10.0,0.0,0.0
RAD51B,NCT03786796,RECRUITING,"Renal Cell Carcinoma, Metastatic Renal Cell Carcinoma, Kidney Cancer, Renal Carcinoma, Kidney Cancer Metastatic",PHASE2,4,2,10,16,32,0.0,0.0,0.0,0.0,3.0,0.0,0.0
RAD51C,NCT02873975,COMPLETED,Advanced Cancers,PHASE2,4,3,10,16,33,0.0,0.0,1.0,0.0,10.0,0.0,0.0
RAD51D,NCT02873975,COMPLETED,Advanced Cancers,PHASE2,4,3,10,16,33,0.0,0.0,1.0,0.0,10.0,0.0,0.0
RAD54L,NCT03786796,RECRUITING,"Renal Cell Carcinoma, Metastatic Renal Cell Carcinoma, Kidney Cancer, Renal Carcinoma, Kidney Cancer Metastatic",PHASE2,4,2,10,16,32,0.0,0.0,0.0,0.0,3.0,0.0,0.0
RAF1,NCT01262482,COMPLETED,Advanced or Metastatic Gastric or Gastroesophageal Junction Adenocarcinoma (Relapsed After a Cisplatin Based Treatment),PHASE2,4,3,10,16,33,0.0,0.0,0.0,6.0,5.0,0.0,0.0
RAN,NCT02168569,COMPLETED,Malaria,PHASE4,6,3,0,16,25,3.0,0.0,108.0,25.0,22.0,16.0,17.0
RANBP2,NCT03482362,UNKNOWN,Colon Cancer,PHASE2,4,1,10,16,31,0.0,0.0,1.0,0.0,1.0,0.0,0.0
RAP1B,NCT05765630,RECRUITING,Chronic Renal Failure,NA,0,2,0,16,18,0.0,0.0,2.0,0.0,0.0,0.0,0.0
RARA,NCT00504764,COMPLETED,Acute Promyelocytic Leukemia,PHASE4,6,3,10,16,35,0.0,0.0,2.0,0.0,5.0,7.0,2.0
RASA1,NCT01364857,COMPLETED,"Port Wine Stain, Klippel Trenaunay Syndrome, Parkes Weber Syndrome",NA,0,3,0,16,19,0.0,0.0,1.0,0.0,0.0,0.0,0.0
RASGRP1,NCT01361464,COMPLETED,"Adult Acute Megakaryoblastic Leukemia, Adult Acute Monoblastic Leukemia, Adult Acute Monocytic Leukemia, Adult Acute Myeloid Leukemia With Inv(16)(p13.1q22); CBFB-MYH11, Adult Acute Myeloid Leukemia With Maturation, Adult Acute Myeloid Leukemia With Minimal Differentiation, Adult Acute Myeloid Leukemia With t(16;16)(p13.1;q22); CBFB-MYH11, Adult Acute Myeloid Leukemia With t(8;21)(q22;q22); RUNX1-RUNX1T1, Adult Acute Myeloid Leukemia With t(9;11)(p22;q23); MLLT3-MLL, Adult Acute Myeloid Leukemia Without Maturation, Adult Acute Myelomonocytic Leukemia, Adult Erythroleukemia, Adult Pure Erythroid Leukemia, Alkylating Agent-Related Acute Myeloid Leukemia, Secondary Acute Myeloid Leukemia, Untreated Adult Acute Myeloid Leukemia",PHASE2,4,3,10,16,33,0.0,0.0,0.0,0.0,1.0,0.0,0.0
RASSF1,NCT00334542,COMPLETED,Breast Cancer,PHASE2,4,3,10,16,33,0.0,0.0,0.0,0.0,3.0,0.0,0.0
RB1,NCT02204826,COMPLETED,Male Infertility,PHASE4,6,3,0,16,25,5.0,0.0,16.0,34.0,54.0,10.0,5.0
RBAK,NCT03108287,COMPLETED,Helicobacter Pylori Infection,PHASE4,6,3,0,16,25,0.0,0.0,0.0,0.0,0.0,0.0,1.0
RBM25,NCT02725632,COMPLETED,Sleep Apnea Syndromes,NA,0,3,0,16,19,0.0,0.0,1.0,0.0,0.0,0.0,0.0
RBPMS,NCT06383884,RECRUITING,"Solid Tumor, Adult",PHASE2,4,2,10,16,32,0.0,0.0,0.0,0.0,1.0,0.0,0.0
RDX,NCT06640972,ACTIVE_NOT_RECRUITING,"Triglycerides, Weight Gain Trajectory, Cholesterol, Elevated",PHASE2,4,2,0,16,22,0.0,0.0,0.0,0.0,1.0,0.0,0.0
RECK,NCT06447194,NOT_YET_RECRUITING,"Degenerative Lumbar Spinal Stenosis, Degenerative Disc Disease, Degenerative Spondylolisthesis, Degenerative Disease",PHASE1,3,2,0,16,21,0.0,0.0,2.0,1.0,0.0,0.0,0.0
REL,NCT01288352,COMPLETED,"Atrial Fibrillation, Stroke",PHASE4,6,3,0,16,25,0.0,0.0,14.0,18.0,12.0,10.0,2.0
RELA,NCT00462280,COMPLETED,"Precancerous Condition, Stage 0 Melanoma, Stage I Melanoma, Stage II Melanoma",PHASE2,4,3,10,16,33,1.0,0.0,6.0,5.0,6.0,0.0,0.0
REST,NCT00335465,COMPLETED,"Diabetes Mellitus, Type 2",PHASE4,6,3,0,16,25,2.0,0.0,240.0,23.0,32.0,8.0,17.0
RGCC,NCT04402593,WITHDRAWN,"Relapsed Germ Cell Cancer, Cisplatin Induced Tinnitus",NA,0,0,10,16,26,0.0,0.0,1.0,0.0,0.0,0.0,0.0
RHOA,NCT04143880,UNKNOWN,Stroke,PHASE4,6,1,0,16,23,0.0,0.0,1.0,0.0,3.0,0.0,1.0
RHOC,NCT00060125,COMPLETED,"Recurrent Melanoma, Stage IV Melanoma",PHASE2,4,3,10,16,33,0.0,0.0,1.0,1.0,1.0,0.0,0.0
RICTOR,NCT03166904,WITHDRAWN,Solid Tumor,PHASE2,4,0,10,16,30,0.0,0.0,1.0,1.0,5.0,0.0,0.0
RIN1,NCT02688491,NOT_YET_RECRUITING,"Renal Neoplasms, Targeted Molecular Therapy",NA,0,2,10,16,28,0.0,0.0,1.0,0.0,0.0,0.0,0.0
RIPK1,NCT06465602,RECRUITING,"Frailty, Fall, Frailty Syndrome, Falls",PHASE2,4,2,0,16,22,0.0,0.0,0.0,3.0,2.0,0.0,0.0
RIPK2,NCT03358407,TERMINATED,Inflammatory Bowel Diseases,PHASE1,3,0,0,16,19,0.0,0.0,0.0,1.0,0.0,0.0,0.0
RIT1,NCT01208922,COMPLETED,Traveler's Diarrhea,PHASE3,5,3,0,16,24,0.0,0.0,0.0,1.0,0.0,1.0,0.0
RLF,NCT03361839,UNKNOWN,"RIF , Endometrial Receptivity",PHASE1,3,1,0,16,20,1.0,0.0,0.0,1.0,0.0,0.0,0.0
RNASE1,NCT06354387,ACTIVE_NOT_RECRUITING,Hepatocellular Carcinoma,PHASE1,3,2,10,16,31,0.0,0.0,0.0,1.0,0.0,0.0,0.0
RNF130,NCT02317237,COMPLETED,"Stroke, Anesthesia, Cerebral Revascularization",PHASE3,5,3,0,16,24,0.0,0.0,0.0,0.0,0.0,1.0,0.0
RNF40,NCT06276205,RECRUITING,"Hypothyroidism Primary, Lipid Disorder, Dyslipidemias",PHASE3,5,2,0,16,23,0.0,0.0,6.0,1.0,2.0,1.0,0.0
RNF43,NCT04907539,COMPLETED,Colorectal Cancer,PHASE2,4,3,10,16,33,0.0,0.0,0.0,2.0,2.0,0.0,0.0
RNLS,NCT04753840,UNKNOWN,Hypertension,NA,0,1,0,16,17,0.0,0.0,1.0,0.0,0.0,0.0,0.0
ROBO1,NCT03941457,UNKNOWN,Pancreatic Cancer,PHASE1,3,1,10,16,30,0.0,0.0,0.0,3.0,0.0,0.0,0.0
ROCK2,NCT05996627,RECRUITING,Chronic Graft Versus Host Disease,PHASE2,4,2,0,16,22,0.0,0.0,1.0,0.0,1.0,0.0,0.0
RORA,NCT00679510,COMPLETED,Rheumatoid Arthritis,PHASE2,4,3,0,16,23,0.0,0.0,1.0,0.0,1.0,0.0,0.0
RP2,NCT06581406,RECRUITING,Metastatic Uveal Melanoma,PHASE2,4,2,10,16,32,0.0,0.0,1.0,5.0,4.0,0.0,0.0
RPE,NCT02834663,COMPLETED,Nonproliferative Diabetic Retinopathy,PHASE4,6,3,0,16,25,1.0,0.0,126.0,23.0,16.0,4.0,3.0
RPGR,NCT04671433,COMPLETED,X-Linked Retinitis Pigmentosa,PHASE3,5,3,0,16,24,1.0,0.0,0.0,4.0,4.0,3.0,0.0
RPL11,NCT02386267,UNKNOWN,Diamond Blackfan Anemia,PHASE2,4,1,0,16,21,0.0,0.0,0.0,0.0,1.0,0.0,0.0
RPL35A,NCT02386267,UNKNOWN,Diamond Blackfan Anemia,PHASE2,4,1,0,16,21,0.0,0.0,0.0,0.0,1.0,0.0,0.0
RPL5,NCT02386267,UNKNOWN,Diamond Blackfan Anemia,PHASE2,4,1,0,16,21,0.0,0.0,0.0,0.0,1.0,0.0,0.0
RPLP0,NCT03965689,ACTIVE_NOT_RECRUITING,"Metastatic Lung Non-Small Cell Squamous Carcinoma, Metastatic Lung Non-Squamous Non-Small Cell Carcinoma, Stage IIIB Lung Cancer AJCC v8, Stage IV Lung Cancer AJCC v8, Stage IVA Lung Cancer AJCC v8, Stage IVB Lung Cancer AJCC v8, Unresectable Lung Non-Small Cell Carcinoma, Unresectable Lung Non-Squamous Non-Small Cell Carcinoma",PHASE2,4,2,10,16,32,0.0,0.0,0.0,0.0,1.0,0.0,0.0
RPS17,NCT02386267,UNKNOWN,Diamond Blackfan Anemia,PHASE2,4,1,0,16,21,0.0,0.0,0.0,0.0,1.0,0.0,0.0
RPS19,NCT00957931,COMPLETED,"Sickle Cell Disease, Thalassemia, Diamond-Blackfan Anemia",PHASE2,4,3,0,16,23,0.0,0.0,0.0,5.0,4.0,0.0,0.0
RPS24,NCT02386267,UNKNOWN,Diamond Blackfan Anemia,PHASE2,4,1,0,16,21,0.0,0.0,0.0,0.0,1.0,0.0,0.0
RPS6,NCT02133183,TERMINATED,"Glioblastoma, Gliosarcoma",PHASE1,3,0,10,16,29,1.0,0.0,0.0,1.0,0.0,0.0,0.0
RPS6KA3,NCT04115306,RECRUITING,Metastatic Breast Cancer,PHASE1,3,2,10,16,31,0.0,0.0,0.0,1.0,0.0,0.0,0.0
RPSA,NCT02120638,UNKNOWN,Multidrug Resistant Tuberculosis,PHASE3,5,1,0,16,22,0.0,0.0,2.0,0.0,0.0,1.0,0.0
RRBP1,NCT02056795,COMPLETED,Ankle Sprain,NA,0,3,0,16,19,0.0,0.0,4.0,0.0,0.0,0.0,0.0
RRM1,NCT00499109,COMPLETED,Non-Small Cell Lung Cancer,PHASE3,5,3,10,16,34,0.0,0.0,1.0,0.0,9.0,2.0,0.0
RRM2B,NCT04802707,RECRUITING,"Mitochondrial Diseases, Mitochondrial Encephalomyopathy, Mitochondrial Encephalopathy, Mitochondrial DNA Depletion, Mitochondrial Metabolism Disorders",PHASE2,4,2,0,16,22,0.0,0.0,0.0,0.0,1.0,0.0,0.0
RTN4,NCT04529031,RECRUITING,Posttraumatic Stress Disorder,NA,0,2,0,16,18,0.0,0.0,1.0,0.0,0.0,0.0,0.0
RTTN,NCT06111950,RECRUITING,"Taybi Linder Syndrome, Microcephalic Osteodysplastic Primordial Dwarfism Types I and III, Roifman Syndrome, Lowry Wood Syndrome",NA,0,2,0,16,18,0.0,0.0,1.0,0.0,0.0,0.0,0.0
RUNX1,NCT06744504,NOT_YET_RECRUITING,"AML, RUNX1-RUNX1T1 Fusion Protein Expression",PHASE3,5,2,0,16,23,0.0,0.0,1.0,4.0,5.0,1.0,0.0
RUNX2,NCT05791721,COMPLETED,"Surgical Wound, Post Operative Pain",PHASE4,6,3,0,16,25,0.0,0.0,4.0,2.0,0.0,1.0,1.0
RUNX3,NCT01876927,COMPLETED,"Gastric Cancer, Locally Advanced Malignant Neoplasm",PHASE2,4,3,10,16,33,0.0,0.0,0.0,0.0,3.0,0.0,0.0
RYK,NCT06294444,COMPLETED,Hemiplegic Cerebral Palsy,NA,0,3,0,16,19,0.0,0.0,1.0,0.0,0.0,0.0,0.0
RYR1,NCT02362425,COMPLETED,Neuromuscular Disease,PHASE1,3,3,0,16,22,0.0,0.0,1.0,2.0,0.0,0.0,0.0
RYR2,NCT04134845,ACTIVE_NOT_RECRUITING,Ventricular Tachycardia,PHASE2,4,2,0,16,22,0.0,0.0,1.0,0.0,1.0,0.0,0.0
S100A10,NCT06373926,RECRUITING,Antiphospholipid Syndrome,NA,0,2,0,16,18,0.0,0.0,1.0,0.0,0.0,0.0,0.0
S100A4,NCT01305252,COMPLETED,"Hypertension, Pulmonary",PHASE4,6,3,0,16,25,0.0,0.0,0.0,0.0,1.0,0.0,1.0
S100A8,NCT06618937,NOT_YET_RECRUITING,Juvenile Idiopathic Arthritis (JIA),PHASE4,6,2,0,16,24,0.0,0.0,3.0,0.0,1.0,2.0,2.0
S100A9,NCT03219931,COMPLETED,"Colic, Infantile, Probiotic, Gut Microbiome, Bifidobacterium Breve",PHASE4,6,3,0,16,25,3.0,0.0,88.0,11.0,15.0,5.0,21.0
S100B,NCT03639896,COMPLETED,"Endothelial Dysfunction, Blood Brain Barrier Defect, Postoperative Cognitive Dysfunction",PHASE4,6,3,0,16,25,0.0,0.0,24.0,4.0,6.0,3.0,8.0
SACS,NCT04008966,COMPLETED,Assisted Reproduction,PHASE4,6,3,0,16,25,0.0,0.0,21.0,1.0,5.0,2.0,2.0
SAFB,NCT04352049,COMPLETED,Anesthesia; Functional,NA,0,3,0,16,19,0.0,0.0,1.0,0.0,0.0,0.0,0.0
SAMHD1,NCT05780073,RECRUITING,HIV Infection Primary,PHASE2,4,2,0,16,22,0.0,0.0,1.0,0.0,1.0,0.0,0.0
SARS2,NCT04425031,COMPLETED,"Hypoxemic Respiratory Failure, Oxygen Toxicity",PHASE4,6,3,0,16,25,4.0,0.0,131.0,50.0,101.0,50.0,23.0
SAT1,NCT02508259,COMPLETED,Autism Spectrum Disorders,PHASE1,3,3,0,16,22,0.0,0.0,1.0,1.0,0.0,0.0,0.0
SATB2,NCT05753917,COMPLETED,Bone Formation,NA,0,3,0,16,19,0.0,0.0,1.0,0.0,0.0,0.0,0.0
SAV1,NCT00392093,COMPLETED,Systemic Lupus Erythematosus,PHASE4,6,3,0,16,25,0.0,0.0,21.0,3.0,4.0,3.0,4.0
SCAI,NCT01589978,COMPLETED,Coronary Artery Disease,PHASE4,6,3,0,16,25,0.0,0.0,7.0,1.0,1.0,0.0,1.0
SCAP,NCT04127513,COMPLETED,Xerosis Cutis,PHASE3,5,3,0,16,24,1.0,0.0,8.0,0.0,1.0,2.0,0.0
SCD,NCT04662931,COMPLETED,Sickle Cell Disease (SCD),PHASE4,6,3,0,16,25,1.0,0.0,97.0,42.0,45.0,19.0,4.0
SCD5,NCT00000743,COMPLETED,HIV Infections,PHASE1,3,3,0,16,22,0.0,0.0,0.0,2.0,0.0,0.0,0.0
SCIN,NCT03677258,COMPLETED,Skin Aging,NA,0,3,0,16,19,0.0,0.0,1.0,0.0,0.0,0.0,0.0
SCN8A,NCT04873869,ACTIVE_NOT_RECRUITING,SCN8A Developmental and Epileptic Encephalopathy Syndrome,PHASE2,4,2,0,16,22,0.0,0.0,0.0,0.0,3.0,0.0,0.0
SCN9A,NCT01911975,COMPLETED,Small Fiber Neuropathy,PHASE3,5,3,0,16,24,0.0,0.0,0.0,0.0,0.0,1.0,0.0
SCO2,NCT02034682,COMPLETED,"Microvascular Reactivity, Tissue Oxygen Saturation",NA,0,3,0,16,19,0.0,0.0,9.0,0.0,0.0,0.0,0.0
SDC1,NCT02528448,UNKNOWN,Nephrotoxicity,PHASE4,6,1,0,16,23,0.0,0.0,4.0,1.0,1.0,0.0,3.0
SDC2,NCT04304131,COMPLETED,"Colorectal Cancer, Colon Polyp, Healthy",NA,0,3,10,16,29,0.0,0.0,2.0,0.0,0.0,0.0,0.0
SDC4,NCT06383884,RECRUITING,"Solid Tumor, Adult",PHASE2,4,2,10,16,32,0.0,0.0,0.0,0.0,3.0,0.0,0.0
SDHA,NCT04717674,RECRUITING,"Cancer, Tumor, Solid",PHASE2,4,2,10,16,32,0.0,0.0,0.0,0.0,1.0,0.0,0.0
SDHB,NCT03008369,COMPLETED,"Malignant Adrenal Gland Pheochromocytoma, Malignant Paraganglioma, Metastatic Adrenal Gland Pheochromocytoma",PHASE2,4,3,10,16,33,0.0,0.0,1.0,0.0,2.0,0.0,0.0
SDHC,NCT00188019,COMPLETED,"Paraganglioma, Pheochromocytoma",NA,0,3,0,16,19,0.0,0.0,1.0,0.0,0.0,0.0,0.0
SDHD,NCT03008369,COMPLETED,"Malignant Adrenal Gland Pheochromocytoma, Malignant Paraganglioma, Metastatic Adrenal Gland Pheochromocytoma",PHASE2,4,3,10,16,33,0.0,0.0,4.0,0.0,1.0,0.0,0.0
SEMA4C,NCT01063387,UNKNOWN,Cervical Cancer,PHASE1,3,1,10,16,30,0.0,0.0,0.0,1.0,0.0,0.0,0.0
SEMA4D,NCT02481674,COMPLETED,Huntington's Disease,PHASE2,4,3,0,16,23,0.0,0.0,0.0,7.0,1.0,0.0,0.0
SERPINB2,NCT03742947,COMPLETED,"Postpartum Hemorrhage, Hyperfibrinolysis",NA,0,3,0,16,19,0.0,0.0,1.0,0.0,0.0,0.0,0.0
SERPINE1,NCT01161394,COMPLETED,Inflammation,PHASE4,6,3,0,16,25,1.0,0.0,16.0,4.0,5.0,6.0,6.0
SERPINF1,NCT00109499,COMPLETED,Macular Degeneration,PHASE1,3,3,0,16,22,0.0,0.0,1.0,1.0,0.0,0.0,0.0
SERPING1,NCT03576469,COMPLETED,CVI - Common Variable Immunodeficiency,PHASE4,6,3,0,16,25,1.0,0.0,2.0,7.0,16.0,14.0,5.0
SET,NCT04868565,COMPLETED,"Apnea of Prematurity, Caffeine, Weaning Oxygen, Medicine Regimen",PHASE4,6,3,0,16,25,3.0,1.0,297.0,16.0,42.0,19.0,19.0
SETD2,NCT03284385,ACTIVE_NOT_RECRUITING,"Clear Cell Renal Cell Carcinoma, Locally Advanced Clear Cell Renal Cell Carcinoma, Locally Advanced Malignant Solid Neoplasm, Metastatic Malignant Solid Neoplasm, Metastatic Renal Cell Carcinoma, Stage III Renal Cell Cancer AJCC v8, Stage IV Renal Cell Cancer AJCC v8",PHASE2,4,2,10,16,32,0.0,0.0,0.0,0.0,1.0,0.0,0.0
SETMAR,NCT01275183,COMPLETED,Head and Neck Cancer,EARLY_PHASE1,2,3,10,16,31,1.0,0.0,0.0,0.0,0.0,0.0,0.0
SF1,NCT02595333,UNKNOWN,"C.Delivery; Surgery (Previous), Gynecological",NA,0,1,0,16,17,0.0,0.0,1.0,0.0,0.0,0.0,0.0
SF3B1,NCT03204188,ACTIVE_NOT_RECRUITING,"B-Cell Chronic Lymphocytic Leukemia, B-Lymphocytic Leukemia, Chronic, Chronic Lymphocytic Leukemia, Leukemia, Chronic Lymphatic, Leukemia, Chronic Lymphocytic, B-Cell, Leukemia, Lymphocytic, Chronic, Leukemia, Lymphocytic, Chronic, B-Cell, Lymphocytic Leukemia, Chronic, B Cell, Lymphocytic Leukemia, Chronic, B-Cell",PHASE2,4,2,10,16,32,0.0,0.0,1.0,1.0,1.0,0.0,0.0
SFN,NCT05148169,UNKNOWN,Major Depressive Disorder,PHASE4,6,1,0,16,23,1.0,0.0,20.0,4.0,6.0,2.0,2.0
SGCA,NCT00494195,COMPLETED,Muscular Dystrophies,PHASE1,3,3,0,16,22,0.0,0.0,0.0,1.0,0.0,0.0,0.0
SGK1,NCT06188195,NOT_YET_RECRUITING,"Acute Respiratory Distress Syndrome, Respiratory Distress Syndrome, Acute",NA,0,2,0,16,18,0.0,0.0,1.0,0.0,0.0,0.0,0.0
SGSH,NCT02716246,RECRUITING,"MPS IIIA, Sanfilippo Syndrome, Sanfilippo a, Mucopolysaccharidosis III",PHASE2,4,2,0,16,22,0.0,0.0,0.0,3.0,2.0,0.0,0.0
SH2B1,NCT05093634,ACTIVE_NOT_RECRUITING,"Obesity, Genetic Obesity",PHASE3,5,2,0,16,23,0.0,0.0,1.0,0.0,1.0,1.0,0.0
SHB,NCT03897764,COMPLETED,Postoperative Pain,PHASE4,6,3,0,16,25,0.0,0.0,1.0,0.0,0.0,0.0,1.0
SHF,NCT03288922,COMPLETED,"End-stage Renal Disease, Hemodialysis",NA,0,3,0,16,19,0.0,0.0,6.0,0.0,0.0,0.0,0.0
SHMT2,NCT03850314,UNKNOWN,"Metabolic Syndrome, Dyslipidemias, Diabetes Mellitus, Obesity, Atherosclerosis",PHASE2,4,1,0,16,21,0.0,0.0,0.0,0.0,1.0,0.0,0.0
SIRPA,NCT01797718,COMPLETED,Constitutional Delay of Growth and Puberty,PHASE2,4,3,0,16,23,0.0,0.0,0.0,6.0,2.0,0.0,0.0
SIRT1,NCT03384329,COMPLETED,Depression,PHASE4,6,3,0,16,25,2.0,0.0,23.0,9.0,5.0,2.0,4.0
SIRT3,NCT02011906,UNKNOWN,Coronary Artery Disease,PHASE4,6,1,0,16,23,0.0,0.0,2.0,1.0,2.0,0.0,1.0
SIRT6,NCT02011906,UNKNOWN,Coronary Artery Disease,PHASE4,6,1,0,16,23,0.0,0.0,3.0,0.0,0.0,0.0,1.0
SIRT7,NCT04303208,UNKNOWN,Systemic Sclerosis,NA,0,1,0,16,17,0.0,0.0,1.0,0.0,0.0,0.0,0.0
SKI,NCT02367079,TERMINATED,Musculoskeletal Diseases,PHASE4,6,0,0,16,22,1.0,0.0,20.0,4.0,3.0,1.0,1.0
SLA,NCT03884491,COMPLETED,Healthy,PHASE1,3,3,0,16,22,0.0,0.0,23.0,2.0,0.0,0.0,0.0
SLAMF1,NCT05170789,WITHDRAWN,"Relapsed Multiple Myeloma, Refractory Multiple Myeloma",PHASE2,4,0,0,16,20,0.0,0.0,0.0,2.0,2.0,0.0,0.0
SLAMF7,NCT03948035,ACTIVE_NOT_RECRUITING,Newly Diagnosed Multiple Myeloma,PHASE3,5,2,0,16,23,1.0,0.0,0.0,5.0,4.0,2.0,0.0
SLC16A1,NCT02874430,UNKNOWN,"Breast Carcinoma, Endometrial Clear Cell Adenocarcinoma, Endometrial Serous Adenocarcinoma, Uterine Corpus Cancer, Uterine Corpus Carcinosarcoma",PHASE2,4,1,10,16,31,0.0,0.0,1.0,1.0,1.0,0.0,0.0
SLC16A3,NCT02874430,UNKNOWN,"Breast Carcinoma, Endometrial Clear Cell Adenocarcinoma, Endometrial Serous Adenocarcinoma, Uterine Corpus Cancer, Uterine Corpus Carcinosarcoma",PHASE2,4,1,10,16,31,0.0,0.0,0.0,0.0,1.0,0.0,0.0
SLC17A5,NCT03545568,COMPLETED,N-Acetylneuraminic Acid Storage Disease,NA,0,3,0,16,19,0.0,0.0,1.0,0.0,0.0,0.0,0.0
SLC1A3,NCT03999788,RECRUITING,"Multiple Sclerosis, Spasticity",NA,0,2,0,16,18,0.0,0.0,1.0,0.0,0.0,0.0,0.0
SLC22A1,NCT01400191,COMPLETED,Pharmacogenetics of Metformin,PHASE4,6,3,0,16,25,0.0,0.0,1.0,3.0,0.0,0.0,5.0
SLC22A4,NCT02977208,COMPLETED,"Epilepsy, Chronic Pain",PHASE4,6,3,0,16,25,0.0,0.0,0.0,0.0,0.0,0.0,1.0
SLC25A20,NCT02214160,COMPLETED,"Carnitine Palmitoyltransferase (CPT I or CPT II) Deficiency, Very Long Chain Acyl-CoA Dehydrogenase (VLCAD) Deficiency, Long-chain 3-hydroxy-acyl-CoA Dehydrogenase (LCHAD) Deficiency, Trifunctional Protein (TFP) Deficiency, Carnitine-acylcarnitine Translocase (CACT) Deficiency",PHASE2,4,3,0,16,23,0.0,0.0,0.0,0.0,1.0,0.0,0.0
SLC26A4,NCT00789061,UNKNOWN,Hearing Loss,PHASE2,4,1,0,16,21,0.0,0.0,0.0,0.0,1.0,0.0,0.0
SLC27A4,NCT01806441,COMPLETED,Gene Expression,NA,0,3,0,16,19,0.0,0.0,1.0,0.0,0.0,0.0,0.0
SLC29A1,NCT01586611,UNKNOWN,Metastatic Pancreas Cancer,PHASE3,5,1,10,16,32,1.0,0.0,2.0,2.0,8.0,1.0,0.0
SLC2A1,NCT04274179,RECRUITING,"Absence Epilepsy, Ketogenic Dieting, Epilepsy, Absence",PHASE3,5,2,0,16,23,2.0,0.0,11.0,1.0,8.0,2.0,0.0
SLC2A9,NCT02462421,TERMINATED,"Diabetes Mellitus, Gout, Hyperuricemia",PHASE4,6,0,0,16,22,0.0,0.0,0.0,0.0,0.0,0.0,1.0
SLC35A2,NCT05402384,NOT_YET_RECRUITING,SLC35A2-CDG - Solute Carrier Family 35 Member A2 Congenital Disorder of Glycosylation,PHASE2,4,2,0,16,22,0.0,0.0,1.0,0.0,1.0,0.0,0.0
SLC35C1,NCT05754450,RECRUITING,Leukocyte Adhesion Deficiency,PHASE3,5,2,0,16,23,0.0,0.0,0.0,0.0,0.0,1.0,0.0
SLC39A4,NCT06348056,RECRUITING,Response of Fatty Acid Desaturation to Zinc Intake,NA,0,2,0,16,18,0.0,0.0,1.0,0.0,0.0,0.0,0.0
SLC39A8,NCT06819189,NOT_YET_RECRUITING,Healthy Volunteer,PHASE1,3,2,0,16,21,0.0,0.0,0.0,1.0,0.0,0.0,0.0
SLC47A1,NCT06227832,ACTIVE_NOT_RECRUITING,Healthy Adults,PHASE1,3,2,0,16,21,0.0,0.0,0.0,1.0,0.0,0.0,0.0
SLC4A5,NCT03775720,UNKNOWN,Salt-sensitive Hypertension,NA,0,1,0,16,17,0.0,0.0,2.0,0.0,0.0,0.0,0.0
SLC6A6,NCT04936737,UNKNOWN,"Exercise Training, Carnosine, Dietary Supplements",NA,0,1,0,16,17,0.0,0.0,1.0,0.0,0.0,0.0,0.0
SLC6A8,NCT06018519,RECRUITING,Creatine Transporter Defect,NA,0,2,0,16,18,0.0,0.0,1.0,0.0,0.0,0.0,0.0
SLC7A11,NCT05580861,RECRUITING,Acute Myeloid Leukemia,PHASE1,3,2,10,16,31,0.0,0.0,0.0,1.0,0.0,0.0,0.0
SLC9A9,NCT01733680,TERMINATED,ADHD,EARLY_PHASE1,2,0,0,16,18,1.0,0.0,0.0,0.0,0.0,0.0,0.0
SLFN12,NCT04809805,TERMINATED,Metastatic Melanoma and Other Solid Tumors,PHASE1,3,0,10,16,29,0.0,0.0,0.0,1.0,0.0,0.0,0.0
SLK,NCT04645160,RECRUITING,"Cholangiocarcinoma, Bile Duct Neoplasm, Biliary Tract Malignancy",PHASE1,3,2,10,16,31,0.0,0.0,0.0,1.0,0.0,0.0,0.0
SLPI,NCT00005569,COMPLETED,"Healthy, Wound Healing",PHASE1,3,3,0,16,22,0.0,0.0,1.0,2.0,0.0,0.0,0.0
SLX4,NCT05033756,ACTIVE_NOT_RECRUITING,"Malignant Neoplasm of Breast, Breast Cancer",PHASE2,4,2,10,16,32,0.0,0.0,0.0,0.0,1.0,0.0,0.0
SMAD1,NCT03397004,ACTIVE_NOT_RECRUITING,Hereditary Hemorrhagic Telangiectasia (HHT),PHASE2,4,2,0,16,22,0.0,0.0,0.0,0.0,2.0,0.0,0.0
SMAD2,NCT03941730,ACTIVE_NOT_RECRUITING,"Advanced Triple-Negative Breast Carcinoma, Anatomic Stage III Breast Cancer AJCC v8, Anatomic Stage IV Breast Cancer AJCC v8, Metastatic Triple-Negative Breast Carcinoma, Recurrent Breast Carcinoma",PHASE2,4,2,10,16,32,0.0,0.0,1.0,1.0,1.0,0.0,0.0
SMAD3,NCT03928847,COMPLETED,Idiopathic Pulmonary Fibrosis,EARLY_PHASE1,2,3,0,16,21,1.0,0.0,0.0,0.0,0.0,0.0,0.0
SMAD4,NCT01921751,TERMINATED,"Pancreatic Adenocarcinoma, Stage III Pancreatic Cancer",PHASE2,4,0,10,16,30,0.0,0.0,2.0,0.0,1.0,0.0,0.0
SMAD5,NCT02860000,ACTIVE_NOT_RECRUITING,"Estrogen Receptor Status, HER2/Neu Negative, Invasive Breast Carcinoma, Postmenopausal, Stage III Breast Cancer, Stage IIIA Breast Cancer, Stage IIIB Breast Cancer, Stage IIIC Breast Cancer, Stage IV Breast Cancer",PHASE2,4,2,10,16,32,0.0,0.0,0.0,0.0,1.0,0.0,0.0
SMARCA2,NCT06682806,RECRUITING,"Advanced Solid Tumor, Esophageal Cancer, Metastatic Solid Tumor, Non-small Cell Lung Cancers, SMARCA4 Gene Mutation",PHASE2,4,2,10,16,32,0.0,0.0,0.0,2.0,2.0,0.0,0.0
SMARCA4,NCT03213665,COMPLETED,"Advanced Malignant Solid Neoplasm, Ann Arbor Stage III Hodgkin Lymphoma, Ann Arbor Stage III Non-Hodgkin Lymphoma, Ann Arbor Stage IV Hodgkin Lymphoma, Ann Arbor Stage IV Non-Hodgkin Lymphoma, Ewing Sarcoma/Peripheral Primitive Neuroectodermal Tumor, Low Grade Glioma, Recurrent Ependymoma, Recurrent Ewing Sarcoma, Recurrent Glioma, Recurrent Hepatoblastoma, Recurrent Hodgkin Lymphoma, Recurrent Langerhans Cell Histiocytosis, Recurrent Malignant Germ Cell Tumor, Recurrent Malignant Glioma, Recurrent Malignant Solid Neoplasm, Recurrent Medulloblastoma, Recurrent Neuroblastoma, Recurrent Non-Hodgkin Lymphoma, Recurrent Osteosarcoma, Recurrent Peripheral Primitive Neuroectodermal Tumor, Recurrent Primary Central Nervous System Neoplasm, Recurrent Rhabdoid Tumor, Recurrent Rhabdomyosarcoma, Recurrent Soft Tissue Sarcoma, Refractory Hodgkin Lymphoma, Refractory Langerhans Cell Histiocytosis, Refractory Malignant Germ Cell Tumor, Refractory Malignant Glioma, Refractory Malignant Solid Neoplasm, Refractory Medulloblastoma, Refractory Neuroblastoma, Refractory Non-Hodgkin Lymphoma, Refractory Osteosarcoma, Refractory Peripheral Primitive Neuroectodermal Tumor, Refractory Rhabdoid Tumor, Refractory Soft Tissue Sarcoma, Rhabdoid Tumor, Stage III Soft Tissue Sarcoma AJCC v7, Stage IV Soft Tissue Sarcoma AJCC v7, Wilms Tumor",PHASE2,4,3,10,16,33,0.0,0.0,0.0,5.0,6.0,0.0,0.0
SMARCB1,NCT03213665,COMPLETED,"Advanced Malignant Solid Neoplasm, Ann Arbor Stage III Hodgkin Lymphoma, Ann Arbor Stage III Non-Hodgkin Lymphoma, Ann Arbor Stage IV Hodgkin Lymphoma, Ann Arbor Stage IV Non-Hodgkin Lymphoma, Ewing Sarcoma/Peripheral Primitive Neuroectodermal Tumor, Low Grade Glioma, Recurrent Ependymoma, Recurrent Ewing Sarcoma, Recurrent Glioma, Recurrent Hepatoblastoma, Recurrent Hodgkin Lymphoma, Recurrent Langerhans Cell Histiocytosis, Recurrent Malignant Germ Cell Tumor, Recurrent Malignant Glioma, Recurrent Malignant Solid Neoplasm, Recurrent Medulloblastoma, Recurrent Neuroblastoma, Recurrent Non-Hodgkin Lymphoma, Recurrent Osteosarcoma, Recurrent Peripheral Primitive Neuroectodermal Tumor, Recurrent Primary Central Nervous System Neoplasm, Recurrent Rhabdoid Tumor, Recurrent Rhabdomyosarcoma, Recurrent Soft Tissue Sarcoma, Refractory Hodgkin Lymphoma, Refractory Langerhans Cell Histiocytosis, Refractory Malignant Germ Cell Tumor, Refractory Malignant Glioma, Refractory Malignant Solid Neoplasm, Refractory Medulloblastoma, Refractory Neuroblastoma, Refractory Non-Hodgkin Lymphoma, Refractory Osteosarcoma, Refractory Peripheral Primitive Neuroectodermal Tumor, Refractory Rhabdoid Tumor, Refractory Soft Tissue Sarcoma, Rhabdoid Tumor, Stage III Soft Tissue Sarcoma AJCC v7, Stage IV Soft Tissue Sarcoma AJCC v7, Wilms Tumor",PHASE2,4,3,10,16,33,0.0,0.0,1.0,4.0,5.0,0.0,0.0
SMC1A,NCT06424301,RECRUITING,"Retinoblastoma, Refractory",EARLY_PHASE1,2,2,0,16,20,1.0,0.0,0.0,0.0,0.0,0.0,0.0
SMCHD1,NCT06079567,RECRUITING,Facioscapulohumeral Muscular Dystrophy Type 2,NA,0,2,0,16,18,0.0,0.0,1.0,0.0,0.0,0.0,0.0
SMN1,NCT05073133,COMPLETED,"Muscular Atrophy, Spinal",PHASE4,6,3,0,16,25,0.0,0.0,5.0,4.0,2.0,4.0,1.0
SMN2,NCT05861986,RECRUITING,"Muscular Atrophy, Spinal",PHASE4,6,2,0,0,8,0.0,0.0,2.0,2.0,2.0,5.0,2.0
SMPD1,NCT03634917,COMPLETED,Alcoholism,PHASE3,5,3,0,16,24,0.0,0.0,3.0,2.0,3.0,1.0,0.0
SMS,NCT05707260,COMPLETED,"Renal Insufficiency, Chronic",PHASE4,6,3,0,16,25,4.0,0.0,427.0,10.0,7.0,12.0,11.0
SNCA,NCT06816810,NOT_YET_RECRUITING,Parkinson&Amp;#39;s Disease,PHASE2,4,2,0,16,22,0.0,0.0,1.0,0.0,1.0,0.0,0.0
SNN,NCT05291364,COMPLETED,Dexmedetomidine,NA,0,3,0,16,19,0.0,0.0,2.0,0.0,0.0,0.0,0.0
SOCS1,NCT06237881,RECRUITING,"Advanced Solid Tumor, Melanoma, Lung Neoplasms, Head and Neck Neoplasms",PHASE1,3,2,10,16,31,0.0,0.0,0.0,2.0,0.0,0.0,0.0
SOCS3,NCT04789837,ACTIVE_NOT_RECRUITING,Osteoarthritis,PHASE1,3,2,0,16,21,0.0,0.0,3.0,1.0,0.0,0.0,0.0
SOD1,NCT03149653,COMPLETED,Parenteral Nutrition,PHASE4,6,3,0,16,25,1.0,0.0,28.0,12.0,13.0,7.0,3.0
SOD2,NCT03018535,UNKNOWN,"Glomerulonephritis, Membranous",PHASE3,5,1,0,16,22,0.0,0.0,2.0,1.0,0.0,2.0,0.0
SON,NCT02209974,COMPLETED,Chronic Obstructive Pulmonary Disease,PHASE4,6,3,0,16,25,1.0,0.0,62.0,12.0,39.0,48.0,20.0
SORD,NCT05397665,ACTIVE_NOT_RECRUITING,Hereditary Neuropathy Caused by SORD Deficiency,PHASE2,4,2,0,16,22,0.0,0.0,1.0,0.0,2.0,0.0,0.0
SORL1,NCT02868905,UNKNOWN,"Obesity, Alzheimer's Disease",NA,0,1,0,16,17,0.0,0.0,1.0,0.0,0.0,0.0,0.0
SORT1,NCT04706962,RECRUITING,"Solid Tumor, TNBC - Triple-Negative Breast Cancer, Hormone Receptor-positive Breast Cancer, Epithelial Ovarian Cancer, Endometrial Cancer, Cutaneous Melanoma, Thyroid Cancer, Small-cell Lung Cancer, Prostate Cancer, SORT1+ Cancers",PHASE1,3,2,10,16,31,0.0,0.0,0.0,1.0,0.0,0.0,0.0
SOS1,NCT06659341,RECRUITING,Advanced Solid Tumors Harboring KRAS G12C Mutation,PHASE1,3,2,10,16,31,0.0,0.0,0.0,2.0,0.0,0.0,0.0
SP1,NCT00228488,COMPLETED,Head and Neck Cancer,PHASE2,4,3,10,16,33,0.0,0.0,4.0,1.0,4.0,0.0,0.0
SP100,NCT06371196,NOT_YET_RECRUITING,Primary Biliary Cholangitis,PHASE4,6,2,0,16,24,0.0,0.0,0.0,0.0,0.0,0.0,1.0
SP2,NCT03478111,COMPLETED,Rheumatoid Arthritis,PHASE3,5,3,0,16,24,0.0,0.0,0.0,2.0,1.0,1.0,0.0
SP3,NCT01395511,COMPLETED,Whiplash Associated Disorder (WAD),PHASE2,4,3,0,16,23,0.0,0.0,2.0,0.0,1.0,0.0,0.0
SP4,NCT01395511,COMPLETED,Whiplash Associated Disorder (WAD),PHASE2,4,3,0,16,23,0.0,0.0,1.0,0.0,1.0,0.0,0.0
SPAG5,NCT05936450,COMPLETED,"Periodontal Diseases, Periodontal Pocket, Periodontitis",PHASE4,6,3,0,16,25,0.0,0.0,28.0,2.0,3.0,0.0,3.0
SPARC,NCT05075538,TERMINATED,Cancer,PHASE4,6,0,10,16,32,2.0,0.0,43.0,19.0,32.0,17.0,1.0
SPAST,NCT04780191,COMPLETED,"Muscle Spasticity, Stroke",NA,0,3,0,16,19,0.0,0.0,3.0,0.0,0.0,0.0,0.0
SPECC1,NCT06452069,NOT_YET_RECRUITING,"COVID-19 Respiratory Infection, COVID-19",NA,0,2,0,16,18,0.0,0.0,1.0,0.0,0.0,0.0,0.0
SPG11,NCT04768166,COMPLETED,Hereditary Spastic Paraparesis,PHASE2,4,3,0,16,23,0.0,0.0,0.0,0.0,1.0,0.0,0.0
SPG7,NCT05127967,COMPLETED,SPG7,NA,0,3,0,16,19,0.0,0.0,2.0,0.0,0.0,0.0,0.0
SPHK1,NCT05775380,RECRUITING,Myocardial Reperfusion Injury,PHASE4,6,2,0,16,24,0.0,0.0,0.0,0.0,0.0,0.0,1.0
SPICE1,NCT02193438,COMPLETED,Healthy,NA,0,3,0,16,19,0.0,0.0,1.0,0.0,0.0,0.0,0.0
SPOP,NCT05828082,RECRUITING,"Castration-Resistant Prostate Carcinoma, Refractory Prostate Carcinoma",PHASE2,4,2,10,16,32,0.0,0.0,1.0,0.0,2.0,0.0,0.0
SPR,NCT02936180,COMPLETED,Rheumatoid Arthritis,PHASE4,6,3,0,16,25,0.0,0.0,24.0,1.0,4.0,9.0,4.0
SPRTN,NCT02065479,COMPLETED,Coronary Artery Disease,PHASE4,6,3,0,16,25,0.0,0.0,6.0,0.0,0.0,1.0,1.0
SPTB,NCT02746900,UNKNOWN,Preterm Birth,PHASE4,6,1,0,16,23,0.0,0.0,7.0,0.0,0.0,1.0,1.0
SPTLC1,NCT06113055,RECRUITING,Hereditary Sensory Neuropathy Type I,PHASE2,4,2,0,16,22,0.0,0.0,0.0,0.0,1.0,0.0,0.0
SPTLC2,NCT06113055,RECRUITING,Hereditary Sensory Neuropathy Type I,PHASE2,4,2,0,16,22,0.0,0.0,0.0,0.0,1.0,0.0,0.0
SQSTM1,NCT05979298,ACTIVE_NOT_RECRUITING,"Ovarian Cancer, Platinum-resistant Ovarian Cancer",PHASE2,4,2,10,16,32,0.0,0.0,1.0,0.0,1.0,0.0,0.0
SRC,NCT01028118,COMPLETED,"Violence, Battered Women, Cognitive Behavior Therapy",PHASE3,5,3,0,16,24,6.0,0.0,22.0,73.0,31.0,1.0,0.0
SRD5A1,NCT04288427,RECRUITING,"Benign Prostatic Hyperplasia, Prostate Hyperplasia, Prostate Disease, Prostate Hypertrophy, Prostate Pain, Lower Urinary Tract Symptoms, Urinary Obstruction, Urinary Tract Disease",NA,0,2,0,16,18,0.0,0.0,1.0,0.0,0.0,0.0,0.0
SREBF1,NCT02068339,COMPLETED,Non-alcholic Fatty Liver Disease,PHASE3,5,3,0,16,24,0.0,0.0,1.0,0.0,1.0,2.0,0.0
SREBF2,NCT03850314,UNKNOWN,"Metabolic Syndrome, Dyslipidemias, Diabetes Mellitus, Obesity, Atherosclerosis",PHASE2,4,1,0,16,21,0.0,0.0,0.0,0.0,1.0,0.0,0.0
SRF,NCT02944227,COMPLETED,Wet Macular Degeneration,PHASE4,6,3,0,16,25,0.0,0.0,8.0,0.0,2.0,2.0,4.0
SRI,NCT00463476,COMPLETED,Japanese Encephalitis,PHASE4,6,3,0,16,25,2.0,0.0,41.0,11.0,13.0,17.0,12.0
SRM,NCT01899560,COMPLETED,Acute Respiratory Distress Syndrome,PHASE3,5,3,0,16,24,0.0,0.0,16.0,0.0,2.0,1.0,0.0
SRPK1,NCT04247256,UNKNOWN,Metastatic Colorectal Cancer,PHASE1,3,1,10,16,30,0.0,0.0,0.0,1.0,0.0,0.0,0.0
SRR,NCT05343871,COMPLETED,COVID-19,PHASE4,6,3,0,16,25,0.0,0.0,2.0,0.0,0.0,1.0,1.0
SRRT,NCT04487964,COMPLETED,COVID-19,NA,0,3,0,16,19,0.0,0.0,4.0,0.0,0.0,0.0,0.0
SS18,NCT06456359,RECRUITING,"Desmoplastic Small Round Cell Tumor, Synovial Sarcoma",PHASE2,4,2,10,16,32,0.0,0.0,0.0,1.0,1.0,0.0,0.0
SSB,NCT02280291,COMPLETED,"Pain, Fracture",PHASE4,6,3,0,16,25,3.0,0.0,94.0,11.0,13.0,6.0,2.0
SSH3,NCT02585531,UNKNOWN,Bronchiolitis,PHASE2,4,1,0,16,21,0.0,0.0,0.0,0.0,1.0,0.0,0.0
SSPN,NCT01645839,COMPLETED,"Breast Cancer, Leptomeningeal Metastases",PHASE3,5,3,10,16,34,0.0,0.0,0.0,0.0,0.0,1.0,0.0
ST14,NCT02637583,COMPLETED,Pneumococcal Infections,PHASE4,6,3,0,16,25,0.0,0.0,0.0,0.0,0.0,0.0,1.0
ST7,NCT02589418,COMPLETED,Experimental Dental Pain,NA,0,3,0,16,19,0.0,0.0,6.0,0.0,0.0,0.0,0.0
STAT1,NCT03387670,COMPLETED,Secondary Progressive Multiple Sclerosis (SPMS),PHASE3,5,3,0,16,24,2.0,0.0,6.0,1.0,4.0,1.0,0.0
STAT2,NCT05861401,RECRUITING,Alopecia Areata,NA,0,2,0,16,18,0.0,0.0,1.0,0.0,0.0,0.0,0.0
STAT3,NCT04387201,COMPLETED,"Glucose Intolerance, Overweight and Obesity, Drug Effect, Adiposity",PHASE4,6,3,0,16,25,4.0,0.0,10.0,25.0,17.0,4.0,2.0
STAT5A,NCT02888964,COMPLETED,"Leukemia, Myeloid, Chronic-Phase",PHASE2,4,3,10,16,33,0.0,0.0,1.0,1.0,1.0,0.0,0.0
STAT5B,NCT02888964,COMPLETED,"Leukemia, Myeloid, Chronic-Phase",PHASE2,4,3,10,16,33,0.0,0.0,1.0,0.0,1.0,0.0,0.0
STAT6,NCT00967044,COMPLETED,Lymphoma,PHASE1,3,3,10,16,32,0.0,0.0,4.0,2.0,0.0,0.0,0.0
STEAP1,NCT01774071,COMPLETED,Prostate Cancer,PHASE1,3,3,10,16,32,0.0,0.0,0.0,2.0,0.0,0.0,0.0
STIL,NCT05929768,RECRUITING,"Anatomic Stage I Breast Cancer AJCC v8, Anatomic Stage II Breast Cancer AJCC v8, Anatomic Stage IIIA Breast Cancer AJCC v8, Anatomic Stage IIIB Breast Cancer AJCC v8, Early Stage Triple-Negative Breast Carcinoma",PHASE3,5,2,10,16,33,0.0,0.0,2.0,0.0,2.0,1.0,0.0
STIM1,NCT06300138,NOT_YET_RECRUITING,Sporotrichosis,NA,0,2,0,16,18,0.0,0.0,1.0,0.0,0.0,0.0,0.0
STIM2,NCT01774630,COMPLETED,"Leukemia, Myelogenous, Chronic, BCR-ABL Positive",PHASE2,4,3,10,16,33,0.0,0.0,1.0,0.0,1.0,0.0,0.0
STK11,NCT05445791,RECRUITING,Non Small Cell Lung Cancer,PHASE3,5,2,10,16,33,0.0,0.0,3.0,8.0,11.0,2.0,0.0
STK39,NCT00896389,COMPLETED,Hypertension,PHASE4,6,3,0,16,25,0.0,0.0,0.0,0.0,0.0,0.0,1.0
STMN1,NCT01505153,COMPLETED,"Advanced Cancer, Metastatic Cancer, Solid Tumors",PHASE1,3,3,10,16,32,0.0,0.0,0.0,1.0,0.0,0.0,0.0
STOM,NCT06213441,RECRUITING,Ostomy,NA,0,2,0,16,18,0.0,0.0,2.0,0.0,0.0,0.0,0.0
STRAP,NCT04089722,COMPLETED,"Brassiere Strap Fat (BSF), Bra Strap Fat (BSF)",PHASE4,6,3,0,16,25,1.0,0.0,102.0,2.0,4.0,2.0,2.0
STRN,NCT03683069,COMPLETED,"Hypertension, Genetics Hypertension",PHASE4,6,3,0,16,25,0.0,0.0,0.0,0.0,0.0,0.0,1.0
STS,NCT02627846,COMPLETED,Varicose Veins,PHASE4,6,3,0,0,9,5.0,0.0,134.0,54.0,85.0,25.0,14.0
STX2,NCT04389580,UNKNOWN,COVID-19,PHASE2,4,1,0,16,21,0.0,0.0,0.0,0.0,1.0,0.0,0.0
STXBP1,NCT05232630,RECRUITING,"Refractory Epilepsy, SYNGAP1 Encephalopathy, STXBP1 Encephalopathy With Epilepsy, Inv Dup(15) Encephalopathy, Multifocal or Bilateral Malformations of Cortical Development, Continuous Spike and Waves During Slow Sleep",PHASE4,6,2,0,16,24,1.0,0.0,0.0,0.0,0.0,0.0,1.0
STYX,NCT02606838,COMPLETED,Diabetes,NA,0,3,0,16,19,0.0,0.0,1.0,0.0,0.0,0.0,0.0
SUCLA2,NCT04802707,RECRUITING,"Mitochondrial Diseases, Mitochondrial Encephalomyopathy, Mitochondrial Encephalopathy, Mitochondrial DNA Depletion, Mitochondrial Metabolism Disorders",PHASE2,4,2,0,16,22,0.0,0.0,0.0,0.0,1.0,0.0,0.0
SUCLG1,NCT04802707,RECRUITING,"Mitochondrial Diseases, Mitochondrial Encephalomyopathy, Mitochondrial Encephalopathy, Mitochondrial DNA Depletion, Mitochondrial Metabolism Disorders",PHASE2,4,2,0,16,22,0.0,0.0,0.0,0.0,1.0,0.0,0.0
SUFU,NCT02303041,TERMINATED,"Carcinoma, Basal Cell, Recurrent Skin Cancer, Skin Neoplasms, Basal Cell Nevus Syndrome",PHASE2,4,0,10,16,30,0.0,0.0,0.0,0.0,1.0,0.0,0.0
SULT1A1,NCT00768716,COMPLETED,"Pain, Fever, Hepatotoxicity",PHASE4,6,3,0,16,25,1.0,0.0,1.0,1.0,0.0,0.0,1.0
SUMF1,NCT01474343,COMPLETED,"Mucopolysaccharidosis Type III A, Sanfilippo Disease Type A",PHASE1,3,3,0,16,22,0.0,0.0,0.0,1.0,0.0,0.0,0.0
SV2A,NCT04091971,COMPLETED,Major Depressive Disorder,PHASE4,6,3,0,16,25,3.0,0.0,3.0,3.0,3.0,1.0,1.0
SYK,NCT02023151,COMPLETED,Allergic Asthma,PHASE4,6,3,0,16,25,0.0,0.0,2.0,2.0,9.0,0.0,1.0
SYN3,NCT02773849,COMPLETED,Superficial Bladder Cancer,PHASE3,5,3,10,16,34,0.0,0.0,0.0,1.0,1.0,1.0,0.0
SYNC,NCT02130999,COMPLETED,Non-24-Hour-Sleep-Wake Disorder,PHASE4,6,3,0,16,25,2.0,0.0,32.0,7.0,2.0,1.0,1.0
SYNGAP1,NCT05232630,RECRUITING,"Refractory Epilepsy, SYNGAP1 Encephalopathy, STXBP1 Encephalopathy With Epilepsy, Inv Dup(15) Encephalopathy, Multifocal or Bilateral Malformations of Cortical Development, Continuous Spike and Waves During Slow Sleep",PHASE4,6,2,0,16,24,0.0,0.0,0.0,0.0,0.0,0.0,1.0
SYP,NCT06131268,RECRUITING,"Major Depressive Disorder, Bipolar Affective Disorder, Currently Depressed, Moderate",PHASE4,6,2,0,16,24,0.0,0.0,0.0,0.0,0.0,0.0,1.0
SZT2,NCT05492526,COMPLETED,Cardiac Rehabilitation,NA,0,3,0,16,19,0.0,0.0,1.0,0.0,0.0,0.0,0.0
TACC1,NCT01975701,COMPLETED,Recurrent Glioblastoma or Other Glioma Subtypes,PHASE2,4,3,0,16,23,0.0,0.0,0.0,1.0,1.0,0.0,0.0
TACC3,NCT01975701,COMPLETED,Recurrent Glioblastoma or Other Glioma Subtypes,PHASE2,4,3,0,16,23,1.0,0.0,0.0,2.0,1.0,0.0,0.0
TAF15,NCT05918640,RECRUITING,"Ewing Sarcoma, Desmoplastic Small Round Cell Tumor, Pediatric Cancer, Undifferentiated Sarcoma",PHASE1,3,2,10,16,31,0.0,0.0,0.0,1.0,0.0,0.0,0.0
TAF1B,NCT01461148,COMPLETED,Colorectal Cancer,PHASE1,3,3,10,16,32,0.0,0.0,0.0,1.0,0.0,0.0,0.0
TANGO2,NCT02401633,COMPLETED,"Cardiac Arrest, Out of Hospital Cardiac Arrest",NA,0,3,0,16,19,0.0,0.0,2.0,0.0,0.0,0.0,0.0
TANK,NCT05302804,COMPLETED,"Acute Exercise, Heat Exposure",PHASE4,6,3,0,16,25,1.0,0.0,24.0,4.0,1.0,4.0,4.0
TAP1,NCT03979508,RECRUITING,"Anatomic Stage I Breast Cancer AJCC v8, Anatomic Stage II Breast Cancer AJCC v8, Anatomic Stage III Breast Cancer AJCC v8, Breast Ductal Carcinoma In Situ, Breast Fibrocystic Change, Breast Lobular Carcinoma In Situ, Invasive Breast Carcinoma, Prognostic Stage I Breast Cancer AJCC v8, Prognostic Stage IA Breast Cancer AJCC v8, Prognostic Stage IB Breast Cancer AJCC v8, Prognostic Stage II Breast Cancer AJCC v8, Prognostic Stage IIA Breast Cancer AJCC v8, Prognostic Stage IIB Breast Cancer AJCC v8, Prognostic Stage III Breast Cancer AJCC v8, Prognostic Stage IIIA Breast Cancer AJCC v8, Prognostic Stage IIIB Breast Cancer AJCC v8, Prognostic Stage IIIC Breast Cancer AJCC v8, Triple-Negative Breast Carcinoma",PHASE2,4,2,10,16,32,0.0,0.0,1.0,1.0,1.0,0.0,0.0
TAPBP,NCT03979508,RECRUITING,"Anatomic Stage I Breast Cancer AJCC v8, Anatomic Stage II Breast Cancer AJCC v8, Anatomic Stage III Breast Cancer AJCC v8, Breast Ductal Carcinoma In Situ, Breast Fibrocystic Change, Breast Lobular Carcinoma In Situ, Invasive Breast Carcinoma, Prognostic Stage I Breast Cancer AJCC v8, Prognostic Stage IA Breast Cancer AJCC v8, Prognostic Stage IB Breast Cancer AJCC v8, Prognostic Stage II Breast Cancer AJCC v8, Prognostic Stage IIA Breast Cancer AJCC v8, Prognostic Stage IIB Breast Cancer AJCC v8, Prognostic Stage III Breast Cancer AJCC v8, Prognostic Stage IIIA Breast Cancer AJCC v8, Prognostic Stage IIIB Breast Cancer AJCC v8, Prognostic Stage IIIC Breast Cancer AJCC v8, Triple-Negative Breast Carcinoma",PHASE2,4,2,10,16,32,0.0,0.0,0.0,0.0,1.0,0.0,0.0
TARDBP,NCT02166944,COMPLETED,"Amyotrophic Lateral Sclerosis, ALS Functional Ration Scale, TAR-DNA-binding Protein-43, Tamoxifen, mTOR",PHASE1,3,3,0,16,22,0.0,0.0,2.0,1.0,0.0,0.0,0.0
TBC1D4,NCT04011904,COMPLETED,T2D,NA,0,3,0,16,19,0.0,0.0,2.0,0.0,0.0,0.0,0.0
TBCA,NCT00807391,COMPLETED,Lung Cancer,NA,0,3,10,16,29,0.0,0.0,1.0,0.0,0.0,0.0,0.0
TBCB,NCT04548830,ACTIVE_NOT_RECRUITING,Lung Cancer,PHASE2,4,2,10,16,32,0.0,0.0,4.0,0.0,1.0,0.0,0.0
TBCC,NCT00558480,WITHDRAWN,Latent Tuberculosis Infection,NA,0,0,0,16,16,0.0,0.0,1.0,0.0,0.0,0.0,0.0
TBP,NCT02464683,UNKNOWN,Pulmonary Tuberculosis,PHASE4,6,1,0,16,23,0.0,0.0,3.0,3.0,0.0,3.0,1.0
TCF20,NCT04961632,ACTIVE_NOT_RECRUITING,Breast Cancer,PHASE1,3,2,10,16,31,0.0,0.0,0.0,1.0,0.0,0.0,0.0
TCF3,NCT03117751,ACTIVE_NOT_RECRUITING,"Acute Lymphoblastic Leukemia, Acute Lymphoblastic Lymphoma",PHASE2,4,2,10,16,32,0.0,0.0,0.0,0.0,1.0,0.0,0.0
TCF4,NCT05165017,UNKNOWN,Pitt Hopkins Syndrome,PHASE1,3,1,0,16,20,0.0,0.0,0.0,2.0,0.0,0.0,0.0
TCF7,NCT03458494,TERMINATED,"Type2 Diabetes, Glucose, High Blood",NA,0,0,0,16,16,0.0,0.0,1.0,0.0,0.0,0.0,0.0
TCF7L2,NCT00738088,TERMINATED,"Diabetes Mellitus, Type 2",PHASE4,6,0,0,16,22,0.0,0.0,3.0,0.0,0.0,0.0,1.0
TCHP,NCT04957212,COMPLETED,HER2-positive Breast Cancer,PHASE3,5,3,10,16,34,0.0,0.0,1.0,0.0,4.0,4.0,0.0
TCIRG1,NCT04525352,TERMINATED,Infantile Malignant Osteopetrosis,PHASE1,3,0,10,16,29,0.0,0.0,0.0,1.0,0.0,0.0,0.0
TDG,NCT02170077,COMPLETED,Epilepsy,PHASE2,4,3,0,16,23,0.0,0.0,1.0,0.0,1.0,0.0,0.0
TEC,NCT03258710,COMPLETED,"Hepatitis B, Chronic",PHASE4,6,3,0,16,25,1.0,0.0,51.0,7.0,26.0,10.0,5.0
TECR,NCT02396745,TERMINATED,"Barrett Esophagus, Esophagus, High Grade Dysplasia",NA,0,0,0,16,16,0.0,0.0,1.0,0.0,0.0,0.0,0.0
TEF,NCT00565864,COMPLETED,Hypothyroidism,PHASE4,6,3,0,16,25,0.0,0.0,10.0,1.0,0.0,0.0,1.0
TERT,NCT02011906,UNKNOWN,Coronary Artery Disease,PHASE4,6,1,0,16,23,2.0,0.0,14.0,13.0,10.0,0.0,1.0
TES,NCT04767191,COMPLETED,Uncomplicated Malaria,PHASE4,6,3,0,16,25,3.0,0.0,138.0,10.0,11.0,3.0,12.0
TET2,NCT01802333,COMPLETED,"Acute Myeloid Leukemia, Untreated Adult Acute Myeloid Leukemia",PHASE3,5,3,10,16,34,0.0,0.0,4.0,3.0,6.0,1.0,0.0
TFE3,NCT06683846,RECRUITING,"Pheochromocytoma/Paraganglioma, Rhabdomyosarcoma, Paget Disease, Extramammary, Renal Angiomyolipoma, Perivascular Epithelioid Cell Tumor, Malignant, Sarcoma, Urachal Cancer, Neuroendocrine Cancer, Basal Cell Carcinomas, Sarcomatoid Carcinoma, Penile Cancer, Adrenal Cortical Cancer, Germ Cell Cancer Metastatic, Non-Clear Cell Renal Cell Carcinoma, Prostate Cancers, Clear Cell Renal Cancer, Urothelial Carcinoma, Kidney Cancer, Rare Tumors",PHASE2,4,2,10,16,32,0.0,0.0,0.0,0.0,2.0,0.0,0.0
TFEB,NCT03040648,COMPLETED,Diagnostic Imaging,NA,0,3,0,16,19,0.0,0.0,2.0,0.0,0.0,0.0,0.0
TFG,NCT03057899,COMPLETED,Hypogonadism,PHASE4,6,3,0,16,25,1.0,0.0,2.0,0.0,1.0,0.0,2.0
TFPI,NCT03938792,ACTIVE_NOT_RECRUITING,"Hemophilia A, Hemophilia B",PHASE3,5,2,0,16,23,0.0,0.0,2.0,7.0,5.0,2.0,0.0
TFRC,NCT05413915,RECRUITING,"Chronic Myeloid Leukemia, Chronic Myeloid Leukemia, BCR/ABL-Positive, Chronic Myeloid Leukemia in Remission",PHASE3,5,2,10,16,33,1.0,0.0,0.0,0.0,1.0,1.0,0.0
TG,NCT00441480,COMPLETED,Dyslipidemia,PHASE4,6,3,0,16,25,0.0,0.0,114.0,12.0,41.0,33.0,22.0
TGFA,NCT00101920,COMPLETED,"Non-small Cell Lung Cancer, Neoplasm Metastasis, Lung Cancer",PHASE2,4,3,10,16,33,0.0,0.0,0.0,2.0,2.0,0.0,0.0
TGFB1,NCT00875082,COMPLETED,Asthma,PHASE4,6,3,0,16,25,1.0,0.0,32.0,40.0,36.0,5.0,10.0
TGFB2,NCT00684294,TERMINATED,"Carcinoma, Advanced Metastatic",PHASE1,3,0,10,16,29,0.0,0.0,1.0,1.0,0.0,0.0,0.0
TGFB3,NCT06250517,RECRUITING,Lung Transplant Failure,NA,0,2,0,16,18,0.0,0.0,1.0,0.0,0.0,0.0,0.0
TGFBI,NCT06203912,RECRUITING,"Recurrent Multiple Myeloma, Refractory Multiple Myeloma",PHASE1,3,2,0,16,21,0.0,0.0,0.0,2.0,0.0,0.0,0.0
TGFBR1,NCT02160106,COMPLETED,Advanced Stage Solid Tumors,PHASE1,3,3,10,16,32,0.0,0.0,1.0,1.0,0.0,0.0,0.0
TGFBR3,NCT00574613,COMPLETED,Skin Fibrosis,PHASE2,4,3,0,16,23,0.0,0.0,0.0,1.0,2.0,0.0,0.0
THBD,NCT04571632,UNKNOWN,"Non Small Cell Lung Cancer, Solid Tumor",PHASE2,4,1,10,16,31,0.0,0.0,0.0,1.0,2.0,0.0,0.0
THBS1,NCT02150330,COMPLETED,"Dehydroepiandrosterone, DHEAS, Gene Expression of Cumulus Cells., Ovarian Hyper-stimulation Protocol., Artificial Reproduction Technology.",PHASE3,5,3,0,16,24,0.0,0.0,1.0,2.0,3.0,1.0,0.0
TIAM1,NCT01229605,WITHDRAWN,Breast Cancer,PHASE2,4,0,10,16,30,0.0,0.0,0.0,0.0,1.0,0.0,0.0
TIMELESS,NCT03785678,COMPLETED,THROMBOLYSIS,PHASE3,5,3,0,16,24,0.0,0.0,2.0,0.0,0.0,1.0,0.0
TIMP1,NCT00875082,COMPLETED,Asthma,PHASE4,6,3,0,16,25,2.0,0.0,22.0,2.0,9.0,4.0,7.0
TIMP2,NCT02869347,COMPLETED,Acute Kidney Injury,PHASE2,4,3,0,16,23,0.0,0.0,3.0,0.0,1.0,0.0,0.0
TIMP3,NCT01223196,COMPLETED,Type 2 Diabetes,PHASE4,6,3,0,16,25,0.0,0.0,1.0,0.0,0.0,0.0,1.0
TINCR,NCT04113213,SUSPENDED,"Behavior Change Interventions, Cardiovascular Diseases, Cardiovascular Risk Factor, Behavior, Health",NA,0,0,0,0,0,0.0,0.0,1.0,0.0,0.0,0.0,0.0
TK1,NCT04072445,COMPLETED,"Advanced Bile Duct Carcinoma, Advanced Gallbladder Carcinoma, Refractory Bile Duct Carcinoma, Refractory Gallbladder Carcinoma, Stage III Distal Bile Duct Cancer AJCC v8, Stage III Gallbladder Cancer AJCC v8, Stage III Intrahepatic Bile Duct Cancer AJCC v8, Stage IIIA Distal Bile Duct Cancer AJCC v8, Stage IIIA Gallbladder Cancer AJCC v8, Stage IIIA Intrahepatic Bile Duct Cancer AJCC v8, Stage IIIB Distal Bile Duct Cancer AJCC v8, Stage IIIB Gallbladder Cancer AJCC v8, Stage IIIB Intrahepatic Bile Duct Cancer AJCC v8, Stage IV Distal Bile Duct Cancer AJCC v8, Stage IV Gallbladder Cancer AJCC v8, Stage IV Intrahepatic Bile Duct Cancer AJCC v8, Stage IVA Gallbladder Cancer AJCC v8, Stage IVB Gallbladder Cancer AJCC v8",PHASE2,4,3,10,16,33,0.0,0.0,4.0,1.0,3.0,0.0,0.0
TK2,NCT04581733,WITHDRAWN,Thymidine Kinase 2 Deficiency,PHASE3,5,0,0,16,21,0.0,0.0,0.0,1.0,2.0,1.0,0.0
TKT,NCT02393053,COMPLETED,Gingival Recession,NA,0,3,0,16,19,0.0,0.0,1.0,0.0,0.0,0.0,0.0
TLR1,NCT04954469,COMPLETED,Immune Deficiency Disease,PHASE1,3,3,0,16,22,0.0,0.0,0.0,5.0,0.0,0.0,0.0
TLR2,NCT06486051,RECRUITING,"Large B-cell Lymphoma, Diffuse Large B-Cell Lymphoma, Not Otherwise Specified, Primary Mediastinal Large B-cell Lymphoma (PMBCL), Transformed Non-Hodgkin Lymphoma",PHASE2,4,2,10,16,32,0.0,0.0,7.0,2.0,1.0,0.0,0.0
TLR3,NCT04100902,COMPLETED,Allergic Asthma Due to Dermatophagoides Pteronyssinus,PHASE4,6,3,0,16,25,0.0,0.0,3.0,6.0,2.0,1.0,1.0
TLR6,NCT04943354,COMPLETED,"Primary Ovarian Insufficiency, Cardiovascular Diseases, Menopause, Premature, Coronary Disease, Pulmonary Embolism, Arrhythmias, Cardiac, Polymorphism, Single Nucleotide",NA,0,3,0,16,19,0.0,0.0,1.0,0.0,0.0,0.0,0.0
TM4SF1,NCT04151186,UNKNOWN,"Advanced Solid Tumor, Neoplasms",NA,0,1,10,16,27,0.0,0.0,2.0,0.0,0.0,0.0,0.0
TNFAIP3,NCT06250517,RECRUITING,Lung Transplant Failure,NA,0,2,0,16,18,0.0,0.0,1.0,0.0,0.0,0.0,0.0
TNFRSF10A,NCT00508625,COMPLETED,Non-Small Cell Lung Cancer,PHASE2,4,3,10,16,33,0.0,0.0,0.0,1.0,1.0,0.0,0.0
TNFRSF10B,NCT00320827,COMPLETED,"Malignancies, Lymphoma",PHASE1,3,3,10,16,32,0.0,0.0,0.0,5.0,0.0,0.0,0.0
TNFRSF14,NCT04137900,RECRUITING,"Advanced Unresectable Solid Tumor, Metastatic Solid Tumor",PHASE1,3,2,10,16,31,0.0,0.0,0.0,1.0,0.0,0.0,0.0
TNFRSF18,NCT04021043,ACTIVE_NOT_RECRUITING,"Advanced Malignant Solid Neoplasm, Metastatic Carcinoma in the Liver, Metastatic Carcinoma in the Lung, Metastatic Malignant Neoplasm in the Thoracic Cavity, Metastatic Malignant Solid Neoplasm",PHASE1,3,2,10,16,31,0.0,0.0,0.0,1.0,0.0,0.0,0.0
TNFRSF1A,NCT02705573,COMPLETED,"Kidney Transplantation, Mannitol",PHASE3,5,3,0,16,24,0.0,0.0,2.0,0.0,2.0,2.0,0.0
TNFRSF1B,NCT06385522,NOT_YET_RECRUITING,"NHL, Cutaneous T Cell Lymphoma, Peripheral T-cell Lymphoma",PHASE1,3,2,10,16,31,0.0,0.0,0.0,1.0,0.0,0.0,0.0
TNFSF10,NCT06250517,RECRUITING,Lung Transplant Failure,NA,0,2,0,16,18,0.0,0.0,1.0,0.0,0.0,0.0,0.0
TNFSF12,NCT00921570,COMPLETED,"Diabetes, Hypertension, Proteinuria",PHASE4,6,3,0,16,25,0.0,0.0,1.0,0.0,0.0,0.0,1.0
TNFSF13B,NCT05666336,RECRUITING,Systemic Lupus Erythematosus,PHASE4,6,2,0,16,24,0.0,0.0,2.0,9.0,5.0,0.0,2.0
TNK2,NCT06705686,NOT_YET_RECRUITING,"Metastatic Castration-resistant Prostate Cancer (CRPC), Metastatic Castration-resistant Prostate Carcinoma",PHASE1,3,2,10,16,31,0.0,0.0,0.0,1.0,0.0,0.0,0.0
TNKS,NCT05475184,ACTIVE_NOT_RECRUITING,Ovarian Cancer,PHASE2,4,2,10,16,32,0.0,0.0,0.0,0.0,1.0,0.0,0.0
TNNT1,NCT00434564,COMPLETED,Chest Pain,PHASE4,6,3,0,16,25,1.0,0.0,16.0,1.0,15.0,4.0,5.0
TNS3,NCT04894539,COMPLETED,Labor Pain,NA,0,3,0,16,19,0.0,0.0,2.0,0.0,0.0,0.0,0.0
TOLLIP,NCT04300920,ACTIVE_NOT_RECRUITING,Idiopathic Pulmonary Fibrosis,PHASE3,5,2,0,16,23,0.0,0.0,0.0,1.0,0.0,1.0,0.0
TOM1,NCT04780399,UNKNOWN,"Alzheimer Disease, Yangxue Qingnao Pills, Randomized",PHASE2,4,1,0,16,21,0.0,0.0,0.0,0.0,1.0,0.0,0.0
TOMM20,NCT03076281,ACTIVE_NOT_RECRUITING,"Larynx, LIP, Oral Cavity, Pharynx",PHASE2,4,2,0,16,22,1.0,0.0,1.0,0.0,3.0,0.0,0.0
TOMM34,NCT00677287,TERMINATED,"Colorectal Cancer, Colon Cancer, Rectal Cancer",PHASE1,3,0,10,16,29,0.0,0.0,0.0,1.0,0.0,0.0,0.0
TOMM40,NCT02228187,COMPLETED,"Alzheimer's Disease, Mild Cognitive Impairment, Age-Related Cognitive Decline, Dementia",PHASE2,4,3,0,16,23,0.0,0.0,0.0,2.0,1.0,0.0,0.0
TOP1,NCT05465941,RECRUITING,"Platinum-Resistant Fallopian Tube Carcinoma, Platinum-Resistant Ovarian Carcinoma, Platinum-Resistant Primary Peritoneal Carcinoma, Stage IV Fallopian Tube Cancer AJCC V8, Stage IV Ovarian Cancer AJCC V8, Stage IV Primary Peritoneal Cancer AJCC V8",PHASE2,4,2,10,16,32,0.0,0.0,2.0,6.0,1.0,0.0,0.0
TOP2A,NCT01180335,COMPLETED,Breast Cancer,PHASE3,5,3,10,16,34,0.0,0.0,1.0,0.0,2.0,3.0,0.0
TP53,NCT05785208,RECRUITING,Non Small Cell Lung Cancer,PHASE4,6,2,10,16,34,3.0,0.0,25.0,75.0,105.0,25.0,4.0
TP53BP1,NCT03044795,WITHDRAWN,Cancer,PHASE2,4,0,10,16,30,0.0,0.0,0.0,0.0,1.0,0.0,0.0
TPM3,NCT01964157,UNKNOWN,Non-small Cell Lung Cancer (NSCLC),PHASE2,4,1,10,16,31,0.0,0.0,0.0,0.0,2.0,0.0,0.0
TPMT,NCT02281799,WITHDRAWN,"Pancreatitis, Inflammatory Bowel Diseases",PHASE4,6,0,0,16,22,1.0,0.0,3.0,2.0,1.0,1.0,1.0
TPP1,NCT01414985,COMPLETED,"Late Infantile Neuronal Ceroid Lipofuscinosis, Batten Disease",PHASE1,3,3,0,16,22,0.0,0.0,0.0,3.0,0.0,0.0,0.0
TPR,NCT02380157,COMPLETED,"Blood Pressure, Hypertension",PHASE4,6,3,0,16,25,0.0,0.0,16.0,2.0,3.0,1.0,7.0
TPT1,NCT05490953,RECRUITING,Hodgkin Lymphoma,PHASE4,6,2,10,16,34,0.0,0.0,0.0,0.0,0.0,0.0,1.0
TPX2,NCT04085315,RECRUITING,"Lung Cancer Metastatic, EGFR Gene Mutation",PHASE1,3,2,10,16,31,0.0,0.0,0.0,1.0,0.0,0.0,0.0
TRADD,NCT00458809,COMPLETED,"Carcinoma of the Appendix, Colorectal Cancer, Primary Peritoneal Cavity Cancer",PHASE1,3,3,10,16,32,0.0,0.0,0.0,1.0,0.0,0.0,0.0
TRAM1,NCT05925686,COMPLETED,Healthy,PHASE1,3,3,0,16,22,0.0,0.0,0.0,1.0,0.0,0.0,0.0
TRIM28,NCT02150330,COMPLETED,"Dehydroepiandrosterone, DHEAS, Gene Expression of Cumulus Cells., Ovarian Hyper-stimulation Protocol., Artificial Reproduction Technology.",PHASE3,5,3,0,16,24,0.0,0.0,0.0,0.0,0.0,1.0,0.0
TRIM5,NCT02797470,ACTIVE_NOT_RECRUITING,"HIV Infection, Mature T-Cell and NK-Cell Non-Hodgkin Lymphoma, Plasmablastic Lymphoma, Recurrent Adult Hodgkin Lymphoma, Recurrent Adult Non-Hodgkin Lymphoma, Recurrent Burkitt Lymphoma, Recurrent Follicular Lymphoma, Stage III Follicular Lymphoma, Stage III Mantle Cell Lymphoma, Stage IV Follicular Lymphoma, Stage IV Mantle Cell Lymphoma",PHASE1,3,2,10,16,31,0.0,0.0,0.0,1.0,0.0,0.0,0.0
TRIO,NCT00863278,TERMINATED,Melanosis,PHASE4,6,0,0,16,22,0.0,0.0,32.0,4.0,4.0,1.0,1.0
TRO,NCT04424511,COMPLETED,Mortality,PHASE3,5,3,0,16,24,0.0,0.0,5.0,1.0,2.0,2.0,0.0
TRPM7,NCT02965703,ACTIVE_NOT_RECRUITING,Colorectal Adenoma,PHASE2,4,2,0,16,22,0.0,0.0,2.0,0.0,1.0,0.0,0.0
TRPV2,NCT03965351,COMPLETED,Fontan,PHASE4,6,3,0,16,25,0.0,0.0,0.0,0.0,0.0,0.0,1.0
TSC1,NCT04411225,RECRUITING,Early Psychosis,PHASE3,5,2,0,16,23,0.0,0.0,3.0,4.0,15.0,2.0,0.0
TSC2,NCT00790400,COMPLETED,"Tuberous Sclerosis Complex (TSC), Lymphangioleiomyomatosis (LAM)",PHASE3,5,3,0,16,24,1.0,0.0,0.0,2.0,10.0,1.0,0.0
TSC22D3,NCT03508635,COMPLETED,Healthy,PHASE1,3,3,0,16,22,0.0,0.0,0.0,1.0,0.0,0.0,0.0
TSG101,NCT01299142,UNKNOWN,Influenza,PHASE1,3,1,0,16,20,0.0,0.0,0.0,1.0,0.0,0.0,0.0
TSHR,NCT03066076,UNKNOWN,"Graves Disease, Graves Ophthalmopathy, Graves' Ophthalmopathy Worsened",PHASE3,5,1,0,16,22,0.0,0.0,1.0,1.0,1.0,1.0,0.0
TSN,NCT02796066,WITHDRAWN,Acne Vulgaris,PHASE2,4,0,0,16,20,0.0,0.0,0.0,0.0,1.0,0.0,0.0
TSNAX,NCT03998046,COMPLETED,"Obesity, Cardiovascular Risk Factor",NA,0,3,0,16,19,0.0,0.0,1.0,0.0,0.0,0.0,0.0
TSPAN33,NCT03394950,COMPLETED,"Stroke, Ischemic",PHASE4,6,3,0,16,25,1.0,0.0,43.0,1.0,15.0,5.0,3.0
TSPAN4,NCT00797589,COMPLETED,"Valve Surgery, Coronary Artery Bypass Grafting",PHASE4,6,3,0,16,25,0.0,0.0,1.0,0.0,1.0,1.0,3.0
TSPO,NCT04814355,RECRUITING,"Major Depressive Disorder, Neuroinflammation",PHASE4,6,2,0,16,24,7.0,0.0,13.0,20.0,13.0,0.0,2.0
TST,NCT01959022,COMPLETED,"Stress Disorders, Post-Traumatic",PHASE4,6,3,0,16,25,3.0,0.0,102.0,8.0,6.0,12.0,19.0
TTK,NCT00681330,COMPLETED,Esophageal Cancer,PHASE1,3,3,10,16,32,0.0,0.0,0.0,9.0,0.0,0.0,0.0
TTL,NCT00527657,COMPLETED,"Brain Neoplasms, Melanoma",PHASE1,3,3,10,16,32,0.0,0.0,2.0,1.0,0.0,0.0,0.0
TTN,NCT01978418,UNKNOWN,"Postnatal Pulmonary Adaptation, Cesarean Section",PHASE4,6,1,0,16,23,0.0,0.0,12.0,3.0,4.0,3.0,1.0
TUBB4A,NCT06369974,NOT_YET_RECRUITING,Genetic Disease,PHASE1,3,2,0,16,21,0.0,0.0,0.0,1.0,0.0,0.0,0.0
TUBE1,NCT00352118,TERMINATED,Head and Neck Cancer,PHASE2,4,0,10,16,30,0.0,0.0,2.0,0.0,1.0,0.0,0.0
TUSC2,NCT04486833,RECRUITING,"Carcinoma, Non-Small Cell Lung",PHASE1,3,2,10,16,31,0.0,0.0,0.0,3.0,0.0,0.0,0.0
TWF2,NCT02688491,NOT_YET_RECRUITING,"Renal Neoplasms, Targeted Molecular Therapy",NA,0,2,10,16,28,0.0,0.0,1.0,0.0,0.0,0.0,0.0
TXN,NCT04969029,UNKNOWN,"Immunotherapy, Adjuvant Therapy, Colon Cancer, MSI-H",PHASE2,4,1,10,16,31,0.0,0.0,0.0,0.0,1.0,0.0,0.0
TXNIP,NCT02372253,COMPLETED,Type 1 Diabetes Mellitus,PHASE2,4,3,0,16,23,0.0,0.0,0.0,0.0,1.0,0.0,0.0
TXNRD1,NCT03965689,ACTIVE_NOT_RECRUITING,"Metastatic Lung Non-Small Cell Squamous Carcinoma, Metastatic Lung Non-Squamous Non-Small Cell Carcinoma, Stage IIIB Lung Cancer AJCC v8, Stage IV Lung Cancer AJCC v8, Stage IVA Lung Cancer AJCC v8, Stage IVB Lung Cancer AJCC v8, Unresectable Lung Non-Small Cell Carcinoma, Unresectable Lung Non-Squamous Non-Small Cell Carcinoma",PHASE2,4,2,10,16,32,0.0,0.0,0.0,0.0,1.0,0.0,0.0
TYK2,NCT05858645,RECRUITING,Psoriasis Vulgaris,PHASE4,6,2,0,16,24,0.0,0.0,2.0,6.0,4.0,2.0,1.0
TYMP,NCT03866954,WITHDRAWN,"Mitochondrial Diseases, Metabolic Disease, Inborn Errors of Metabolism",PHASE2,4,0,0,16,20,0.0,0.0,0.0,1.0,1.0,0.0,0.0
TYMS,NCT00138060,COMPLETED,Metastatic Colorectal Cancer,PHASE4,6,3,10,16,35,1.0,0.0,1.0,20.0,31.0,5.0,1.0
TYRO3,NCT04116541,RECRUITING,Malignant Solid Tumor,PHASE2,4,2,10,16,32,0.0,0.0,0.0,0.0,1.0,0.0,0.0
U2AF1,NCT04278768,RECRUITING,"Acute Myelogenous Leukemia, Myelodysplastic Syndrome",PHASE1,3,2,10,16,31,0.0,0.0,0.0,1.0,0.0,0.0,0.0
UBA1,NCT06538181,RECRUITING,"E1 Ubiqutin-activating Enzyme, X-linked, Autoinflammatory, Somatic Syndrome, VEXAS, Vexas Syndrome",PHASE1,3,2,0,16,21,0.0,0.0,0.0,1.0,0.0,0.0,0.0
UBC,NCT02298660,COMPLETED,Autonomic Dysreflexia,PHASE4,6,3,0,16,25,1.0,0.0,29.0,1.0,6.0,4.0,2.0
UBE2C,NCT02770391,COMPLETED,Prostate Cancer,PHASE2,4,3,10,16,33,0.0,0.0,0.0,0.0,1.0,0.0,0.0
UBE3A,NCT04106557,COMPLETED,Primary Disease or Condition Being Studied: Angelman Syndrome (AS),PHASE3,5,3,0,16,24,2.0,0.0,8.0,7.0,5.0,5.0,0.0
UCK2,NCT03170830,UNKNOWN,"Cardiac Disease, Diagnoses Disease, Acute Myocardial Infarction",NA,0,1,0,16,17,0.0,0.0,1.0,0.0,0.0,0.0,0.0
UCP2,NCT03946358,COMPLETED,"Squamous Cell Carcinoma of the Head and Neck, Anal Canal Cancer, Cervical Cancer",PHASE2,4,3,10,16,33,0.0,0.0,0.0,0.0,1.0,0.0,0.0
ULK1,NCT02145559,COMPLETED,"Breast Neoplasms, Lung Neoplasms, Cancer of Liver, Lymphoma, Cancer of Kidney",PHASE1,3,3,10,16,32,0.0,0.0,0.0,1.0,0.0,0.0,0.0
UNC13D,NCT06736080,NOT_YET_RECRUITING,Familial Hemophagocytic Lymphohistiocytosis Type 3 (FHL 3),PHASE1,3,2,0,16,21,0.0,0.0,0.0,1.0,0.0,0.0,0.0
UNC5B,NCT03919006,COMPLETED,Periodontitis,NA,0,3,0,16,19,0.0,0.0,1.0,0.0,0.0,0.0,0.0
UNG,NCT00136864,COMPLETED,Non-Small-Cell Lung Carcinoma,PHASE3,5,3,10,16,34,1.0,0.0,3.0,1.0,0.0,1.0,0.0
UNK,NCT02691065,COMPLETED,HIV,PHASE4,6,3,0,16,25,2.0,0.0,211.0,22.0,48.0,29.0,47.0
UPF3B,NCT02565524,COMPLETED,"Schizophrenia, Dissociative Disorders",NA,0,3,0,16,19,0.0,0.0,1.0,0.0,0.0,0.0,0.0
UPP1,NCT04046250,COMPLETED,Mucositis,PHASE2,4,3,0,16,23,0.0,0.0,0.0,0.0,3.0,0.0,0.0
UROS,NCT06140602,RECRUITING,Change in Plasma Urolithins and Vitamin E,NA,0,2,0,16,18,0.0,0.0,1.0,0.0,0.0,0.0,0.0
USE1,NCT02044302,TERMINATED,Post-operative Pain,PHASE2,4,0,0,16,20,0.0,0.0,0.0,0.0,1.0,0.0,0.0
USP1,NCT06065059,TERMINATED,"Breast Cancer, Ovarian Cancer, Pancreas Cancer, Prostate Cancer, BRCA1 Mutation, BRCA-Mutated Ovarian Carcinoma, BRCA-Associated Breast Carcinoma, HRD Positive Advanced Ovarian Cancer",PHASE1,3,0,10,16,29,0.0,0.0,0.0,1.0,0.0,0.0,0.0
USP5,NCT03230058,UNKNOWN,"Infection, Fungal",PHASE2,4,1,0,16,21,0.0,0.0,0.0,0.0,1.0,0.0,0.0
USP8,NCT02484755,UNKNOWN,"Cushing's Disease, Corticotrophin Adenoma",PHASE2,4,1,0,16,21,0.0,0.0,0.0,0.0,1.0,0.0,0.0
UST,NCT06788340,NOT_YET_RECRUITING,"Inflammatory Bowel Diseases, Crohn Disease, Ulcerative Colitis",PHASE4,6,2,0,16,24,0.0,0.0,4.0,0.0,1.0,3.0,4.0
VAPB,NCT02493764,COMPLETED,Bacterial Pneumonia,PHASE3,5,3,0,16,24,0.0,0.0,0.0,0.0,0.0,2.0,0.0
VASP,NCT01823510,COMPLETED,"Type-2 Diabetes Mellitus, Coronary Artery Disease",PHASE4,6,3,0,16,25,0.0,0.0,5.0,6.0,6.0,5.0,12.0
VCAN,NCT02150330,COMPLETED,"Dehydroepiandrosterone, DHEAS, Gene Expression of Cumulus Cells., Ovarian Hyper-stimulation Protocol., Artificial Reproduction Technology.",PHASE3,5,3,0,16,24,0.0,0.0,0.0,0.0,0.0,1.0,0.0
VCL,NCT02837575,COMPLETED,Herpes Genitalis,PHASE2,4,3,0,16,23,0.0,0.0,0.0,3.0,1.0,0.0,0.0
VCP,NCT01190787,COMPLETED,Multiple Myeloma,PHASE2,4,3,0,16,23,0.0,0.0,5.0,1.0,1.0,0.0,0.0
VDR,NCT00977080,COMPLETED,"Chronic Kidney Disease, Secondary Hyperparathyroidism, Hemodialysis",PHASE4,6,3,0,16,25,2.0,0.0,26.0,5.0,13.0,5.0,5.0
VEGFA,NCT01065376,COMPLETED,In Vitro Fertilization,PHASE4,6,3,0,16,25,8.0,0.0,90.0,84.0,164.0,36.0,38.0
VGF,NCT00280878,COMPLETED,Non-Hodgkin's Lymphoma (CD20+),PHASE2,4,3,10,16,33,0.0,0.0,2.0,1.0,1.0,0.0,0.0
VHL,NCT03108066,COMPLETED,"VHL Gene Mutation, VHL, VHL Syndrome, VHL Gene Inactivation, Von Hippel, Von Hippel-Lindau Disease, Von Hippel's Disease, Von Hippel-Lindau Syndrome, Modifiers of, Clear Cell Renal Cell Carcinoma, Clear Cell RCC, ccRCC",PHASE2,4,3,10,16,33,1.0,0.0,5.0,10.0,23.0,0.0,0.0
VILL,NCT03609008,COMPLETED,"Dilatation of Cranial Arteries; MMA, STA and MCA, Headache",NA,0,3,0,16,19,0.0,0.0,2.0,0.0,0.0,0.0,0.0
VIM,NCT02495883,COMPLETED,"Essential Tremor, Tremor",PHASE4,6,3,0,16,25,0.0,0.0,35.0,6.0,6.0,1.0,1.0
VKORC1,NCT01119274,COMPLETED,"Venous Thromboembolism (VTE), Atrial Fibrillation (AF)",PHASE4,6,3,0,16,25,0.0,0.0,8.0,0.0,0.0,3.0,4.0
VMAC,NCT00270374,COMPLETED,"Symptomatic Decompensated Congestive Heart Failure, Congestive Heart Failure in Acute Coronary Syndrome",PHASE3,5,3,0,16,24,0.0,0.0,0.0,0.0,1.0,1.0,0.0
WAC,NCT01954862,COMPLETED,"Pain, Colorectal Adenomas, Colorectal Cancer",NA,0,3,10,16,29,0.0,0.0,4.0,0.0,0.0,0.0,0.0
WDR83OS,NCT00251966,COMPLETED,Gastroesophageal Reflux,PHASE3,5,3,0,16,24,0.0,0.0,2.0,0.0,0.0,1.0,0.0
WEE1,NCT04590248,COMPLETED,Uterine Serous Carcinoma,PHASE2,4,3,10,16,33,1.0,0.0,1.0,13.0,11.0,0.0,0.0
WFS1,NCT04940572,RECRUITING,Wolfram Syndrome,PHASE2,4,2,0,16,22,0.0,0.0,1.0,0.0,2.0,0.0,0.0
WLS,NCT04021589,COMPLETED,"Microbial Colonization, Colorectal Cancer",PHASE2,4,3,10,16,33,0.0,0.0,3.0,0.0,3.0,0.0,0.0
WNT3,NCT04378543,UNKNOWN,Degenerative Spondylolisthesis,PHASE1,3,1,0,16,20,0.0,0.0,1.0,1.0,0.0,0.0,0.0
WNT4,NCT05000957,ACTIVE_NOT_RECRUITING,"Pelvic Organ Prolapse, Female Urogenital Diseases",NA,0,2,0,16,18,0.0,0.0,1.0,0.0,0.0,0.0,0.0
WRN,NCT04508803,COMPLETED,Treatment Efficacy,PHASE2,4,3,0,16,23,0.0,0.0,0.0,3.0,1.0,0.0,0.0
XBP1,NCT02506959,COMPLETED,"Plasma Cell Leukemia, Plasmacytoma, Recurrent Plasma Cell Myeloma, Refractory Plasma Cell Myeloma",PHASE2,4,3,10,16,33,0.0,0.0,0.0,0.0,1.0,0.0,0.0
XIAP,NCT03113760,COMPLETED,"NLRC4-MAS, XIAP Deficiency",PHASE3,5,3,0,16,24,0.0,0.0,0.0,11.0,1.0,4.0,0.0
XPA,NCT02533765,COMPLETED,"Neoplasms, Germ Cell and Embryonal",PHASE2,4,3,10,16,33,0.0,0.0,1.0,0.0,1.0,0.0,0.0
XPC,NCT05476328,COMPLETED,Hearing Loss,NA,0,3,0,16,19,0.0,0.0,1.0,0.0,0.0,0.0,0.0
XPO1,NCT05833893,RECRUITING,"nk/T-cell Lymphoma, Newly Diagnosed, Advanced Lymphoma",PHASE2,4,2,10,16,32,0.0,0.0,1.0,9.0,5.0,0.0,0.0
XPO7,NCT04645160,RECRUITING,"Cholangiocarcinoma, Bile Duct Neoplasm, Biliary Tract Malignancy",PHASE1,3,2,10,16,31,0.0,0.0,0.0,1.0,0.0,0.0,0.0
XRCC1,NCT01876927,COMPLETED,"Gastric Cancer, Locally Advanced Malignant Neoplasm",PHASE2,4,3,10,16,33,0.0,0.0,0.0,2.0,2.0,0.0,0.0
XRCC2,NCT05033756,ACTIVE_NOT_RECRUITING,"Malignant Neoplasm of Breast, Breast Cancer",PHASE2,4,2,10,16,32,0.0,0.0,0.0,0.0,1.0,0.0,0.0
XRCC3,NCT03328936,WITHDRAWN,"Hematopoietic Cell Transplantation Recipient, Recurrent Plasma Cell Myeloma, Refractory Plasma Cell Myeloma",PHASE2,4,0,0,16,20,0.0,0.0,0.0,0.0,1.0,0.0,0.0
XRCC6,NCT02640287,COMPLETED,Waldenström Macroglobulinemia,NA,0,3,0,16,19,0.0,0.0,1.0,0.0,0.0,0.0,0.0
YES1,NCT01295957,COMPLETED,Alzheimer's Disease,PHASE4,6,3,0,16,25,0.0,0.0,5.0,0.0,0.0,0.0,2.0
ZAP70,NCT01475188,COMPLETED,"Immunotherapy, Seasonal Allergic Rhinitis",PHASE4,6,3,0,16,25,0.0,0.0,0.0,3.0,4.0,1.0,1.0
ZBTB22,NCT03067428,COMPLETED,"Nonalcoholic Fatty Liver Disease, Glucose Metabolism Disorders, Endothelial Dysfunction",NA,0,3,0,16,19,0.0,0.0,1.0,0.0,0.0,0.0,0.0
ZBTB7A,NCT03757676,COMPLETED,Physical Activity,NA,0,3,0,16,19,0.0,0.0,2.0,0.0,0.0,0.0,0.0
ZC3H12A,NCT06598371,RECRUITING,Select Advanced Solid Tumors,PHASE1,3,2,10,16,31,0.0,0.0,0.0,1.0,0.0,0.0,0.0
ZEB1,NCT01861054,TERMINATED,Breast Cancer,PHASE2,4,0,10,16,30,0.0,0.0,0.0,0.0,1.0,0.0,0.0
ZFP36,NCT05990309,NOT_YET_RECRUITING,Non-segmental Vitiligo,NA,0,2,0,16,18,0.0,0.0,1.0,0.0,0.0,0.0,0.0
ZMPSTE24,NCT00425607,COMPLETED,"Progeria, Hutchinson-Gilford Syndrome",PHASE2,4,3,0,16,23,0.0,0.0,0.0,3.0,2.0,0.0,0.0
ZNF177,NCT04651738,UNKNOWN,"Endometrial Cancer, Liquid Biopsy, DNA Methylation, Cervical Cytology, Diagnostic Accuracy, Training Set, Validation Set",NA,0,1,10,16,27,0.0,0.0,1.0,0.0,0.0,0.0,0.0
ZNF217,NCT04212858,UNKNOWN,Multiple Myeloma,NA,0,1,0,16,17,0.0,0.0,1.0,0.0,0.0,0.0,0.0
ZNF451,NCT06702553,NOT_YET_RECRUITING,"Nitric Oxide, Cardiac Surgery, Cardiopulmonary Bypass, Adult Patients Undergoing Cardiovascular Surgery with Cardiopulmonary Bypass",PHASE3,5,2,0,16,23,0.0,0.0,3.0,0.0,0.0,1.0,0.0
ZNF582,NCT06792604,RECRUITING,Anal Cancer,NA,0,2,10,16,28,0.0,0.0,2.0,0.0,0.0,0.0,0.0
ZNF671,NCT06366516,NOT_YET_RECRUITING,Precancerous Cervical Lesion,NA,0,2,10,16,28,0.0,0.0,1.0,0.0,0.0,0.0,0.0
ZNHIT3,NCT02270528,COMPLETED,"High Intensity Interval Exercise (HIIE), Pain Perception, Wisconsin Card Sorting Task",NA,0,3,0,16,19,0.0,0.0,1.0,0.0,0.0,0.0,0.0
EEF2K,,N/A,N/A,N/A,0,0,0,0,0,0.0,0.0,0.0,0.0,0.0,0.0,0.0
ZNF672,,N/A,N/A,N/A,0,0,0,0,0,0.0,0.0,0.0,0.0,0.0,0.0,0.0
HAUS5,,N/A,N/A,N/A,0,0,0,0,0,0.0,0.0,0.0,0.0,0.0,0.0,0.0
MTFR1,,N/A,N/A,N/A,0,0,0,0,0,0.0,0.0,0.0,0.0,0.0,0.0,0.0
ARL3,,N/A,N/A,N/A,0,0,0,0,0,0.0,0.0,0.0,0.0,0.0,0.0,0.0
DCTN4,,N/A,N/A,N/A,0,0,0,0,0,0.0,0.0,0.0,0.0,0.0,0.0,0.0
RAP2A,,N/A,N/A,N/A,0,0,0,0,0,0.0,0.0,0.0,0.0,0.0,0.0,0.0
ERMARD,,N/A,N/A,N/A,0,0,0,0,0,0.0,0.0,0.0,0.0,0.0,0.0,0.0
MRPS15,,N/A,N/A,N/A,0,0,0,0,0,0.0,0.0,0.0,0.0,0.0,0.0,0.0
CITED4,,N/A,N/A,N/A,0,0,0,0,0,0.0,0.0,0.0,0.0,0.0,0.0,0.0
GPATCH1,,N/A,N/A,N/A,0,0,0,0,0,0.0,0.0,0.0,0.0,0.0,0.0,0.0
EIF2B5,,N/A,N/A,N/A,0,0,0,0,0,0.0,0.0,0.0,0.0,0.0,0.0,0.0
ZNF883,,N/A,N/A,N/A,0,0,0,0,0,0.0,0.0,0.0,0.0,0.0,0.0,0.0
GATAD2B,,N/A,N/A,N/A,0,0,0,0,0,0.0,0.0,0.0,0.0,0.0,0.0,0.0
HMG20B,,N/A,N/A,N/A,0,0,0,0,0,0.0,0.0,0.0,0.0,0.0,0.0,0.0
CHST11,,N/A,N/A,N/A,0,0,0,0,0,0.0,0.0,0.0,0.0,0.0,0.0,0.0
LRRC36,,N/A,N/A,N/A,0,0,0,0,0,0.0,0.0,0.0,0.0,0.0,0.0,0.0
TCF12,,N/A,N/A,N/A,0,0,0,0,0,0.0,0.0,0.0,0.0,0.0,0.0,0.0
ASXL2,,N/A,N/A,N/A,0,0,0,0,0,0.0,0.0,0.0,0.0,0.0,0.0,0.0
ZNF528,,N/A,N/A,N/A,0,0,0,0,0,0.0,0.0,0.0,0.0,0.0,0.0,0.0
PPP2R3C,,N/A,N/A,N/A,0,0,0,0,0,0.0,0.0,0.0,0.0,0.0,0.0,0.0
PSMG4,,N/A,N/A,N/A,0,0,0,0,0,0.0,0.0,0.0,0.0,0.0,0.0,0.0
ZBTB7B,,N/A,N/A,N/A,0,0,0,0,0,0.0,0.0,0.0,0.0,0.0,0.0,0.0
CSNK1A1,,N/A,N/A,N/A,0,0,0,0,0,0.0,0.0,0.0,0.0,0.0,0.0,0.0
HNRNPH1,,N/A,N/A,N/A,0,0,0,0,0,0.0,0.0,0.0,0.0,0.0,0.0,0.0
PSMD1,,N/A,N/A,N/A,0,0,0,0,0,0.0,0.0,0.0,0.0,0.0,0.0,0.0
EML1,,N/A,N/A,N/A,0,0,0,0,0,0.0,0.0,0.0,0.0,0.0,0.0,0.0
NAF1,,N/A,N/A,N/A,0,0,0,0,0,0.0,0.0,0.0,0.0,0.0,0.0,0.0
TMEM70,,N/A,N/A,N/A,0,0,0,0,0,0.0,0.0,0.0,0.0,0.0,0.0,0.0
RAPGEF6,,N/A,N/A,N/A,0,0,0,0,0,0.0,0.0,0.0,0.0,0.0,0.0,0.0
PAPLN,,N/A,N/A,N/A,0,0,0,0,0,0.0,0.0,0.0,0.0,0.0,0.0,0.0
SPTSSA,,N/A,N/A,N/A,0,0,0,0,0,0.0,0.0,0.0,0.0,0.0,0.0,0.0
BST1,,N/A,N/A,N/A,0,0,0,0,0,0.0,0.0,0.0,0.0,0.0,0.0,0.0
FAM106A,,N/A,N/A,N/A,0,0,0,0,0,0.0,0.0,0.0,0.0,0.0,0.0,0.0
NGRN,,N/A,N/A,N/A,0,0,0,0,0,0.0,0.0,0.0,0.0,0.0,0.0,0.0
PLSCR4,,N/A,N/A,N/A,0,0,0,0,0,0.0,0.0,0.0,0.0,0.0,0.0,0.0
ZNF174,,N/A,N/A,N/A,0,0,0,0,0,0.0,0.0,0.0,0.0,0.0,0.0,0.0
ZBED6,,N/A,N/A,N/A,0,0,0,0,0,0.0,0.0,0.0,0.0,0.0,0.0,0.0
HSPE1,,N/A,N/A,N/A,0,0,0,0,0,0.0,0.0,0.0,0.0,0.0,0.0,0.0
ZNF81,,N/A,N/A,N/A,0,0,0,0,0,0.0,0.0,0.0,0.0,0.0,0.0,0.0
CRYGS,,N/A,N/A,N/A,0,0,0,0,0,0.0,0.0,0.0,0.0,0.0,0.0,0.0
IVNS1ABP,,N/A,N/A,N/A,0,0,0,0,0,0.0,0.0,0.0,0.0,0.0,0.0,0.0
TAF4,,N/A,N/A,N/A,0,0,0,0,0,0.0,0.0,0.0,0.0,0.0,0.0,0.0
TMEM44,,N/A,N/A,N/A,0,0,0,0,0,0.0,0.0,0.0,0.0,0.0,0.0,0.0
LYRM7,,N/A,N/A,N/A,0,0,0,0,0,0.0,0.0,0.0,0.0,0.0,0.0,0.0
SGPP1,,N/A,N/A,N/A,0,0,0,0,0,0.0,0.0,0.0,0.0,0.0,0.0,0.0
TAF5L,,N/A,N/A,N/A,0,0,0,0,0,0.0,0.0,0.0,0.0,0.0,0.0,0.0
UBE2E2,,N/A,N/A,N/A,0,0,0,0,0,0.0,0.0,0.0,0.0,0.0,0.0,0.0
TIMM13,,N/A,N/A,N/A,0,0,0,0,0,0.0,0.0,0.0,0.0,0.0,0.0,0.0
EDA2R,,N/A,N/A,N/A,0,0,0,0,0,0.0,0.0,0.0,0.0,0.0,0.0,0.0
TIRAP,,N/A,N/A,N/A,0,0,0,0,0,0.0,0.0,0.0,0.0,0.0,0.0,0.0
RABGGTA,,N/A,N/A,N/A,0,0,0,0,0,0.0,0.0,0.0,0.0,0.0,0.0,0.0
A1BG-AS1,,N/A,N/A,N/A,0,0,0,0,0,0.0,0.0,0.0,0.0,0.0,0.0,0.0
WHAMM,,N/A,N/A,N/A,0,0,0,0,0,0.0,0.0,0.0,0.0,0.0,0.0,0.0
CNKSR2,,N/A,N/A,N/A,0,0,0,0,0,0.0,0.0,0.0,0.0,0.0,0.0,0.0
BRCC3,,N/A,N/A,N/A,0,0,0,0,0,0.0,0.0,0.0,0.0,0.0,0.0,0.0
AK4,,N/A,N/A,N/A,0,0,0,0,0,0.0,0.0,0.0,0.0,0.0,0.0,0.0
TXNDC15,,N/A,N/A,N/A,0,0,0,0,0,0.0,0.0,0.0,0.0,0.0,0.0,0.0
COX18,,N/A,N/A,N/A,0,0,0,0,0,0.0,0.0,0.0,0.0,0.0,0.0,0.0
POGZ,,N/A,N/A,N/A,0,0,0,0,0,0.0,0.0,0.0,0.0,0.0,0.0,0.0
ZC3HAV1,,N/A,N/A,N/A,0,0,0,0,0,0.0,0.0,0.0,0.0,0.0,0.0,0.0
CARM1,,N/A,N/A,N/A,0,0,0,0,0,0.0,0.0,0.0,0.0,0.0,0.0,0.0
AMFR,,N/A,N/A,N/A,0,0,0,0,0,0.0,0.0,0.0,0.0,0.0,0.0,0.0
GLIS3,,N/A,N/A,N/A,0,0,0,0,0,0.0,0.0,0.0,0.0,0.0,0.0,0.0
CHCHD5,,N/A,N/A,N/A,0,0,0,0,0,0.0,0.0,0.0,0.0,0.0,0.0,0.0
ZNF555,,N/A,N/A,N/A,0,0,0,0,0,0.0,0.0,0.0,0.0,0.0,0.0,0.0
SESN3,,N/A,N/A,N/A,0,0,0,0,0,0.0,0.0,0.0,0.0,0.0,0.0,0.0
ZNF587,,N/A,N/A,N/A,0,0,0,0,0,0.0,0.0,0.0,0.0,0.0,0.0,0.0
UTP14A,,N/A,N/A,N/A,0,0,0,0,0,0.0,0.0,0.0,0.0,0.0,0.0,0.0
ARHGEF19,,N/A,N/A,N/A,0,0,0,0,0,0.0,0.0,0.0,0.0,0.0,0.0,0.0
CMTM6,,N/A,N/A,N/A,0,0,0,0,0,0.0,0.0,0.0,0.0,0.0,0.0,0.0
RNF181,,N/A,N/A,N/A,0,0,0,0,0,0.0,0.0,0.0,0.0,0.0,0.0,0.0
SH3GLB2,,N/A,N/A,N/A,0,0,0,0,0,0.0,0.0,0.0,0.0,0.0,0.0,0.0
DLGAP5,,N/A,N/A,N/A,0,0,0,0,0,0.0,0.0,0.0,0.0,0.0,0.0,0.0
USP18,,N/A,N/A,N/A,0,0,0,0,0,0.0,0.0,0.0,0.0,0.0,0.0,0.0
STK11IP,,N/A,N/A,N/A,0,0,0,0,0,0.0,0.0,0.0,0.0,0.0,0.0,0.0
PIGX,,N/A,N/A,N/A,0,0,0,0,0,0.0,0.0,0.0,0.0,0.0,0.0,0.0
NIPAL4,,N/A,N/A,N/A,0,0,0,0,0,0.0,0.0,0.0,0.0,0.0,0.0,0.0
SOBP,,N/A,N/A,N/A,0,0,0,0,0,0.0,0.0,0.0,0.0,0.0,0.0,0.0
RNF19B,,N/A,N/A,N/A,0,0,0,0,0,0.0,0.0,0.0,0.0,0.0,0.0,0.0
MICAL1,,N/A,N/A,N/A,0,0,0,0,0,0.0,0.0,0.0,0.0,0.0,0.0,0.0
RPS14,,N/A,N/A,N/A,0,0,0,0,0,0.0,0.0,0.0,0.0,0.0,0.0,0.0
LMBRD1,,N/A,N/A,N/A,0,0,0,0,0,0.0,0.0,0.0,0.0,0.0,0.0,0.0
NISCH,,N/A,N/A,N/A,0,0,0,0,0,0.0,0.0,0.0,0.0,0.0,0.0,0.0
HHEX,,N/A,N/A,N/A,0,0,0,0,0,0.0,0.0,0.0,0.0,0.0,0.0,0.0
ABCC5,,N/A,N/A,N/A,0,0,0,0,0,0.0,0.0,0.0,0.0,0.0,0.0,0.0
COX11,,N/A,N/A,N/A,0,0,0,0,0,0.0,0.0,0.0,0.0,0.0,0.0,0.0
TAGLN2,,N/A,N/A,N/A,0,0,0,0,0,0.0,0.0,0.0,0.0,0.0,0.0,0.0
COPS2,,N/A,N/A,N/A,0,0,0,0,0,0.0,0.0,0.0,0.0,0.0,0.0,0.0
C9orf40,,N/A,N/A,N/A,0,0,0,0,0,0.0,0.0,0.0,0.0,0.0,0.0,0.0
GYPC,,N/A,N/A,N/A,0,0,0,0,0,0.0,0.0,0.0,0.0,0.0,0.0,0.0
TDP1,,N/A,N/A,N/A,0,0,0,0,0,0.0,0.0,0.0,0.0,0.0,0.0,0.0
UCKL1,,N/A,N/A,N/A,0,0,0,0,0,0.0,0.0,0.0,0.0,0.0,0.0,0.0
CCDC65,,N/A,N/A,N/A,0,0,0,0,0,0.0,0.0,0.0,0.0,0.0,0.0,0.0
PRKAG2-AS1,,N/A,N/A,N/A,0,0,0,0,0,0.0,0.0,0.0,0.0,0.0,0.0,0.0
NDUFAF2,,N/A,N/A,N/A,0,0,0,0,0,0.0,0.0,0.0,0.0,0.0,0.0,0.0
AIMP1,,N/A,N/A,N/A,0,0,0,0,0,0.0,0.0,0.0,0.0,0.0,0.0,0.0
MBD5,,N/A,N/A,N/A,0,0,0,0,0,0.0,0.0,0.0,0.0,0.0,0.0,0.0
CFLAR,,N/A,N/A,N/A,0,0,0,0,0,0.0,0.0,0.0,0.0,0.0,0.0,0.0
ENDOD1,,N/A,N/A,N/A,0,0,0,0,0,0.0,0.0,0.0,0.0,0.0,0.0,0.0
PKMYT1,,N/A,N/A,N/A,0,0,0,0,0,0.0,0.0,0.0,0.0,0.0,0.0,0.0
ZNF701,,N/A,N/A,N/A,0,0,0,0,0,0.0,0.0,0.0,0.0,0.0,0.0,0.0
ZNF687,,N/A,N/A,N/A,0,0,0,0,0,0.0,0.0,0.0,0.0,0.0,0.0,0.0
SDC3,,N/A,N/A,N/A,0,0,0,0,0,0.0,0.0,0.0,0.0,0.0,0.0,0.0
CABIN1,,N/A,N/A,N/A,0,0,0,0,0,0.0,0.0,0.0,0.0,0.0,0.0,0.0
ELP4,,N/A,N/A,N/A,0,0,0,0,0,0.0,0.0,0.0,0.0,0.0,0.0,0.0
HSPA13,,N/A,N/A,N/A,0,0,0,0,0,0.0,0.0,0.0,0.0,0.0,0.0,0.0
PLD6,,N/A,N/A,N/A,0,0,0,0,0,0.0,0.0,0.0,0.0,0.0,0.0,0.0
UBE2J2,,N/A,N/A,N/A,0,0,0,0,0,0.0,0.0,0.0,0.0,0.0,0.0,0.0
NAP1L1,,N/A,N/A,N/A,0,0,0,0,0,0.0,0.0,0.0,0.0,0.0,0.0,0.0
POLR3G,,N/A,N/A,N/A,0,0,0,0,0,0.0,0.0,0.0,0.0,0.0,0.0,0.0
IDI1,,N/A,N/A,N/A,0,0,0,0,0,0.0,0.0,0.0,0.0,0.0,0.0,0.0
TLN1,,N/A,N/A,N/A,0,0,0,0,0,0.0,0.0,0.0,0.0,0.0,0.0,0.0
TGFBRAP1,,N/A,N/A,N/A,0,0,0,0,0,0.0,0.0,0.0,0.0,0.0,0.0,0.0
NDUFA6,,N/A,N/A,N/A,0,0,0,0,0,0.0,0.0,0.0,0.0,0.0,0.0,0.0
HLA-DRB5,,N/A,N/A,N/A,0,0,0,0,0,0.0,0.0,0.0,0.0,0.0,0.0,0.0
SUCLG2,,N/A,N/A,N/A,0,0,0,0,0,0.0,0.0,0.0,0.0,0.0,0.0,0.0
ATP6AP1,,N/A,N/A,N/A,0,0,0,0,0,0.0,0.0,0.0,0.0,0.0,0.0,0.0
AAK1,,N/A,N/A,N/A,0,0,0,0,0,0.0,0.0,0.0,0.0,0.0,0.0,0.0
RPS19BP1,,N/A,N/A,N/A,0,0,0,0,0,0.0,0.0,0.0,0.0,0.0,0.0,0.0
DECR2,,N/A,N/A,N/A,0,0,0,0,0,0.0,0.0,0.0,0.0,0.0,0.0,0.0
TMEM203,,N/A,N/A,N/A,0,0,0,0,0,0.0,0.0,0.0,0.0,0.0,0.0,0.0
SLC27A5,,N/A,N/A,N/A,0,0,0,0,0,0.0,0.0,0.0,0.0,0.0,0.0,0.0
THNSL1,,N/A,N/A,N/A,0,0,0,0,0,0.0,0.0,0.0,0.0,0.0,0.0,0.0
EMC7,,N/A,N/A,N/A,0,0,0,0,0,0.0,0.0,0.0,0.0,0.0,0.0,0.0
BTBD9,,N/A,N/A,N/A,0,0,0,0,0,0.0,0.0,0.0,0.0,0.0,0.0,0.0
LIG1,,N/A,N/A,N/A,0,0,0,0,0,0.0,0.0,0.0,0.0,0.0,0.0,0.0
OSER1,,N/A,N/A,N/A,0,0,0,0,0,0.0,0.0,0.0,0.0,0.0,0.0,0.0
PDAP1,,N/A,N/A,N/A,0,0,0,0,0,0.0,0.0,0.0,0.0,0.0,0.0,0.0
ARMC10,,N/A,N/A,N/A,0,0,0,0,0,0.0,0.0,0.0,0.0,0.0,0.0,0.0
RNF8,,N/A,N/A,N/A,0,0,0,0,0,0.0,0.0,0.0,0.0,0.0,0.0,0.0
STAG2,,N/A,N/A,N/A,0,0,0,0,0,0.0,0.0,0.0,0.0,0.0,0.0,0.0
EXOSC9,,N/A,N/A,N/A,0,0,0,0,0,0.0,0.0,0.0,0.0,0.0,0.0,0.0
SLC37A4,,N/A,N/A,N/A,0,0,0,0,0,0.0,0.0,0.0,0.0,0.0,0.0,0.0
PIH1D1,,N/A,N/A,N/A,0,0,0,0,0,0.0,0.0,0.0,0.0,0.0,0.0,0.0
MYLIP,,N/A,N/A,N/A,0,0,0,0,0,0.0,0.0,0.0,0.0,0.0,0.0,0.0
AFF1,,N/A,N/A,N/A,0,0,0,0,0,0.0,0.0,0.0,0.0,0.0,0.0,0.0
LLPH,,N/A,N/A,N/A,0,0,0,0,0,0.0,0.0,0.0,0.0,0.0,0.0,0.0
SOX15,,N/A,N/A,N/A,0,0,0,0,0,0.0,0.0,0.0,0.0,0.0,0.0,0.0
CEP95,,N/A,N/A,N/A,0,0,0,0,0,0.0,0.0,0.0,0.0,0.0,0.0,0.0
IL17RC,,N/A,N/A,N/A,0,0,0,0,0,0.0,0.0,0.0,0.0,0.0,0.0,0.0
EGR1,,N/A,N/A,N/A,0,0,0,0,0,0.0,0.0,0.0,0.0,0.0,0.0,0.0
PPIL6,,N/A,N/A,N/A,0,0,0,0,0,0.0,0.0,0.0,0.0,0.0,0.0,0.0
EFHC1,,N/A,N/A,N/A,0,0,0,0,0,0.0,0.0,0.0,0.0,0.0,0.0,0.0
DICER1,,N/A,N/A,N/A,0,0,0,0,0,0.0,0.0,0.0,0.0,0.0,0.0,0.0
TOE1,,N/A,N/A,N/A,0,0,0,0,0,0.0,0.0,0.0,0.0,0.0,0.0,0.0
TMEM208,,N/A,N/A,N/A,0,0,0,0,0,0.0,0.0,0.0,0.0,0.0,0.0,0.0
CMPK2,,N/A,N/A,N/A,0,0,0,0,0,0.0,0.0,0.0,0.0,0.0,0.0,0.0
PLEKHG3,,N/A,N/A,N/A,0,0,0,0,0,0.0,0.0,0.0,0.0,0.0,0.0,0.0
ZMYND8,,N/A,N/A,N/A,0,0,0,0,0,0.0,0.0,0.0,0.0,0.0,0.0,0.0
MVB12A,,N/A,N/A,N/A,0,0,0,0,0,0.0,0.0,0.0,0.0,0.0,0.0,0.0
GPR89B,,N/A,N/A,N/A,0,0,0,0,0,0.0,0.0,0.0,0.0,0.0,0.0,0.0
CHTF8,,N/A,N/A,N/A,0,0,0,0,0,0.0,0.0,0.0,0.0,0.0,0.0,0.0
HARBI1,,N/A,N/A,N/A,0,0,0,0,0,0.0,0.0,0.0,0.0,0.0,0.0,0.0
ETAA1,,N/A,N/A,N/A,0,0,0,0,0,0.0,0.0,0.0,0.0,0.0,0.0,0.0
TM2D3,,N/A,N/A,N/A,0,0,0,0,0,0.0,0.0,0.0,0.0,0.0,0.0,0.0
TPM4,,N/A,N/A,N/A,0,0,0,0,0,0.0,0.0,0.0,0.0,0.0,0.0,0.0
TRIM73,,N/A,N/A,N/A,0,0,0,0,0,0.0,0.0,0.0,0.0,0.0,0.0,0.0
RPL23,,N/A,N/A,N/A,0,0,0,0,0,0.0,0.0,0.0,0.0,0.0,0.0,0.0
CDCA2,,N/A,N/A,N/A,0,0,0,0,0,0.0,0.0,0.0,0.0,0.0,0.0,0.0
YDJC,,N/A,N/A,N/A,0,0,0,0,0,0.0,0.0,0.0,0.0,0.0,0.0,0.0
RPAP3,,N/A,N/A,N/A,0,0,0,0,0,0.0,0.0,0.0,0.0,0.0,0.0,0.0
ARMCX6,,N/A,N/A,N/A,0,0,0,0,0,0.0,0.0,0.0,0.0,0.0,0.0,0.0
POFUT1,,N/A,N/A,N/A,0,0,0,0,0,0.0,0.0,0.0,0.0,0.0,0.0,0.0
SPPL2A,,N/A,N/A,N/A,0,0,0,0,0,0.0,0.0,0.0,0.0,0.0,0.0,0.0
CALD1,,N/A,N/A,N/A,0,0,0,0,0,0.0,0.0,0.0,0.0,0.0,0.0,0.0
GNPDA2,,N/A,N/A,N/A,0,0,0,0,0,0.0,0.0,0.0,0.0,0.0,0.0,0.0
BEX2,,N/A,N/A,N/A,0,0,0,0,0,0.0,0.0,0.0,0.0,0.0,0.0,0.0
RPS4X,,N/A,N/A,N/A,0,0,0,0,0,0.0,0.0,0.0,0.0,0.0,0.0,0.0
FAM120AOS,,N/A,N/A,N/A,0,0,0,0,0,0.0,0.0,0.0,0.0,0.0,0.0,0.0
PRKAR1A,,N/A,N/A,N/A,0,0,0,0,0,0.0,0.0,0.0,0.0,0.0,0.0,0.0
RGS10,,N/A,N/A,N/A,0,0,0,0,0,0.0,0.0,0.0,0.0,0.0,0.0,0.0
SLC50A1,,N/A,N/A,N/A,0,0,0,0,0,0.0,0.0,0.0,0.0,0.0,0.0,0.0
VMA21,,N/A,N/A,N/A,0,0,0,0,0,0.0,0.0,0.0,0.0,0.0,0.0,0.0
YAF2,,N/A,N/A,N/A,0,0,0,0,0,0.0,0.0,0.0,0.0,0.0,0.0,0.0
KANSL1,,N/A,N/A,N/A,0,0,0,0,0,0.0,0.0,0.0,0.0,0.0,0.0,0.0
UBQLN2,,N/A,N/A,N/A,0,0,0,0,0,0.0,0.0,0.0,0.0,0.0,0.0,0.0
ZNF891,,N/A,N/A,N/A,0,0,0,0,0,0.0,0.0,0.0,0.0,0.0,0.0,0.0
DDTL,,N/A,N/A,N/A,0,0,0,0,0,0.0,0.0,0.0,0.0,0.0,0.0,0.0
OGN,,N/A,N/A,N/A,0,0,0,0,0,0.0,0.0,0.0,0.0,0.0,0.0,0.0
MAPK9,,N/A,N/A,N/A,0,0,0,0,0,0.0,0.0,0.0,0.0,0.0,0.0,0.0
ZNF584,,N/A,N/A,N/A,0,0,0,0,0,0.0,0.0,0.0,0.0,0.0,0.0,0.0
DMWD,,N/A,N/A,N/A,0,0,0,0,0,0.0,0.0,0.0,0.0,0.0,0.0,0.0
DNAJC19,,N/A,N/A,N/A,0,0,0,0,0,0.0,0.0,0.0,0.0,0.0,0.0,0.0
IRF2BP2,,N/A,N/A,N/A,0,0,0,0,0,0.0,0.0,0.0,0.0,0.0,0.0,0.0
SAP18,,N/A,N/A,N/A,0,0,0,0,0,0.0,0.0,0.0,0.0,0.0,0.0,0.0
MRPL39,,N/A,N/A,N/A,0,0,0,0,0,0.0,0.0,0.0,0.0,0.0,0.0,0.0
RAD9A,,N/A,N/A,N/A,0,0,0,0,0,0.0,0.0,0.0,0.0,0.0,0.0,0.0
ZMYM5,,N/A,N/A,N/A,0,0,0,0,0,0.0,0.0,0.0,0.0,0.0,0.0,0.0
CCNB1,,N/A,N/A,N/A,0,0,0,0,0,0.0,0.0,0.0,0.0,0.0,0.0,0.0
SPIDR,,N/A,N/A,N/A,0,0,0,0,0,0.0,0.0,0.0,0.0,0.0,0.0,0.0
NCOA7,,N/A,N/A,N/A,0,0,0,0,0,0.0,0.0,0.0,0.0,0.0,0.0,0.0
TRNAU1AP,,N/A,N/A,N/A,0,0,0,0,0,0.0,0.0,0.0,0.0,0.0,0.0,0.0
FLNB,,N/A,N/A,N/A,0,0,0,0,0,0.0,0.0,0.0,0.0,0.0,0.0,0.0
FNIP1,,N/A,N/A,N/A,0,0,0,0,0,0.0,0.0,0.0,0.0,0.0,0.0,0.0
DCAF10,,N/A,N/A,N/A,0,0,0,0,0,0.0,0.0,0.0,0.0,0.0,0.0,0.0
IKBKG,,N/A,N/A,N/A,0,0,0,0,0,0.0,0.0,0.0,0.0,0.0,0.0,0.0
TCP1,,N/A,N/A,N/A,0,0,0,0,0,0.0,0.0,0.0,0.0,0.0,0.0,0.0
HSF4,,N/A,N/A,N/A,0,0,0,0,0,0.0,0.0,0.0,0.0,0.0,0.0,0.0
CEP70,,N/A,N/A,N/A,0,0,0,0,0,0.0,0.0,0.0,0.0,0.0,0.0,0.0
CDK16,,N/A,N/A,N/A,0,0,0,0,0,0.0,0.0,0.0,0.0,0.0,0.0,0.0
SECISBP2,,N/A,N/A,N/A,0,0,0,0,0,0.0,0.0,0.0,0.0,0.0,0.0,0.0
CCDC171,,N/A,N/A,N/A,0,0,0,0,0,0.0,0.0,0.0,0.0,0.0,0.0,0.0
CDPF1,,N/A,N/A,N/A,0,0,0,0,0,0.0,0.0,0.0,0.0,0.0,0.0,0.0
CD320,,N/A,N/A,N/A,0,0,0,0,0,0.0,0.0,0.0,0.0,0.0,0.0,0.0
STK25,,N/A,N/A,N/A,0,0,0,0,0,0.0,0.0,0.0,0.0,0.0,0.0,0.0
PPP1R12A,,N/A,N/A,N/A,0,0,0,0,0,0.0,0.0,0.0,0.0,0.0,0.0,0.0
ZCWPW1,,N/A,N/A,N/A,0,0,0,0,0,0.0,0.0,0.0,0.0,0.0,0.0,0.0
HSCB,,N/A,N/A,N/A,0,0,0,0,0,0.0,0.0,0.0,0.0,0.0,0.0,0.0
HAUS2,,N/A,N/A,N/A,0,0,0,0,0,0.0,0.0,0.0,0.0,0.0,0.0,0.0
PDE9A,,N/A,N/A,N/A,0,0,0,0,0,0.0,0.0,0.0,0.0,0.0,0.0,0.0
NFX1,,N/A,N/A,N/A,0,0,0,0,0,0.0,0.0,0.0,0.0,0.0,0.0,0.0
RPS20,,N/A,N/A,N/A,0,0,0,0,0,0.0,0.0,0.0,0.0,0.0,0.0,0.0
HLA-DMA,,N/A,N/A,N/A,0,0,0,0,0,0.0,0.0,0.0,0.0,0.0,0.0,0.0
COL6A2,,N/A,N/A,N/A,0,0,0,0,0,0.0,0.0,0.0,0.0,0.0,0.0,0.0
CCDC43,,N/A,N/A,N/A,0,0,0,0,0,0.0,0.0,0.0,0.0,0.0,0.0,0.0
PFDN2,,N/A,N/A,N/A,0,0,0,0,0,0.0,0.0,0.0,0.0,0.0,0.0,0.0
ZNF226,,N/A,N/A,N/A,0,0,0,0,0,0.0,0.0,0.0,0.0,0.0,0.0,0.0
BBS7,,N/A,N/A,N/A,0,0,0,0,0,0.0,0.0,0.0,0.0,0.0,0.0,0.0
RPL27A,,N/A,N/A,N/A,0,0,0,0,0,0.0,0.0,0.0,0.0,0.0,0.0,0.0
PSMC3,,N/A,N/A,N/A,0,0,0,0,0,0.0,0.0,0.0,0.0,0.0,0.0,0.0
SOCS4,,N/A,N/A,N/A,0,0,0,0,0,0.0,0.0,0.0,0.0,0.0,0.0,0.0
KDM4D,,N/A,N/A,N/A,0,0,0,0,0,0.0,0.0,0.0,0.0,0.0,0.0,0.0
ZNF101,,N/A,N/A,N/A,0,0,0,0,0,0.0,0.0,0.0,0.0,0.0,0.0,0.0
WASF1,,N/A,N/A,N/A,0,0,0,0,0,0.0,0.0,0.0,0.0,0.0,0.0,0.0
RWDD1,,N/A,N/A,N/A,0,0,0,0,0,0.0,0.0,0.0,0.0,0.0,0.0,0.0
LUCAT1,,N/A,N/A,N/A,0,0,0,0,0,0.0,0.0,0.0,0.0,0.0,0.0,0.0
HGSNAT,,N/A,N/A,N/A,0,0,0,0,0,0.0,0.0,0.0,0.0,0.0,0.0,0.0
SPTAN1,,N/A,N/A,N/A,0,0,0,0,0,0.0,0.0,0.0,0.0,0.0,0.0,0.0
ZNF410,,N/A,N/A,N/A,0,0,0,0,0,0.0,0.0,0.0,0.0,0.0,0.0,0.0
ZNF90,,N/A,N/A,N/A,0,0,0,0,0,0.0,0.0,0.0,0.0,0.0,0.0,0.0
CUEDC2,,N/A,N/A,N/A,0,0,0,0,0,0.0,0.0,0.0,0.0,0.0,0.0,0.0
NHP2,,N/A,N/A,N/A,0,0,0,0,0,0.0,0.0,0.0,0.0,0.0,0.0,0.0
MAFB,,N/A,N/A,N/A,0,0,0,0,0,0.0,0.0,0.0,0.0,0.0,0.0,0.0
THEMIS2,,N/A,N/A,N/A,0,0,0,0,0,0.0,0.0,0.0,0.0,0.0,0.0,0.0
INHBA,,N/A,N/A,N/A,0,0,0,0,0,0.0,0.0,0.0,0.0,0.0,0.0,0.0
CLCN6,,N/A,N/A,N/A,0,0,0,0,0,0.0,0.0,0.0,0.0,0.0,0.0,0.0
MRGBP,,N/A,N/A,N/A,0,0,0,0,0,0.0,0.0,0.0,0.0,0.0,0.0,0.0
RC3H1,,N/A,N/A,N/A,0,0,0,0,0,0.0,0.0,0.0,0.0,0.0,0.0,0.0
RAPH1,,N/A,N/A,N/A,0,0,0,0,0,0.0,0.0,0.0,0.0,0.0,0.0,0.0
LPGAT1,,N/A,N/A,N/A,0,0,0,0,0,0.0,0.0,0.0,0.0,0.0,0.0,0.0
C2CD2L,,N/A,N/A,N/A,0,0,0,0,0,0.0,0.0,0.0,0.0,0.0,0.0,0.0
TRPC1,,N/A,N/A,N/A,0,0,0,0,0,0.0,0.0,0.0,0.0,0.0,0.0,0.0
SERBP1,,N/A,N/A,N/A,0,0,0,0,0,0.0,0.0,0.0,0.0,0.0,0.0,0.0
TMEM205,,N/A,N/A,N/A,0,0,0,0,0,0.0,0.0,0.0,0.0,0.0,0.0,0.0
PLD3,,N/A,N/A,N/A,0,0,0,0,0,0.0,0.0,0.0,0.0,0.0,0.0,0.0
ORC5,,N/A,N/A,N/A,0,0,0,0,0,0.0,0.0,0.0,0.0,0.0,0.0,0.0
BAALC,,N/A,N/A,N/A,0,0,0,0,0,0.0,0.0,0.0,0.0,0.0,0.0,0.0
TRAK2,,N/A,N/A,N/A,0,0,0,0,0,0.0,0.0,0.0,0.0,0.0,0.0,0.0
POLE3,,N/A,N/A,N/A,0,0,0,0,0,0.0,0.0,0.0,0.0,0.0,0.0,0.0
R3HCC1L,,N/A,N/A,N/A,0,0,0,0,0,0.0,0.0,0.0,0.0,0.0,0.0,0.0
HAX1,,N/A,N/A,N/A,0,0,0,0,0,0.0,0.0,0.0,0.0,0.0,0.0,0.0
TFCP2L1,,N/A,N/A,N/A,0,0,0,0,0,0.0,0.0,0.0,0.0,0.0,0.0,0.0
RAB40C,,N/A,N/A,N/A,0,0,0,0,0,0.0,0.0,0.0,0.0,0.0,0.0,0.0
SETD1A,,N/A,N/A,N/A,0,0,0,0,0,0.0,0.0,0.0,0.0,0.0,0.0,0.0
MOCS2,,N/A,N/A,N/A,0,0,0,0,0,0.0,0.0,0.0,0.0,0.0,0.0,0.0
SLC25A39,,N/A,N/A,N/A,0,0,0,0,0,0.0,0.0,0.0,0.0,0.0,0.0,0.0
PARP6,,N/A,N/A,N/A,0,0,0,0,0,0.0,0.0,0.0,0.0,0.0,0.0,0.0
SEC16A,,N/A,N/A,N/A,0,0,0,0,0,0.0,0.0,0.0,0.0,0.0,0.0,0.0
RBMS2,,N/A,N/A,N/A,0,0,0,0,0,0.0,0.0,0.0,0.0,0.0,0.0,0.0
AFF3,,N/A,N/A,N/A,0,0,0,0,0,0.0,0.0,0.0,0.0,0.0,0.0,0.0
RNFT2,,N/A,N/A,N/A,0,0,0,0,0,0.0,0.0,0.0,0.0,0.0,0.0,0.0
ZNF707,,N/A,N/A,N/A,0,0,0,0,0,0.0,0.0,0.0,0.0,0.0,0.0,0.0
DPH5,,N/A,N/A,N/A,0,0,0,0,0,0.0,0.0,0.0,0.0,0.0,0.0,0.0
MGRN1,,N/A,N/A,N/A,0,0,0,0,0,0.0,0.0,0.0,0.0,0.0,0.0,0.0
SEC23B,,N/A,N/A,N/A,0,0,0,0,0,0.0,0.0,0.0,0.0,0.0,0.0,0.0
C22orf23,,N/A,N/A,N/A,0,0,0,0,0,0.0,0.0,0.0,0.0,0.0,0.0,0.0
MRPL34,,N/A,N/A,N/A,0,0,0,0,0,0.0,0.0,0.0,0.0,0.0,0.0,0.0
UBE2A,,N/A,N/A,N/A,0,0,0,0,0,0.0,0.0,0.0,0.0,0.0,0.0,0.0
RAP2B,,N/A,N/A,N/A,0,0,0,0,0,0.0,0.0,0.0,0.0,0.0,0.0,0.0
WDR27,,N/A,N/A,N/A,0,0,0,0,0,0.0,0.0,0.0,0.0,0.0,0.0,0.0
C12orf60,,N/A,N/A,N/A,0,0,0,0,0,0.0,0.0,0.0,0.0,0.0,0.0,0.0
ADCY2,,N/A,N/A,N/A,0,0,0,0,0,0.0,0.0,0.0,0.0,0.0,0.0,0.0
DGKH,,N/A,N/A,N/A,0,0,0,0,0,0.0,0.0,0.0,0.0,0.0,0.0,0.0
PTP4A1,,N/A,N/A,N/A,0,0,0,0,0,0.0,0.0,0.0,0.0,0.0,0.0,0.0
TICAM1,,N/A,N/A,N/A,0,0,0,0,0,0.0,0.0,0.0,0.0,0.0,0.0,0.0
KCTD7,,N/A,N/A,N/A,0,0,0,0,0,0.0,0.0,0.0,0.0,0.0,0.0,0.0
HNRNPDL,,N/A,N/A,N/A,0,0,0,0,0,0.0,0.0,0.0,0.0,0.0,0.0,0.0
PHF7,,N/A,N/A,N/A,0,0,0,0,0,0.0,0.0,0.0,0.0,0.0,0.0,0.0
MRPL22,,N/A,N/A,N/A,0,0,0,0,0,0.0,0.0,0.0,0.0,0.0,0.0,0.0
SNRNP27,,N/A,N/A,N/A,0,0,0,0,0,0.0,0.0,0.0,0.0,0.0,0.0,0.0
POC1A,,N/A,N/A,N/A,0,0,0,0,0,0.0,0.0,0.0,0.0,0.0,0.0,0.0
SATB1,,N/A,N/A,N/A,0,0,0,0,0,0.0,0.0,0.0,0.0,0.0,0.0,0.0
C11orf58,,N/A,N/A,N/A,0,0,0,0,0,0.0,0.0,0.0,0.0,0.0,0.0,0.0
LSM12,,N/A,N/A,N/A,0,0,0,0,0,0.0,0.0,0.0,0.0,0.0,0.0,0.0
ZBED3-AS1,,N/A,N/A,N/A,0,0,0,0,0,0.0,0.0,0.0,0.0,0.0,0.0,0.0
ASCC3,,N/A,N/A,N/A,0,0,0,0,0,0.0,0.0,0.0,0.0,0.0,0.0,0.0
BMP2K,,N/A,N/A,N/A,0,0,0,0,0,0.0,0.0,0.0,0.0,0.0,0.0,0.0
FRMD3,,N/A,N/A,N/A,0,0,0,0,0,0.0,0.0,0.0,0.0,0.0,0.0,0.0
INO80C,,N/A,N/A,N/A,0,0,0,0,0,0.0,0.0,0.0,0.0,0.0,0.0,0.0
IFT43,,N/A,N/A,N/A,0,0,0,0,0,0.0,0.0,0.0,0.0,0.0,0.0,0.0
C15orf40,,N/A,N/A,N/A,0,0,0,0,0,0.0,0.0,0.0,0.0,0.0,0.0,0.0
PPP2CB,,N/A,N/A,N/A,0,0,0,0,0,0.0,0.0,0.0,0.0,0.0,0.0,0.0
ZNF468,,N/A,N/A,N/A,0,0,0,0,0,0.0,0.0,0.0,0.0,0.0,0.0,0.0
COPZ2,,N/A,N/A,N/A,0,0,0,0,0,0.0,0.0,0.0,0.0,0.0,0.0,0.0
SLC25A14,,N/A,N/A,N/A,0,0,0,0,0,0.0,0.0,0.0,0.0,0.0,0.0,0.0
WDR70,,N/A,N/A,N/A,0,0,0,0,0,0.0,0.0,0.0,0.0,0.0,0.0,0.0
TRIM8,,N/A,N/A,N/A,0,0,0,0,0,0.0,0.0,0.0,0.0,0.0,0.0,0.0
SERINC2,,N/A,N/A,N/A,0,0,0,0,0,0.0,0.0,0.0,0.0,0.0,0.0,0.0
C15orf61,,N/A,N/A,N/A,0,0,0,0,0,0.0,0.0,0.0,0.0,0.0,0.0,0.0
HES2,,N/A,N/A,N/A,0,0,0,0,0,0.0,0.0,0.0,0.0,0.0,0.0,0.0
LGALSL,,N/A,N/A,N/A,0,0,0,0,0,0.0,0.0,0.0,0.0,0.0,0.0,0.0
FAM172A,,N/A,N/A,N/A,0,0,0,0,0,0.0,0.0,0.0,0.0,0.0,0.0,0.0
MAGI2,,N/A,N/A,N/A,0,0,0,0,0,0.0,0.0,0.0,0.0,0.0,0.0,0.0
LINC00265,,N/A,N/A,N/A,0,0,0,0,0,0.0,0.0,0.0,0.0,0.0,0.0,0.0
MRPL19,,N/A,N/A,N/A,0,0,0,0,0,0.0,0.0,0.0,0.0,0.0,0.0,0.0
TMEM242,,N/A,N/A,N/A,0,0,0,0,0,0.0,0.0,0.0,0.0,0.0,0.0,0.0
C3orf52,,N/A,N/A,N/A,0,0,0,0,0,0.0,0.0,0.0,0.0,0.0,0.0,0.0
TSPYL2,,N/A,N/A,N/A,0,0,0,0,0,0.0,0.0,0.0,0.0,0.0,0.0,0.0
ERRFI1,,N/A,N/A,N/A,0,0,0,0,0,0.0,0.0,0.0,0.0,0.0,0.0,0.0
C2orf49,,N/A,N/A,N/A,0,0,0,0,0,0.0,0.0,0.0,0.0,0.0,0.0,0.0
TUBG2,,N/A,N/A,N/A,0,0,0,0,0,0.0,0.0,0.0,0.0,0.0,0.0,0.0
TTLL3,,N/A,N/A,N/A,0,0,0,0,0,0.0,0.0,0.0,0.0,0.0,0.0,0.0
CCDC3,,N/A,N/A,N/A,0,0,0,0,0,0.0,0.0,0.0,0.0,0.0,0.0,0.0
SPA17,,N/A,N/A,N/A,0,0,0,0,0,0.0,0.0,0.0,0.0,0.0,0.0,0.0
MAP3K4,,N/A,N/A,N/A,0,0,0,0,0,0.0,0.0,0.0,0.0,0.0,0.0,0.0
ZNF554,,N/A,N/A,N/A,0,0,0,0,0,0.0,0.0,0.0,0.0,0.0,0.0,0.0
RPS2,,N/A,N/A,N/A,0,0,0,0,0,0.0,0.0,0.0,0.0,0.0,0.0,0.0
HEATR1,,N/A,N/A,N/A,0,0,0,0,0,0.0,0.0,0.0,0.0,0.0,0.0,0.0
DAZAP1,,N/A,N/A,N/A,0,0,0,0,0,0.0,0.0,0.0,0.0,0.0,0.0,0.0
EIF3D,,N/A,N/A,N/A,0,0,0,0,0,0.0,0.0,0.0,0.0,0.0,0.0,0.0
USP36,,N/A,N/A,N/A,0,0,0,0,0,0.0,0.0,0.0,0.0,0.0,0.0,0.0
TBCCD1,,N/A,N/A,N/A,0,0,0,0,0,0.0,0.0,0.0,0.0,0.0,0.0,0.0
ACTR1A,,N/A,N/A,N/A,0,0,0,0,0,0.0,0.0,0.0,0.0,0.0,0.0,0.0
IQCA1,,N/A,N/A,N/A,0,0,0,0,0,0.0,0.0,0.0,0.0,0.0,0.0,0.0
PJA1,,N/A,N/A,N/A,0,0,0,0,0,0.0,0.0,0.0,0.0,0.0,0.0,0.0
ARPC5L,,N/A,N/A,N/A,0,0,0,0,0,0.0,0.0,0.0,0.0,0.0,0.0,0.0
PLGRKT,,N/A,N/A,N/A,0,0,0,0,0,0.0,0.0,0.0,0.0,0.0,0.0,0.0
DNAJA2,,N/A,N/A,N/A,0,0,0,0,0,0.0,0.0,0.0,0.0,0.0,0.0,0.0
ZNF561,,N/A,N/A,N/A,0,0,0,0,0,0.0,0.0,0.0,0.0,0.0,0.0,0.0
MBD1,,N/A,N/A,N/A,0,0,0,0,0,0.0,0.0,0.0,0.0,0.0,0.0,0.0
RHOF,,N/A,N/A,N/A,0,0,0,0,0,0.0,0.0,0.0,0.0,0.0,0.0,0.0
ZNF483,,N/A,N/A,N/A,0,0,0,0,0,0.0,0.0,0.0,0.0,0.0,0.0,0.0
SERHL2,,N/A,N/A,N/A,0,0,0,0,0,0.0,0.0,0.0,0.0,0.0,0.0,0.0
METTL17,,N/A,N/A,N/A,0,0,0,0,0,0.0,0.0,0.0,0.0,0.0,0.0,0.0
UBE4B,,N/A,N/A,N/A,0,0,0,0,0,0.0,0.0,0.0,0.0,0.0,0.0,0.0
ACBD3,,N/A,N/A,N/A,0,0,0,0,0,0.0,0.0,0.0,0.0,0.0,0.0,0.0
BOLA3,,N/A,N/A,N/A,0,0,0,0,0,0.0,0.0,0.0,0.0,0.0,0.0,0.0
IMMT,,N/A,N/A,N/A,0,0,0,0,0,0.0,0.0,0.0,0.0,0.0,0.0,0.0
TMPO,,N/A,N/A,N/A,0,0,0,0,0,0.0,0.0,0.0,0.0,0.0,0.0,0.0
AP4B1,,N/A,N/A,N/A,0,0,0,0,0,0.0,0.0,0.0,0.0,0.0,0.0,0.0
ZNF286A,,N/A,N/A,N/A,0,0,0,0,0,0.0,0.0,0.0,0.0,0.0,0.0,0.0
C1R,,N/A,N/A,N/A,0,0,0,0,0,0.0,0.0,0.0,0.0,0.0,0.0,0.0
CAMK2G,,N/A,N/A,N/A,0,0,0,0,0,0.0,0.0,0.0,0.0,0.0,0.0,0.0
RIN3,,N/A,N/A,N/A,0,0,0,0,0,0.0,0.0,0.0,0.0,0.0,0.0,0.0
DNAJC2,,N/A,N/A,N/A,0,0,0,0,0,0.0,0.0,0.0,0.0,0.0,0.0,0.0
WDTC1,,N/A,N/A,N/A,0,0,0,0,0,0.0,0.0,0.0,0.0,0.0,0.0,0.0
ZNF407,,N/A,N/A,N/A,0,0,0,0,0,0.0,0.0,0.0,0.0,0.0,0.0,0.0
ITM2B,,N/A,N/A,N/A,0,0,0,0,0,0.0,0.0,0.0,0.0,0.0,0.0,0.0
DFFB,,N/A,N/A,N/A,0,0,0,0,0,0.0,0.0,0.0,0.0,0.0,0.0,0.0
ZNF696,,N/A,N/A,N/A,0,0,0,0,0,0.0,0.0,0.0,0.0,0.0,0.0,0.0
NDUFV1,,N/A,N/A,N/A,0,0,0,0,0,0.0,0.0,0.0,0.0,0.0,0.0,0.0
ARPC1B,,N/A,N/A,N/A,0,0,0,0,0,0.0,0.0,0.0,0.0,0.0,0.0,0.0
CAPN5,,N/A,N/A,N/A,0,0,0,0,0,0.0,0.0,0.0,0.0,0.0,0.0,0.0
DNAH1,,N/A,N/A,N/A,0,0,0,0,0,0.0,0.0,0.0,0.0,0.0,0.0,0.0
FBXO41,,N/A,N/A,N/A,0,0,0,0,0,0.0,0.0,0.0,0.0,0.0,0.0,0.0
NMRK1,,N/A,N/A,N/A,0,0,0,0,0,0.0,0.0,0.0,0.0,0.0,0.0,0.0
TTC17,,N/A,N/A,N/A,0,0,0,0,0,0.0,0.0,0.0,0.0,0.0,0.0,0.0
CBX4,,N/A,N/A,N/A,0,0,0,0,0,0.0,0.0,0.0,0.0,0.0,0.0,0.0
NSUN5,,N/A,N/A,N/A,0,0,0,0,0,0.0,0.0,0.0,0.0,0.0,0.0,0.0
DNMBP-AS1,,N/A,N/A,N/A,0,0,0,0,0,0.0,0.0,0.0,0.0,0.0,0.0,0.0
NKIRAS1,,N/A,N/A,N/A,0,0,0,0,0,0.0,0.0,0.0,0.0,0.0,0.0,0.0
ZNF134,,N/A,N/A,N/A,0,0,0,0,0,0.0,0.0,0.0,0.0,0.0,0.0,0.0
SLC39A9,,N/A,N/A,N/A,0,0,0,0,0,0.0,0.0,0.0,0.0,0.0,0.0,0.0
MED28,,N/A,N/A,N/A,0,0,0,0,0,0.0,0.0,0.0,0.0,0.0,0.0,0.0
THAP7,,N/A,N/A,N/A,0,0,0,0,0,0.0,0.0,0.0,0.0,0.0,0.0,0.0
CHN2,,N/A,N/A,N/A,0,0,0,0,0,0.0,0.0,0.0,0.0,0.0,0.0,0.0
DNLZ,,N/A,N/A,N/A,0,0,0,0,0,0.0,0.0,0.0,0.0,0.0,0.0,0.0
SPC24,,N/A,N/A,N/A,0,0,0,0,0,0.0,0.0,0.0,0.0,0.0,0.0,0.0
SH2B2,,N/A,N/A,N/A,0,0,0,0,0,0.0,0.0,0.0,0.0,0.0,0.0,0.0
RAB11B,,N/A,N/A,N/A,0,0,0,0,0,0.0,0.0,0.0,0.0,0.0,0.0,0.0
LRRC37B,,N/A,N/A,N/A,0,0,0,0,0,0.0,0.0,0.0,0.0,0.0,0.0,0.0
AP2A1,,N/A,N/A,N/A,0,0,0,0,0,0.0,0.0,0.0,0.0,0.0,0.0,0.0
TEX10,,N/A,N/A,N/A,0,0,0,0,0,0.0,0.0,0.0,0.0,0.0,0.0,0.0
HSBP1L1,,N/A,N/A,N/A,0,0,0,0,0,0.0,0.0,0.0,0.0,0.0,0.0,0.0
LAT2,,N/A,N/A,N/A,0,0,0,0,0,0.0,0.0,0.0,0.0,0.0,0.0,0.0
NELFA,,N/A,N/A,N/A,0,0,0,0,0,0.0,0.0,0.0,0.0,0.0,0.0,0.0
PIEZO2,,N/A,N/A,N/A,0,0,0,0,0,0.0,0.0,0.0,0.0,0.0,0.0,0.0
SLC30A1,,N/A,N/A,N/A,0,0,0,0,0,0.0,0.0,0.0,0.0,0.0,0.0,0.0
ENOX2,,N/A,N/A,N/A,0,0,0,0,0,0.0,0.0,0.0,0.0,0.0,0.0,0.0
NBPF20,,N/A,N/A,N/A,0,0,0,0,0,0.0,0.0,0.0,0.0,0.0,0.0,0.0
PDGFC,,N/A,N/A,N/A,0,0,0,0,0,0.0,0.0,0.0,0.0,0.0,0.0,0.0
MOB3B,,N/A,N/A,N/A,0,0,0,0,0,0.0,0.0,0.0,0.0,0.0,0.0,0.0
CDH26,,N/A,N/A,N/A,0,0,0,0,0,0.0,0.0,0.0,0.0,0.0,0.0,0.0
EPS8L1,,N/A,N/A,N/A,0,0,0,0,0,0.0,0.0,0.0,0.0,0.0,0.0,0.0
RARG,,N/A,N/A,N/A,0,0,0,0,0,0.0,0.0,0.0,0.0,0.0,0.0,0.0
NOSIP,,N/A,N/A,N/A,0,0,0,0,0,0.0,0.0,0.0,0.0,0.0,0.0,0.0
ATP11A,,N/A,N/A,N/A,0,0,0,0,0,0.0,0.0,0.0,0.0,0.0,0.0,0.0
LINC00623,,N/A,N/A,N/A,0,0,0,0,0,0.0,0.0,0.0,0.0,0.0,0.0,0.0
C12orf75,,N/A,N/A,N/A,0,0,0,0,0,0.0,0.0,0.0,0.0,0.0,0.0,0.0
OGG1,,N/A,N/A,N/A,0,0,0,0,0,0.0,0.0,0.0,0.0,0.0,0.0,0.0
LZTS2,,N/A,N/A,N/A,0,0,0,0,0,0.0,0.0,0.0,0.0,0.0,0.0,0.0
ELOF1,,N/A,N/A,N/A,0,0,0,0,0,0.0,0.0,0.0,0.0,0.0,0.0,0.0
ZNF850,,N/A,N/A,N/A,0,0,0,0,0,0.0,0.0,0.0,0.0,0.0,0.0,0.0
ANKRD10,,N/A,N/A,N/A,0,0,0,0,0,0.0,0.0,0.0,0.0,0.0,0.0,0.0
PTPN14,,N/A,N/A,N/A,0,0,0,0,0,0.0,0.0,0.0,0.0,0.0,0.0,0.0
TCTN1,,N/A,N/A,N/A,0,0,0,0,0,0.0,0.0,0.0,0.0,0.0,0.0,0.0
TMOD1,,N/A,N/A,N/A,0,0,0,0,0,0.0,0.0,0.0,0.0,0.0,0.0,0.0
HOXB2,,N/A,N/A,N/A,0,0,0,0,0,0.0,0.0,0.0,0.0,0.0,0.0,0.0
DGCR6L,,N/A,N/A,N/A,0,0,0,0,0,0.0,0.0,0.0,0.0,0.0,0.0,0.0
TRIM56,,N/A,N/A,N/A,0,0,0,0,0,0.0,0.0,0.0,0.0,0.0,0.0,0.0
AGAP4,,N/A,N/A,N/A,0,0,0,0,0,0.0,0.0,0.0,0.0,0.0,0.0,0.0
IFFO1,,N/A,N/A,N/A,0,0,0,0,0,0.0,0.0,0.0,0.0,0.0,0.0,0.0
TIMM22,,N/A,N/A,N/A,0,0,0,0,0,0.0,0.0,0.0,0.0,0.0,0.0,0.0
SNHG10,,N/A,N/A,N/A,0,0,0,0,0,0.0,0.0,0.0,0.0,0.0,0.0,0.0
MTMR8,,N/A,N/A,N/A,0,0,0,0,0,0.0,0.0,0.0,0.0,0.0,0.0,0.0
TUBB2A,,N/A,N/A,N/A,0,0,0,0,0,0.0,0.0,0.0,0.0,0.0,0.0,0.0
SEMA3A,,N/A,N/A,N/A,0,0,0,0,0,0.0,0.0,0.0,0.0,0.0,0.0,0.0
CLIC4,,N/A,N/A,N/A,0,0,0,0,0,0.0,0.0,0.0,0.0,0.0,0.0,0.0
POLG2,,N/A,N/A,N/A,0,0,0,0,0,0.0,0.0,0.0,0.0,0.0,0.0,0.0
CHCHD6,,N/A,N/A,N/A,0,0,0,0,0,0.0,0.0,0.0,0.0,0.0,0.0,0.0
RRP12,,N/A,N/A,N/A,0,0,0,0,0,0.0,0.0,0.0,0.0,0.0,0.0,0.0
RUSC1,,N/A,N/A,N/A,0,0,0,0,0,0.0,0.0,0.0,0.0,0.0,0.0,0.0
ZNF182,,N/A,N/A,N/A,0,0,0,0,0,0.0,0.0,0.0,0.0,0.0,0.0,0.0
VKORC1L1,,N/A,N/A,N/A,0,0,0,0,0,0.0,0.0,0.0,0.0,0.0,0.0,0.0
ZBTB41,,N/A,N/A,N/A,0,0,0,0,0,0.0,0.0,0.0,0.0,0.0,0.0,0.0
SUMO3,,N/A,N/A,N/A,0,0,0,0,0,0.0,0.0,0.0,0.0,0.0,0.0,0.0
TMEM18,,N/A,N/A,N/A,0,0,0,0,0,0.0,0.0,0.0,0.0,0.0,0.0,0.0
CCDC50,,N/A,N/A,N/A,0,0,0,0,0,0.0,0.0,0.0,0.0,0.0,0.0,0.0
MORF4L2,,N/A,N/A,N/A,0,0,0,0,0,0.0,0.0,0.0,0.0,0.0,0.0,0.0
EEF2,,N/A,N/A,N/A,0,0,0,0,0,0.0,0.0,0.0,0.0,0.0,0.0,0.0
QPCTL,,N/A,N/A,N/A,0,0,0,0,0,0.0,0.0,0.0,0.0,0.0,0.0,0.0
TXLNG,,N/A,N/A,N/A,0,0,0,0,0,0.0,0.0,0.0,0.0,0.0,0.0,0.0
FBXO11,,N/A,N/A,N/A,0,0,0,0,0,0.0,0.0,0.0,0.0,0.0,0.0,0.0
MAPK13,,N/A,N/A,N/A,0,0,0,0,0,0.0,0.0,0.0,0.0,0.0,0.0,0.0
FAM3C,,N/A,N/A,N/A,0,0,0,0,0,0.0,0.0,0.0,0.0,0.0,0.0,0.0
PFDN4,,N/A,N/A,N/A,0,0,0,0,0,0.0,0.0,0.0,0.0,0.0,0.0,0.0
RAP2C-AS1,,N/A,N/A,N/A,0,0,0,0,0,0.0,0.0,0.0,0.0,0.0,0.0,0.0
C6orf62,,N/A,N/A,N/A,0,0,0,0,0,0.0,0.0,0.0,0.0,0.0,0.0,0.0
UHRF2,,N/A,N/A,N/A,0,0,0,0,0,0.0,0.0,0.0,0.0,0.0,0.0,0.0
TRIM14,,N/A,N/A,N/A,0,0,0,0,0,0.0,0.0,0.0,0.0,0.0,0.0,0.0
TSPAN5,,N/A,N/A,N/A,0,0,0,0,0,0.0,0.0,0.0,0.0,0.0,0.0,0.0
PARD3,,N/A,N/A,N/A,0,0,0,0,0,0.0,0.0,0.0,0.0,0.0,0.0,0.0
MED20,,N/A,N/A,N/A,0,0,0,0,0,0.0,0.0,0.0,0.0,0.0,0.0,0.0
RBM27,,N/A,N/A,N/A,0,0,0,0,0,0.0,0.0,0.0,0.0,0.0,0.0,0.0
STK38L,,N/A,N/A,N/A,0,0,0,0,0,0.0,0.0,0.0,0.0,0.0,0.0,0.0
SPDL1,,N/A,N/A,N/A,0,0,0,0,0,0.0,0.0,0.0,0.0,0.0,0.0,0.0
ZNF106,,N/A,N/A,N/A,0,0,0,0,0,0.0,0.0,0.0,0.0,0.0,0.0,0.0
SEMA4B,,N/A,N/A,N/A,0,0,0,0,0,0.0,0.0,0.0,0.0,0.0,0.0,0.0
PHPT1,,N/A,N/A,N/A,0,0,0,0,0,0.0,0.0,0.0,0.0,0.0,0.0,0.0
DIAPH2,,N/A,N/A,N/A,0,0,0,0,0,0.0,0.0,0.0,0.0,0.0,0.0,0.0
SFXN2,,N/A,N/A,N/A,0,0,0,0,0,0.0,0.0,0.0,0.0,0.0,0.0,0.0
HJURP,,N/A,N/A,N/A,0,0,0,0,0,0.0,0.0,0.0,0.0,0.0,0.0,0.0
TMEM181,,N/A,N/A,N/A,0,0,0,0,0,0.0,0.0,0.0,0.0,0.0,0.0,0.0
RNF216,,N/A,N/A,N/A,0,0,0,0,0,0.0,0.0,0.0,0.0,0.0,0.0,0.0
C1orf21,,N/A,N/A,N/A,0,0,0,0,0,0.0,0.0,0.0,0.0,0.0,0.0,0.0
CENPJ,,N/A,N/A,N/A,0,0,0,0,0,0.0,0.0,0.0,0.0,0.0,0.0,0.0
TAF12,,N/A,N/A,N/A,0,0,0,0,0,0.0,0.0,0.0,0.0,0.0,0.0,0.0
C18orf32,,N/A,N/A,N/A,0,0,0,0,0,0.0,0.0,0.0,0.0,0.0,0.0,0.0
MRFAP1L1,,N/A,N/A,N/A,0,0,0,0,0,0.0,0.0,0.0,0.0,0.0,0.0,0.0
BTBD1,,N/A,N/A,N/A,0,0,0,0,0,0.0,0.0,0.0,0.0,0.0,0.0,0.0
MALSU1,,N/A,N/A,N/A,0,0,0,0,0,0.0,0.0,0.0,0.0,0.0,0.0,0.0
CYB5RL,,N/A,N/A,N/A,0,0,0,0,0,0.0,0.0,0.0,0.0,0.0,0.0,0.0
GPR180,,N/A,N/A,N/A,0,0,0,0,0,0.0,0.0,0.0,0.0,0.0,0.0,0.0
MSH5,,N/A,N/A,N/A,0,0,0,0,0,0.0,0.0,0.0,0.0,0.0,0.0,0.0
B9D2,,N/A,N/A,N/A,0,0,0,0,0,0.0,0.0,0.0,0.0,0.0,0.0,0.0
ST6GALNAC6,,N/A,N/A,N/A,0,0,0,0,0,0.0,0.0,0.0,0.0,0.0,0.0,0.0
WDR73,,N/A,N/A,N/A,0,0,0,0,0,0.0,0.0,0.0,0.0,0.0,0.0,0.0
GPATCH4,,N/A,N/A,N/A,0,0,0,0,0,0.0,0.0,0.0,0.0,0.0,0.0,0.0
TPST1,,N/A,N/A,N/A,0,0,0,0,0,0.0,0.0,0.0,0.0,0.0,0.0,0.0
PAQR8,,N/A,N/A,N/A,0,0,0,0,0,0.0,0.0,0.0,0.0,0.0,0.0,0.0
MICAL3,,N/A,N/A,N/A,0,0,0,0,0,0.0,0.0,0.0,0.0,0.0,0.0,0.0
ANKRD50,,N/A,N/A,N/A,0,0,0,0,0,0.0,0.0,0.0,0.0,0.0,0.0,0.0
TTC1,,N/A,N/A,N/A,0,0,0,0,0,0.0,0.0,0.0,0.0,0.0,0.0,0.0
ACAA1,,N/A,N/A,N/A,0,0,0,0,0,0.0,0.0,0.0,0.0,0.0,0.0,0.0
SCLY,,N/A,N/A,N/A,0,0,0,0,0,0.0,0.0,0.0,0.0,0.0,0.0,0.0
PRKAR2A,,N/A,N/A,N/A,0,0,0,0,0,0.0,0.0,0.0,0.0,0.0,0.0,0.0
SFT2D2,,N/A,N/A,N/A,0,0,0,0,0,0.0,0.0,0.0,0.0,0.0,0.0,0.0
MCCC1,,N/A,N/A,N/A,0,0,0,0,0,0.0,0.0,0.0,0.0,0.0,0.0,0.0
ALOX12,,N/A,N/A,N/A,0,0,0,0,0,0.0,0.0,0.0,0.0,0.0,0.0,0.0
ABHD15,,N/A,N/A,N/A,0,0,0,0,0,0.0,0.0,0.0,0.0,0.0,0.0,0.0
PATL1,,N/A,N/A,N/A,0,0,0,0,0,0.0,0.0,0.0,0.0,0.0,0.0,0.0
F8A1,,N/A,N/A,N/A,0,0,0,0,0,0.0,0.0,0.0,0.0,0.0,0.0,0.0
PNPT1,,N/A,N/A,N/A,0,0,0,0,0,0.0,0.0,0.0,0.0,0.0,0.0,0.0
ZNF135,,N/A,N/A,N/A,0,0,0,0,0,0.0,0.0,0.0,0.0,0.0,0.0,0.0
RABEPK,,N/A,N/A,N/A,0,0,0,0,0,0.0,0.0,0.0,0.0,0.0,0.0,0.0
NPRL3,,N/A,N/A,N/A,0,0,0,0,0,0.0,0.0,0.0,0.0,0.0,0.0,0.0
TMEM14A,,N/A,N/A,N/A,0,0,0,0,0,0.0,0.0,0.0,0.0,0.0,0.0,0.0
RAB1B,,N/A,N/A,N/A,0,0,0,0,0,0.0,0.0,0.0,0.0,0.0,0.0,0.0
PRELID1,,N/A,N/A,N/A,0,0,0,0,0,0.0,0.0,0.0,0.0,0.0,0.0,0.0
ZNF280C,,N/A,N/A,N/A,0,0,0,0,0,0.0,0.0,0.0,0.0,0.0,0.0,0.0
CSRNP2,,N/A,N/A,N/A,0,0,0,0,0,0.0,0.0,0.0,0.0,0.0,0.0,0.0
TTC7A,,N/A,N/A,N/A,0,0,0,0,0,0.0,0.0,0.0,0.0,0.0,0.0,0.0
MORC4,,N/A,N/A,N/A,0,0,0,0,0,0.0,0.0,0.0,0.0,0.0,0.0,0.0
MAP4K4,,N/A,N/A,N/A,0,0,0,0,0,0.0,0.0,0.0,0.0,0.0,0.0,0.0
PTRHD1,,N/A,N/A,N/A,0,0,0,0,0,0.0,0.0,0.0,0.0,0.0,0.0,0.0
RAD18,,N/A,N/A,N/A,0,0,0,0,0,0.0,0.0,0.0,0.0,0.0,0.0,0.0
PFKL,,N/A,N/A,N/A,0,0,0,0,0,0.0,0.0,0.0,0.0,0.0,0.0,0.0
STOML2,,N/A,N/A,N/A,0,0,0,0,0,0.0,0.0,0.0,0.0,0.0,0.0,0.0
M6PR,,N/A,N/A,N/A,0,0,0,0,0,0.0,0.0,0.0,0.0,0.0,0.0,0.0
CDK5RAP2,,N/A,N/A,N/A,0,0,0,0,0,0.0,0.0,0.0,0.0,0.0,0.0,0.0
HEATR3,,N/A,N/A,N/A,0,0,0,0,0,0.0,0.0,0.0,0.0,0.0,0.0,0.0
ARFIP1,,N/A,N/A,N/A,0,0,0,0,0,0.0,0.0,0.0,0.0,0.0,0.0,0.0
DYM,,N/A,N/A,N/A,0,0,0,0,0,0.0,0.0,0.0,0.0,0.0,0.0,0.0
TMCC3,,N/A,N/A,N/A,0,0,0,0,0,0.0,0.0,0.0,0.0,0.0,0.0,0.0
ZNF577,,N/A,N/A,N/A,0,0,0,0,0,0.0,0.0,0.0,0.0,0.0,0.0,0.0
PPIP5K2,,N/A,N/A,N/A,0,0,0,0,0,0.0,0.0,0.0,0.0,0.0,0.0,0.0
NAA40,,N/A,N/A,N/A,0,0,0,0,0,0.0,0.0,0.0,0.0,0.0,0.0,0.0
TMEM248,,N/A,N/A,N/A,0,0,0,0,0,0.0,0.0,0.0,0.0,0.0,0.0,0.0
AGAP3,,N/A,N/A,N/A,0,0,0,0,0,0.0,0.0,0.0,0.0,0.0,0.0,0.0
SMUG1,,N/A,N/A,N/A,0,0,0,0,0,0.0,0.0,0.0,0.0,0.0,0.0,0.0
ALKBH4,,N/A,N/A,N/A,0,0,0,0,0,0.0,0.0,0.0,0.0,0.0,0.0,0.0
CCDC157,,N/A,N/A,N/A,0,0,0,0,0,0.0,0.0,0.0,0.0,0.0,0.0,0.0
CHAF1B,,N/A,N/A,N/A,0,0,0,0,0,0.0,0.0,0.0,0.0,0.0,0.0,0.0
RARS2,,N/A,N/A,N/A,0,0,0,0,0,0.0,0.0,0.0,0.0,0.0,0.0,0.0
TMEM106A,,N/A,N/A,N/A,0,0,0,0,0,0.0,0.0,0.0,0.0,0.0,0.0,0.0
IFITM1,,N/A,N/A,N/A,0,0,0,0,0,0.0,0.0,0.0,0.0,0.0,0.0,0.0
STAU2,,N/A,N/A,N/A,0,0,0,0,0,0.0,0.0,0.0,0.0,0.0,0.0,0.0
PPID,,N/A,N/A,N/A,0,0,0,0,0,0.0,0.0,0.0,0.0,0.0,0.0,0.0
TUSC1,,N/A,N/A,N/A,0,0,0,0,0,0.0,0.0,0.0,0.0,0.0,0.0,0.0
COG3,,N/A,N/A,N/A,0,0,0,0,0,0.0,0.0,0.0,0.0,0.0,0.0,0.0
FHL2,,N/A,N/A,N/A,0,0,0,0,0,0.0,0.0,0.0,0.0,0.0,0.0,0.0
SHMT1,,N/A,N/A,N/A,0,0,0,0,0,0.0,0.0,0.0,0.0,0.0,0.0,0.0
CHMP4B,,N/A,N/A,N/A,0,0,0,0,0,0.0,0.0,0.0,0.0,0.0,0.0,0.0
TMED2,,N/A,N/A,N/A,0,0,0,0,0,0.0,0.0,0.0,0.0,0.0,0.0,0.0
FAHD2B,,N/A,N/A,N/A,0,0,0,0,0,0.0,0.0,0.0,0.0,0.0,0.0,0.0
PLEKHM3,,N/A,N/A,N/A,0,0,0,0,0,0.0,0.0,0.0,0.0,0.0,0.0,0.0
RGPD8,,N/A,N/A,N/A,0,0,0,0,0,0.0,0.0,0.0,0.0,0.0,0.0,0.0
CAMSAP1,,N/A,N/A,N/A,0,0,0,0,0,0.0,0.0,0.0,0.0,0.0,0.0,0.0
CFL2,,N/A,N/A,N/A,0,0,0,0,0,0.0,0.0,0.0,0.0,0.0,0.0,0.0
PCED1A,,N/A,N/A,N/A,0,0,0,0,0,0.0,0.0,0.0,0.0,0.0,0.0,0.0
EPB41L1,,N/A,N/A,N/A,0,0,0,0,0,0.0,0.0,0.0,0.0,0.0,0.0,0.0
HES6,,N/A,N/A,N/A,0,0,0,0,0,0.0,0.0,0.0,0.0,0.0,0.0,0.0
FBXO31,,N/A,N/A,N/A,0,0,0,0,0,0.0,0.0,0.0,0.0,0.0,0.0,0.0
RPS6KB2,,N/A,N/A,N/A,0,0,0,0,0,0.0,0.0,0.0,0.0,0.0,0.0,0.0
AGGF1,,N/A,N/A,N/A,0,0,0,0,0,0.0,0.0,0.0,0.0,0.0,0.0,0.0
POMK,,N/A,N/A,N/A,0,0,0,0,0,0.0,0.0,0.0,0.0,0.0,0.0,0.0
SCML4,,N/A,N/A,N/A,0,0,0,0,0,0.0,0.0,0.0,0.0,0.0,0.0,0.0
DOK3,,N/A,N/A,N/A,0,0,0,0,0,0.0,0.0,0.0,0.0,0.0,0.0,0.0
UFM1,,N/A,N/A,N/A,0,0,0,0,0,0.0,0.0,0.0,0.0,0.0,0.0,0.0
UBE3C,,N/A,N/A,N/A,0,0,0,0,0,0.0,0.0,0.0,0.0,0.0,0.0,0.0
GPRIN1,,N/A,N/A,N/A,0,0,0,0,0,0.0,0.0,0.0,0.0,0.0,0.0,0.0
IKBKE,,N/A,N/A,N/A,0,0,0,0,0,0.0,0.0,0.0,0.0,0.0,0.0,0.0
USP24,,N/A,N/A,N/A,0,0,0,0,0,0.0,0.0,0.0,0.0,0.0,0.0,0.0
PRIM2,,N/A,N/A,N/A,0,0,0,0,0,0.0,0.0,0.0,0.0,0.0,0.0,0.0
CHMP4A,,N/A,N/A,N/A,0,0,0,0,0,0.0,0.0,0.0,0.0,0.0,0.0,0.0
USP48,,N/A,N/A,N/A,0,0,0,0,0,0.0,0.0,0.0,0.0,0.0,0.0,0.0
PHF20,,N/A,N/A,N/A,0,0,0,0,0,0.0,0.0,0.0,0.0,0.0,0.0,0.0
ARHGAP15,,N/A,N/A,N/A,0,0,0,0,0,0.0,0.0,0.0,0.0,0.0,0.0,0.0
FAXC,,N/A,N/A,N/A,0,0,0,0,0,0.0,0.0,0.0,0.0,0.0,0.0,0.0
AP1B1,,N/A,N/A,N/A,0,0,0,0,0,0.0,0.0,0.0,0.0,0.0,0.0,0.0
MTIF2,,N/A,N/A,N/A,0,0,0,0,0,0.0,0.0,0.0,0.0,0.0,0.0,0.0
ATAT1,,N/A,N/A,N/A,0,0,0,0,0,0.0,0.0,0.0,0.0,0.0,0.0,0.0
DNAJC6,,N/A,N/A,N/A,0,0,0,0,0,0.0,0.0,0.0,0.0,0.0,0.0,0.0
CCNJ,,N/A,N/A,N/A,0,0,0,0,0,0.0,0.0,0.0,0.0,0.0,0.0,0.0
ATP6V0E2,,N/A,N/A,N/A,0,0,0,0,0,0.0,0.0,0.0,0.0,0.0,0.0,0.0
SEMA4A,,N/A,N/A,N/A,0,0,0,0,0,0.0,0.0,0.0,0.0,0.0,0.0,0.0
ZNRF1,,N/A,N/A,N/A,0,0,0,0,0,0.0,0.0,0.0,0.0,0.0,0.0,0.0
SIK1,,N/A,N/A,N/A,0,0,0,0,0,0.0,0.0,0.0,0.0,0.0,0.0,0.0
ZNF84,,N/A,N/A,N/A,0,0,0,0,0,0.0,0.0,0.0,0.0,0.0,0.0,0.0
TMEM223,,N/A,N/A,N/A,0,0,0,0,0,0.0,0.0,0.0,0.0,0.0,0.0,0.0
SYCP2,,N/A,N/A,N/A,0,0,0,0,0,0.0,0.0,0.0,0.0,0.0,0.0,0.0
NBPF3,,N/A,N/A,N/A,0,0,0,0,0,0.0,0.0,0.0,0.0,0.0,0.0,0.0
PTGDS,,N/A,N/A,N/A,0,0,0,0,0,0.0,0.0,0.0,0.0,0.0,0.0,0.0
THOC7,,N/A,N/A,N/A,0,0,0,0,0,0.0,0.0,0.0,0.0,0.0,0.0,0.0
ASF1A,,N/A,N/A,N/A,0,0,0,0,0,0.0,0.0,0.0,0.0,0.0,0.0,0.0
RBBP6,,N/A,N/A,N/A,0,0,0,0,0,0.0,0.0,0.0,0.0,0.0,0.0,0.0
AMDHD2,,N/A,N/A,N/A,0,0,0,0,0,0.0,0.0,0.0,0.0,0.0,0.0,0.0
STX4,,N/A,N/A,N/A,0,0,0,0,0,0.0,0.0,0.0,0.0,0.0,0.0,0.0
WDR3,,N/A,N/A,N/A,0,0,0,0,0,0.0,0.0,0.0,0.0,0.0,0.0,0.0
RNF217,,N/A,N/A,N/A,0,0,0,0,0,0.0,0.0,0.0,0.0,0.0,0.0,0.0
HS6ST1,,N/A,N/A,N/A,0,0,0,0,0,0.0,0.0,0.0,0.0,0.0,0.0,0.0
ARMCX3,,N/A,N/A,N/A,0,0,0,0,0,0.0,0.0,0.0,0.0,0.0,0.0,0.0
NT5DC3,,N/A,N/A,N/A,0,0,0,0,0,0.0,0.0,0.0,0.0,0.0,0.0,0.0
BIRC6,,N/A,N/A,N/A,0,0,0,0,0,0.0,0.0,0.0,0.0,0.0,0.0,0.0
FGGY,,N/A,N/A,N/A,0,0,0,0,0,0.0,0.0,0.0,0.0,0.0,0.0,0.0
TRIM25,,N/A,N/A,N/A,0,0,0,0,0,0.0,0.0,0.0,0.0,0.0,0.0,0.0
LUZP1,,N/A,N/A,N/A,0,0,0,0,0,0.0,0.0,0.0,0.0,0.0,0.0,0.0
COG5,,N/A,N/A,N/A,0,0,0,0,0,0.0,0.0,0.0,0.0,0.0,0.0,0.0
DDX39A,,N/A,N/A,N/A,0,0,0,0,0,0.0,0.0,0.0,0.0,0.0,0.0,0.0
PHLDB3,,N/A,N/A,N/A,0,0,0,0,0,0.0,0.0,0.0,0.0,0.0,0.0,0.0
CCDC141,,N/A,N/A,N/A,0,0,0,0,0,0.0,0.0,0.0,0.0,0.0,0.0,0.0
RPL8,,N/A,N/A,N/A,0,0,0,0,0,0.0,0.0,0.0,0.0,0.0,0.0,0.0
TMEM106B,,N/A,N/A,N/A,0,0,0,0,0,0.0,0.0,0.0,0.0,0.0,0.0,0.0
ZDHHC1,,N/A,N/A,N/A,0,0,0,0,0,0.0,0.0,0.0,0.0,0.0,0.0,0.0
PHTF2,,N/A,N/A,N/A,0,0,0,0,0,0.0,0.0,0.0,0.0,0.0,0.0,0.0
ZNF428,,N/A,N/A,N/A,0,0,0,0,0,0.0,0.0,0.0,0.0,0.0,0.0,0.0
TMCO6,,N/A,N/A,N/A,0,0,0,0,0,0.0,0.0,0.0,0.0,0.0,0.0,0.0
CDKN2AIPNL,,N/A,N/A,N/A,0,0,0,0,0,0.0,0.0,0.0,0.0,0.0,0.0,0.0
GID8,,N/A,N/A,N/A,0,0,0,0,0,0.0,0.0,0.0,0.0,0.0,0.0,0.0
FAHD1,,N/A,N/A,N/A,0,0,0,0,0,0.0,0.0,0.0,0.0,0.0,0.0,0.0
UBR5,,N/A,N/A,N/A,0,0,0,0,0,0.0,0.0,0.0,0.0,0.0,0.0,0.0
TMEM131,,N/A,N/A,N/A,0,0,0,0,0,0.0,0.0,0.0,0.0,0.0,0.0,0.0
ACBD4,,N/A,N/A,N/A,0,0,0,0,0,0.0,0.0,0.0,0.0,0.0,0.0,0.0
ZNF333,,N/A,N/A,N/A,0,0,0,0,0,0.0,0.0,0.0,0.0,0.0,0.0,0.0
NMNAT1,,N/A,N/A,N/A,0,0,0,0,0,0.0,0.0,0.0,0.0,0.0,0.0,0.0
BASP1,,N/A,N/A,N/A,0,0,0,0,0,0.0,0.0,0.0,0.0,0.0,0.0,0.0
MPZL1,,N/A,N/A,N/A,0,0,0,0,0,0.0,0.0,0.0,0.0,0.0,0.0,0.0
GDI2,,N/A,N/A,N/A,0,0,0,0,0,0.0,0.0,0.0,0.0,0.0,0.0,0.0
SURF4,,N/A,N/A,N/A,0,0,0,0,0,0.0,0.0,0.0,0.0,0.0,0.0,0.0
SLC16A4,,N/A,N/A,N/A,0,0,0,0,0,0.0,0.0,0.0,0.0,0.0,0.0,0.0
SPNS1,,N/A,N/A,N/A,0,0,0,0,0,0.0,0.0,0.0,0.0,0.0,0.0,0.0
RXRA,,N/A,N/A,N/A,0,0,0,0,0,0.0,0.0,0.0,0.0,0.0,0.0,0.0
NDUFA12,,N/A,N/A,N/A,0,0,0,0,0,0.0,0.0,0.0,0.0,0.0,0.0,0.0
SLC12A7,,N/A,N/A,N/A,0,0,0,0,0,0.0,0.0,0.0,0.0,0.0,0.0,0.0
MAPK1IP1L,,N/A,N/A,N/A,0,0,0,0,0,0.0,0.0,0.0,0.0,0.0,0.0,0.0
ACSL4,,N/A,N/A,N/A,0,0,0,0,0,0.0,0.0,0.0,0.0,0.0,0.0,0.0
NRBP1,,N/A,N/A,N/A,0,0,0,0,0,0.0,0.0,0.0,0.0,0.0,0.0,0.0
CACUL1,,N/A,N/A,N/A,0,0,0,0,0,0.0,0.0,0.0,0.0,0.0,0.0,0.0
CUEDC1,,N/A,N/A,N/A,0,0,0,0,0,0.0,0.0,0.0,0.0,0.0,0.0,0.0
PBLD,,N/A,N/A,N/A,0,0,0,0,0,0.0,0.0,0.0,0.0,0.0,0.0,0.0
EHD2,,N/A,N/A,N/A,0,0,0,0,0,0.0,0.0,0.0,0.0,0.0,0.0,0.0
ISOC2,,N/A,N/A,N/A,0,0,0,0,0,0.0,0.0,0.0,0.0,0.0,0.0,0.0
GSTM4,,N/A,N/A,N/A,0,0,0,0,0,0.0,0.0,0.0,0.0,0.0,0.0,0.0
LRRC40,,N/A,N/A,N/A,0,0,0,0,0,0.0,0.0,0.0,0.0,0.0,0.0,0.0
CLDN11,,N/A,N/A,N/A,0,0,0,0,0,0.0,0.0,0.0,0.0,0.0,0.0,0.0
ATPAF2,,N/A,N/A,N/A,0,0,0,0,0,0.0,0.0,0.0,0.0,0.0,0.0,0.0
HES4,,N/A,N/A,N/A,0,0,0,0,0,0.0,0.0,0.0,0.0,0.0,0.0,0.0
HELZ,,N/A,N/A,N/A,0,0,0,0,0,0.0,0.0,0.0,0.0,0.0,0.0,0.0
AP2B1,,N/A,N/A,N/A,0,0,0,0,0,0.0,0.0,0.0,0.0,0.0,0.0,0.0
ORMDL1,,N/A,N/A,N/A,0,0,0,0,0,0.0,0.0,0.0,0.0,0.0,0.0,0.0
PPP4R1,,N/A,N/A,N/A,0,0,0,0,0,0.0,0.0,0.0,0.0,0.0,0.0,0.0
MLLT11,,N/A,N/A,N/A,0,0,0,0,0,0.0,0.0,0.0,0.0,0.0,0.0,0.0
PPP4C,,N/A,N/A,N/A,0,0,0,0,0,0.0,0.0,0.0,0.0,0.0,0.0,0.0
TRNP1,,N/A,N/A,N/A,0,0,0,0,0,0.0,0.0,0.0,0.0,0.0,0.0,0.0
LRRC7,,N/A,N/A,N/A,0,0,0,0,0,0.0,0.0,0.0,0.0,0.0,0.0,0.0
RPP40,,N/A,N/A,N/A,0,0,0,0,0,0.0,0.0,0.0,0.0,0.0,0.0,0.0
PUF60,,N/A,N/A,N/A,0,0,0,0,0,0.0,0.0,0.0,0.0,0.0,0.0,0.0
NDC80,,N/A,N/A,N/A,0,0,0,0,0,0.0,0.0,0.0,0.0,0.0,0.0,0.0
FAM89B,,N/A,N/A,N/A,0,0,0,0,0,0.0,0.0,0.0,0.0,0.0,0.0,0.0
ZSCAN16-AS1,,N/A,N/A,N/A,0,0,0,0,0,0.0,0.0,0.0,0.0,0.0,0.0,0.0
ACTR2,,N/A,N/A,N/A,0,0,0,0,0,0.0,0.0,0.0,0.0,0.0,0.0,0.0
TPRG1,,N/A,N/A,N/A,0,0,0,0,0,0.0,0.0,0.0,0.0,0.0,0.0,0.0
FAM186B,,N/A,N/A,N/A,0,0,0,0,0,0.0,0.0,0.0,0.0,0.0,0.0,0.0
PTTG1IP,,N/A,N/A,N/A,0,0,0,0,0,0.0,0.0,0.0,0.0,0.0,0.0,0.0
ATAD3A,,N/A,N/A,N/A,0,0,0,0,0,0.0,0.0,0.0,0.0,0.0,0.0,0.0
ERICH1,,N/A,N/A,N/A,0,0,0,0,0,0.0,0.0,0.0,0.0,0.0,0.0,0.0
TMEM68,,N/A,N/A,N/A,0,0,0,0,0,0.0,0.0,0.0,0.0,0.0,0.0,0.0
NUP35,,N/A,N/A,N/A,0,0,0,0,0,0.0,0.0,0.0,0.0,0.0,0.0,0.0
PRSS21,,N/A,N/A,N/A,0,0,0,0,0,0.0,0.0,0.0,0.0,0.0,0.0,0.0
SLC35B3,,N/A,N/A,N/A,0,0,0,0,0,0.0,0.0,0.0,0.0,0.0,0.0,0.0
N4BP2,,N/A,N/A,N/A,0,0,0,0,0,0.0,0.0,0.0,0.0,0.0,0.0,0.0
ZBTB4,,N/A,N/A,N/A,0,0,0,0,0,0.0,0.0,0.0,0.0,0.0,0.0,0.0
DRAM2,,N/A,N/A,N/A,0,0,0,0,0,0.0,0.0,0.0,0.0,0.0,0.0,0.0
RMI2,,N/A,N/A,N/A,0,0,0,0,0,0.0,0.0,0.0,0.0,0.0,0.0,0.0
HCFC1,,N/A,N/A,N/A,0,0,0,0,0,0.0,0.0,0.0,0.0,0.0,0.0,0.0
RNF168,,N/A,N/A,N/A,0,0,0,0,0,0.0,0.0,0.0,0.0,0.0,0.0,0.0
DIP2C,,N/A,N/A,N/A,0,0,0,0,0,0.0,0.0,0.0,0.0,0.0,0.0,0.0
SF3A3,,N/A,N/A,N/A,0,0,0,0,0,0.0,0.0,0.0,0.0,0.0,0.0,0.0
PSMA6,,N/A,N/A,N/A,0,0,0,0,0,0.0,0.0,0.0,0.0,0.0,0.0,0.0
DDX56,,N/A,N/A,N/A,0,0,0,0,0,0.0,0.0,0.0,0.0,0.0,0.0,0.0
CDAN1,,N/A,N/A,N/A,0,0,0,0,0,0.0,0.0,0.0,0.0,0.0,0.0,0.0
ROMO1,,N/A,N/A,N/A,0,0,0,0,0,0.0,0.0,0.0,0.0,0.0,0.0,0.0
TERF2,,N/A,N/A,N/A,0,0,0,0,0,0.0,0.0,0.0,0.0,0.0,0.0,0.0
FITM2,,N/A,N/A,N/A,0,0,0,0,0,0.0,0.0,0.0,0.0,0.0,0.0,0.0
HELLS,,N/A,N/A,N/A,0,0,0,0,0,0.0,0.0,0.0,0.0,0.0,0.0,0.0
ANKRD46,,N/A,N/A,N/A,0,0,0,0,0,0.0,0.0,0.0,0.0,0.0,0.0,0.0
THUMPD3,,N/A,N/A,N/A,0,0,0,0,0,0.0,0.0,0.0,0.0,0.0,0.0,0.0
HTATIP2,,N/A,N/A,N/A,0,0,0,0,0,0.0,0.0,0.0,0.0,0.0,0.0,0.0
LRRC37A2,,N/A,N/A,N/A,0,0,0,0,0,0.0,0.0,0.0,0.0,0.0,0.0,0.0
PLEKHA1,,N/A,N/A,N/A,0,0,0,0,0,0.0,0.0,0.0,0.0,0.0,0.0,0.0
ZNF527,,N/A,N/A,N/A,0,0,0,0,0,0.0,0.0,0.0,0.0,0.0,0.0,0.0
CLP1,,N/A,N/A,N/A,0,0,0,0,0,0.0,0.0,0.0,0.0,0.0,0.0,0.0
TYROBP,,N/A,N/A,N/A,0,0,0,0,0,0.0,0.0,0.0,0.0,0.0,0.0,0.0
PRKAG1,,N/A,N/A,N/A,0,0,0,0,0,0.0,0.0,0.0,0.0,0.0,0.0,0.0
TTN-AS1,,N/A,N/A,N/A,0,0,0,0,0,0.0,0.0,0.0,0.0,0.0,0.0,0.0
UBE2G2,,N/A,N/A,N/A,0,0,0,0,0,0.0,0.0,0.0,0.0,0.0,0.0,0.0
IARS2,,N/A,N/A,N/A,0,0,0,0,0,0.0,0.0,0.0,0.0,0.0,0.0,0.0
CEP76,,N/A,N/A,N/A,0,0,0,0,0,0.0,0.0,0.0,0.0,0.0,0.0,0.0
PNMA1,,N/A,N/A,N/A,0,0,0,0,0,0.0,0.0,0.0,0.0,0.0,0.0,0.0
GPR135,,N/A,N/A,N/A,0,0,0,0,0,0.0,0.0,0.0,0.0,0.0,0.0,0.0
C5orf24,,N/A,N/A,N/A,0,0,0,0,0,0.0,0.0,0.0,0.0,0.0,0.0,0.0
RAB20,,N/A,N/A,N/A,0,0,0,0,0,0.0,0.0,0.0,0.0,0.0,0.0,0.0
PIGZ,,N/A,N/A,N/A,0,0,0,0,0,0.0,0.0,0.0,0.0,0.0,0.0,0.0
IFT46,,N/A,N/A,N/A,0,0,0,0,0,0.0,0.0,0.0,0.0,0.0,0.0,0.0
RPL24,,N/A,N/A,N/A,0,0,0,0,0,0.0,0.0,0.0,0.0,0.0,0.0,0.0
GPSM3,,N/A,N/A,N/A,0,0,0,0,0,0.0,0.0,0.0,0.0,0.0,0.0,0.0
CNNM2,,N/A,N/A,N/A,0,0,0,0,0,0.0,0.0,0.0,0.0,0.0,0.0,0.0
COMTD1,,N/A,N/A,N/A,0,0,0,0,0,0.0,0.0,0.0,0.0,0.0,0.0,0.0
FAM13A-AS1,,N/A,N/A,N/A,0,0,0,0,0,0.0,0.0,0.0,0.0,0.0,0.0,0.0
U2AF1L4,,N/A,N/A,N/A,0,0,0,0,0,0.0,0.0,0.0,0.0,0.0,0.0,0.0
FAM20A,,N/A,N/A,N/A,0,0,0,0,0,0.0,0.0,0.0,0.0,0.0,0.0,0.0
LRRC8A,,N/A,N/A,N/A,0,0,0,0,0,0.0,0.0,0.0,0.0,0.0,0.0,0.0
GLRX3,,N/A,N/A,N/A,0,0,0,0,0,0.0,0.0,0.0,0.0,0.0,0.0,0.0
EHD1,,N/A,N/A,N/A,0,0,0,0,0,0.0,0.0,0.0,0.0,0.0,0.0,0.0
VWA8,,N/A,N/A,N/A,0,0,0,0,0,0.0,0.0,0.0,0.0,0.0,0.0,0.0
FAM184B,,N/A,N/A,N/A,0,0,0,0,0,0.0,0.0,0.0,0.0,0.0,0.0,0.0
C1D,,N/A,N/A,N/A,0,0,0,0,0,0.0,0.0,0.0,0.0,0.0,0.0,0.0
MYEOV,,N/A,N/A,N/A,0,0,0,0,0,0.0,0.0,0.0,0.0,0.0,0.0,0.0
IREB2,,N/A,N/A,N/A,0,0,0,0,0,0.0,0.0,0.0,0.0,0.0,0.0,0.0
CYB561D2,,N/A,N/A,N/A,0,0,0,0,0,0.0,0.0,0.0,0.0,0.0,0.0,0.0
NDEL1,,N/A,N/A,N/A,0,0,0,0,0,0.0,0.0,0.0,0.0,0.0,0.0,0.0
MOSPD1,,N/A,N/A,N/A,0,0,0,0,0,0.0,0.0,0.0,0.0,0.0,0.0,0.0
USP54,,N/A,N/A,N/A,0,0,0,0,0,0.0,0.0,0.0,0.0,0.0,0.0,0.0
SUGT1,,N/A,N/A,N/A,0,0,0,0,0,0.0,0.0,0.0,0.0,0.0,0.0,0.0
RNF175,,N/A,N/A,N/A,0,0,0,0,0,0.0,0.0,0.0,0.0,0.0,0.0,0.0
ZNF713,,N/A,N/A,N/A,0,0,0,0,0,0.0,0.0,0.0,0.0,0.0,0.0,0.0
WIPF2,,N/A,N/A,N/A,0,0,0,0,0,0.0,0.0,0.0,0.0,0.0,0.0,0.0
NFATC3,,N/A,N/A,N/A,0,0,0,0,0,0.0,0.0,0.0,0.0,0.0,0.0,0.0
ZFAND4,,N/A,N/A,N/A,0,0,0,0,0,0.0,0.0,0.0,0.0,0.0,0.0,0.0
DENND2C,,N/A,N/A,N/A,0,0,0,0,0,0.0,0.0,0.0,0.0,0.0,0.0,0.0
ALAS1,,N/A,N/A,N/A,0,0,0,0,0,0.0,0.0,0.0,0.0,0.0,0.0,0.0
ORMDL3,,N/A,N/A,N/A,0,0,0,0,0,0.0,0.0,0.0,0.0,0.0,0.0,0.0
CEBPG,,N/A,N/A,N/A,0,0,0,0,0,0.0,0.0,0.0,0.0,0.0,0.0,0.0
KCNK1,,N/A,N/A,N/A,0,0,0,0,0,0.0,0.0,0.0,0.0,0.0,0.0,0.0
ATP13A3,,N/A,N/A,N/A,0,0,0,0,0,0.0,0.0,0.0,0.0,0.0,0.0,0.0
TRMT61A,,N/A,N/A,N/A,0,0,0,0,0,0.0,0.0,0.0,0.0,0.0,0.0,0.0
IFI35,,N/A,N/A,N/A,0,0,0,0,0,0.0,0.0,0.0,0.0,0.0,0.0,0.0
SHOC2,,N/A,N/A,N/A,0,0,0,0,0,0.0,0.0,0.0,0.0,0.0,0.0,0.0
MRPL12,,N/A,N/A,N/A,0,0,0,0,0,0.0,0.0,0.0,0.0,0.0,0.0,0.0
JOSD1,,N/A,N/A,N/A,0,0,0,0,0,0.0,0.0,0.0,0.0,0.0,0.0,0.0
SH3BP5-AS1,,N/A,N/A,N/A,0,0,0,0,0,0.0,0.0,0.0,0.0,0.0,0.0,0.0
PSME2,,N/A,N/A,N/A,0,0,0,0,0,0.0,0.0,0.0,0.0,0.0,0.0,0.0
ARID2,,N/A,N/A,N/A,0,0,0,0,0,0.0,0.0,0.0,0.0,0.0,0.0,0.0
DHX37,,N/A,N/A,N/A,0,0,0,0,0,0.0,0.0,0.0,0.0,0.0,0.0,0.0
TBC1D9B,,N/A,N/A,N/A,0,0,0,0,0,0.0,0.0,0.0,0.0,0.0,0.0,0.0
CLIC1,,N/A,N/A,N/A,0,0,0,0,0,0.0,0.0,0.0,0.0,0.0,0.0,0.0
ZNF567,,N/A,N/A,N/A,0,0,0,0,0,0.0,0.0,0.0,0.0,0.0,0.0,0.0
PNPLA7,,N/A,N/A,N/A,0,0,0,0,0,0.0,0.0,0.0,0.0,0.0,0.0,0.0
IFIT1,,N/A,N/A,N/A,0,0,0,0,0,0.0,0.0,0.0,0.0,0.0,0.0,0.0
PDHA1,,N/A,N/A,N/A,0,0,0,0,0,0.0,0.0,0.0,0.0,0.0,0.0,0.0
PGAM5,,N/A,N/A,N/A,0,0,0,0,0,0.0,0.0,0.0,0.0,0.0,0.0,0.0
PODXL2,,N/A,N/A,N/A,0,0,0,0,0,0.0,0.0,0.0,0.0,0.0,0.0,0.0
MEGF11,,N/A,N/A,N/A,0,0,0,0,0,0.0,0.0,0.0,0.0,0.0,0.0,0.0
PTPDC1,,N/A,N/A,N/A,0,0,0,0,0,0.0,0.0,0.0,0.0,0.0,0.0,0.0
REV3L,,N/A,N/A,N/A,0,0,0,0,0,0.0,0.0,0.0,0.0,0.0,0.0,0.0
WDR20,,N/A,N/A,N/A,0,0,0,0,0,0.0,0.0,0.0,0.0,0.0,0.0,0.0
ZNF75A,,N/A,N/A,N/A,0,0,0,0,0,0.0,0.0,0.0,0.0,0.0,0.0,0.0
CCDC120,,N/A,N/A,N/A,0,0,0,0,0,0.0,0.0,0.0,0.0,0.0,0.0,0.0
ZNF385A,,N/A,N/A,N/A,0,0,0,0,0,0.0,0.0,0.0,0.0,0.0,0.0,0.0
NCSTN,,N/A,N/A,N/A,0,0,0,0,0,0.0,0.0,0.0,0.0,0.0,0.0,0.0
ZSWIM3,,N/A,N/A,N/A,0,0,0,0,0,0.0,0.0,0.0,0.0,0.0,0.0,0.0
PSMD4,,N/A,N/A,N/A,0,0,0,0,0,0.0,0.0,0.0,0.0,0.0,0.0,0.0
GSTM3,,N/A,N/A,N/A,0,0,0,0,0,0.0,0.0,0.0,0.0,0.0,0.0,0.0
MCM3AP,,N/A,N/A,N/A,0,0,0,0,0,0.0,0.0,0.0,0.0,0.0,0.0,0.0
FAM229A,,N/A,N/A,N/A,0,0,0,0,0,0.0,0.0,0.0,0.0,0.0,0.0,0.0
KATNAL2,,N/A,N/A,N/A,0,0,0,0,0,0.0,0.0,0.0,0.0,0.0,0.0,0.0
CHST12,,N/A,N/A,N/A,0,0,0,0,0,0.0,0.0,0.0,0.0,0.0,0.0,0.0
MTPAP,,N/A,N/A,N/A,0,0,0,0,0,0.0,0.0,0.0,0.0,0.0,0.0,0.0
TSFM,,N/A,N/A,N/A,0,0,0,0,0,0.0,0.0,0.0,0.0,0.0,0.0,0.0
XYLT1,,N/A,N/A,N/A,0,0,0,0,0,0.0,0.0,0.0,0.0,0.0,0.0,0.0
NDUFS7,,N/A,N/A,N/A,0,0,0,0,0,0.0,0.0,0.0,0.0,0.0,0.0,0.0
SMIM20,,N/A,N/A,N/A,0,0,0,0,0,0.0,0.0,0.0,0.0,0.0,0.0,0.0
COMMD4,,N/A,N/A,N/A,0,0,0,0,0,0.0,0.0,0.0,0.0,0.0,0.0,0.0
DNAJA4,,N/A,N/A,N/A,0,0,0,0,0,0.0,0.0,0.0,0.0,0.0,0.0,0.0
SUPT16H,,N/A,N/A,N/A,0,0,0,0,0,0.0,0.0,0.0,0.0,0.0,0.0,0.0
RPL17,,N/A,N/A,N/A,0,0,0,0,0,0.0,0.0,0.0,0.0,0.0,0.0,0.0
ARL6,,N/A,N/A,N/A,0,0,0,0,0,0.0,0.0,0.0,0.0,0.0,0.0,0.0
TMEM184C,,N/A,N/A,N/A,0,0,0,0,0,0.0,0.0,0.0,0.0,0.0,0.0,0.0
TRDMT1,,N/A,N/A,N/A,0,0,0,0,0,0.0,0.0,0.0,0.0,0.0,0.0,0.0
CTSZ,,N/A,N/A,N/A,0,0,0,0,0,0.0,0.0,0.0,0.0,0.0,0.0,0.0
ZNF66,,N/A,N/A,N/A,0,0,0,0,0,0.0,0.0,0.0,0.0,0.0,0.0,0.0
LDB2,,N/A,N/A,N/A,0,0,0,0,0,0.0,0.0,0.0,0.0,0.0,0.0,0.0
TM2D1,,N/A,N/A,N/A,0,0,0,0,0,0.0,0.0,0.0,0.0,0.0,0.0,0.0
PRMT3,,N/A,N/A,N/A,0,0,0,0,0,0.0,0.0,0.0,0.0,0.0,0.0,0.0
CCDC80,,N/A,N/A,N/A,0,0,0,0,0,0.0,0.0,0.0,0.0,0.0,0.0,0.0
DHX57,,N/A,N/A,N/A,0,0,0,0,0,0.0,0.0,0.0,0.0,0.0,0.0,0.0
ABHD5,,N/A,N/A,N/A,0,0,0,0,0,0.0,0.0,0.0,0.0,0.0,0.0,0.0
IGFBP6,,N/A,N/A,N/A,0,0,0,0,0,0.0,0.0,0.0,0.0,0.0,0.0,0.0
ZDHHC2,,N/A,N/A,N/A,0,0,0,0,0,0.0,0.0,0.0,0.0,0.0,0.0,0.0
FKBP8,,N/A,N/A,N/A,0,0,0,0,0,0.0,0.0,0.0,0.0,0.0,0.0,0.0
AMBRA1,,N/A,N/A,N/A,0,0,0,0,0,0.0,0.0,0.0,0.0,0.0,0.0,0.0
CDC73,,N/A,N/A,N/A,0,0,0,0,0,0.0,0.0,0.0,0.0,0.0,0.0,0.0
MTBP,,N/A,N/A,N/A,0,0,0,0,0,0.0,0.0,0.0,0.0,0.0,0.0,0.0
NDUFS5,,N/A,N/A,N/A,0,0,0,0,0,0.0,0.0,0.0,0.0,0.0,0.0,0.0
IQSEC1,,N/A,N/A,N/A,0,0,0,0,0,0.0,0.0,0.0,0.0,0.0,0.0,0.0
ZNF462,,N/A,N/A,N/A,0,0,0,0,0,0.0,0.0,0.0,0.0,0.0,0.0,0.0
RAB4A,,N/A,N/A,N/A,0,0,0,0,0,0.0,0.0,0.0,0.0,0.0,0.0,0.0
SRGN,,N/A,N/A,N/A,0,0,0,0,0,0.0,0.0,0.0,0.0,0.0,0.0,0.0
RNF113A,,N/A,N/A,N/A,0,0,0,0,0,0.0,0.0,0.0,0.0,0.0,0.0,0.0
ZNF502,,N/A,N/A,N/A,0,0,0,0,0,0.0,0.0,0.0,0.0,0.0,0.0,0.0
ZDHHC20,,N/A,N/A,N/A,0,0,0,0,0,0.0,0.0,0.0,0.0,0.0,0.0,0.0
DUSP5,,N/A,N/A,N/A,0,0,0,0,0,0.0,0.0,0.0,0.0,0.0,0.0,0.0
HUS1,,N/A,N/A,N/A,0,0,0,0,0,0.0,0.0,0.0,0.0,0.0,0.0,0.0
CPSF1,,N/A,N/A,N/A,0,0,0,0,0,0.0,0.0,0.0,0.0,0.0,0.0,0.0
PLCB4,,N/A,N/A,N/A,0,0,0,0,0,0.0,0.0,0.0,0.0,0.0,0.0,0.0
MOV10,,N/A,N/A,N/A,0,0,0,0,0,0.0,0.0,0.0,0.0,0.0,0.0,0.0
CEP85L,,N/A,N/A,N/A,0,0,0,0,0,0.0,0.0,0.0,0.0,0.0,0.0,0.0
CRNKL1,,N/A,N/A,N/A,0,0,0,0,0,0.0,0.0,0.0,0.0,0.0,0.0,0.0
TAF1,,N/A,N/A,N/A,0,0,0,0,0,0.0,0.0,0.0,0.0,0.0,0.0,0.0
ANO8,,N/A,N/A,N/A,0,0,0,0,0,0.0,0.0,0.0,0.0,0.0,0.0,0.0
SKA3,,N/A,N/A,N/A,0,0,0,0,0,0.0,0.0,0.0,0.0,0.0,0.0,0.0
DIP2A,,N/A,N/A,N/A,0,0,0,0,0,0.0,0.0,0.0,0.0,0.0,0.0,0.0
ADAM15,,N/A,N/A,N/A,0,0,0,0,0,0.0,0.0,0.0,0.0,0.0,0.0,0.0
METTL18,,N/A,N/A,N/A,0,0,0,0,0,0.0,0.0,0.0,0.0,0.0,0.0,0.0
GHITM,,N/A,N/A,N/A,0,0,0,0,0,0.0,0.0,0.0,0.0,0.0,0.0,0.0
RPL18,,N/A,N/A,N/A,0,0,0,0,0,0.0,0.0,0.0,0.0,0.0,0.0,0.0
MAN2A2,,N/A,N/A,N/A,0,0,0,0,0,0.0,0.0,0.0,0.0,0.0,0.0,0.0
KRBA2,,N/A,N/A,N/A,0,0,0,0,0,0.0,0.0,0.0,0.0,0.0,0.0,0.0
PCBP1,,N/A,N/A,N/A,0,0,0,0,0,0.0,0.0,0.0,0.0,0.0,0.0,0.0
LRRC23,,N/A,N/A,N/A,0,0,0,0,0,0.0,0.0,0.0,0.0,0.0,0.0,0.0
AIMP2,,N/A,N/A,N/A,0,0,0,0,0,0.0,0.0,0.0,0.0,0.0,0.0,0.0
TSPAN3,,N/A,N/A,N/A,0,0,0,0,0,0.0,0.0,0.0,0.0,0.0,0.0,0.0
SLC16A5,,N/A,N/A,N/A,0,0,0,0,0,0.0,0.0,0.0,0.0,0.0,0.0,0.0
TRIM59,,N/A,N/A,N/A,0,0,0,0,0,0.0,0.0,0.0,0.0,0.0,0.0,0.0
TTC21B,,N/A,N/A,N/A,0,0,0,0,0,0.0,0.0,0.0,0.0,0.0,0.0,0.0
FAM32A,,N/A,N/A,N/A,0,0,0,0,0,0.0,0.0,0.0,0.0,0.0,0.0,0.0
ZNF519,,N/A,N/A,N/A,0,0,0,0,0,0.0,0.0,0.0,0.0,0.0,0.0,0.0
APOL6,,N/A,N/A,N/A,0,0,0,0,0,0.0,0.0,0.0,0.0,0.0,0.0,0.0
MIR4458HG,,N/A,N/A,N/A,0,0,0,0,0,0.0,0.0,0.0,0.0,0.0,0.0,0.0
ZNF74,,N/A,N/A,N/A,0,0,0,0,0,0.0,0.0,0.0,0.0,0.0,0.0,0.0
MAN1A2,,N/A,N/A,N/A,0,0,0,0,0,0.0,0.0,0.0,0.0,0.0,0.0,0.0
CIAO1,,N/A,N/A,N/A,0,0,0,0,0,0.0,0.0,0.0,0.0,0.0,0.0,0.0
ZBTB44,,N/A,N/A,N/A,0,0,0,0,0,0.0,0.0,0.0,0.0,0.0,0.0,0.0
RNMT,,N/A,N/A,N/A,0,0,0,0,0,0.0,0.0,0.0,0.0,0.0,0.0,0.0
ASAP1,,N/A,N/A,N/A,0,0,0,0,0,0.0,0.0,0.0,0.0,0.0,0.0,0.0
DIAPH2-AS1,,N/A,N/A,N/A,0,0,0,0,0,0.0,0.0,0.0,0.0,0.0,0.0,0.0
DNAJC14,,N/A,N/A,N/A,0,0,0,0,0,0.0,0.0,0.0,0.0,0.0,0.0,0.0
DPP7,,N/A,N/A,N/A,0,0,0,0,0,0.0,0.0,0.0,0.0,0.0,0.0,0.0
MARK2,,N/A,N/A,N/A,0,0,0,0,0,0.0,0.0,0.0,0.0,0.0,0.0,0.0
BLOC1S2,,N/A,N/A,N/A,0,0,0,0,0,0.0,0.0,0.0,0.0,0.0,0.0,0.0
NAB1,,N/A,N/A,N/A,0,0,0,0,0,0.0,0.0,0.0,0.0,0.0,0.0,0.0
ZNF629,,N/A,N/A,N/A,0,0,0,0,0,0.0,0.0,0.0,0.0,0.0,0.0,0.0
ACTL6A,,N/A,N/A,N/A,0,0,0,0,0,0.0,0.0,0.0,0.0,0.0,0.0,0.0
CCDC28B,,N/A,N/A,N/A,0,0,0,0,0,0.0,0.0,0.0,0.0,0.0,0.0,0.0
LNPEP,,N/A,N/A,N/A,0,0,0,0,0,0.0,0.0,0.0,0.0,0.0,0.0,0.0
MYH10,,N/A,N/A,N/A,0,0,0,0,0,0.0,0.0,0.0,0.0,0.0,0.0,0.0
AP1G1,,N/A,N/A,N/A,0,0,0,0,0,0.0,0.0,0.0,0.0,0.0,0.0,0.0
DIS3L2,,N/A,N/A,N/A,0,0,0,0,0,0.0,0.0,0.0,0.0,0.0,0.0,0.0
CIR1,,N/A,N/A,N/A,0,0,0,0,0,0.0,0.0,0.0,0.0,0.0,0.0,0.0
DCAF13,,N/A,N/A,N/A,0,0,0,0,0,0.0,0.0,0.0,0.0,0.0,0.0,0.0
MPHOSPH6,,N/A,N/A,N/A,0,0,0,0,0,0.0,0.0,0.0,0.0,0.0,0.0,0.0
CRISPLD2,,N/A,N/A,N/A,0,0,0,0,0,0.0,0.0,0.0,0.0,0.0,0.0,0.0
NFATC1,,N/A,N/A,N/A,0,0,0,0,0,0.0,0.0,0.0,0.0,0.0,0.0,0.0
SMPD2,,N/A,N/A,N/A,0,0,0,0,0,0.0,0.0,0.0,0.0,0.0,0.0,0.0
SLCO3A1,,N/A,N/A,N/A,0,0,0,0,0,0.0,0.0,0.0,0.0,0.0,0.0,0.0
TAF5,,N/A,N/A,N/A,0,0,0,0,0,0.0,0.0,0.0,0.0,0.0,0.0,0.0
FBXW4,,N/A,N/A,N/A,0,0,0,0,0,0.0,0.0,0.0,0.0,0.0,0.0,0.0
KLHL28,,N/A,N/A,N/A,0,0,0,0,0,0.0,0.0,0.0,0.0,0.0,0.0,0.0
RIOK3,,N/A,N/A,N/A,0,0,0,0,0,0.0,0.0,0.0,0.0,0.0,0.0,0.0
DEAF1,,N/A,N/A,N/A,0,0,0,0,0,0.0,0.0,0.0,0.0,0.0,0.0,0.0
ARMC7,,N/A,N/A,N/A,0,0,0,0,0,0.0,0.0,0.0,0.0,0.0,0.0,0.0
BBS4,,N/A,N/A,N/A,0,0,0,0,0,0.0,0.0,0.0,0.0,0.0,0.0,0.0
MTA1,,N/A,N/A,N/A,0,0,0,0,0,0.0,0.0,0.0,0.0,0.0,0.0,0.0
CHERP,,N/A,N/A,N/A,0,0,0,0,0,0.0,0.0,0.0,0.0,0.0,0.0,0.0
ZBTB37,,N/A,N/A,N/A,0,0,0,0,0,0.0,0.0,0.0,0.0,0.0,0.0,0.0
TRAF6,,N/A,N/A,N/A,0,0,0,0,0,0.0,0.0,0.0,0.0,0.0,0.0,0.0
CDC25B,,N/A,N/A,N/A,0,0,0,0,0,0.0,0.0,0.0,0.0,0.0,0.0,0.0
TPGS2,,N/A,N/A,N/A,0,0,0,0,0,0.0,0.0,0.0,0.0,0.0,0.0,0.0
SLC44A5,,N/A,N/A,N/A,0,0,0,0,0,0.0,0.0,0.0,0.0,0.0,0.0,0.0
ASTN2,,N/A,N/A,N/A,0,0,0,0,0,0.0,0.0,0.0,0.0,0.0,0.0,0.0
SIX5,,N/A,N/A,N/A,0,0,0,0,0,0.0,0.0,0.0,0.0,0.0,0.0,0.0
MAP1LC3A,,N/A,N/A,N/A,0,0,0,0,0,0.0,0.0,0.0,0.0,0.0,0.0,0.0
ARHGEF25,,N/A,N/A,N/A,0,0,0,0,0,0.0,0.0,0.0,0.0,0.0,0.0,0.0
C2CD5,,N/A,N/A,N/A,0,0,0,0,0,0.0,0.0,0.0,0.0,0.0,0.0,0.0
MRPL50,,N/A,N/A,N/A,0,0,0,0,0,0.0,0.0,0.0,0.0,0.0,0.0,0.0
WDR7,,N/A,N/A,N/A,0,0,0,0,0,0.0,0.0,0.0,0.0,0.0,0.0,0.0
TRIM16,,N/A,N/A,N/A,0,0,0,0,0,0.0,0.0,0.0,0.0,0.0,0.0,0.0
PLRG1,,N/A,N/A,N/A,0,0,0,0,0,0.0,0.0,0.0,0.0,0.0,0.0,0.0
EYA3,,N/A,N/A,N/A,0,0,0,0,0,0.0,0.0,0.0,0.0,0.0,0.0,0.0
INO80,,N/A,N/A,N/A,0,0,0,0,0,0.0,0.0,0.0,0.0,0.0,0.0,0.0
OGFRL1,,N/A,N/A,N/A,0,0,0,0,0,0.0,0.0,0.0,0.0,0.0,0.0,0.0
BRF1,,N/A,N/A,N/A,0,0,0,0,0,0.0,0.0,0.0,0.0,0.0,0.0,0.0
SUSD1,,N/A,N/A,N/A,0,0,0,0,0,0.0,0.0,0.0,0.0,0.0,0.0,0.0
RDH5,,N/A,N/A,N/A,0,0,0,0,0,0.0,0.0,0.0,0.0,0.0,0.0,0.0
CUL7,,N/A,N/A,N/A,0,0,0,0,0,0.0,0.0,0.0,0.0,0.0,0.0,0.0
WNK4,,N/A,N/A,N/A,0,0,0,0,0,0.0,0.0,0.0,0.0,0.0,0.0,0.0
ARVCF,,N/A,N/A,N/A,0,0,0,0,0,0.0,0.0,0.0,0.0,0.0,0.0,0.0
ALG14,,N/A,N/A,N/A,0,0,0,0,0,0.0,0.0,0.0,0.0,0.0,0.0,0.0
ANKRD23,,N/A,N/A,N/A,0,0,0,0,0,0.0,0.0,0.0,0.0,0.0,0.0,0.0
STAP2,,N/A,N/A,N/A,0,0,0,0,0,0.0,0.0,0.0,0.0,0.0,0.0,0.0
SGTA,,N/A,N/A,N/A,0,0,0,0,0,0.0,0.0,0.0,0.0,0.0,0.0,0.0
MXD1,,N/A,N/A,N/A,0,0,0,0,0,0.0,0.0,0.0,0.0,0.0,0.0,0.0
CCDC126,,N/A,N/A,N/A,0,0,0,0,0,0.0,0.0,0.0,0.0,0.0,0.0,0.0
IDH3G,,N/A,N/A,N/A,0,0,0,0,0,0.0,0.0,0.0,0.0,0.0,0.0,0.0
PPM1B,,N/A,N/A,N/A,0,0,0,0,0,0.0,0.0,0.0,0.0,0.0,0.0,0.0
FAM222A,,N/A,N/A,N/A,0,0,0,0,0,0.0,0.0,0.0,0.0,0.0,0.0,0.0
ARL4C,,N/A,N/A,N/A,0,0,0,0,0,0.0,0.0,0.0,0.0,0.0,0.0,0.0
ITGA10,,N/A,N/A,N/A,0,0,0,0,0,0.0,0.0,0.0,0.0,0.0,0.0,0.0
BANF1,,N/A,N/A,N/A,0,0,0,0,0,0.0,0.0,0.0,0.0,0.0,0.0,0.0
SOCS5,,N/A,N/A,N/A,0,0,0,0,0,0.0,0.0,0.0,0.0,0.0,0.0,0.0
ZSCAN29,,N/A,N/A,N/A,0,0,0,0,0,0.0,0.0,0.0,0.0,0.0,0.0,0.0
ZC3HC1,,N/A,N/A,N/A,0,0,0,0,0,0.0,0.0,0.0,0.0,0.0,0.0,0.0
RECQL,,N/A,N/A,N/A,0,0,0,0,0,0.0,0.0,0.0,0.0,0.0,0.0,0.0
HSPD1,,N/A,N/A,N/A,0,0,0,0,0,0.0,0.0,0.0,0.0,0.0,0.0,0.0
C11orf24,,N/A,N/A,N/A,0,0,0,0,0,0.0,0.0,0.0,0.0,0.0,0.0,0.0
C1orf35,,N/A,N/A,N/A,0,0,0,0,0,0.0,0.0,0.0,0.0,0.0,0.0,0.0
CEP250,,N/A,N/A,N/A,0,0,0,0,0,0.0,0.0,0.0,0.0,0.0,0.0,0.0
DNAJB4,,N/A,N/A,N/A,0,0,0,0,0,0.0,0.0,0.0,0.0,0.0,0.0,0.0
DGKZ,,N/A,N/A,N/A,0,0,0,0,0,0.0,0.0,0.0,0.0,0.0,0.0,0.0
TMEM42,,N/A,N/A,N/A,0,0,0,0,0,0.0,0.0,0.0,0.0,0.0,0.0,0.0
LINC00339,,N/A,N/A,N/A,0,0,0,0,0,0.0,0.0,0.0,0.0,0.0,0.0,0.0
HNRNPH3,,N/A,N/A,N/A,0,0,0,0,0,0.0,0.0,0.0,0.0,0.0,0.0,0.0
LRRC37A,,N/A,N/A,N/A,0,0,0,0,0,0.0,0.0,0.0,0.0,0.0,0.0,0.0
FBXL15,,N/A,N/A,N/A,0,0,0,0,0,0.0,0.0,0.0,0.0,0.0,0.0,0.0
CEPT1,,N/A,N/A,N/A,0,0,0,0,0,0.0,0.0,0.0,0.0,0.0,0.0,0.0
CERK,,N/A,N/A,N/A,0,0,0,0,0,0.0,0.0,0.0,0.0,0.0,0.0,0.0
LMF1,,N/A,N/A,N/A,0,0,0,0,0,0.0,0.0,0.0,0.0,0.0,0.0,0.0
EPS15L1,,N/A,N/A,N/A,0,0,0,0,0,0.0,0.0,0.0,0.0,0.0,0.0,0.0
SPAG16,,N/A,N/A,N/A,0,0,0,0,0,0.0,0.0,0.0,0.0,0.0,0.0,0.0
RAB3GAP2,,N/A,N/A,N/A,0,0,0,0,0,0.0,0.0,0.0,0.0,0.0,0.0,0.0
ISG20L2,,N/A,N/A,N/A,0,0,0,0,0,0.0,0.0,0.0,0.0,0.0,0.0,0.0
FUT8,,N/A,N/A,N/A,0,0,0,0,0,0.0,0.0,0.0,0.0,0.0,0.0,0.0
BDNF-AS,,N/A,N/A,N/A,0,0,0,0,0,0.0,0.0,0.0,0.0,0.0,0.0,0.0
SLC2A6,,N/A,N/A,N/A,0,0,0,0,0,0.0,0.0,0.0,0.0,0.0,0.0,0.0
OSTM1,,N/A,N/A,N/A,0,0,0,0,0,0.0,0.0,0.0,0.0,0.0,0.0,0.0
CCT8,,N/A,N/A,N/A,0,0,0,0,0,0.0,0.0,0.0,0.0,0.0,0.0,0.0
TTI1,,N/A,N/A,N/A,0,0,0,0,0,0.0,0.0,0.0,0.0,0.0,0.0,0.0
ARHGEF5,,N/A,N/A,N/A,0,0,0,0,0,0.0,0.0,0.0,0.0,0.0,0.0,0.0
DIAPH1,,N/A,N/A,N/A,0,0,0,0,0,0.0,0.0,0.0,0.0,0.0,0.0,0.0
MRPS33,,N/A,N/A,N/A,0,0,0,0,0,0.0,0.0,0.0,0.0,0.0,0.0,0.0
VPS52,,N/A,N/A,N/A,0,0,0,0,0,0.0,0.0,0.0,0.0,0.0,0.0,0.0
PPP1R35,,N/A,N/A,N/A,0,0,0,0,0,0.0,0.0,0.0,0.0,0.0,0.0,0.0
ACOT7,,N/A,N/A,N/A,0,0,0,0,0,0.0,0.0,0.0,0.0,0.0,0.0,0.0
PBX3,,N/A,N/A,N/A,0,0,0,0,0,0.0,0.0,0.0,0.0,0.0,0.0,0.0
EMC9,,N/A,N/A,N/A,0,0,0,0,0,0.0,0.0,0.0,0.0,0.0,0.0,0.0
LLGL1,,N/A,N/A,N/A,0,0,0,0,0,0.0,0.0,0.0,0.0,0.0,0.0,0.0
TMEM258,,N/A,N/A,N/A,0,0,0,0,0,0.0,0.0,0.0,0.0,0.0,0.0,0.0
CLK2,,N/A,N/A,N/A,0,0,0,0,0,0.0,0.0,0.0,0.0,0.0,0.0,0.0
KIF13A,,N/A,N/A,N/A,0,0,0,0,0,0.0,0.0,0.0,0.0,0.0,0.0,0.0
STARD8,,N/A,N/A,N/A,0,0,0,0,0,0.0,0.0,0.0,0.0,0.0,0.0,0.0
PNMA2,,N/A,N/A,N/A,0,0,0,0,0,0.0,0.0,0.0,0.0,0.0,0.0,0.0
ALG3,,N/A,N/A,N/A,0,0,0,0,0,0.0,0.0,0.0,0.0,0.0,0.0,0.0
SMARCD3,,N/A,N/A,N/A,0,0,0,0,0,0.0,0.0,0.0,0.0,0.0,0.0,0.0
SYNGR1,,N/A,N/A,N/A,0,0,0,0,0,0.0,0.0,0.0,0.0,0.0,0.0,0.0
ZNF142,,N/A,N/A,N/A,0,0,0,0,0,0.0,0.0,0.0,0.0,0.0,0.0,0.0
ZC3H8,,N/A,N/A,N/A,0,0,0,0,0,0.0,0.0,0.0,0.0,0.0,0.0,0.0
ZC3H4,,N/A,N/A,N/A,0,0,0,0,0,0.0,0.0,0.0,0.0,0.0,0.0,0.0
PDCD2,,N/A,N/A,N/A,0,0,0,0,0,0.0,0.0,0.0,0.0,0.0,0.0,0.0
PARP12,,N/A,N/A,N/A,0,0,0,0,0,0.0,0.0,0.0,0.0,0.0,0.0,0.0
C8orf58,,N/A,N/A,N/A,0,0,0,0,0,0.0,0.0,0.0,0.0,0.0,0.0,0.0
DSTYK,,N/A,N/A,N/A,0,0,0,0,0,0.0,0.0,0.0,0.0,0.0,0.0,0.0
DUSP16,,N/A,N/A,N/A,0,0,0,0,0,0.0,0.0,0.0,0.0,0.0,0.0,0.0
VPS26B,,N/A,N/A,N/A,0,0,0,0,0,0.0,0.0,0.0,0.0,0.0,0.0,0.0
GSTA4,,N/A,N/A,N/A,0,0,0,0,0,0.0,0.0,0.0,0.0,0.0,0.0,0.0
CYTH1,,N/A,N/A,N/A,0,0,0,0,0,0.0,0.0,0.0,0.0,0.0,0.0,0.0
OGFOD3,,N/A,N/A,N/A,0,0,0,0,0,0.0,0.0,0.0,0.0,0.0,0.0,0.0
OAZ2,,N/A,N/A,N/A,0,0,0,0,0,0.0,0.0,0.0,0.0,0.0,0.0,0.0
PPFIBP2,,N/A,N/A,N/A,0,0,0,0,0,0.0,0.0,0.0,0.0,0.0,0.0,0.0
TIA1,,N/A,N/A,N/A,0,0,0,0,0,0.0,0.0,0.0,0.0,0.0,0.0,0.0
CALCOCO1,,N/A,N/A,N/A,0,0,0,0,0,0.0,0.0,0.0,0.0,0.0,0.0,0.0
ZNF425,,N/A,N/A,N/A,0,0,0,0,0,0.0,0.0,0.0,0.0,0.0,0.0,0.0
CCT2,,N/A,N/A,N/A,0,0,0,0,0,0.0,0.0,0.0,0.0,0.0,0.0,0.0
NAGA,,N/A,N/A,N/A,0,0,0,0,0,0.0,0.0,0.0,0.0,0.0,0.0,0.0
AKR7A2,,N/A,N/A,N/A,0,0,0,0,0,0.0,0.0,0.0,0.0,0.0,0.0,0.0
TSHZ3,,N/A,N/A,N/A,0,0,0,0,0,0.0,0.0,0.0,0.0,0.0,0.0,0.0
ACOT2,,N/A,N/A,N/A,0,0,0,0,0,0.0,0.0,0.0,0.0,0.0,0.0,0.0
TUBB,,N/A,N/A,N/A,0,0,0,0,0,0.0,0.0,0.0,0.0,0.0,0.0,0.0
ABCC4,,N/A,N/A,N/A,0,0,0,0,0,0.0,0.0,0.0,0.0,0.0,0.0,0.0
ACOX3,,N/A,N/A,N/A,0,0,0,0,0,0.0,0.0,0.0,0.0,0.0,0.0,0.0
NUDT14,,N/A,N/A,N/A,0,0,0,0,0,0.0,0.0,0.0,0.0,0.0,0.0,0.0
DAAM1,,N/A,N/A,N/A,0,0,0,0,0,0.0,0.0,0.0,0.0,0.0,0.0,0.0
WDR48,,N/A,N/A,N/A,0,0,0,0,0,0.0,0.0,0.0,0.0,0.0,0.0,0.0
NOMO1,,N/A,N/A,N/A,0,0,0,0,0,0.0,0.0,0.0,0.0,0.0,0.0,0.0
SEC22A,,N/A,N/A,N/A,0,0,0,0,0,0.0,0.0,0.0,0.0,0.0,0.0,0.0
ZNF18,,N/A,N/A,N/A,0,0,0,0,0,0.0,0.0,0.0,0.0,0.0,0.0,0.0
ZNF131,,N/A,N/A,N/A,0,0,0,0,0,0.0,0.0,0.0,0.0,0.0,0.0,0.0
NADK,,N/A,N/A,N/A,0,0,0,0,0,0.0,0.0,0.0,0.0,0.0,0.0,0.0
SSH2,,N/A,N/A,N/A,0,0,0,0,0,0.0,0.0,0.0,0.0,0.0,0.0,0.0
VPS37B,,N/A,N/A,N/A,0,0,0,0,0,0.0,0.0,0.0,0.0,0.0,0.0,0.0
C19orf12,,N/A,N/A,N/A,0,0,0,0,0,0.0,0.0,0.0,0.0,0.0,0.0,0.0
ZNF20,,N/A,N/A,N/A,0,0,0,0,0,0.0,0.0,0.0,0.0,0.0,0.0,0.0
CHRNA6,,N/A,N/A,N/A,0,0,0,0,0,0.0,0.0,0.0,0.0,0.0,0.0,0.0
FMNL2,,N/A,N/A,N/A,0,0,0,0,0,0.0,0.0,0.0,0.0,0.0,0.0,0.0
MOAP1,,N/A,N/A,N/A,0,0,0,0,0,0.0,0.0,0.0,0.0,0.0,0.0,0.0
TNRC18,,N/A,N/A,N/A,0,0,0,0,0,0.0,0.0,0.0,0.0,0.0,0.0,0.0
ZNF658,,N/A,N/A,N/A,0,0,0,0,0,0.0,0.0,0.0,0.0,0.0,0.0,0.0
TTC13,,N/A,N/A,N/A,0,0,0,0,0,0.0,0.0,0.0,0.0,0.0,0.0,0.0
ANKRD17,,N/A,N/A,N/A,0,0,0,0,0,0.0,0.0,0.0,0.0,0.0,0.0,0.0
AGO3,,N/A,N/A,N/A,0,0,0,0,0,0.0,0.0,0.0,0.0,0.0,0.0,0.0
SESTD1,,N/A,N/A,N/A,0,0,0,0,0,0.0,0.0,0.0,0.0,0.0,0.0,0.0
PHAX,,N/A,N/A,N/A,0,0,0,0,0,0.0,0.0,0.0,0.0,0.0,0.0,0.0
POLR2B,,N/A,N/A,N/A,0,0,0,0,0,0.0,0.0,0.0,0.0,0.0,0.0,0.0
TANGO6,,N/A,N/A,N/A,0,0,0,0,0,0.0,0.0,0.0,0.0,0.0,0.0,0.0
D2HGDH,,N/A,N/A,N/A,0,0,0,0,0,0.0,0.0,0.0,0.0,0.0,0.0,0.0
CDIP1,,N/A,N/A,N/A,0,0,0,0,0,0.0,0.0,0.0,0.0,0.0,0.0,0.0
CTSD,,N/A,N/A,N/A,0,0,0,0,0,0.0,0.0,0.0,0.0,0.0,0.0,0.0
BTNL9,,N/A,N/A,N/A,0,0,0,0,0,0.0,0.0,0.0,0.0,0.0,0.0,0.0
SLC35B2,,N/A,N/A,N/A,0,0,0,0,0,0.0,0.0,0.0,0.0,0.0,0.0,0.0
LARP1,,N/A,N/A,N/A,0,0,0,0,0,0.0,0.0,0.0,0.0,0.0,0.0,0.0
NPDC1,,N/A,N/A,N/A,0,0,0,0,0,0.0,0.0,0.0,0.0,0.0,0.0,0.0
CPNE7,,N/A,N/A,N/A,0,0,0,0,0,0.0,0.0,0.0,0.0,0.0,0.0,0.0
HESX1,,N/A,N/A,N/A,0,0,0,0,0,0.0,0.0,0.0,0.0,0.0,0.0,0.0
FBXO30,,N/A,N/A,N/A,0,0,0,0,0,0.0,0.0,0.0,0.0,0.0,0.0,0.0
PHYKPL,,N/A,N/A,N/A,0,0,0,0,0,0.0,0.0,0.0,0.0,0.0,0.0,0.0
ABCA9,,N/A,N/A,N/A,0,0,0,0,0,0.0,0.0,0.0,0.0,0.0,0.0,0.0
RECQL5,,N/A,N/A,N/A,0,0,0,0,0,0.0,0.0,0.0,0.0,0.0,0.0,0.0
ETFB,,N/A,N/A,N/A,0,0,0,0,0,0.0,0.0,0.0,0.0,0.0,0.0,0.0
RELL1,,N/A,N/A,N/A,0,0,0,0,0,0.0,0.0,0.0,0.0,0.0,0.0,0.0
PIPOX,,N/A,N/A,N/A,0,0,0,0,0,0.0,0.0,0.0,0.0,0.0,0.0,0.0
FKBP1B,,N/A,N/A,N/A,0,0,0,0,0,0.0,0.0,0.0,0.0,0.0,0.0,0.0
FZD7,,N/A,N/A,N/A,0,0,0,0,0,0.0,0.0,0.0,0.0,0.0,0.0,0.0
HIBADH,,N/A,N/A,N/A,0,0,0,0,0,0.0,0.0,0.0,0.0,0.0,0.0,0.0
HACL1,,N/A,N/A,N/A,0,0,0,0,0,0.0,0.0,0.0,0.0,0.0,0.0,0.0
SMCR8,,N/A,N/A,N/A,0,0,0,0,0,0.0,0.0,0.0,0.0,0.0,0.0,0.0
DUSP28,,N/A,N/A,N/A,0,0,0,0,0,0.0,0.0,0.0,0.0,0.0,0.0,0.0
USP35,,N/A,N/A,N/A,0,0,0,0,0,0.0,0.0,0.0,0.0,0.0,0.0,0.0
SAE1,,N/A,N/A,N/A,0,0,0,0,0,0.0,0.0,0.0,0.0,0.0,0.0,0.0
DUSP23,,N/A,N/A,N/A,0,0,0,0,0,0.0,0.0,0.0,0.0,0.0,0.0,0.0
PRCP,,N/A,N/A,N/A,0,0,0,0,0,0.0,0.0,0.0,0.0,0.0,0.0,0.0
UNKL,,N/A,N/A,N/A,0,0,0,0,0,0.0,0.0,0.0,0.0,0.0,0.0,0.0
SLC39A6,,N/A,N/A,N/A,0,0,0,0,0,0.0,0.0,0.0,0.0,0.0,0.0,0.0
COQ4,,N/A,N/A,N/A,0,0,0,0,0,0.0,0.0,0.0,0.0,0.0,0.0,0.0
MROH6,,N/A,N/A,N/A,0,0,0,0,0,0.0,0.0,0.0,0.0,0.0,0.0,0.0
C16orf86,,N/A,N/A,N/A,0,0,0,0,0,0.0,0.0,0.0,0.0,0.0,0.0,0.0
NIT1,,N/A,N/A,N/A,0,0,0,0,0,0.0,0.0,0.0,0.0,0.0,0.0,0.0
DNAJB11,,N/A,N/A,N/A,0,0,0,0,0,0.0,0.0,0.0,0.0,0.0,0.0,0.0
ZNF331,,N/A,N/A,N/A,0,0,0,0,0,0.0,0.0,0.0,0.0,0.0,0.0,0.0
TTF2,,N/A,N/A,N/A,0,0,0,0,0,0.0,0.0,0.0,0.0,0.0,0.0,0.0
CDKN2D,,N/A,N/A,N/A,0,0,0,0,0,0.0,0.0,0.0,0.0,0.0,0.0,0.0
RBM47,,N/A,N/A,N/A,0,0,0,0,0,0.0,0.0,0.0,0.0,0.0,0.0,0.0
ATP8B2,,N/A,N/A,N/A,0,0,0,0,0,0.0,0.0,0.0,0.0,0.0,0.0,0.0
ZNF830,,N/A,N/A,N/A,0,0,0,0,0,0.0,0.0,0.0,0.0,0.0,0.0,0.0
CACNA2D3,,N/A,N/A,N/A,0,0,0,0,0,0.0,0.0,0.0,0.0,0.0,0.0,0.0
EXO5,,N/A,N/A,N/A,0,0,0,0,0,0.0,0.0,0.0,0.0,0.0,0.0,0.0
MCM4,,N/A,N/A,N/A,0,0,0,0,0,0.0,0.0,0.0,0.0,0.0,0.0,0.0
CCT7,,N/A,N/A,N/A,0,0,0,0,0,0.0,0.0,0.0,0.0,0.0,0.0,0.0
CCNG1,,N/A,N/A,N/A,0,0,0,0,0,0.0,0.0,0.0,0.0,0.0,0.0,0.0
PPM1D,,N/A,N/A,N/A,0,0,0,0,0,0.0,0.0,0.0,0.0,0.0,0.0,0.0
ZNF44,,N/A,N/A,N/A,0,0,0,0,0,0.0,0.0,0.0,0.0,0.0,0.0,0.0
DPH7,,N/A,N/A,N/A,0,0,0,0,0,0.0,0.0,0.0,0.0,0.0,0.0,0.0
ACAP1,,N/A,N/A,N/A,0,0,0,0,0,0.0,0.0,0.0,0.0,0.0,0.0,0.0
ZNF140,,N/A,N/A,N/A,0,0,0,0,0,0.0,0.0,0.0,0.0,0.0,0.0,0.0
CSNK2A2,,N/A,N/A,N/A,0,0,0,0,0,0.0,0.0,0.0,0.0,0.0,0.0,0.0
INO80B,,N/A,N/A,N/A,0,0,0,0,0,0.0,0.0,0.0,0.0,0.0,0.0,0.0
CKMT2-AS1,,N/A,N/A,N/A,0,0,0,0,0,0.0,0.0,0.0,0.0,0.0,0.0,0.0
TCEAL8,,N/A,N/A,N/A,0,0,0,0,0,0.0,0.0,0.0,0.0,0.0,0.0,0.0
PRKCD,,N/A,N/A,N/A,0,0,0,0,0,0.0,0.0,0.0,0.0,0.0,0.0,0.0
TIMM10,,N/A,N/A,N/A,0,0,0,0,0,0.0,0.0,0.0,0.0,0.0,0.0,0.0
LPAR2,,N/A,N/A,N/A,0,0,0,0,0,0.0,0.0,0.0,0.0,0.0,0.0,0.0
PRDM10,,N/A,N/A,N/A,0,0,0,0,0,0.0,0.0,0.0,0.0,0.0,0.0,0.0
INSIG2,,N/A,N/A,N/A,0,0,0,0,0,0.0,0.0,0.0,0.0,0.0,0.0,0.0
ZSCAN5A,,N/A,N/A,N/A,0,0,0,0,0,0.0,0.0,0.0,0.0,0.0,0.0,0.0
EPG5,,N/A,N/A,N/A,0,0,0,0,0,0.0,0.0,0.0,0.0,0.0,0.0,0.0
GFER,,N/A,N/A,N/A,0,0,0,0,0,0.0,0.0,0.0,0.0,0.0,0.0,0.0
IGIP,,N/A,N/A,N/A,0,0,0,0,0,0.0,0.0,0.0,0.0,0.0,0.0,0.0
TTC4,,N/A,N/A,N/A,0,0,0,0,0,0.0,0.0,0.0,0.0,0.0,0.0,0.0
PANK4,,N/A,N/A,N/A,0,0,0,0,0,0.0,0.0,0.0,0.0,0.0,0.0,0.0
HEBP2,,N/A,N/A,N/A,0,0,0,0,0,0.0,0.0,0.0,0.0,0.0,0.0,0.0
ANKRD54,,N/A,N/A,N/A,0,0,0,0,0,0.0,0.0,0.0,0.0,0.0,0.0,0.0
FEM1A,,N/A,N/A,N/A,0,0,0,0,0,0.0,0.0,0.0,0.0,0.0,0.0,0.0
ZNF649,,N/A,N/A,N/A,0,0,0,0,0,0.0,0.0,0.0,0.0,0.0,0.0,0.0
RPL36,,N/A,N/A,N/A,0,0,0,0,0,0.0,0.0,0.0,0.0,0.0,0.0,0.0
TAOK1,,N/A,N/A,N/A,0,0,0,0,0,0.0,0.0,0.0,0.0,0.0,0.0,0.0
DDX46,,N/A,N/A,N/A,0,0,0,0,0,0.0,0.0,0.0,0.0,0.0,0.0,0.0
CNOT3,,N/A,N/A,N/A,0,0,0,0,0,0.0,0.0,0.0,0.0,0.0,0.0,0.0
LINC00910,,N/A,N/A,N/A,0,0,0,0,0,0.0,0.0,0.0,0.0,0.0,0.0,0.0
NOP16,,N/A,N/A,N/A,0,0,0,0,0,0.0,0.0,0.0,0.0,0.0,0.0,0.0
COQ2,,N/A,N/A,N/A,0,0,0,0,0,0.0,0.0,0.0,0.0,0.0,0.0,0.0
UBLCP1,,N/A,N/A,N/A,0,0,0,0,0,0.0,0.0,0.0,0.0,0.0,0.0,0.0
PCMTD1,,N/A,N/A,N/A,0,0,0,0,0,0.0,0.0,0.0,0.0,0.0,0.0,0.0
LMBR1,,N/A,N/A,N/A,0,0,0,0,0,0.0,0.0,0.0,0.0,0.0,0.0,0.0
DDB1,,N/A,N/A,N/A,0,0,0,0,0,0.0,0.0,0.0,0.0,0.0,0.0,0.0
GPRASP1,,N/A,N/A,N/A,0,0,0,0,0,0.0,0.0,0.0,0.0,0.0,0.0,0.0
STX11,,N/A,N/A,N/A,0,0,0,0,0,0.0,0.0,0.0,0.0,0.0,0.0,0.0
CYSTM1,,N/A,N/A,N/A,0,0,0,0,0,0.0,0.0,0.0,0.0,0.0,0.0,0.0
SCARB2,,N/A,N/A,N/A,0,0,0,0,0,0.0,0.0,0.0,0.0,0.0,0.0,0.0
PSME1,,N/A,N/A,N/A,0,0,0,0,0,0.0,0.0,0.0,0.0,0.0,0.0,0.0
SLC38A9,,N/A,N/A,N/A,0,0,0,0,0,0.0,0.0,0.0,0.0,0.0,0.0,0.0
LPAR3,,N/A,N/A,N/A,0,0,0,0,0,0.0,0.0,0.0,0.0,0.0,0.0,0.0
RAPGEF1,,N/A,N/A,N/A,0,0,0,0,0,0.0,0.0,0.0,0.0,0.0,0.0,0.0
CSE1L,,N/A,N/A,N/A,0,0,0,0,0,0.0,0.0,0.0,0.0,0.0,0.0,0.0
COPG1,,N/A,N/A,N/A,0,0,0,0,0,0.0,0.0,0.0,0.0,0.0,0.0,0.0
PABPC1,,N/A,N/A,N/A,0,0,0,0,0,0.0,0.0,0.0,0.0,0.0,0.0,0.0
EMC1,,N/A,N/A,N/A,0,0,0,0,0,0.0,0.0,0.0,0.0,0.0,0.0,0.0
ORAI2,,N/A,N/A,N/A,0,0,0,0,0,0.0,0.0,0.0,0.0,0.0,0.0,0.0
RAB13,,N/A,N/A,N/A,0,0,0,0,0,0.0,0.0,0.0,0.0,0.0,0.0,0.0
SEC14L2,,N/A,N/A,N/A,0,0,0,0,0,0.0,0.0,0.0,0.0,0.0,0.0,0.0
ARAP3,,N/A,N/A,N/A,0,0,0,0,0,0.0,0.0,0.0,0.0,0.0,0.0,0.0
SSRP1,,N/A,N/A,N/A,0,0,0,0,0,0.0,0.0,0.0,0.0,0.0,0.0,0.0
NFS1,,N/A,N/A,N/A,0,0,0,0,0,0.0,0.0,0.0,0.0,0.0,0.0,0.0
ZRANB1,,N/A,N/A,N/A,0,0,0,0,0,0.0,0.0,0.0,0.0,0.0,0.0,0.0
AURKB,,N/A,N/A,N/A,0,0,0,0,0,0.0,0.0,0.0,0.0,0.0,0.0,0.0
ZNF329,,N/A,N/A,N/A,0,0,0,0,0,0.0,0.0,0.0,0.0,0.0,0.0,0.0
TRERF1,,N/A,N/A,N/A,0,0,0,0,0,0.0,0.0,0.0,0.0,0.0,0.0,0.0
HSPH1,,N/A,N/A,N/A,0,0,0,0,0,0.0,0.0,0.0,0.0,0.0,0.0,0.0
C21orf91,,N/A,N/A,N/A,0,0,0,0,0,0.0,0.0,0.0,0.0,0.0,0.0,0.0
RAB11B-AS1,,N/A,N/A,N/A,0,0,0,0,0,0.0,0.0,0.0,0.0,0.0,0.0,0.0
MLF1,,N/A,N/A,N/A,0,0,0,0,0,0.0,0.0,0.0,0.0,0.0,0.0,0.0
PRR13,,N/A,N/A,N/A,0,0,0,0,0,0.0,0.0,0.0,0.0,0.0,0.0,0.0
KLHL2,,N/A,N/A,N/A,0,0,0,0,0,0.0,0.0,0.0,0.0,0.0,0.0,0.0
ANAPC5,,N/A,N/A,N/A,0,0,0,0,0,0.0,0.0,0.0,0.0,0.0,0.0,0.0
GINS2,,N/A,N/A,N/A,0,0,0,0,0,0.0,0.0,0.0,0.0,0.0,0.0,0.0
TRUB1,,N/A,N/A,N/A,0,0,0,0,0,0.0,0.0,0.0,0.0,0.0,0.0,0.0
RPS15A,,N/A,N/A,N/A,0,0,0,0,0,0.0,0.0,0.0,0.0,0.0,0.0,0.0
PSMB5,,N/A,N/A,N/A,0,0,0,0,0,0.0,0.0,0.0,0.0,0.0,0.0,0.0
GDI1,,N/A,N/A,N/A,0,0,0,0,0,0.0,0.0,0.0,0.0,0.0,0.0,0.0
KANSL3,,N/A,N/A,N/A,0,0,0,0,0,0.0,0.0,0.0,0.0,0.0,0.0,0.0
DPY19L1,,N/A,N/A,N/A,0,0,0,0,0,0.0,0.0,0.0,0.0,0.0,0.0,0.0
CCDC62,,N/A,N/A,N/A,0,0,0,0,0,0.0,0.0,0.0,0.0,0.0,0.0,0.0
C2orf81,,N/A,N/A,N/A,0,0,0,0,0,0.0,0.0,0.0,0.0,0.0,0.0,0.0
MED17,,N/A,N/A,N/A,0,0,0,0,0,0.0,0.0,0.0,0.0,0.0,0.0,0.0
TMEM53,,N/A,N/A,N/A,0,0,0,0,0,0.0,0.0,0.0,0.0,0.0,0.0,0.0
YIPF2,,N/A,N/A,N/A,0,0,0,0,0,0.0,0.0,0.0,0.0,0.0,0.0,0.0
LINC01010,,N/A,N/A,N/A,0,0,0,0,0,0.0,0.0,0.0,0.0,0.0,0.0,0.0
CBY1,,N/A,N/A,N/A,0,0,0,0,0,0.0,0.0,0.0,0.0,0.0,0.0,0.0
CASP6,,N/A,N/A,N/A,0,0,0,0,0,0.0,0.0,0.0,0.0,0.0,0.0,0.0
SENP3,,N/A,N/A,N/A,0,0,0,0,0,0.0,0.0,0.0,0.0,0.0,0.0,0.0
TMEM259,,N/A,N/A,N/A,0,0,0,0,0,0.0,0.0,0.0,0.0,0.0,0.0,0.0
CCNDBP1,,N/A,N/A,N/A,0,0,0,0,0,0.0,0.0,0.0,0.0,0.0,0.0,0.0
KIAA1586,,N/A,N/A,N/A,0,0,0,0,0,0.0,0.0,0.0,0.0,0.0,0.0,0.0
ZNF91,,N/A,N/A,N/A,0,0,0,0,0,0.0,0.0,0.0,0.0,0.0,0.0,0.0
NEK9,,N/A,N/A,N/A,0,0,0,0,0,0.0,0.0,0.0,0.0,0.0,0.0,0.0
ZFP3,,N/A,N/A,N/A,0,0,0,0,0,0.0,0.0,0.0,0.0,0.0,0.0,0.0
RSPH9,,N/A,N/A,N/A,0,0,0,0,0,0.0,0.0,0.0,0.0,0.0,0.0,0.0
SLC2A8,,N/A,N/A,N/A,0,0,0,0,0,0.0,0.0,0.0,0.0,0.0,0.0,0.0
ZNF397,,N/A,N/A,N/A,0,0,0,0,0,0.0,0.0,0.0,0.0,0.0,0.0,0.0
TRIM4,,N/A,N/A,N/A,0,0,0,0,0,0.0,0.0,0.0,0.0,0.0,0.0,0.0
DNPEP,,N/A,N/A,N/A,0,0,0,0,0,0.0,0.0,0.0,0.0,0.0,0.0,0.0
TIMM21,,N/A,N/A,N/A,0,0,0,0,0,0.0,0.0,0.0,0.0,0.0,0.0,0.0
COQ10A,,N/A,N/A,N/A,0,0,0,0,0,0.0,0.0,0.0,0.0,0.0,0.0,0.0
METTL22,,N/A,N/A,N/A,0,0,0,0,0,0.0,0.0,0.0,0.0,0.0,0.0,0.0
CTC1,,N/A,N/A,N/A,0,0,0,0,0,0.0,0.0,0.0,0.0,0.0,0.0,0.0
LRRC45,,N/A,N/A,N/A,0,0,0,0,0,0.0,0.0,0.0,0.0,0.0,0.0,0.0
KLHL15,,N/A,N/A,N/A,0,0,0,0,0,0.0,0.0,0.0,0.0,0.0,0.0,0.0
ALKBH5,,N/A,N/A,N/A,0,0,0,0,0,0.0,0.0,0.0,0.0,0.0,0.0,0.0
APOL3,,N/A,N/A,N/A,0,0,0,0,0,0.0,0.0,0.0,0.0,0.0,0.0,0.0
MTHFD1L,,N/A,N/A,N/A,0,0,0,0,0,0.0,0.0,0.0,0.0,0.0,0.0,0.0
MED23,,N/A,N/A,N/A,0,0,0,0,0,0.0,0.0,0.0,0.0,0.0,0.0,0.0
TATDN2,,N/A,N/A,N/A,0,0,0,0,0,0.0,0.0,0.0,0.0,0.0,0.0,0.0
ZDHHC23,,N/A,N/A,N/A,0,0,0,0,0,0.0,0.0,0.0,0.0,0.0,0.0,0.0
KCTD9,,N/A,N/A,N/A,0,0,0,0,0,0.0,0.0,0.0,0.0,0.0,0.0,0.0
SYCP2L,,N/A,N/A,N/A,0,0,0,0,0,0.0,0.0,0.0,0.0,0.0,0.0,0.0
PDE6D,,N/A,N/A,N/A,0,0,0,0,0,0.0,0.0,0.0,0.0,0.0,0.0,0.0
SUMF2,,N/A,N/A,N/A,0,0,0,0,0,0.0,0.0,0.0,0.0,0.0,0.0,0.0
ARHGAP5,,N/A,N/A,N/A,0,0,0,0,0,0.0,0.0,0.0,0.0,0.0,0.0,0.0
AUTS2,,N/A,N/A,N/A,0,0,0,0,0,0.0,0.0,0.0,0.0,0.0,0.0,0.0
RPS9,,N/A,N/A,N/A,0,0,0,0,0,0.0,0.0,0.0,0.0,0.0,0.0,0.0
NTHL1,,N/A,N/A,N/A,0,0,0,0,0,0.0,0.0,0.0,0.0,0.0,0.0,0.0
ZNF232,,N/A,N/A,N/A,0,0,0,0,0,0.0,0.0,0.0,0.0,0.0,0.0,0.0
RAP1A,,N/A,N/A,N/A,0,0,0,0,0,0.0,0.0,0.0,0.0,0.0,0.0,0.0
TRIM9,,N/A,N/A,N/A,0,0,0,0,0,0.0,0.0,0.0,0.0,0.0,0.0,0.0
KLHL5,,N/A,N/A,N/A,0,0,0,0,0,0.0,0.0,0.0,0.0,0.0,0.0,0.0
NFE2L3,,N/A,N/A,N/A,0,0,0,0,0,0.0,0.0,0.0,0.0,0.0,0.0,0.0
HSD17B7,,N/A,N/A,N/A,0,0,0,0,0,0.0,0.0,0.0,0.0,0.0,0.0,0.0
ARID3B,,N/A,N/A,N/A,0,0,0,0,0,0.0,0.0,0.0,0.0,0.0,0.0,0.0
LGALS3BP,,N/A,N/A,N/A,0,0,0,0,0,0.0,0.0,0.0,0.0,0.0,0.0,0.0
ANAPC15,,N/A,N/A,N/A,0,0,0,0,0,0.0,0.0,0.0,0.0,0.0,0.0,0.0
HOMER1,,N/A,N/A,N/A,0,0,0,0,0,0.0,0.0,0.0,0.0,0.0,0.0,0.0
FZD3,,N/A,N/A,N/A,0,0,0,0,0,0.0,0.0,0.0,0.0,0.0,0.0,0.0
TRAF3IP2,,N/A,N/A,N/A,0,0,0,0,0,0.0,0.0,0.0,0.0,0.0,0.0,0.0
DEXI,,N/A,N/A,N/A,0,0,0,0,0,0.0,0.0,0.0,0.0,0.0,0.0,0.0
ROBO3,,N/A,N/A,N/A,0,0,0,0,0,0.0,0.0,0.0,0.0,0.0,0.0,0.0
ACSS1,,N/A,N/A,N/A,0,0,0,0,0,0.0,0.0,0.0,0.0,0.0,0.0,0.0
NUP37,,N/A,N/A,N/A,0,0,0,0,0,0.0,0.0,0.0,0.0,0.0,0.0,0.0
PARD6G,,N/A,N/A,N/A,0,0,0,0,0,0.0,0.0,0.0,0.0,0.0,0.0,0.0
AIG1,,N/A,N/A,N/A,0,0,0,0,0,0.0,0.0,0.0,0.0,0.0,0.0,0.0
ALKBH3,,N/A,N/A,N/A,0,0,0,0,0,0.0,0.0,0.0,0.0,0.0,0.0,0.0
PRDX4,,N/A,N/A,N/A,0,0,0,0,0,0.0,0.0,0.0,0.0,0.0,0.0,0.0
TARBP1,,N/A,N/A,N/A,0,0,0,0,0,0.0,0.0,0.0,0.0,0.0,0.0,0.0
SNX4,,N/A,N/A,N/A,0,0,0,0,0,0.0,0.0,0.0,0.0,0.0,0.0,0.0
TRIM41,,N/A,N/A,N/A,0,0,0,0,0,0.0,0.0,0.0,0.0,0.0,0.0,0.0
GTF2H2,,N/A,N/A,N/A,0,0,0,0,0,0.0,0.0,0.0,0.0,0.0,0.0,0.0
PANK3,,N/A,N/A,N/A,0,0,0,0,0,0.0,0.0,0.0,0.0,0.0,0.0,0.0
PLEKHN1,,N/A,N/A,N/A,0,0,0,0,0,0.0,0.0,0.0,0.0,0.0,0.0,0.0
NFRKB,,N/A,N/A,N/A,0,0,0,0,0,0.0,0.0,0.0,0.0,0.0,0.0,0.0
PORCN,,N/A,N/A,N/A,0,0,0,0,0,0.0,0.0,0.0,0.0,0.0,0.0,0.0
RPL36A,,N/A,N/A,N/A,0,0,0,0,0,0.0,0.0,0.0,0.0,0.0,0.0,0.0
TYW1,,N/A,N/A,N/A,0,0,0,0,0,0.0,0.0,0.0,0.0,0.0,0.0,0.0
SLC25A24,,N/A,N/A,N/A,0,0,0,0,0,0.0,0.0,0.0,0.0,0.0,0.0,0.0
SEC61A2,,N/A,N/A,N/A,0,0,0,0,0,0.0,0.0,0.0,0.0,0.0,0.0,0.0
PEX11G,,N/A,N/A,N/A,0,0,0,0,0,0.0,0.0,0.0,0.0,0.0,0.0,0.0
PODNL1,,N/A,N/A,N/A,0,0,0,0,0,0.0,0.0,0.0,0.0,0.0,0.0,0.0
C1RL,,N/A,N/A,N/A,0,0,0,0,0,0.0,0.0,0.0,0.0,0.0,0.0,0.0
LRRC37A3,,N/A,N/A,N/A,0,0,0,0,0,0.0,0.0,0.0,0.0,0.0,0.0,0.0
WDR13,,N/A,N/A,N/A,0,0,0,0,0,0.0,0.0,0.0,0.0,0.0,0.0,0.0
KRT18,,N/A,N/A,N/A,0,0,0,0,0,0.0,0.0,0.0,0.0,0.0,0.0,0.0
ARHGEF39,,N/A,N/A,N/A,0,0,0,0,0,0.0,0.0,0.0,0.0,0.0,0.0,0.0
GNL3,,N/A,N/A,N/A,0,0,0,0,0,0.0,0.0,0.0,0.0,0.0,0.0,0.0
RPS10,,N/A,N/A,N/A,0,0,0,0,0,0.0,0.0,0.0,0.0,0.0,0.0,0.0
ARHGAP31,,N/A,N/A,N/A,0,0,0,0,0,0.0,0.0,0.0,0.0,0.0,0.0,0.0
EEF1E1,,N/A,N/A,N/A,0,0,0,0,0,0.0,0.0,0.0,0.0,0.0,0.0,0.0
NUP88,,N/A,N/A,N/A,0,0,0,0,0,0.0,0.0,0.0,0.0,0.0,0.0,0.0
CRYBG3,,N/A,N/A,N/A,0,0,0,0,0,0.0,0.0,0.0,0.0,0.0,0.0,0.0
POLR1A,,N/A,N/A,N/A,0,0,0,0,0,0.0,0.0,0.0,0.0,0.0,0.0,0.0
NDUFA7,,N/A,N/A,N/A,0,0,0,0,0,0.0,0.0,0.0,0.0,0.0,0.0,0.0
DNAJC18,,N/A,N/A,N/A,0,0,0,0,0,0.0,0.0,0.0,0.0,0.0,0.0,0.0
RGS5,,N/A,N/A,N/A,0,0,0,0,0,0.0,0.0,0.0,0.0,0.0,0.0,0.0
OLA1,,N/A,N/A,N/A,0,0,0,0,0,0.0,0.0,0.0,0.0,0.0,0.0,0.0
PHF3,,N/A,N/A,N/A,0,0,0,0,0,0.0,0.0,0.0,0.0,0.0,0.0,0.0
RBM17,,N/A,N/A,N/A,0,0,0,0,0,0.0,0.0,0.0,0.0,0.0,0.0,0.0
LPCAT4,,N/A,N/A,N/A,0,0,0,0,0,0.0,0.0,0.0,0.0,0.0,0.0,0.0
GPR89A,,N/A,N/A,N/A,0,0,0,0,0,0.0,0.0,0.0,0.0,0.0,0.0,0.0
SRSF3,,N/A,N/A,N/A,0,0,0,0,0,0.0,0.0,0.0,0.0,0.0,0.0,0.0
BAG2,,N/A,N/A,N/A,0,0,0,0,0,0.0,0.0,0.0,0.0,0.0,0.0,0.0
PCBP4,,N/A,N/A,N/A,0,0,0,0,0,0.0,0.0,0.0,0.0,0.0,0.0,0.0
TXNL1,,N/A,N/A,N/A,0,0,0,0,0,0.0,0.0,0.0,0.0,0.0,0.0,0.0
DTX3,,N/A,N/A,N/A,0,0,0,0,0,0.0,0.0,0.0,0.0,0.0,0.0,0.0
DPY19L4,,N/A,N/A,N/A,0,0,0,0,0,0.0,0.0,0.0,0.0,0.0,0.0,0.0
F11R,,N/A,N/A,N/A,0,0,0,0,0,0.0,0.0,0.0,0.0,0.0,0.0,0.0
NDUFV3,,N/A,N/A,N/A,0,0,0,0,0,0.0,0.0,0.0,0.0,0.0,0.0,0.0
KLHDC8B,,N/A,N/A,N/A,0,0,0,0,0,0.0,0.0,0.0,0.0,0.0,0.0,0.0
FOXRED2,,N/A,N/A,N/A,0,0,0,0,0,0.0,0.0,0.0,0.0,0.0,0.0,0.0
BTG2,,N/A,N/A,N/A,0,0,0,0,0,0.0,0.0,0.0,0.0,0.0,0.0,0.0
TMUB2,,N/A,N/A,N/A,0,0,0,0,0,0.0,0.0,0.0,0.0,0.0,0.0,0.0
DUSP10,,N/A,N/A,N/A,0,0,0,0,0,0.0,0.0,0.0,0.0,0.0,0.0,0.0
DLG3,,N/A,N/A,N/A,0,0,0,0,0,0.0,0.0,0.0,0.0,0.0,0.0,0.0
PSMB4,,N/A,N/A,N/A,0,0,0,0,0,0.0,0.0,0.0,0.0,0.0,0.0,0.0
MTMR2,,N/A,N/A,N/A,0,0,0,0,0,0.0,0.0,0.0,0.0,0.0,0.0,0.0
DCDC2B,,N/A,N/A,N/A,0,0,0,0,0,0.0,0.0,0.0,0.0,0.0,0.0,0.0
CERS6,,N/A,N/A,N/A,0,0,0,0,0,0.0,0.0,0.0,0.0,0.0,0.0,0.0
CCDC71,,N/A,N/A,N/A,0,0,0,0,0,0.0,0.0,0.0,0.0,0.0,0.0,0.0
PTGR2,,N/A,N/A,N/A,0,0,0,0,0,0.0,0.0,0.0,0.0,0.0,0.0,0.0
FCRLB,,N/A,N/A,N/A,0,0,0,0,0,0.0,0.0,0.0,0.0,0.0,0.0,0.0
OLFML2A,,N/A,N/A,N/A,0,0,0,0,0,0.0,0.0,0.0,0.0,0.0,0.0,0.0
ZNF669,,N/A,N/A,N/A,0,0,0,0,0,0.0,0.0,0.0,0.0,0.0,0.0,0.0
MTCH1,,N/A,N/A,N/A,0,0,0,0,0,0.0,0.0,0.0,0.0,0.0,0.0,0.0
RHBDL1,,N/A,N/A,N/A,0,0,0,0,0,0.0,0.0,0.0,0.0,0.0,0.0,0.0
ASPM,,N/A,N/A,N/A,0,0,0,0,0,0.0,0.0,0.0,0.0,0.0,0.0,0.0
DNAH6,,N/A,N/A,N/A,0,0,0,0,0,0.0,0.0,0.0,0.0,0.0,0.0,0.0
EXOSC7,,N/A,N/A,N/A,0,0,0,0,0,0.0,0.0,0.0,0.0,0.0,0.0,0.0
ARHGAP30,,N/A,N/A,N/A,0,0,0,0,0,0.0,0.0,0.0,0.0,0.0,0.0,0.0
HNRNPR,,N/A,N/A,N/A,0,0,0,0,0,0.0,0.0,0.0,0.0,0.0,0.0,0.0
PDIA5,,N/A,N/A,N/A,0,0,0,0,0,0.0,0.0,0.0,0.0,0.0,0.0,0.0
TRIM69,,N/A,N/A,N/A,0,0,0,0,0,0.0,0.0,0.0,0.0,0.0,0.0,0.0
FLOT1,,N/A,N/A,N/A,0,0,0,0,0,0.0,0.0,0.0,0.0,0.0,0.0,0.0
SYNE1,,N/A,N/A,N/A,0,0,0,0,0,0.0,0.0,0.0,0.0,0.0,0.0,0.0
EIF2AK3,,N/A,N/A,N/A,0,0,0,0,0,0.0,0.0,0.0,0.0,0.0,0.0,0.0
LRR1,,N/A,N/A,N/A,0,0,0,0,0,0.0,0.0,0.0,0.0,0.0,0.0,0.0
FLNA,,N/A,N/A,N/A,0,0,0,0,0,0.0,0.0,0.0,0.0,0.0,0.0,0.0
RAPGEF2,,N/A,N/A,N/A,0,0,0,0,0,0.0,0.0,0.0,0.0,0.0,0.0,0.0
CDCA7L,,N/A,N/A,N/A,0,0,0,0,0,0.0,0.0,0.0,0.0,0.0,0.0,0.0
DTD2,,N/A,N/A,N/A,0,0,0,0,0,0.0,0.0,0.0,0.0,0.0,0.0,0.0
LYPD3,,N/A,N/A,N/A,0,0,0,0,0,0.0,0.0,0.0,0.0,0.0,0.0,0.0
PATZ1,,N/A,N/A,N/A,0,0,0,0,0,0.0,0.0,0.0,0.0,0.0,0.0,0.0
GGA1,,N/A,N/A,N/A,0,0,0,0,0,0.0,0.0,0.0,0.0,0.0,0.0,0.0
SPINT2,,N/A,N/A,N/A,0,0,0,0,0,0.0,0.0,0.0,0.0,0.0,0.0,0.0
TMEM245,,N/A,N/A,N/A,0,0,0,0,0,0.0,0.0,0.0,0.0,0.0,0.0,0.0
CYLD,,N/A,N/A,N/A,0,0,0,0,0,0.0,0.0,0.0,0.0,0.0,0.0,0.0
KCTD5,,N/A,N/A,N/A,0,0,0,0,0,0.0,0.0,0.0,0.0,0.0,0.0,0.0
METTL3,,N/A,N/A,N/A,0,0,0,0,0,0.0,0.0,0.0,0.0,0.0,0.0,0.0
RALGPS1,,N/A,N/A,N/A,0,0,0,0,0,0.0,0.0,0.0,0.0,0.0,0.0,0.0
NUSAP1,,N/A,N/A,N/A,0,0,0,0,0,0.0,0.0,0.0,0.0,0.0,0.0,0.0
DERL2,,N/A,N/A,N/A,0,0,0,0,0,0.0,0.0,0.0,0.0,0.0,0.0,0.0
FOSL2,,N/A,N/A,N/A,0,0,0,0,0,0.0,0.0,0.0,0.0,0.0,0.0,0.0
FBXL17,,N/A,N/A,N/A,0,0,0,0,0,0.0,0.0,0.0,0.0,0.0,0.0,0.0
WDR82,,N/A,N/A,N/A,0,0,0,0,0,0.0,0.0,0.0,0.0,0.0,0.0,0.0
ANKFY1,,N/A,N/A,N/A,0,0,0,0,0,0.0,0.0,0.0,0.0,0.0,0.0,0.0
CLDN15,,N/A,N/A,N/A,0,0,0,0,0,0.0,0.0,0.0,0.0,0.0,0.0,0.0
PMF1,,N/A,N/A,N/A,0,0,0,0,0,0.0,0.0,0.0,0.0,0.0,0.0,0.0
SUGP1,,N/A,N/A,N/A,0,0,0,0,0,0.0,0.0,0.0,0.0,0.0,0.0,0.0
HYAL2,,N/A,N/A,N/A,0,0,0,0,0,0.0,0.0,0.0,0.0,0.0,0.0,0.0
MPHOSPH8,,N/A,N/A,N/A,0,0,0,0,0,0.0,0.0,0.0,0.0,0.0,0.0,0.0
ZFP82,,N/A,N/A,N/A,0,0,0,0,0,0.0,0.0,0.0,0.0,0.0,0.0,0.0
KCNAB2,,N/A,N/A,N/A,0,0,0,0,0,0.0,0.0,0.0,0.0,0.0,0.0,0.0
NFIA,,N/A,N/A,N/A,0,0,0,0,0,0.0,0.0,0.0,0.0,0.0,0.0,0.0
STX18,,N/A,N/A,N/A,0,0,0,0,0,0.0,0.0,0.0,0.0,0.0,0.0,0.0
SRSF7,,N/A,N/A,N/A,0,0,0,0,0,0.0,0.0,0.0,0.0,0.0,0.0,0.0
KNTC1,,N/A,N/A,N/A,0,0,0,0,0,0.0,0.0,0.0,0.0,0.0,0.0,0.0
MMP17,,N/A,N/A,N/A,0,0,0,0,0,0.0,0.0,0.0,0.0,0.0,0.0,0.0
TXK,,N/A,N/A,N/A,0,0,0,0,0,0.0,0.0,0.0,0.0,0.0,0.0,0.0
CDK2AP2,,N/A,N/A,N/A,0,0,0,0,0,0.0,0.0,0.0,0.0,0.0,0.0,0.0
CLK1,,N/A,N/A,N/A,0,0,0,0,0,0.0,0.0,0.0,0.0,0.0,0.0,0.0
ZNF57,,N/A,N/A,N/A,0,0,0,0,0,0.0,0.0,0.0,0.0,0.0,0.0,0.0
ZNF107,,N/A,N/A,N/A,0,0,0,0,0,0.0,0.0,0.0,0.0,0.0,0.0,0.0
MORC2,,N/A,N/A,N/A,0,0,0,0,0,0.0,0.0,0.0,0.0,0.0,0.0,0.0
WDPCP,,N/A,N/A,N/A,0,0,0,0,0,0.0,0.0,0.0,0.0,0.0,0.0,0.0
PRC1,,N/A,N/A,N/A,0,0,0,0,0,0.0,0.0,0.0,0.0,0.0,0.0,0.0
TUBA1B,,N/A,N/A,N/A,0,0,0,0,0,0.0,0.0,0.0,0.0,0.0,0.0,0.0
MTFR1L,,N/A,N/A,N/A,0,0,0,0,0,0.0,0.0,0.0,0.0,0.0,0.0,0.0
NTAN1,,N/A,N/A,N/A,0,0,0,0,0,0.0,0.0,0.0,0.0,0.0,0.0,0.0
ITGA3,,N/A,N/A,N/A,0,0,0,0,0,0.0,0.0,0.0,0.0,0.0,0.0,0.0
POLR3C,,N/A,N/A,N/A,0,0,0,0,0,0.0,0.0,0.0,0.0,0.0,0.0,0.0
TTBK2,,N/A,N/A,N/A,0,0,0,0,0,0.0,0.0,0.0,0.0,0.0,0.0,0.0
RAB11FIP1,,N/A,N/A,N/A,0,0,0,0,0,0.0,0.0,0.0,0.0,0.0,0.0,0.0
MMP28,,N/A,N/A,N/A,0,0,0,0,0,0.0,0.0,0.0,0.0,0.0,0.0,0.0
ERCC6,,N/A,N/A,N/A,0,0,0,0,0,0.0,0.0,0.0,0.0,0.0,0.0,0.0
NSUN6,,N/A,N/A,N/A,0,0,0,0,0,0.0,0.0,0.0,0.0,0.0,0.0,0.0
TPCN2,,N/A,N/A,N/A,0,0,0,0,0,0.0,0.0,0.0,0.0,0.0,0.0,0.0
MRPL1,,N/A,N/A,N/A,0,0,0,0,0,0.0,0.0,0.0,0.0,0.0,0.0,0.0
IPO8,,N/A,N/A,N/A,0,0,0,0,0,0.0,0.0,0.0,0.0,0.0,0.0,0.0
TPM2,,N/A,N/A,N/A,0,0,0,0,0,0.0,0.0,0.0,0.0,0.0,0.0,0.0
FAM20B,,N/A,N/A,N/A,0,0,0,0,0,0.0,0.0,0.0,0.0,0.0,0.0,0.0
SMARCA5,,N/A,N/A,N/A,0,0,0,0,0,0.0,0.0,0.0,0.0,0.0,0.0,0.0
APOL2,,N/A,N/A,N/A,0,0,0,0,0,0.0,0.0,0.0,0.0,0.0,0.0,0.0
ZNF714,,N/A,N/A,N/A,0,0,0,0,0,0.0,0.0,0.0,0.0,0.0,0.0,0.0
PPFIBP1,,N/A,N/A,N/A,0,0,0,0,0,0.0,0.0,0.0,0.0,0.0,0.0,0.0
TOX4,,N/A,N/A,N/A,0,0,0,0,0,0.0,0.0,0.0,0.0,0.0,0.0,0.0
DPYSL3,,N/A,N/A,N/A,0,0,0,0,0,0.0,0.0,0.0,0.0,0.0,0.0,0.0
TEAD2,,N/A,N/A,N/A,0,0,0,0,0,0.0,0.0,0.0,0.0,0.0,0.0,0.0
ARPC4,,N/A,N/A,N/A,0,0,0,0,0,0.0,0.0,0.0,0.0,0.0,0.0,0.0
UBE2G1,,N/A,N/A,N/A,0,0,0,0,0,0.0,0.0,0.0,0.0,0.0,0.0,0.0
DENND5B,,N/A,N/A,N/A,0,0,0,0,0,0.0,0.0,0.0,0.0,0.0,0.0,0.0
NUP50,,N/A,N/A,N/A,0,0,0,0,0,0.0,0.0,0.0,0.0,0.0,0.0,0.0
FEM1C,,N/A,N/A,N/A,0,0,0,0,0,0.0,0.0,0.0,0.0,0.0,0.0,0.0
SLC10A3,,N/A,N/A,N/A,0,0,0,0,0,0.0,0.0,0.0,0.0,0.0,0.0,0.0
NDUFB9,,N/A,N/A,N/A,0,0,0,0,0,0.0,0.0,0.0,0.0,0.0,0.0,0.0
PSMC1,,N/A,N/A,N/A,0,0,0,0,0,0.0,0.0,0.0,0.0,0.0,0.0,0.0
SUPT7L,,N/A,N/A,N/A,0,0,0,0,0,0.0,0.0,0.0,0.0,0.0,0.0,0.0
USP21,,N/A,N/A,N/A,0,0,0,0,0,0.0,0.0,0.0,0.0,0.0,0.0,0.0
MAP1A,,N/A,N/A,N/A,0,0,0,0,0,0.0,0.0,0.0,0.0,0.0,0.0,0.0
HSPA8,,N/A,N/A,N/A,0,0,0,0,0,0.0,0.0,0.0,0.0,0.0,0.0,0.0
ZNF865,,N/A,N/A,N/A,0,0,0,0,0,0.0,0.0,0.0,0.0,0.0,0.0,0.0
PRRG2,,N/A,N/A,N/A,0,0,0,0,0,0.0,0.0,0.0,0.0,0.0,0.0,0.0
TRAPPC11,,N/A,N/A,N/A,0,0,0,0,0,0.0,0.0,0.0,0.0,0.0,0.0,0.0
CDS2,,N/A,N/A,N/A,0,0,0,0,0,0.0,0.0,0.0,0.0,0.0,0.0,0.0
SLC35F5,,N/A,N/A,N/A,0,0,0,0,0,0.0,0.0,0.0,0.0,0.0,0.0,0.0
KRI1,,N/A,N/A,N/A,0,0,0,0,0,0.0,0.0,0.0,0.0,0.0,0.0,0.0
USP28,,N/A,N/A,N/A,0,0,0,0,0,0.0,0.0,0.0,0.0,0.0,0.0,0.0
TRIM47,,N/A,N/A,N/A,0,0,0,0,0,0.0,0.0,0.0,0.0,0.0,0.0,0.0
AHNAK,,N/A,N/A,N/A,0,0,0,0,0,0.0,0.0,0.0,0.0,0.0,0.0,0.0
LRRC14,,N/A,N/A,N/A,0,0,0,0,0,0.0,0.0,0.0,0.0,0.0,0.0,0.0
GAS8,,N/A,N/A,N/A,0,0,0,0,0,0.0,0.0,0.0,0.0,0.0,0.0,0.0
SEC24B,,N/A,N/A,N/A,0,0,0,0,0,0.0,0.0,0.0,0.0,0.0,0.0,0.0
SLC30A7,,N/A,N/A,N/A,0,0,0,0,0,0.0,0.0,0.0,0.0,0.0,0.0,0.0
ELOVL6,,N/A,N/A,N/A,0,0,0,0,0,0.0,0.0,0.0,0.0,0.0,0.0,0.0
SNX12,,N/A,N/A,N/A,0,0,0,0,0,0.0,0.0,0.0,0.0,0.0,0.0,0.0
CCDC112,,N/A,N/A,N/A,0,0,0,0,0,0.0,0.0,0.0,0.0,0.0,0.0,0.0
CENPB,,N/A,N/A,N/A,0,0,0,0,0,0.0,0.0,0.0,0.0,0.0,0.0,0.0
SNHG7,,N/A,N/A,N/A,0,0,0,0,0,0.0,0.0,0.0,0.0,0.0,0.0,0.0
HEATR5A,,N/A,N/A,N/A,0,0,0,0,0,0.0,0.0,0.0,0.0,0.0,0.0,0.0
AK3,,N/A,N/A,N/A,0,0,0,0,0,0.0,0.0,0.0,0.0,0.0,0.0,0.0
MAD2L1,,N/A,N/A,N/A,0,0,0,0,0,0.0,0.0,0.0,0.0,0.0,0.0,0.0
PSMD14,,N/A,N/A,N/A,0,0,0,0,0,0.0,0.0,0.0,0.0,0.0,0.0,0.0
ZSCAN31,,N/A,N/A,N/A,0,0,0,0,0,0.0,0.0,0.0,0.0,0.0,0.0,0.0
MEX3C,,N/A,N/A,N/A,0,0,0,0,0,0.0,0.0,0.0,0.0,0.0,0.0,0.0
STK16,,N/A,N/A,N/A,0,0,0,0,0,0.0,0.0,0.0,0.0,0.0,0.0,0.0
ZNF530,,N/A,N/A,N/A,0,0,0,0,0,0.0,0.0,0.0,0.0,0.0,0.0,0.0
KLHL14,,N/A,N/A,N/A,0,0,0,0,0,0.0,0.0,0.0,0.0,0.0,0.0,0.0
ASB16,,N/A,N/A,N/A,0,0,0,0,0,0.0,0.0,0.0,0.0,0.0,0.0,0.0
LRRC57,,N/A,N/A,N/A,0,0,0,0,0,0.0,0.0,0.0,0.0,0.0,0.0,0.0
DOCK1,,N/A,N/A,N/A,0,0,0,0,0,0.0,0.0,0.0,0.0,0.0,0.0,0.0
AMMECR1L,,N/A,N/A,N/A,0,0,0,0,0,0.0,0.0,0.0,0.0,0.0,0.0,0.0
RAB11FIP3,,N/A,N/A,N/A,0,0,0,0,0,0.0,0.0,0.0,0.0,0.0,0.0,0.0
SIMC1,,N/A,N/A,N/A,0,0,0,0,0,0.0,0.0,0.0,0.0,0.0,0.0,0.0
STAU1,,N/A,N/A,N/A,0,0,0,0,0,0.0,0.0,0.0,0.0,0.0,0.0,0.0
STX8,,N/A,N/A,N/A,0,0,0,0,0,0.0,0.0,0.0,0.0,0.0,0.0,0.0
POMGNT2,,N/A,N/A,N/A,0,0,0,0,0,0.0,0.0,0.0,0.0,0.0,0.0,0.0
POLR2C,,N/A,N/A,N/A,0,0,0,0,0,0.0,0.0,0.0,0.0,0.0,0.0,0.0
PDE3B,,N/A,N/A,N/A,0,0,0,0,0,0.0,0.0,0.0,0.0,0.0,0.0,0.0
TSTD1,,N/A,N/A,N/A,0,0,0,0,0,0.0,0.0,0.0,0.0,0.0,0.0,0.0
USP42,,N/A,N/A,N/A,0,0,0,0,0,0.0,0.0,0.0,0.0,0.0,0.0,0.0
COX7A2L,,N/A,N/A,N/A,0,0,0,0,0,0.0,0.0,0.0,0.0,0.0,0.0,0.0
ANP32A,,N/A,N/A,N/A,0,0,0,0,0,0.0,0.0,0.0,0.0,0.0,0.0,0.0
SDCBP2,,N/A,N/A,N/A,0,0,0,0,0,0.0,0.0,0.0,0.0,0.0,0.0,0.0
NDUFB5,,N/A,N/A,N/A,0,0,0,0,0,0.0,0.0,0.0,0.0,0.0,0.0,0.0
RSRC1,,N/A,N/A,N/A,0,0,0,0,0,0.0,0.0,0.0,0.0,0.0,0.0,0.0
PFDN5,,N/A,N/A,N/A,0,0,0,0,0,0.0,0.0,0.0,0.0,0.0,0.0,0.0
CCT6B,,N/A,N/A,N/A,0,0,0,0,0,0.0,0.0,0.0,0.0,0.0,0.0,0.0
NAA38,,N/A,N/A,N/A,0,0,0,0,0,0.0,0.0,0.0,0.0,0.0,0.0,0.0
CCDC57,,N/A,N/A,N/A,0,0,0,0,0,0.0,0.0,0.0,0.0,0.0,0.0,0.0
FBXO9,,N/A,N/A,N/A,0,0,0,0,0,0.0,0.0,0.0,0.0,0.0,0.0,0.0
ATPAF1,,N/A,N/A,N/A,0,0,0,0,0,0.0,0.0,0.0,0.0,0.0,0.0,0.0
RAB1A,,N/A,N/A,N/A,0,0,0,0,0,0.0,0.0,0.0,0.0,0.0,0.0,0.0
RPL32,,N/A,N/A,N/A,0,0,0,0,0,0.0,0.0,0.0,0.0,0.0,0.0,0.0
NUCB1,,N/A,N/A,N/A,0,0,0,0,0,0.0,0.0,0.0,0.0,0.0,0.0,0.0
PTPN4,,N/A,N/A,N/A,0,0,0,0,0,0.0,0.0,0.0,0.0,0.0,0.0,0.0
HNRNPA1,,N/A,N/A,N/A,0,0,0,0,0,0.0,0.0,0.0,0.0,0.0,0.0,0.0
TMEM39B,,N/A,N/A,N/A,0,0,0,0,0,0.0,0.0,0.0,0.0,0.0,0.0,0.0
RSL24D1,,N/A,N/A,N/A,0,0,0,0,0,0.0,0.0,0.0,0.0,0.0,0.0,0.0
SLC25A16,,N/A,N/A,N/A,0,0,0,0,0,0.0,0.0,0.0,0.0,0.0,0.0,0.0
RCOR3,,N/A,N/A,N/A,0,0,0,0,0,0.0,0.0,0.0,0.0,0.0,0.0,0.0
ZNF92,,N/A,N/A,N/A,0,0,0,0,0,0.0,0.0,0.0,0.0,0.0,0.0,0.0
FLVCR2,,N/A,N/A,N/A,0,0,0,0,0,0.0,0.0,0.0,0.0,0.0,0.0,0.0
CRYM,,N/A,N/A,N/A,0,0,0,0,0,0.0,0.0,0.0,0.0,0.0,0.0,0.0
DYNC1H1,,N/A,N/A,N/A,0,0,0,0,0,0.0,0.0,0.0,0.0,0.0,0.0,0.0
GAR1,,N/A,N/A,N/A,0,0,0,0,0,0.0,0.0,0.0,0.0,0.0,0.0,0.0
ATP6V1A,,N/A,N/A,N/A,0,0,0,0,0,0.0,0.0,0.0,0.0,0.0,0.0,0.0
POLH,,N/A,N/A,N/A,0,0,0,0,0,0.0,0.0,0.0,0.0,0.0,0.0,0.0
CADM4,,N/A,N/A,N/A,0,0,0,0,0,0.0,0.0,0.0,0.0,0.0,0.0,0.0
EDF1,,N/A,N/A,N/A,0,0,0,0,0,0.0,0.0,0.0,0.0,0.0,0.0,0.0
USP30,,N/A,N/A,N/A,0,0,0,0,0,0.0,0.0,0.0,0.0,0.0,0.0,0.0
BTN2A1,,N/A,N/A,N/A,0,0,0,0,0,0.0,0.0,0.0,0.0,0.0,0.0,0.0
PAQR6,,N/A,N/A,N/A,0,0,0,0,0,0.0,0.0,0.0,0.0,0.0,0.0,0.0
MBTPS2,,N/A,N/A,N/A,0,0,0,0,0,0.0,0.0,0.0,0.0,0.0,0.0,0.0
LDHAL6A,,N/A,N/A,N/A,0,0,0,0,0,0.0,0.0,0.0,0.0,0.0,0.0,0.0
YBX1,,N/A,N/A,N/A,0,0,0,0,0,0.0,0.0,0.0,0.0,0.0,0.0,0.0
URB2,,N/A,N/A,N/A,0,0,0,0,0,0.0,0.0,0.0,0.0,0.0,0.0,0.0
MAN1A1,,N/A,N/A,N/A,0,0,0,0,0,0.0,0.0,0.0,0.0,0.0,0.0,0.0
ARID5B,,N/A,N/A,N/A,0,0,0,0,0,0.0,0.0,0.0,0.0,0.0,0.0,0.0
TNRC6C,,N/A,N/A,N/A,0,0,0,0,0,0.0,0.0,0.0,0.0,0.0,0.0,0.0
NUP133,,N/A,N/A,N/A,0,0,0,0,0,0.0,0.0,0.0,0.0,0.0,0.0,0.0
WASF3,,N/A,N/A,N/A,0,0,0,0,0,0.0,0.0,0.0,0.0,0.0,0.0,0.0
ZC3H6,,N/A,N/A,N/A,0,0,0,0,0,0.0,0.0,0.0,0.0,0.0,0.0,0.0
POLE4,,N/A,N/A,N/A,0,0,0,0,0,0.0,0.0,0.0,0.0,0.0,0.0,0.0
DZIP3,,N/A,N/A,N/A,0,0,0,0,0,0.0,0.0,0.0,0.0,0.0,0.0,0.0
NIP7,,N/A,N/A,N/A,0,0,0,0,0,0.0,0.0,0.0,0.0,0.0,0.0,0.0
EIF3A,,N/A,N/A,N/A,0,0,0,0,0,0.0,0.0,0.0,0.0,0.0,0.0,0.0
NOP14-AS1,,N/A,N/A,N/A,0,0,0,0,0,0.0,0.0,0.0,0.0,0.0,0.0,0.0
NPM2,,N/A,N/A,N/A,0,0,0,0,0,0.0,0.0,0.0,0.0,0.0,0.0,0.0
MRTO4,,N/A,N/A,N/A,0,0,0,0,0,0.0,0.0,0.0,0.0,0.0,0.0,0.0
KIF14,,N/A,N/A,N/A,0,0,0,0,0,0.0,0.0,0.0,0.0,0.0,0.0,0.0
LSM3,,N/A,N/A,N/A,0,0,0,0,0,0.0,0.0,0.0,0.0,0.0,0.0,0.0
SAAL1,,N/A,N/A,N/A,0,0,0,0,0,0.0,0.0,0.0,0.0,0.0,0.0,0.0
LRRC28,,N/A,N/A,N/A,0,0,0,0,0,0.0,0.0,0.0,0.0,0.0,0.0,0.0
GALNTL6,,N/A,N/A,N/A,0,0,0,0,0,0.0,0.0,0.0,0.0,0.0,0.0,0.0
DNAJC4,,N/A,N/A,N/A,0,0,0,0,0,0.0,0.0,0.0,0.0,0.0,0.0,0.0
GRHL1,,N/A,N/A,N/A,0,0,0,0,0,0.0,0.0,0.0,0.0,0.0,0.0,0.0
CBLL1,,N/A,N/A,N/A,0,0,0,0,0,0.0,0.0,0.0,0.0,0.0,0.0,0.0
PSAT1,,N/A,N/A,N/A,0,0,0,0,0,0.0,0.0,0.0,0.0,0.0,0.0,0.0
BTBD7,,N/A,N/A,N/A,0,0,0,0,0,0.0,0.0,0.0,0.0,0.0,0.0,0.0
GATM,,N/A,N/A,N/A,0,0,0,0,0,0.0,0.0,0.0,0.0,0.0,0.0,0.0
SPATA21,,N/A,N/A,N/A,0,0,0,0,0,0.0,0.0,0.0,0.0,0.0,0.0,0.0
FTCDNL1,,N/A,N/A,N/A,0,0,0,0,0,0.0,0.0,0.0,0.0,0.0,0.0,0.0
ATL1,,N/A,N/A,N/A,0,0,0,0,0,0.0,0.0,0.0,0.0,0.0,0.0,0.0
CTPS2,,N/A,N/A,N/A,0,0,0,0,0,0.0,0.0,0.0,0.0,0.0,0.0,0.0
DESI2,,N/A,N/A,N/A,0,0,0,0,0,0.0,0.0,0.0,0.0,0.0,0.0,0.0
UQCRB,,N/A,N/A,N/A,0,0,0,0,0,0.0,0.0,0.0,0.0,0.0,0.0,0.0
TMEM168,,N/A,N/A,N/A,0,0,0,0,0,0.0,0.0,0.0,0.0,0.0,0.0,0.0
SUDS3,,N/A,N/A,N/A,0,0,0,0,0,0.0,0.0,0.0,0.0,0.0,0.0,0.0
EIF2D,,N/A,N/A,N/A,0,0,0,0,0,0.0,0.0,0.0,0.0,0.0,0.0,0.0
KANK1,,N/A,N/A,N/A,0,0,0,0,0,0.0,0.0,0.0,0.0,0.0,0.0,0.0
AGBL3,,N/A,N/A,N/A,0,0,0,0,0,0.0,0.0,0.0,0.0,0.0,0.0,0.0
KCNMB3,,N/A,N/A,N/A,0,0,0,0,0,0.0,0.0,0.0,0.0,0.0,0.0,0.0
HOOK2,,N/A,N/A,N/A,0,0,0,0,0,0.0,0.0,0.0,0.0,0.0,0.0,0.0
CRTC3,,N/A,N/A,N/A,0,0,0,0,0,0.0,0.0,0.0,0.0,0.0,0.0,0.0
ZFYVE26,,N/A,N/A,N/A,0,0,0,0,0,0.0,0.0,0.0,0.0,0.0,0.0,0.0
LCA5L,,N/A,N/A,N/A,0,0,0,0,0,0.0,0.0,0.0,0.0,0.0,0.0,0.0
PAXIP1,,N/A,N/A,N/A,0,0,0,0,0,0.0,0.0,0.0,0.0,0.0,0.0,0.0
LDLRAP1,,N/A,N/A,N/A,0,0,0,0,0,0.0,0.0,0.0,0.0,0.0,0.0,0.0
KLF5,,N/A,N/A,N/A,0,0,0,0,0,0.0,0.0,0.0,0.0,0.0,0.0,0.0
DCBLD2,,N/A,N/A,N/A,0,0,0,0,0,0.0,0.0,0.0,0.0,0.0,0.0,0.0
ABCD4,,N/A,N/A,N/A,0,0,0,0,0,0.0,0.0,0.0,0.0,0.0,0.0,0.0
TRAPPC2,,N/A,N/A,N/A,0,0,0,0,0,0.0,0.0,0.0,0.0,0.0,0.0,0.0
SLC1A4,,N/A,N/A,N/A,0,0,0,0,0,0.0,0.0,0.0,0.0,0.0,0.0,0.0
KIAA2026,,N/A,N/A,N/A,0,0,0,0,0,0.0,0.0,0.0,0.0,0.0,0.0,0.0
PIGN,,N/A,N/A,N/A,0,0,0,0,0,0.0,0.0,0.0,0.0,0.0,0.0,0.0
PAXIP1-AS2,,N/A,N/A,N/A,0,0,0,0,0,0.0,0.0,0.0,0.0,0.0,0.0,0.0
DRG1,,N/A,N/A,N/A,0,0,0,0,0,0.0,0.0,0.0,0.0,0.0,0.0,0.0
TIGD6,,N/A,N/A,N/A,0,0,0,0,0,0.0,0.0,0.0,0.0,0.0,0.0,0.0
ZKSCAN8,,N/A,N/A,N/A,0,0,0,0,0,0.0,0.0,0.0,0.0,0.0,0.0,0.0
C14orf132,,N/A,N/A,N/A,0,0,0,0,0,0.0,0.0,0.0,0.0,0.0,0.0,0.0
RNF167,,N/A,N/A,N/A,0,0,0,0,0,0.0,0.0,0.0,0.0,0.0,0.0,0.0
STAMBP,,N/A,N/A,N/A,0,0,0,0,0,0.0,0.0,0.0,0.0,0.0,0.0,0.0
DYNLRB1,,N/A,N/A,N/A,0,0,0,0,0,0.0,0.0,0.0,0.0,0.0,0.0,0.0
TENM1,,N/A,N/A,N/A,0,0,0,0,0,0.0,0.0,0.0,0.0,0.0,0.0,0.0
B4GALT2,,N/A,N/A,N/A,0,0,0,0,0,0.0,0.0,0.0,0.0,0.0,0.0,0.0
CCDC102A,,N/A,N/A,N/A,0,0,0,0,0,0.0,0.0,0.0,0.0,0.0,0.0,0.0
ANO5,,N/A,N/A,N/A,0,0,0,0,0,0.0,0.0,0.0,0.0,0.0,0.0,0.0
PA2G4,,N/A,N/A,N/A,0,0,0,0,0,0.0,0.0,0.0,0.0,0.0,0.0,0.0
WDR35,,N/A,N/A,N/A,0,0,0,0,0,0.0,0.0,0.0,0.0,0.0,0.0,0.0
HYKK,,N/A,N/A,N/A,0,0,0,0,0,0.0,0.0,0.0,0.0,0.0,0.0,0.0
SMPDL3A,,N/A,N/A,N/A,0,0,0,0,0,0.0,0.0,0.0,0.0,0.0,0.0,0.0
MS4A7,,N/A,N/A,N/A,0,0,0,0,0,0.0,0.0,0.0,0.0,0.0,0.0,0.0
LHFPL2,,N/A,N/A,N/A,0,0,0,0,0,0.0,0.0,0.0,0.0,0.0,0.0,0.0
GRINA,,N/A,N/A,N/A,0,0,0,0,0,0.0,0.0,0.0,0.0,0.0,0.0,0.0
LONP1,,N/A,N/A,N/A,0,0,0,0,0,0.0,0.0,0.0,0.0,0.0,0.0,0.0
PPP2R2C,,N/A,N/A,N/A,0,0,0,0,0,0.0,0.0,0.0,0.0,0.0,0.0,0.0
RPS12,,N/A,N/A,N/A,0,0,0,0,0,0.0,0.0,0.0,0.0,0.0,0.0,0.0
NOL6,,N/A,N/A,N/A,0,0,0,0,0,0.0,0.0,0.0,0.0,0.0,0.0,0.0
STXBP3,,N/A,N/A,N/A,0,0,0,0,0,0.0,0.0,0.0,0.0,0.0,0.0,0.0
KCTD20,,N/A,N/A,N/A,0,0,0,0,0,0.0,0.0,0.0,0.0,0.0,0.0,0.0
FBXL20,,N/A,N/A,N/A,0,0,0,0,0,0.0,0.0,0.0,0.0,0.0,0.0,0.0
ALDH1L2,,N/A,N/A,N/A,0,0,0,0,0,0.0,0.0,0.0,0.0,0.0,0.0,0.0
TRIM65,,N/A,N/A,N/A,0,0,0,0,0,0.0,0.0,0.0,0.0,0.0,0.0,0.0
PCCB,,N/A,N/A,N/A,0,0,0,0,0,0.0,0.0,0.0,0.0,0.0,0.0,0.0
COPS5,,N/A,N/A,N/A,0,0,0,0,0,0.0,0.0,0.0,0.0,0.0,0.0,0.0
ALKBH1,,N/A,N/A,N/A,0,0,0,0,0,0.0,0.0,0.0,0.0,0.0,0.0,0.0
MEF2A,,N/A,N/A,N/A,0,0,0,0,0,0.0,0.0,0.0,0.0,0.0,0.0,0.0
XXYLT1,,N/A,N/A,N/A,0,0,0,0,0,0.0,0.0,0.0,0.0,0.0,0.0,0.0
CCT3,,N/A,N/A,N/A,0,0,0,0,0,0.0,0.0,0.0,0.0,0.0,0.0,0.0
RNF220,,N/A,N/A,N/A,0,0,0,0,0,0.0,0.0,0.0,0.0,0.0,0.0,0.0
DIDO1,,N/A,N/A,N/A,0,0,0,0,0,0.0,0.0,0.0,0.0,0.0,0.0,0.0
LIN54,,N/A,N/A,N/A,0,0,0,0,0,0.0,0.0,0.0,0.0,0.0,0.0,0.0
CEP135,,N/A,N/A,N/A,0,0,0,0,0,0.0,0.0,0.0,0.0,0.0,0.0,0.0
SV2C,,N/A,N/A,N/A,0,0,0,0,0,0.0,0.0,0.0,0.0,0.0,0.0,0.0
HIVEP2,,N/A,N/A,N/A,0,0,0,0,0,0.0,0.0,0.0,0.0,0.0,0.0,0.0
KDM3A,,N/A,N/A,N/A,0,0,0,0,0,0.0,0.0,0.0,0.0,0.0,0.0,0.0
RPP25L,,N/A,N/A,N/A,0,0,0,0,0,0.0,0.0,0.0,0.0,0.0,0.0,0.0
TESK1,,N/A,N/A,N/A,0,0,0,0,0,0.0,0.0,0.0,0.0,0.0,0.0,0.0
AHCYL2,,N/A,N/A,N/A,0,0,0,0,0,0.0,0.0,0.0,0.0,0.0,0.0,0.0
MYL5,,N/A,N/A,N/A,0,0,0,0,0,0.0,0.0,0.0,0.0,0.0,0.0,0.0
SLC2A13,,N/A,N/A,N/A,0,0,0,0,0,0.0,0.0,0.0,0.0,0.0,0.0,0.0
ZNF45,,N/A,N/A,N/A,0,0,0,0,0,0.0,0.0,0.0,0.0,0.0,0.0,0.0
RPL36AL,,N/A,N/A,N/A,0,0,0,0,0,0.0,0.0,0.0,0.0,0.0,0.0,0.0
ZNF33A,,N/A,N/A,N/A,0,0,0,0,0,0.0,0.0,0.0,0.0,0.0,0.0,0.0
SMURF1,,N/A,N/A,N/A,0,0,0,0,0,0.0,0.0,0.0,0.0,0.0,0.0,0.0
ANAPC16,,N/A,N/A,N/A,0,0,0,0,0,0.0,0.0,0.0,0.0,0.0,0.0,0.0
MIS18BP1,,N/A,N/A,N/A,0,0,0,0,0,0.0,0.0,0.0,0.0,0.0,0.0,0.0
PEX3,,N/A,N/A,N/A,0,0,0,0,0,0.0,0.0,0.0,0.0,0.0,0.0,0.0
CISD1,,N/A,N/A,N/A,0,0,0,0,0,0.0,0.0,0.0,0.0,0.0,0.0,0.0
ACTR10,,N/A,N/A,N/A,0,0,0,0,0,0.0,0.0,0.0,0.0,0.0,0.0,0.0
SNX13,,N/A,N/A,N/A,0,0,0,0,0,0.0,0.0,0.0,0.0,0.0,0.0,0.0
BFAR,,N/A,N/A,N/A,0,0,0,0,0,0.0,0.0,0.0,0.0,0.0,0.0,0.0
OLFM2,,N/A,N/A,N/A,0,0,0,0,0,0.0,0.0,0.0,0.0,0.0,0.0,0.0
TBC1D25,,N/A,N/A,N/A,0,0,0,0,0,0.0,0.0,0.0,0.0,0.0,0.0,0.0
COX7B,,N/A,N/A,N/A,0,0,0,0,0,0.0,0.0,0.0,0.0,0.0,0.0,0.0
NKRF,,N/A,N/A,N/A,0,0,0,0,0,0.0,0.0,0.0,0.0,0.0,0.0,0.0
EBAG9,,N/A,N/A,N/A,0,0,0,0,0,0.0,0.0,0.0,0.0,0.0,0.0,0.0
GOSR2,,N/A,N/A,N/A,0,0,0,0,0,0.0,0.0,0.0,0.0,0.0,0.0,0.0
TBKBP1,,N/A,N/A,N/A,0,0,0,0,0,0.0,0.0,0.0,0.0,0.0,0.0,0.0
CFDP1,,N/A,N/A,N/A,0,0,0,0,0,0.0,0.0,0.0,0.0,0.0,0.0,0.0
VGLL4,,N/A,N/A,N/A,0,0,0,0,0,0.0,0.0,0.0,0.0,0.0,0.0,0.0
PNRC2,,N/A,N/A,N/A,0,0,0,0,0,0.0,0.0,0.0,0.0,0.0,0.0,0.0
AHDC1,,N/A,N/A,N/A,0,0,0,0,0,0.0,0.0,0.0,0.0,0.0,0.0,0.0
PIM3,,N/A,N/A,N/A,0,0,0,0,0,0.0,0.0,0.0,0.0,0.0,0.0,0.0
PPP1R3D,,N/A,N/A,N/A,0,0,0,0,0,0.0,0.0,0.0,0.0,0.0,0.0,0.0
METAP1D,,N/A,N/A,N/A,0,0,0,0,0,0.0,0.0,0.0,0.0,0.0,0.0,0.0
DDB2,,N/A,N/A,N/A,0,0,0,0,0,0.0,0.0,0.0,0.0,0.0,0.0,0.0
TMEM87B,,N/A,N/A,N/A,0,0,0,0,0,0.0,0.0,0.0,0.0,0.0,0.0,0.0
TMEM167B,,N/A,N/A,N/A,0,0,0,0,0,0.0,0.0,0.0,0.0,0.0,0.0,0.0
PSD3,,N/A,N/A,N/A,0,0,0,0,0,0.0,0.0,0.0,0.0,0.0,0.0,0.0
ZHX2,,N/A,N/A,N/A,0,0,0,0,0,0.0,0.0,0.0,0.0,0.0,0.0,0.0
ZNF532,,N/A,N/A,N/A,0,0,0,0,0,0.0,0.0,0.0,0.0,0.0,0.0,0.0
RFX7,,N/A,N/A,N/A,0,0,0,0,0,0.0,0.0,0.0,0.0,0.0,0.0,0.0
PHC2,,N/A,N/A,N/A,0,0,0,0,0,0.0,0.0,0.0,0.0,0.0,0.0,0.0
PLCH1,,N/A,N/A,N/A,0,0,0,0,0,0.0,0.0,0.0,0.0,0.0,0.0,0.0
USP12,,N/A,N/A,N/A,0,0,0,0,0,0.0,0.0,0.0,0.0,0.0,0.0,0.0
ARF5,,N/A,N/A,N/A,0,0,0,0,0,0.0,0.0,0.0,0.0,0.0,0.0,0.0
EIF1,,N/A,N/A,N/A,0,0,0,0,0,0.0,0.0,0.0,0.0,0.0,0.0,0.0
RCL1,,N/A,N/A,N/A,0,0,0,0,0,0.0,0.0,0.0,0.0,0.0,0.0,0.0
KLC2,,N/A,N/A,N/A,0,0,0,0,0,0.0,0.0,0.0,0.0,0.0,0.0,0.0
ZNF470,,N/A,N/A,N/A,0,0,0,0,0,0.0,0.0,0.0,0.0,0.0,0.0,0.0
TMA16,,N/A,N/A,N/A,0,0,0,0,0,0.0,0.0,0.0,0.0,0.0,0.0,0.0
DAPK3,,N/A,N/A,N/A,0,0,0,0,0,0.0,0.0,0.0,0.0,0.0,0.0,0.0
PLEKHM1,,N/A,N/A,N/A,0,0,0,0,0,0.0,0.0,0.0,0.0,0.0,0.0,0.0
GRTP1,,N/A,N/A,N/A,0,0,0,0,0,0.0,0.0,0.0,0.0,0.0,0.0,0.0
FAM200A,,N/A,N/A,N/A,0,0,0,0,0,0.0,0.0,0.0,0.0,0.0,0.0,0.0
UBE2Q2,,N/A,N/A,N/A,0,0,0,0,0,0.0,0.0,0.0,0.0,0.0,0.0,0.0
ZBTB11-AS1,,N/A,N/A,N/A,0,0,0,0,0,0.0,0.0,0.0,0.0,0.0,0.0,0.0
LRCH3,,N/A,N/A,N/A,0,0,0,0,0,0.0,0.0,0.0,0.0,0.0,0.0,0.0
CEP44,,N/A,N/A,N/A,0,0,0,0,0,0.0,0.0,0.0,0.0,0.0,0.0,0.0
VEGFB,,N/A,N/A,N/A,0,0,0,0,0,0.0,0.0,0.0,0.0,0.0,0.0,0.0
DMXL2,,N/A,N/A,N/A,0,0,0,0,0,0.0,0.0,0.0,0.0,0.0,0.0,0.0
ADAMTS6,,N/A,N/A,N/A,0,0,0,0,0,0.0,0.0,0.0,0.0,0.0,0.0,0.0
CSRNP1,,N/A,N/A,N/A,0,0,0,0,0,0.0,0.0,0.0,0.0,0.0,0.0,0.0
VAPA,,N/A,N/A,N/A,0,0,0,0,0,0.0,0.0,0.0,0.0,0.0,0.0,0.0
OSGIN2,,N/A,N/A,N/A,0,0,0,0,0,0.0,0.0,0.0,0.0,0.0,0.0,0.0
ALDH18A1,,N/A,N/A,N/A,0,0,0,0,0,0.0,0.0,0.0,0.0,0.0,0.0,0.0
OXA1L,,N/A,N/A,N/A,0,0,0,0,0,0.0,0.0,0.0,0.0,0.0,0.0,0.0
DNAJC5,,N/A,N/A,N/A,0,0,0,0,0,0.0,0.0,0.0,0.0,0.0,0.0,0.0
CCDC167,,N/A,N/A,N/A,0,0,0,0,0,0.0,0.0,0.0,0.0,0.0,0.0,0.0
RCCD1,,N/A,N/A,N/A,0,0,0,0,0,0.0,0.0,0.0,0.0,0.0,0.0,0.0
ISG20,,N/A,N/A,N/A,0,0,0,0,0,0.0,0.0,0.0,0.0,0.0,0.0,0.0
DDX10,,N/A,N/A,N/A,0,0,0,0,0,0.0,0.0,0.0,0.0,0.0,0.0,0.0
RP9,,N/A,N/A,N/A,0,0,0,0,0,0.0,0.0,0.0,0.0,0.0,0.0,0.0
SLC31A1,,N/A,N/A,N/A,0,0,0,0,0,0.0,0.0,0.0,0.0,0.0,0.0,0.0
IPO9,,N/A,N/A,N/A,0,0,0,0,0,0.0,0.0,0.0,0.0,0.0,0.0,0.0
TMEM14C,,N/A,N/A,N/A,0,0,0,0,0,0.0,0.0,0.0,0.0,0.0,0.0,0.0
LMF2,,N/A,N/A,N/A,0,0,0,0,0,0.0,0.0,0.0,0.0,0.0,0.0,0.0
MTMR12,,N/A,N/A,N/A,0,0,0,0,0,0.0,0.0,0.0,0.0,0.0,0.0,0.0
RSPH3,,N/A,N/A,N/A,0,0,0,0,0,0.0,0.0,0.0,0.0,0.0,0.0,0.0
SERPINI1,,N/A,N/A,N/A,0,0,0,0,0,0.0,0.0,0.0,0.0,0.0,0.0,0.0
LINC00426,,N/A,N/A,N/A,0,0,0,0,0,0.0,0.0,0.0,0.0,0.0,0.0,0.0
RPL7L1,,N/A,N/A,N/A,0,0,0,0,0,0.0,0.0,0.0,0.0,0.0,0.0,0.0
NOP14,,N/A,N/A,N/A,0,0,0,0,0,0.0,0.0,0.0,0.0,0.0,0.0,0.0
MED16,,N/A,N/A,N/A,0,0,0,0,0,0.0,0.0,0.0,0.0,0.0,0.0,0.0
THAP9-AS1,,N/A,N/A,N/A,0,0,0,0,0,0.0,0.0,0.0,0.0,0.0,0.0,0.0
GIT2,,N/A,N/A,N/A,0,0,0,0,0,0.0,0.0,0.0,0.0,0.0,0.0,0.0
PACSIN2,,N/A,N/A,N/A,0,0,0,0,0,0.0,0.0,0.0,0.0,0.0,0.0,0.0
GALNT1,,N/A,N/A,N/A,0,0,0,0,0,0.0,0.0,0.0,0.0,0.0,0.0,0.0
SLC25A4,,N/A,N/A,N/A,0,0,0,0,0,0.0,0.0,0.0,0.0,0.0,0.0,0.0
RNASEL,,N/A,N/A,N/A,0,0,0,0,0,0.0,0.0,0.0,0.0,0.0,0.0,0.0
PLAGL2,,N/A,N/A,N/A,0,0,0,0,0,0.0,0.0,0.0,0.0,0.0,0.0,0.0
NEU3,,N/A,N/A,N/A,0,0,0,0,0,0.0,0.0,0.0,0.0,0.0,0.0,0.0
GPR137,,N/A,N/A,N/A,0,0,0,0,0,0.0,0.0,0.0,0.0,0.0,0.0,0.0
ESCO1,,N/A,N/A,N/A,0,0,0,0,0,0.0,0.0,0.0,0.0,0.0,0.0,0.0
LAMB2,,N/A,N/A,N/A,0,0,0,0,0,0.0,0.0,0.0,0.0,0.0,0.0,0.0
DNAH3,,N/A,N/A,N/A,0,0,0,0,0,0.0,0.0,0.0,0.0,0.0,0.0,0.0
AHCY,,N/A,N/A,N/A,0,0,0,0,0,0.0,0.0,0.0,0.0,0.0,0.0,0.0
MED15,,N/A,N/A,N/A,0,0,0,0,0,0.0,0.0,0.0,0.0,0.0,0.0,0.0
SF3B2,,N/A,N/A,N/A,0,0,0,0,0,0.0,0.0,0.0,0.0,0.0,0.0,0.0
E2F6,,N/A,N/A,N/A,0,0,0,0,0,0.0,0.0,0.0,0.0,0.0,0.0,0.0
PDHX,,N/A,N/A,N/A,0,0,0,0,0,0.0,0.0,0.0,0.0,0.0,0.0,0.0
ZNF506,,N/A,N/A,N/A,0,0,0,0,0,0.0,0.0,0.0,0.0,0.0,0.0,0.0
RHEB,,N/A,N/A,N/A,0,0,0,0,0,0.0,0.0,0.0,0.0,0.0,0.0,0.0
MCMBP,,N/A,N/A,N/A,0,0,0,0,0,0.0,0.0,0.0,0.0,0.0,0.0,0.0
ALDH1A2,,N/A,N/A,N/A,0,0,0,0,0,0.0,0.0,0.0,0.0,0.0,0.0,0.0
RAB3GAP1,,N/A,N/A,N/A,0,0,0,0,0,0.0,0.0,0.0,0.0,0.0,0.0,0.0
ESF1,,N/A,N/A,N/A,0,0,0,0,0,0.0,0.0,0.0,0.0,0.0,0.0,0.0
SERPINB1,,N/A,N/A,N/A,0,0,0,0,0,0.0,0.0,0.0,0.0,0.0,0.0,0.0
PAIP2,,N/A,N/A,N/A,0,0,0,0,0,0.0,0.0,0.0,0.0,0.0,0.0,0.0
RPL21,,N/A,N/A,N/A,0,0,0,0,0,0.0,0.0,0.0,0.0,0.0,0.0,0.0
OSGIN1,,N/A,N/A,N/A,0,0,0,0,0,0.0,0.0,0.0,0.0,0.0,0.0,0.0
KLHL8,,N/A,N/A,N/A,0,0,0,0,0,0.0,0.0,0.0,0.0,0.0,0.0,0.0
PMVK,,N/A,N/A,N/A,0,0,0,0,0,0.0,0.0,0.0,0.0,0.0,0.0,0.0
PTGES2,,N/A,N/A,N/A,0,0,0,0,0,0.0,0.0,0.0,0.0,0.0,0.0,0.0
CDCA7,,N/A,N/A,N/A,0,0,0,0,0,0.0,0.0,0.0,0.0,0.0,0.0,0.0
LRPPRC,,N/A,N/A,N/A,0,0,0,0,0,0.0,0.0,0.0,0.0,0.0,0.0,0.0
TCTN2,,N/A,N/A,N/A,0,0,0,0,0,0.0,0.0,0.0,0.0,0.0,0.0,0.0
DENND3,,N/A,N/A,N/A,0,0,0,0,0,0.0,0.0,0.0,0.0,0.0,0.0,0.0
QSER1,,N/A,N/A,N/A,0,0,0,0,0,0.0,0.0,0.0,0.0,0.0,0.0,0.0
TOR2A,,N/A,N/A,N/A,0,0,0,0,0,0.0,0.0,0.0,0.0,0.0,0.0,0.0
ANKRD36,,N/A,N/A,N/A,0,0,0,0,0,0.0,0.0,0.0,0.0,0.0,0.0,0.0
COX6B1,,N/A,N/A,N/A,0,0,0,0,0,0.0,0.0,0.0,0.0,0.0,0.0,0.0
HCN3,,N/A,N/A,N/A,0,0,0,0,0,0.0,0.0,0.0,0.0,0.0,0.0,0.0
PAN3,,N/A,N/A,N/A,0,0,0,0,0,0.0,0.0,0.0,0.0,0.0,0.0,0.0
MRPL38,,N/A,N/A,N/A,0,0,0,0,0,0.0,0.0,0.0,0.0,0.0,0.0,0.0
FAM149B1,,N/A,N/A,N/A,0,0,0,0,0,0.0,0.0,0.0,0.0,0.0,0.0,0.0
TPI1,,N/A,N/A,N/A,0,0,0,0,0,0.0,0.0,0.0,0.0,0.0,0.0,0.0
ACYP1,,N/A,N/A,N/A,0,0,0,0,0,0.0,0.0,0.0,0.0,0.0,0.0,0.0
ZNF439,,N/A,N/A,N/A,0,0,0,0,0,0.0,0.0,0.0,0.0,0.0,0.0,0.0
SH3TC2,,N/A,N/A,N/A,0,0,0,0,0,0.0,0.0,0.0,0.0,0.0,0.0,0.0
HNRNPK,,N/A,N/A,N/A,0,0,0,0,0,0.0,0.0,0.0,0.0,0.0,0.0,0.0
LYRM1,,N/A,N/A,N/A,0,0,0,0,0,0.0,0.0,0.0,0.0,0.0,0.0,0.0
MAPK12,,N/A,N/A,N/A,0,0,0,0,0,0.0,0.0,0.0,0.0,0.0,0.0,0.0
GALNT7,,N/A,N/A,N/A,0,0,0,0,0,0.0,0.0,0.0,0.0,0.0,0.0,0.0
RPS13,,N/A,N/A,N/A,0,0,0,0,0,0.0,0.0,0.0,0.0,0.0,0.0,0.0
EHBP1,,N/A,N/A,N/A,0,0,0,0,0,0.0,0.0,0.0,0.0,0.0,0.0,0.0
WDR91,,N/A,N/A,N/A,0,0,0,0,0,0.0,0.0,0.0,0.0,0.0,0.0,0.0
SREK1,,N/A,N/A,N/A,0,0,0,0,0,0.0,0.0,0.0,0.0,0.0,0.0,0.0
RBM5,,N/A,N/A,N/A,0,0,0,0,0,0.0,0.0,0.0,0.0,0.0,0.0,0.0
NUFIP1,,N/A,N/A,N/A,0,0,0,0,0,0.0,0.0,0.0,0.0,0.0,0.0,0.0
MCM6,,N/A,N/A,N/A,0,0,0,0,0,0.0,0.0,0.0,0.0,0.0,0.0,0.0
UFC1,,N/A,N/A,N/A,0,0,0,0,0,0.0,0.0,0.0,0.0,0.0,0.0,0.0
CSTF1,,N/A,N/A,N/A,0,0,0,0,0,0.0,0.0,0.0,0.0,0.0,0.0,0.0
MRPL46,,N/A,N/A,N/A,0,0,0,0,0,0.0,0.0,0.0,0.0,0.0,0.0,0.0
PCBP2,,N/A,N/A,N/A,0,0,0,0,0,0.0,0.0,0.0,0.0,0.0,0.0,0.0
ISCA2,,N/A,N/A,N/A,0,0,0,0,0,0.0,0.0,0.0,0.0,0.0,0.0,0.0
SCG5,,N/A,N/A,N/A,0,0,0,0,0,0.0,0.0,0.0,0.0,0.0,0.0,0.0
STXBP2,,N/A,N/A,N/A,0,0,0,0,0,0.0,0.0,0.0,0.0,0.0,0.0,0.0
MAML3,,N/A,N/A,N/A,0,0,0,0,0,0.0,0.0,0.0,0.0,0.0,0.0,0.0
BAG4,,N/A,N/A,N/A,0,0,0,0,0,0.0,0.0,0.0,0.0,0.0,0.0,0.0
MAP3K3,,N/A,N/A,N/A,0,0,0,0,0,0.0,0.0,0.0,0.0,0.0,0.0,0.0
ENDOV,,N/A,N/A,N/A,0,0,0,0,0,0.0,0.0,0.0,0.0,0.0,0.0,0.0
NID1,,N/A,N/A,N/A,0,0,0,0,0,0.0,0.0,0.0,0.0,0.0,0.0,0.0
ARL5A,,N/A,N/A,N/A,0,0,0,0,0,0.0,0.0,0.0,0.0,0.0,0.0,0.0
GPD2,,N/A,N/A,N/A,0,0,0,0,0,0.0,0.0,0.0,0.0,0.0,0.0,0.0
MIB2,,N/A,N/A,N/A,0,0,0,0,0,0.0,0.0,0.0,0.0,0.0,0.0,0.0
IFI27L2,,N/A,N/A,N/A,0,0,0,0,0,0.0,0.0,0.0,0.0,0.0,0.0,0.0
CCDC117,,N/A,N/A,N/A,0,0,0,0,0,0.0,0.0,0.0,0.0,0.0,0.0,0.0
WDR55,,N/A,N/A,N/A,0,0,0,0,0,0.0,0.0,0.0,0.0,0.0,0.0,0.0
THAP6,,N/A,N/A,N/A,0,0,0,0,0,0.0,0.0,0.0,0.0,0.0,0.0,0.0
FAM135A,,N/A,N/A,N/A,0,0,0,0,0,0.0,0.0,0.0,0.0,0.0,0.0,0.0
EXOC5,,N/A,N/A,N/A,0,0,0,0,0,0.0,0.0,0.0,0.0,0.0,0.0,0.0
MX2,,N/A,N/A,N/A,0,0,0,0,0,0.0,0.0,0.0,0.0,0.0,0.0,0.0
INTS6-AS1,,N/A,N/A,N/A,0,0,0,0,0,0.0,0.0,0.0,0.0,0.0,0.0,0.0
INTS4,,N/A,N/A,N/A,0,0,0,0,0,0.0,0.0,0.0,0.0,0.0,0.0,0.0
SLC30A6,,N/A,N/A,N/A,0,0,0,0,0,0.0,0.0,0.0,0.0,0.0,0.0,0.0
KCNK7,,N/A,N/A,N/A,0,0,0,0,0,0.0,0.0,0.0,0.0,0.0,0.0,0.0
RASSF8-AS1,,N/A,N/A,N/A,0,0,0,0,0,0.0,0.0,0.0,0.0,0.0,0.0,0.0
GNPTAB,,N/A,N/A,N/A,0,0,0,0,0,0.0,0.0,0.0,0.0,0.0,0.0,0.0
SLC29A2,,N/A,N/A,N/A,0,0,0,0,0,0.0,0.0,0.0,0.0,0.0,0.0,0.0
HOXA-AS2,,N/A,N/A,N/A,0,0,0,0,0,0.0,0.0,0.0,0.0,0.0,0.0,0.0
MAML2,,N/A,N/A,N/A,0,0,0,0,0,0.0,0.0,0.0,0.0,0.0,0.0,0.0
MYO9B,,N/A,N/A,N/A,0,0,0,0,0,0.0,0.0,0.0,0.0,0.0,0.0,0.0
COPS7A,,N/A,N/A,N/A,0,0,0,0,0,0.0,0.0,0.0,0.0,0.0,0.0,0.0
KHNYN,,N/A,N/A,N/A,0,0,0,0,0,0.0,0.0,0.0,0.0,0.0,0.0,0.0
SCARB1,,N/A,N/A,N/A,0,0,0,0,0,0.0,0.0,0.0,0.0,0.0,0.0,0.0
ZWINT,,N/A,N/A,N/A,0,0,0,0,0,0.0,0.0,0.0,0.0,0.0,0.0,0.0
BTG3,,N/A,N/A,N/A,0,0,0,0,0,0.0,0.0,0.0,0.0,0.0,0.0,0.0
EIF3G,,N/A,N/A,N/A,0,0,0,0,0,0.0,0.0,0.0,0.0,0.0,0.0,0.0
ZNF678,,N/A,N/A,N/A,0,0,0,0,0,0.0,0.0,0.0,0.0,0.0,0.0,0.0
EPSTI1,,N/A,N/A,N/A,0,0,0,0,0,0.0,0.0,0.0,0.0,0.0,0.0,0.0
PAF1,,N/A,N/A,N/A,0,0,0,0,0,0.0,0.0,0.0,0.0,0.0,0.0,0.0
PEX14,,N/A,N/A,N/A,0,0,0,0,0,0.0,0.0,0.0,0.0,0.0,0.0,0.0
KBTBD7,,N/A,N/A,N/A,0,0,0,0,0,0.0,0.0,0.0,0.0,0.0,0.0,0.0
ACAP2,,N/A,N/A,N/A,0,0,0,0,0,0.0,0.0,0.0,0.0,0.0,0.0,0.0
GPSM1,,N/A,N/A,N/A,0,0,0,0,0,0.0,0.0,0.0,0.0,0.0,0.0,0.0
RBM12B,,N/A,N/A,N/A,0,0,0,0,0,0.0,0.0,0.0,0.0,0.0,0.0,0.0
MAN2B1,,N/A,N/A,N/A,0,0,0,0,0,0.0,0.0,0.0,0.0,0.0,0.0,0.0
ZNF287,,N/A,N/A,N/A,0,0,0,0,0,0.0,0.0,0.0,0.0,0.0,0.0,0.0
TMEM9,,N/A,N/A,N/A,0,0,0,0,0,0.0,0.0,0.0,0.0,0.0,0.0,0.0
TM6SF1,,N/A,N/A,N/A,0,0,0,0,0,0.0,0.0,0.0,0.0,0.0,0.0,0.0
CHST6,,N/A,N/A,N/A,0,0,0,0,0,0.0,0.0,0.0,0.0,0.0,0.0,0.0
PILRB,,N/A,N/A,N/A,0,0,0,0,0,0.0,0.0,0.0,0.0,0.0,0.0,0.0
LZIC,,N/A,N/A,N/A,0,0,0,0,0,0.0,0.0,0.0,0.0,0.0,0.0,0.0
RFK,,N/A,N/A,N/A,0,0,0,0,0,0.0,0.0,0.0,0.0,0.0,0.0,0.0
SNAI3-AS1,,N/A,N/A,N/A,0,0,0,0,0,0.0,0.0,0.0,0.0,0.0,0.0,0.0
LRP2BP,,N/A,N/A,N/A,0,0,0,0,0,0.0,0.0,0.0,0.0,0.0,0.0,0.0
PRDX3,,N/A,N/A,N/A,0,0,0,0,0,0.0,0.0,0.0,0.0,0.0,0.0,0.0
PHC1,,N/A,N/A,N/A,0,0,0,0,0,0.0,0.0,0.0,0.0,0.0,0.0,0.0
BCAS3,,N/A,N/A,N/A,0,0,0,0,0,0.0,0.0,0.0,0.0,0.0,0.0,0.0
PARVA,,N/A,N/A,N/A,0,0,0,0,0,0.0,0.0,0.0,0.0,0.0,0.0,0.0
CYFIP2,,N/A,N/A,N/A,0,0,0,0,0,0.0,0.0,0.0,0.0,0.0,0.0,0.0
TMEM161A,,N/A,N/A,N/A,0,0,0,0,0,0.0,0.0,0.0,0.0,0.0,0.0,0.0
GFM1,,N/A,N/A,N/A,0,0,0,0,0,0.0,0.0,0.0,0.0,0.0,0.0,0.0
APOO,,N/A,N/A,N/A,0,0,0,0,0,0.0,0.0,0.0,0.0,0.0,0.0,0.0
CCDC159,,N/A,N/A,N/A,0,0,0,0,0,0.0,0.0,0.0,0.0,0.0,0.0,0.0
PLOD3,,N/A,N/A,N/A,0,0,0,0,0,0.0,0.0,0.0,0.0,0.0,0.0,0.0
RPS29,,N/A,N/A,N/A,0,0,0,0,0,0.0,0.0,0.0,0.0,0.0,0.0,0.0
PCTP,,N/A,N/A,N/A,0,0,0,0,0,0.0,0.0,0.0,0.0,0.0,0.0,0.0
ASB8,,N/A,N/A,N/A,0,0,0,0,0,0.0,0.0,0.0,0.0,0.0,0.0,0.0
ANKRD9,,N/A,N/A,N/A,0,0,0,0,0,0.0,0.0,0.0,0.0,0.0,0.0,0.0
DRAXIN,,N/A,N/A,N/A,0,0,0,0,0,0.0,0.0,0.0,0.0,0.0,0.0,0.0
FAM117B,,N/A,N/A,N/A,0,0,0,0,0,0.0,0.0,0.0,0.0,0.0,0.0,0.0
MSRB2,,N/A,N/A,N/A,0,0,0,0,0,0.0,0.0,0.0,0.0,0.0,0.0,0.0
ARRDC1,,N/A,N/A,N/A,0,0,0,0,0,0.0,0.0,0.0,0.0,0.0,0.0,0.0
IER5L,,N/A,N/A,N/A,0,0,0,0,0,0.0,0.0,0.0,0.0,0.0,0.0,0.0
TRIM32,,N/A,N/A,N/A,0,0,0,0,0,0.0,0.0,0.0,0.0,0.0,0.0,0.0
C16orf74,,N/A,N/A,N/A,0,0,0,0,0,0.0,0.0,0.0,0.0,0.0,0.0,0.0
NDUFC2,,N/A,N/A,N/A,0,0,0,0,0,0.0,0.0,0.0,0.0,0.0,0.0,0.0
ZNF630,,N/A,N/A,N/A,0,0,0,0,0,0.0,0.0,0.0,0.0,0.0,0.0,0.0
TLCD1,,N/A,N/A,N/A,0,0,0,0,0,0.0,0.0,0.0,0.0,0.0,0.0,0.0
ARHGAP11B,,N/A,N/A,N/A,0,0,0,0,0,0.0,0.0,0.0,0.0,0.0,0.0,0.0
ZNFX1,,N/A,N/A,N/A,0,0,0,0,0,0.0,0.0,0.0,0.0,0.0,0.0,0.0
PARP4,,N/A,N/A,N/A,0,0,0,0,0,0.0,0.0,0.0,0.0,0.0,0.0,0.0
CCNG2,,N/A,N/A,N/A,0,0,0,0,0,0.0,0.0,0.0,0.0,0.0,0.0,0.0
CHMP3,,N/A,N/A,N/A,0,0,0,0,0,0.0,0.0,0.0,0.0,0.0,0.0,0.0
TCEA1,,N/A,N/A,N/A,0,0,0,0,0,0.0,0.0,0.0,0.0,0.0,0.0,0.0
ZCCHC2,,N/A,N/A,N/A,0,0,0,0,0,0.0,0.0,0.0,0.0,0.0,0.0,0.0
MBTD1,,N/A,N/A,N/A,0,0,0,0,0,0.0,0.0,0.0,0.0,0.0,0.0,0.0
EIF2B1,,N/A,N/A,N/A,0,0,0,0,0,0.0,0.0,0.0,0.0,0.0,0.0,0.0
TRAPPC9,,N/A,N/A,N/A,0,0,0,0,0,0.0,0.0,0.0,0.0,0.0,0.0,0.0
EIF3F,,N/A,N/A,N/A,0,0,0,0,0,0.0,0.0,0.0,0.0,0.0,0.0,0.0
FAM151B,,N/A,N/A,N/A,0,0,0,0,0,0.0,0.0,0.0,0.0,0.0,0.0,0.0
GMNN,,N/A,N/A,N/A,0,0,0,0,0,0.0,0.0,0.0,0.0,0.0,0.0,0.0
UTP15,,N/A,N/A,N/A,0,0,0,0,0,0.0,0.0,0.0,0.0,0.0,0.0,0.0
ZDHHC16,,N/A,N/A,N/A,0,0,0,0,0,0.0,0.0,0.0,0.0,0.0,0.0,0.0
CCNB1IP1,,N/A,N/A,N/A,0,0,0,0,0,0.0,0.0,0.0,0.0,0.0,0.0,0.0
RAD21,,N/A,N/A,N/A,0,0,0,0,0,0.0,0.0,0.0,0.0,0.0,0.0,0.0
CLSTN3,,N/A,N/A,N/A,0,0,0,0,0,0.0,0.0,0.0,0.0,0.0,0.0,0.0
PITPNM3,,N/A,N/A,N/A,0,0,0,0,0,0.0,0.0,0.0,0.0,0.0,0.0,0.0
PXDN,,N/A,N/A,N/A,0,0,0,0,0,0.0,0.0,0.0,0.0,0.0,0.0,0.0
PAPOLA,,N/A,N/A,N/A,0,0,0,0,0,0.0,0.0,0.0,0.0,0.0,0.0,0.0
KALRN,,N/A,N/A,N/A,0,0,0,0,0,0.0,0.0,0.0,0.0,0.0,0.0,0.0
APOLD1,,N/A,N/A,N/A,0,0,0,0,0,0.0,0.0,0.0,0.0,0.0,0.0,0.0
GTF3C3,,N/A,N/A,N/A,0,0,0,0,0,0.0,0.0,0.0,0.0,0.0,0.0,0.0
ZNF717,,N/A,N/A,N/A,0,0,0,0,0,0.0,0.0,0.0,0.0,0.0,0.0,0.0
RBM19,,N/A,N/A,N/A,0,0,0,0,0,0.0,0.0,0.0,0.0,0.0,0.0,0.0
FHAD1,,N/A,N/A,N/A,0,0,0,0,0,0.0,0.0,0.0,0.0,0.0,0.0,0.0
CPB2-AS1,,N/A,N/A,N/A,0,0,0,0,0,0.0,0.0,0.0,0.0,0.0,0.0,0.0
TM2D2,,N/A,N/A,N/A,0,0,0,0,0,0.0,0.0,0.0,0.0,0.0,0.0,0.0
GAB1,,N/A,N/A,N/A,0,0,0,0,0,0.0,0.0,0.0,0.0,0.0,0.0,0.0
LAS1L,,N/A,N/A,N/A,0,0,0,0,0,0.0,0.0,0.0,0.0,0.0,0.0,0.0
RGS17,,N/A,N/A,N/A,0,0,0,0,0,0.0,0.0,0.0,0.0,0.0,0.0,0.0
RRAGD,,N/A,N/A,N/A,0,0,0,0,0,0.0,0.0,0.0,0.0,0.0,0.0,0.0
MORC2-AS1,,N/A,N/A,N/A,0,0,0,0,0,0.0,0.0,0.0,0.0,0.0,0.0,0.0
ARHGDIA,,N/A,N/A,N/A,0,0,0,0,0,0.0,0.0,0.0,0.0,0.0,0.0,0.0
MIR181A1HG,,N/A,N/A,N/A,0,0,0,0,0,0.0,0.0,0.0,0.0,0.0,0.0,0.0
TXNDC16,,N/A,N/A,N/A,0,0,0,0,0,0.0,0.0,0.0,0.0,0.0,0.0,0.0
VPS13B,,N/A,N/A,N/A,0,0,0,0,0,0.0,0.0,0.0,0.0,0.0,0.0,0.0
FAM168B,,N/A,N/A,N/A,0,0,0,0,0,0.0,0.0,0.0,0.0,0.0,0.0,0.0
PNKP,,N/A,N/A,N/A,0,0,0,0,0,0.0,0.0,0.0,0.0,0.0,0.0,0.0
MRPL20,,N/A,N/A,N/A,0,0,0,0,0,0.0,0.0,0.0,0.0,0.0,0.0,0.0
HSD17B10,,N/A,N/A,N/A,0,0,0,0,0,0.0,0.0,0.0,0.0,0.0,0.0,0.0
PCYOX1,,N/A,N/A,N/A,0,0,0,0,0,0.0,0.0,0.0,0.0,0.0,0.0,0.0
FLAD1,,N/A,N/A,N/A,0,0,0,0,0,0.0,0.0,0.0,0.0,0.0,0.0,0.0
GLUD1,,N/A,N/A,N/A,0,0,0,0,0,0.0,0.0,0.0,0.0,0.0,0.0,0.0
MROH8,,N/A,N/A,N/A,0,0,0,0,0,0.0,0.0,0.0,0.0,0.0,0.0,0.0
RAB31,,N/A,N/A,N/A,0,0,0,0,0,0.0,0.0,0.0,0.0,0.0,0.0,0.0
HSPA2,,N/A,N/A,N/A,0,0,0,0,0,0.0,0.0,0.0,0.0,0.0,0.0,0.0
ZNF608,,N/A,N/A,N/A,0,0,0,0,0,0.0,0.0,0.0,0.0,0.0,0.0,0.0
FRYL,,N/A,N/A,N/A,0,0,0,0,0,0.0,0.0,0.0,0.0,0.0,0.0,0.0
SLC38A11,,N/A,N/A,N/A,0,0,0,0,0,0.0,0.0,0.0,0.0,0.0,0.0,0.0
FHL1,,N/A,N/A,N/A,0,0,0,0,0,0.0,0.0,0.0,0.0,0.0,0.0,0.0
DCTPP1,,N/A,N/A,N/A,0,0,0,0,0,0.0,0.0,0.0,0.0,0.0,0.0,0.0
MAN2C1,,N/A,N/A,N/A,0,0,0,0,0,0.0,0.0,0.0,0.0,0.0,0.0,0.0
KNOP1,,N/A,N/A,N/A,0,0,0,0,0,0.0,0.0,0.0,0.0,0.0,0.0,0.0
UBE2M,,N/A,N/A,N/A,0,0,0,0,0,0.0,0.0,0.0,0.0,0.0,0.0,0.0
GPR137C,,N/A,N/A,N/A,0,0,0,0,0,0.0,0.0,0.0,0.0,0.0,0.0,0.0
GCC1,,N/A,N/A,N/A,0,0,0,0,0,0.0,0.0,0.0,0.0,0.0,0.0,0.0
RHOBTB2,,N/A,N/A,N/A,0,0,0,0,0,0.0,0.0,0.0,0.0,0.0,0.0,0.0
FAM104A,,N/A,N/A,N/A,0,0,0,0,0,0.0,0.0,0.0,0.0,0.0,0.0,0.0
METTL15,,N/A,N/A,N/A,0,0,0,0,0,0.0,0.0,0.0,0.0,0.0,0.0,0.0
STRN4,,N/A,N/A,N/A,0,0,0,0,0,0.0,0.0,0.0,0.0,0.0,0.0,0.0
PSKH1,,N/A,N/A,N/A,0,0,0,0,0,0.0,0.0,0.0,0.0,0.0,0.0,0.0
ZNF641,,N/A,N/A,N/A,0,0,0,0,0,0.0,0.0,0.0,0.0,0.0,0.0,0.0
FBXO46,,N/A,N/A,N/A,0,0,0,0,0,0.0,0.0,0.0,0.0,0.0,0.0,0.0
PDE8A,,N/A,N/A,N/A,0,0,0,0,0,0.0,0.0,0.0,0.0,0.0,0.0,0.0
GPC4,,N/A,N/A,N/A,0,0,0,0,0,0.0,0.0,0.0,0.0,0.0,0.0,0.0
P4HA2,,N/A,N/A,N/A,0,0,0,0,0,0.0,0.0,0.0,0.0,0.0,0.0,0.0
SRD5A3,,N/A,N/A,N/A,0,0,0,0,0,0.0,0.0,0.0,0.0,0.0,0.0,0.0
CCDC146,,N/A,N/A,N/A,0,0,0,0,0,0.0,0.0,0.0,0.0,0.0,0.0,0.0
UBE2E1,,N/A,N/A,N/A,0,0,0,0,0,0.0,0.0,0.0,0.0,0.0,0.0,0.0
PSMD11,,N/A,N/A,N/A,0,0,0,0,0,0.0,0.0,0.0,0.0,0.0,0.0,0.0
MIR210HG,,N/A,N/A,N/A,0,0,0,0,0,0.0,0.0,0.0,0.0,0.0,0.0,0.0
NFYC,,N/A,N/A,N/A,0,0,0,0,0,0.0,0.0,0.0,0.0,0.0,0.0,0.0
TM7SF2,,N/A,N/A,N/A,0,0,0,0,0,0.0,0.0,0.0,0.0,0.0,0.0,0.0
SULT1C4,,N/A,N/A,N/A,0,0,0,0,0,0.0,0.0,0.0,0.0,0.0,0.0,0.0
CENPQ,,N/A,N/A,N/A,0,0,0,0,0,0.0,0.0,0.0,0.0,0.0,0.0,0.0
PARD6B,,N/A,N/A,N/A,0,0,0,0,0,0.0,0.0,0.0,0.0,0.0,0.0,0.0
PRR11,,N/A,N/A,N/A,0,0,0,0,0,0.0,0.0,0.0,0.0,0.0,0.0,0.0
MIDN,,N/A,N/A,N/A,0,0,0,0,0,0.0,0.0,0.0,0.0,0.0,0.0,0.0
GPM6B,,N/A,N/A,N/A,0,0,0,0,0,0.0,0.0,0.0,0.0,0.0,0.0,0.0
CENPV,,N/A,N/A,N/A,0,0,0,0,0,0.0,0.0,0.0,0.0,0.0,0.0,0.0
RHOBTB1,,N/A,N/A,N/A,0,0,0,0,0,0.0,0.0,0.0,0.0,0.0,0.0,0.0
TMOD3,,N/A,N/A,N/A,0,0,0,0,0,0.0,0.0,0.0,0.0,0.0,0.0,0.0
PRDM4,,N/A,N/A,N/A,0,0,0,0,0,0.0,0.0,0.0,0.0,0.0,0.0,0.0
CALM1,,N/A,N/A,N/A,0,0,0,0,0,0.0,0.0,0.0,0.0,0.0,0.0,0.0
TPD52,,N/A,N/A,N/A,0,0,0,0,0,0.0,0.0,0.0,0.0,0.0,0.0,0.0
ATG13,,N/A,N/A,N/A,0,0,0,0,0,0.0,0.0,0.0,0.0,0.0,0.0,0.0
IDNK,,N/A,N/A,N/A,0,0,0,0,0,0.0,0.0,0.0,0.0,0.0,0.0,0.0
COMMD8,,N/A,N/A,N/A,0,0,0,0,0,0.0,0.0,0.0,0.0,0.0,0.0,0.0
KLF8,,N/A,N/A,N/A,0,0,0,0,0,0.0,0.0,0.0,0.0,0.0,0.0,0.0
LNP1,,N/A,N/A,N/A,0,0,0,0,0,0.0,0.0,0.0,0.0,0.0,0.0,0.0
PTCD3,,N/A,N/A,N/A,0,0,0,0,0,0.0,0.0,0.0,0.0,0.0,0.0,0.0
ANKMY1,,N/A,N/A,N/A,0,0,0,0,0,0.0,0.0,0.0,0.0,0.0,0.0,0.0
CCNT1,,N/A,N/A,N/A,0,0,0,0,0,0.0,0.0,0.0,0.0,0.0,0.0,0.0
BLVRB,,N/A,N/A,N/A,0,0,0,0,0,0.0,0.0,0.0,0.0,0.0,0.0,0.0
PIF1,,N/A,N/A,N/A,0,0,0,0,0,0.0,0.0,0.0,0.0,0.0,0.0,0.0
THOC2,,N/A,N/A,N/A,0,0,0,0,0,0.0,0.0,0.0,0.0,0.0,0.0,0.0
RCN1,,N/A,N/A,N/A,0,0,0,0,0,0.0,0.0,0.0,0.0,0.0,0.0,0.0
PRKCB,,N/A,N/A,N/A,0,0,0,0,0,0.0,0.0,0.0,0.0,0.0,0.0,0.0
WDR31,,N/A,N/A,N/A,0,0,0,0,0,0.0,0.0,0.0,0.0,0.0,0.0,0.0
IRAK3,,N/A,N/A,N/A,0,0,0,0,0,0.0,0.0,0.0,0.0,0.0,0.0,0.0
TRAF7,,N/A,N/A,N/A,0,0,0,0,0,0.0,0.0,0.0,0.0,0.0,0.0,0.0
HOXA7,,N/A,N/A,N/A,0,0,0,0,0,0.0,0.0,0.0,0.0,0.0,0.0,0.0
ODF3B,,N/A,N/A,N/A,0,0,0,0,0,0.0,0.0,0.0,0.0,0.0,0.0,0.0
SMC5,,N/A,N/A,N/A,0,0,0,0,0,0.0,0.0,0.0,0.0,0.0,0.0,0.0
CDC25A,,N/A,N/A,N/A,0,0,0,0,0,0.0,0.0,0.0,0.0,0.0,0.0,0.0
MEIOB,,N/A,N/A,N/A,0,0,0,0,0,0.0,0.0,0.0,0.0,0.0,0.0,0.0
TMTC1,,N/A,N/A,N/A,0,0,0,0,0,0.0,0.0,0.0,0.0,0.0,0.0,0.0
HLA-F,,N/A,N/A,N/A,0,0,0,0,0,0.0,0.0,0.0,0.0,0.0,0.0,0.0
AP3S1,,N/A,N/A,N/A,0,0,0,0,0,0.0,0.0,0.0,0.0,0.0,0.0,0.0
GPS1,,N/A,N/A,N/A,0,0,0,0,0,0.0,0.0,0.0,0.0,0.0,0.0,0.0
TIAL1,,N/A,N/A,N/A,0,0,0,0,0,0.0,0.0,0.0,0.0,0.0,0.0,0.0
EBNA1BP2,,N/A,N/A,N/A,0,0,0,0,0,0.0,0.0,0.0,0.0,0.0,0.0,0.0
PPM1L,,N/A,N/A,N/A,0,0,0,0,0,0.0,0.0,0.0,0.0,0.0,0.0,0.0
LRRC63,,N/A,N/A,N/A,0,0,0,0,0,0.0,0.0,0.0,0.0,0.0,0.0,0.0
MZT2A,,N/A,N/A,N/A,0,0,0,0,0,0.0,0.0,0.0,0.0,0.0,0.0,0.0
DDX52,,N/A,N/A,N/A,0,0,0,0,0,0.0,0.0,0.0,0.0,0.0,0.0,0.0
NET1,,N/A,N/A,N/A,0,0,0,0,0,0.0,0.0,0.0,0.0,0.0,0.0,0.0
ZNF260,,N/A,N/A,N/A,0,0,0,0,0,0.0,0.0,0.0,0.0,0.0,0.0,0.0
C6orf89,,N/A,N/A,N/A,0,0,0,0,0,0.0,0.0,0.0,0.0,0.0,0.0,0.0
HNRNPA3,,N/A,N/A,N/A,0,0,0,0,0,0.0,0.0,0.0,0.0,0.0,0.0,0.0
NEK3,,N/A,N/A,N/A,0,0,0,0,0,0.0,0.0,0.0,0.0,0.0,0.0,0.0
ZNF229,,N/A,N/A,N/A,0,0,0,0,0,0.0,0.0,0.0,0.0,0.0,0.0,0.0
SLC9A6,,N/A,N/A,N/A,0,0,0,0,0,0.0,0.0,0.0,0.0,0.0,0.0,0.0
PCGF2,,N/A,N/A,N/A,0,0,0,0,0,0.0,0.0,0.0,0.0,0.0,0.0,0.0
XPO6,,N/A,N/A,N/A,0,0,0,0,0,0.0,0.0,0.0,0.0,0.0,0.0,0.0
WDR62,,N/A,N/A,N/A,0,0,0,0,0,0.0,0.0,0.0,0.0,0.0,0.0,0.0
ZNF347,,N/A,N/A,N/A,0,0,0,0,0,0.0,0.0,0.0,0.0,0.0,0.0,0.0
NACC1,,N/A,N/A,N/A,0,0,0,0,0,0.0,0.0,0.0,0.0,0.0,0.0,0.0
KDM2B,,N/A,N/A,N/A,0,0,0,0,0,0.0,0.0,0.0,0.0,0.0,0.0,0.0
SLC37A3,,N/A,N/A,N/A,0,0,0,0,0,0.0,0.0,0.0,0.0,0.0,0.0,0.0
VWCE,,N/A,N/A,N/A,0,0,0,0,0,0.0,0.0,0.0,0.0,0.0,0.0,0.0
TLE1,,N/A,N/A,N/A,0,0,0,0,0,0.0,0.0,0.0,0.0,0.0,0.0,0.0
TSPAN17,,N/A,N/A,N/A,0,0,0,0,0,0.0,0.0,0.0,0.0,0.0,0.0,0.0
RBX1,,N/A,N/A,N/A,0,0,0,0,0,0.0,0.0,0.0,0.0,0.0,0.0,0.0
BEND7,,N/A,N/A,N/A,0,0,0,0,0,0.0,0.0,0.0,0.0,0.0,0.0,0.0
KDM4A,,N/A,N/A,N/A,0,0,0,0,0,0.0,0.0,0.0,0.0,0.0,0.0,0.0
CCDC7,,N/A,N/A,N/A,0,0,0,0,0,0.0,0.0,0.0,0.0,0.0,0.0,0.0
ESYT2,,N/A,N/A,N/A,0,0,0,0,0,0.0,0.0,0.0,0.0,0.0,0.0,0.0
ZCCHC9,,N/A,N/A,N/A,0,0,0,0,0,0.0,0.0,0.0,0.0,0.0,0.0,0.0
TMEM8B,,N/A,N/A,N/A,0,0,0,0,0,0.0,0.0,0.0,0.0,0.0,0.0,0.0
RHNO1,,N/A,N/A,N/A,0,0,0,0,0,0.0,0.0,0.0,0.0,0.0,0.0,0.0
DNMBP,,N/A,N/A,N/A,0,0,0,0,0,0.0,0.0,0.0,0.0,0.0,0.0,0.0
LAMC1,,N/A,N/A,N/A,0,0,0,0,0,0.0,0.0,0.0,0.0,0.0,0.0,0.0
SIRT4,,N/A,N/A,N/A,0,0,0,0,0,0.0,0.0,0.0,0.0,0.0,0.0,0.0
FMNL1,,N/A,N/A,N/A,0,0,0,0,0,0.0,0.0,0.0,0.0,0.0,0.0,0.0
CHIC1,,N/A,N/A,N/A,0,0,0,0,0,0.0,0.0,0.0,0.0,0.0,0.0,0.0
AHCYL1,,N/A,N/A,N/A,0,0,0,0,0,0.0,0.0,0.0,0.0,0.0,0.0,0.0
DEF6,,N/A,N/A,N/A,0,0,0,0,0,0.0,0.0,0.0,0.0,0.0,0.0,0.0
ZDHHC9,,N/A,N/A,N/A,0,0,0,0,0,0.0,0.0,0.0,0.0,0.0,0.0,0.0
SEC23IP,,N/A,N/A,N/A,0,0,0,0,0,0.0,0.0,0.0,0.0,0.0,0.0,0.0
CTDP1,,N/A,N/A,N/A,0,0,0,0,0,0.0,0.0,0.0,0.0,0.0,0.0,0.0
PSMA5,,N/A,N/A,N/A,0,0,0,0,0,0.0,0.0,0.0,0.0,0.0,0.0,0.0
FAM81A,,N/A,N/A,N/A,0,0,0,0,0,0.0,0.0,0.0,0.0,0.0,0.0,0.0
LMAN1,,N/A,N/A,N/A,0,0,0,0,0,0.0,0.0,0.0,0.0,0.0,0.0,0.0
ARHGEF10L,,N/A,N/A,N/A,0,0,0,0,0,0.0,0.0,0.0,0.0,0.0,0.0,0.0
SMARCA1,,N/A,N/A,N/A,0,0,0,0,0,0.0,0.0,0.0,0.0,0.0,0.0,0.0
SENP2,,N/A,N/A,N/A,0,0,0,0,0,0.0,0.0,0.0,0.0,0.0,0.0,0.0
ATXN7L3,,N/A,N/A,N/A,0,0,0,0,0,0.0,0.0,0.0,0.0,0.0,0.0,0.0
TP53TG1,,N/A,N/A,N/A,0,0,0,0,0,0.0,0.0,0.0,0.0,0.0,0.0,0.0
SUPV3L1,,N/A,N/A,N/A,0,0,0,0,0,0.0,0.0,0.0,0.0,0.0,0.0,0.0
GAL3ST4,,N/A,N/A,N/A,0,0,0,0,0,0.0,0.0,0.0,0.0,0.0,0.0,0.0
MAPKAPK3,,N/A,N/A,N/A,0,0,0,0,0,0.0,0.0,0.0,0.0,0.0,0.0,0.0
CREB3,,N/A,N/A,N/A,0,0,0,0,0,0.0,0.0,0.0,0.0,0.0,0.0,0.0
ACSF2,,N/A,N/A,N/A,0,0,0,0,0,0.0,0.0,0.0,0.0,0.0,0.0,0.0
SF3A1,,N/A,N/A,N/A,0,0,0,0,0,0.0,0.0,0.0,0.0,0.0,0.0,0.0
PTCD2,,N/A,N/A,N/A,0,0,0,0,0,0.0,0.0,0.0,0.0,0.0,0.0,0.0
SNRPD1,,N/A,N/A,N/A,0,0,0,0,0,0.0,0.0,0.0,0.0,0.0,0.0,0.0
SSR3,,N/A,N/A,N/A,0,0,0,0,0,0.0,0.0,0.0,0.0,0.0,0.0,0.0
RRAGC,,N/A,N/A,N/A,0,0,0,0,0,0.0,0.0,0.0,0.0,0.0,0.0,0.0
KLC1,,N/A,N/A,N/A,0,0,0,0,0,0.0,0.0,0.0,0.0,0.0,0.0,0.0
CSNK2A1,,N/A,N/A,N/A,0,0,0,0,0,0.0,0.0,0.0,0.0,0.0,0.0,0.0
GPLD1,,N/A,N/A,N/A,0,0,0,0,0,0.0,0.0,0.0,0.0,0.0,0.0,0.0
INTS10,,N/A,N/A,N/A,0,0,0,0,0,0.0,0.0,0.0,0.0,0.0,0.0,0.0
ABHD14A,,N/A,N/A,N/A,0,0,0,0,0,0.0,0.0,0.0,0.0,0.0,0.0,0.0
TIPRL,,N/A,N/A,N/A,0,0,0,0,0,0.0,0.0,0.0,0.0,0.0,0.0,0.0
BCL9,,N/A,N/A,N/A,0,0,0,0,0,0.0,0.0,0.0,0.0,0.0,0.0,0.0
DLG4,,N/A,N/A,N/A,0,0,0,0,0,0.0,0.0,0.0,0.0,0.0,0.0,0.0
STEAP1B,,N/A,N/A,N/A,0,0,0,0,0,0.0,0.0,0.0,0.0,0.0,0.0,0.0
ITSN1,,N/A,N/A,N/A,0,0,0,0,0,0.0,0.0,0.0,0.0,0.0,0.0,0.0
SKAP1,,N/A,N/A,N/A,0,0,0,0,0,0.0,0.0,0.0,0.0,0.0,0.0,0.0
MSTO1,,N/A,N/A,N/A,0,0,0,0,0,0.0,0.0,0.0,0.0,0.0,0.0,0.0
MYL9,,N/A,N/A,N/A,0,0,0,0,0,0.0,0.0,0.0,0.0,0.0,0.0,0.0
PLA2G4C,,N/A,N/A,N/A,0,0,0,0,0,0.0,0.0,0.0,0.0,0.0,0.0,0.0
B4GALT6,,N/A,N/A,N/A,0,0,0,0,0,0.0,0.0,0.0,0.0,0.0,0.0,0.0
CERS2,,N/A,N/A,N/A,0,0,0,0,0,0.0,0.0,0.0,0.0,0.0,0.0,0.0
ARID1B,,N/A,N/A,N/A,0,0,0,0,0,0.0,0.0,0.0,0.0,0.0,0.0,0.0
GOLGA7B,,N/A,N/A,N/A,0,0,0,0,0,0.0,0.0,0.0,0.0,0.0,0.0,0.0
UQCRC1,,N/A,N/A,N/A,0,0,0,0,0,0.0,0.0,0.0,0.0,0.0,0.0,0.0
ZNF596,,N/A,N/A,N/A,0,0,0,0,0,0.0,0.0,0.0,0.0,0.0,0.0,0.0
GTPBP4,,N/A,N/A,N/A,0,0,0,0,0,0.0,0.0,0.0,0.0,0.0,0.0,0.0
ACAD11,,N/A,N/A,N/A,0,0,0,0,0,0.0,0.0,0.0,0.0,0.0,0.0,0.0
SH3PXD2A,,N/A,N/A,N/A,0,0,0,0,0,0.0,0.0,0.0,0.0,0.0,0.0,0.0
TOP3B,,N/A,N/A,N/A,0,0,0,0,0,0.0,0.0,0.0,0.0,0.0,0.0,0.0
TIMM8A,,N/A,N/A,N/A,0,0,0,0,0,0.0,0.0,0.0,0.0,0.0,0.0,0.0
SCFD2,,N/A,N/A,N/A,0,0,0,0,0,0.0,0.0,0.0,0.0,0.0,0.0,0.0
NT5C2,,N/A,N/A,N/A,0,0,0,0,0,0.0,0.0,0.0,0.0,0.0,0.0,0.0
FBXO25,,N/A,N/A,N/A,0,0,0,0,0,0.0,0.0,0.0,0.0,0.0,0.0,0.0
PET117,,N/A,N/A,N/A,0,0,0,0,0,0.0,0.0,0.0,0.0,0.0,0.0,0.0
PRR5L,,N/A,N/A,N/A,0,0,0,0,0,0.0,0.0,0.0,0.0,0.0,0.0,0.0
CAND1,,N/A,N/A,N/A,0,0,0,0,0,0.0,0.0,0.0,0.0,0.0,0.0,0.0
ZSCAN30,,N/A,N/A,N/A,0,0,0,0,0,0.0,0.0,0.0,0.0,0.0,0.0,0.0
PELI1,,N/A,N/A,N/A,0,0,0,0,0,0.0,0.0,0.0,0.0,0.0,0.0,0.0
MAP7,,N/A,N/A,N/A,0,0,0,0,0,0.0,0.0,0.0,0.0,0.0,0.0,0.0
ZNF248,,N/A,N/A,N/A,0,0,0,0,0,0.0,0.0,0.0,0.0,0.0,0.0,0.0
CETN3,,N/A,N/A,N/A,0,0,0,0,0,0.0,0.0,0.0,0.0,0.0,0.0,0.0
CDC37,,N/A,N/A,N/A,0,0,0,0,0,0.0,0.0,0.0,0.0,0.0,0.0,0.0
PDXK,,N/A,N/A,N/A,0,0,0,0,0,0.0,0.0,0.0,0.0,0.0,0.0,0.0
PCBP3,,N/A,N/A,N/A,0,0,0,0,0,0.0,0.0,0.0,0.0,0.0,0.0,0.0
CCDC122,,N/A,N/A,N/A,0,0,0,0,0,0.0,0.0,0.0,0.0,0.0,0.0,0.0
DENND2D,,N/A,N/A,N/A,0,0,0,0,0,0.0,0.0,0.0,0.0,0.0,0.0,0.0
KCTD13,,N/A,N/A,N/A,0,0,0,0,0,0.0,0.0,0.0,0.0,0.0,0.0,0.0
WDFY1,,N/A,N/A,N/A,0,0,0,0,0,0.0,0.0,0.0,0.0,0.0,0.0,0.0
RNH1,,N/A,N/A,N/A,0,0,0,0,0,0.0,0.0,0.0,0.0,0.0,0.0,0.0
APIP,,N/A,N/A,N/A,0,0,0,0,0,0.0,0.0,0.0,0.0,0.0,0.0,0.0
ARHGAP4,,N/A,N/A,N/A,0,0,0,0,0,0.0,0.0,0.0,0.0,0.0,0.0,0.0
TRAF4,,N/A,N/A,N/A,0,0,0,0,0,0.0,0.0,0.0,0.0,0.0,0.0,0.0
GLB1L,,N/A,N/A,N/A,0,0,0,0,0,0.0,0.0,0.0,0.0,0.0,0.0,0.0
ETHE1,,N/A,N/A,N/A,0,0,0,0,0,0.0,0.0,0.0,0.0,0.0,0.0,0.0
SLC25A19,,N/A,N/A,N/A,0,0,0,0,0,0.0,0.0,0.0,0.0,0.0,0.0,0.0
PPIL3,,N/A,N/A,N/A,0,0,0,0,0,0.0,0.0,0.0,0.0,0.0,0.0,0.0
ZNHIT6,,N/A,N/A,N/A,0,0,0,0,0,0.0,0.0,0.0,0.0,0.0,0.0,0.0
PCSK1N,,N/A,N/A,N/A,0,0,0,0,0,0.0,0.0,0.0,0.0,0.0,0.0,0.0
STARD9,,N/A,N/A,N/A,0,0,0,0,0,0.0,0.0,0.0,0.0,0.0,0.0,0.0
FBRSL1,,N/A,N/A,N/A,0,0,0,0,0,0.0,0.0,0.0,0.0,0.0,0.0,0.0
NSL1,,N/A,N/A,N/A,0,0,0,0,0,0.0,0.0,0.0,0.0,0.0,0.0,0.0
CWF19L2,,N/A,N/A,N/A,0,0,0,0,0,0.0,0.0,0.0,0.0,0.0,0.0,0.0
VDAC3,,N/A,N/A,N/A,0,0,0,0,0,0.0,0.0,0.0,0.0,0.0,0.0,0.0
GTF2H5,,N/A,N/A,N/A,0,0,0,0,0,0.0,0.0,0.0,0.0,0.0,0.0,0.0
SUOX,,N/A,N/A,N/A,0,0,0,0,0,0.0,0.0,0.0,0.0,0.0,0.0,0.0
GOLGA1,,N/A,N/A,N/A,0,0,0,0,0,0.0,0.0,0.0,0.0,0.0,0.0,0.0
SLC35G2,,N/A,N/A,N/A,0,0,0,0,0,0.0,0.0,0.0,0.0,0.0,0.0,0.0
NEDD1,,N/A,N/A,N/A,0,0,0,0,0,0.0,0.0,0.0,0.0,0.0,0.0,0.0
ATP1B2,,N/A,N/A,N/A,0,0,0,0,0,0.0,0.0,0.0,0.0,0.0,0.0,0.0
CCNB2,,N/A,N/A,N/A,0,0,0,0,0,0.0,0.0,0.0,0.0,0.0,0.0,0.0
GPCPD1,,N/A,N/A,N/A,0,0,0,0,0,0.0,0.0,0.0,0.0,0.0,0.0,0.0
EIF4B,,N/A,N/A,N/A,0,0,0,0,0,0.0,0.0,0.0,0.0,0.0,0.0,0.0
KDSR,,N/A,N/A,N/A,0,0,0,0,0,0.0,0.0,0.0,0.0,0.0,0.0,0.0
COL16A1,,N/A,N/A,N/A,0,0,0,0,0,0.0,0.0,0.0,0.0,0.0,0.0,0.0
EXPH5,,N/A,N/A,N/A,0,0,0,0,0,0.0,0.0,0.0,0.0,0.0,0.0,0.0
CHST14,,N/A,N/A,N/A,0,0,0,0,0,0.0,0.0,0.0,0.0,0.0,0.0,0.0
E2F5,,N/A,N/A,N/A,0,0,0,0,0,0.0,0.0,0.0,0.0,0.0,0.0,0.0
ZNF566,,N/A,N/A,N/A,0,0,0,0,0,0.0,0.0,0.0,0.0,0.0,0.0,0.0
BPHL,,N/A,N/A,N/A,0,0,0,0,0,0.0,0.0,0.0,0.0,0.0,0.0,0.0
GABPA,,N/A,N/A,N/A,0,0,0,0,0,0.0,0.0,0.0,0.0,0.0,0.0,0.0
IFT81,,N/A,N/A,N/A,0,0,0,0,0,0.0,0.0,0.0,0.0,0.0,0.0,0.0
STX16,,N/A,N/A,N/A,0,0,0,0,0,0.0,0.0,0.0,0.0,0.0,0.0,0.0
AP5Z1,,N/A,N/A,N/A,0,0,0,0,0,0.0,0.0,0.0,0.0,0.0,0.0,0.0
KIDINS220,,N/A,N/A,N/A,0,0,0,0,0,0.0,0.0,0.0,0.0,0.0,0.0,0.0
ST6GALNAC2,,N/A,N/A,N/A,0,0,0,0,0,0.0,0.0,0.0,0.0,0.0,0.0,0.0
RPS6KL1,,N/A,N/A,N/A,0,0,0,0,0,0.0,0.0,0.0,0.0,0.0,0.0,0.0
PGK1,,N/A,N/A,N/A,0,0,0,0,0,0.0,0.0,0.0,0.0,0.0,0.0,0.0
MRC2,,N/A,N/A,N/A,0,0,0,0,0,0.0,0.0,0.0,0.0,0.0,0.0,0.0
BUB3,,N/A,N/A,N/A,0,0,0,0,0,0.0,0.0,0.0,0.0,0.0,0.0,0.0
DEDD2,,N/A,N/A,N/A,0,0,0,0,0,0.0,0.0,0.0,0.0,0.0,0.0,0.0
MSS51,,N/A,N/A,N/A,0,0,0,0,0,0.0,0.0,0.0,0.0,0.0,0.0,0.0
PRKCA,,N/A,N/A,N/A,0,0,0,0,0,0.0,0.0,0.0,0.0,0.0,0.0,0.0
SMOX,,N/A,N/A,N/A,0,0,0,0,0,0.0,0.0,0.0,0.0,0.0,0.0,0.0
SLC25A44,,N/A,N/A,N/A,0,0,0,0,0,0.0,0.0,0.0,0.0,0.0,0.0,0.0
CHTF18,,N/A,N/A,N/A,0,0,0,0,0,0.0,0.0,0.0,0.0,0.0,0.0,0.0
EML5,,N/A,N/A,N/A,0,0,0,0,0,0.0,0.0,0.0,0.0,0.0,0.0,0.0
ZNF644,,N/A,N/A,N/A,0,0,0,0,0,0.0,0.0,0.0,0.0,0.0,0.0,0.0
OAS1,,N/A,N/A,N/A,0,0,0,0,0,0.0,0.0,0.0,0.0,0.0,0.0,0.0
COX6C,,N/A,N/A,N/A,0,0,0,0,0,0.0,0.0,0.0,0.0,0.0,0.0,0.0
HSP90AB1,,N/A,N/A,N/A,0,0,0,0,0,0.0,0.0,0.0,0.0,0.0,0.0,0.0
BCL7A,,N/A,N/A,N/A,0,0,0,0,0,0.0,0.0,0.0,0.0,0.0,0.0,0.0
NUP188,,N/A,N/A,N/A,0,0,0,0,0,0.0,0.0,0.0,0.0,0.0,0.0,0.0
MAP2K2,,N/A,N/A,N/A,0,0,0,0,0,0.0,0.0,0.0,0.0,0.0,0.0,0.0
SNRPC,,N/A,N/A,N/A,0,0,0,0,0,0.0,0.0,0.0,0.0,0.0,0.0,0.0
PAK2,,N/A,N/A,N/A,0,0,0,0,0,0.0,0.0,0.0,0.0,0.0,0.0,0.0
ITFG1,,N/A,N/A,N/A,0,0,0,0,0,0.0,0.0,0.0,0.0,0.0,0.0,0.0
WDR17,,N/A,N/A,N/A,0,0,0,0,0,0.0,0.0,0.0,0.0,0.0,0.0,0.0
TMEM144,,N/A,N/A,N/A,0,0,0,0,0,0.0,0.0,0.0,0.0,0.0,0.0,0.0
SF3B5,,N/A,N/A,N/A,0,0,0,0,0,0.0,0.0,0.0,0.0,0.0,0.0,0.0
MAP3K6,,N/A,N/A,N/A,0,0,0,0,0,0.0,0.0,0.0,0.0,0.0,0.0,0.0
GTF3C1,,N/A,N/A,N/A,0,0,0,0,0,0.0,0.0,0.0,0.0,0.0,0.0,0.0
RILPL1,,N/A,N/A,N/A,0,0,0,0,0,0.0,0.0,0.0,0.0,0.0,0.0,0.0
TRIM33,,N/A,N/A,N/A,0,0,0,0,0,0.0,0.0,0.0,0.0,0.0,0.0,0.0
RILP,,N/A,N/A,N/A,0,0,0,0,0,0.0,0.0,0.0,0.0,0.0,0.0,0.0
NEURL1B,,N/A,N/A,N/A,0,0,0,0,0,0.0,0.0,0.0,0.0,0.0,0.0,0.0
HOPX,,N/A,N/A,N/A,0,0,0,0,0,0.0,0.0,0.0,0.0,0.0,0.0,0.0
RTKN2,,N/A,N/A,N/A,0,0,0,0,0,0.0,0.0,0.0,0.0,0.0,0.0,0.0
CKAP4,,N/A,N/A,N/A,0,0,0,0,0,0.0,0.0,0.0,0.0,0.0,0.0,0.0
LYSMD3,,N/A,N/A,N/A,0,0,0,0,0,0.0,0.0,0.0,0.0,0.0,0.0,0.0
ENTPD3-AS1,,N/A,N/A,N/A,0,0,0,0,0,0.0,0.0,0.0,0.0,0.0,0.0,0.0
TMEM138,,N/A,N/A,N/A,0,0,0,0,0,0.0,0.0,0.0,0.0,0.0,0.0,0.0
SUB1,,N/A,N/A,N/A,0,0,0,0,0,0.0,0.0,0.0,0.0,0.0,0.0,0.0
PLA1A,,N/A,N/A,N/A,0,0,0,0,0,0.0,0.0,0.0,0.0,0.0,0.0,0.0
DDX27,,N/A,N/A,N/A,0,0,0,0,0,0.0,0.0,0.0,0.0,0.0,0.0,0.0
ATP6V1E2,,N/A,N/A,N/A,0,0,0,0,0,0.0,0.0,0.0,0.0,0.0,0.0,0.0
CDK5RAP1,,N/A,N/A,N/A,0,0,0,0,0,0.0,0.0,0.0,0.0,0.0,0.0,0.0
YWHAB,,N/A,N/A,N/A,0,0,0,0,0,0.0,0.0,0.0,0.0,0.0,0.0,0.0
CMPK1,,N/A,N/A,N/A,0,0,0,0,0,0.0,0.0,0.0,0.0,0.0,0.0,0.0
ESPL1,,N/A,N/A,N/A,0,0,0,0,0,0.0,0.0,0.0,0.0,0.0,0.0,0.0
CCDC25,,N/A,N/A,N/A,0,0,0,0,0,0.0,0.0,0.0,0.0,0.0,0.0,0.0
RIMKLA,,N/A,N/A,N/A,0,0,0,0,0,0.0,0.0,0.0,0.0,0.0,0.0,0.0
SNAI3,,N/A,N/A,N/A,0,0,0,0,0,0.0,0.0,0.0,0.0,0.0,0.0,0.0
ATP13A1,,N/A,N/A,N/A,0,0,0,0,0,0.0,0.0,0.0,0.0,0.0,0.0,0.0
ZNF639,,N/A,N/A,N/A,0,0,0,0,0,0.0,0.0,0.0,0.0,0.0,0.0,0.0
CDKL3,,N/A,N/A,N/A,0,0,0,0,0,0.0,0.0,0.0,0.0,0.0,0.0,0.0
KRTCAP3,,N/A,N/A,N/A,0,0,0,0,0,0.0,0.0,0.0,0.0,0.0,0.0,0.0
RAD1,,N/A,N/A,N/A,0,0,0,0,0,0.0,0.0,0.0,0.0,0.0,0.0,0.0
UBALD1,,N/A,N/A,N/A,0,0,0,0,0,0.0,0.0,0.0,0.0,0.0,0.0,0.0
ARHGEF4,,N/A,N/A,N/A,0,0,0,0,0,0.0,0.0,0.0,0.0,0.0,0.0,0.0
PKIG,,N/A,N/A,N/A,0,0,0,0,0,0.0,0.0,0.0,0.0,0.0,0.0,0.0
NCAPH2,,N/A,N/A,N/A,0,0,0,0,0,0.0,0.0,0.0,0.0,0.0,0.0,0.0
DNAJB14,,N/A,N/A,N/A,0,0,0,0,0,0.0,0.0,0.0,0.0,0.0,0.0,0.0
CHD1L,,N/A,N/A,N/A,0,0,0,0,0,0.0,0.0,0.0,0.0,0.0,0.0,0.0
TESK2,,N/A,N/A,N/A,0,0,0,0,0,0.0,0.0,0.0,0.0,0.0,0.0,0.0
FKBP14,,N/A,N/A,N/A,0,0,0,0,0,0.0,0.0,0.0,0.0,0.0,0.0,0.0
KAZN,,N/A,N/A,N/A,0,0,0,0,0,0.0,0.0,0.0,0.0,0.0,0.0,0.0
CWC15,,N/A,N/A,N/A,0,0,0,0,0,0.0,0.0,0.0,0.0,0.0,0.0,0.0
FMO5,,N/A,N/A,N/A,0,0,0,0,0,0.0,0.0,0.0,0.0,0.0,0.0,0.0
RPRD2,,N/A,N/A,N/A,0,0,0,0,0,0.0,0.0,0.0,0.0,0.0,0.0,0.0
C11orf65,,N/A,N/A,N/A,0,0,0,0,0,0.0,0.0,0.0,0.0,0.0,0.0,0.0
TOR1AIP1,,N/A,N/A,N/A,0,0,0,0,0,0.0,0.0,0.0,0.0,0.0,0.0,0.0
CNPY4,,N/A,N/A,N/A,0,0,0,0,0,0.0,0.0,0.0,0.0,0.0,0.0,0.0
N4BP2L2,,N/A,N/A,N/A,0,0,0,0,0,0.0,0.0,0.0,0.0,0.0,0.0,0.0
PIAS3,,N/A,N/A,N/A,0,0,0,0,0,0.0,0.0,0.0,0.0,0.0,0.0,0.0
PDIK1L,,N/A,N/A,N/A,0,0,0,0,0,0.0,0.0,0.0,0.0,0.0,0.0,0.0
ZNF571,,N/A,N/A,N/A,0,0,0,0,0,0.0,0.0,0.0,0.0,0.0,0.0,0.0
PPP1R26-AS1,,N/A,N/A,N/A,0,0,0,0,0,0.0,0.0,0.0,0.0,0.0,0.0,0.0
SWSAP1,,N/A,N/A,N/A,0,0,0,0,0,0.0,0.0,0.0,0.0,0.0,0.0,0.0
ARCN1,,N/A,N/A,N/A,0,0,0,0,0,0.0,0.0,0.0,0.0,0.0,0.0,0.0
ZFP28,,N/A,N/A,N/A,0,0,0,0,0,0.0,0.0,0.0,0.0,0.0,0.0,0.0
FBXO45,,N/A,N/A,N/A,0,0,0,0,0,0.0,0.0,0.0,0.0,0.0,0.0,0.0
RANBP9,,N/A,N/A,N/A,0,0,0,0,0,0.0,0.0,0.0,0.0,0.0,0.0,0.0
MGME1,,N/A,N/A,N/A,0,0,0,0,0,0.0,0.0,0.0,0.0,0.0,0.0,0.0
FMNL3,,N/A,N/A,N/A,0,0,0,0,0,0.0,0.0,0.0,0.0,0.0,0.0,0.0
SENP6,,N/A,N/A,N/A,0,0,0,0,0,0.0,0.0,0.0,0.0,0.0,0.0,0.0
MAGED2,,N/A,N/A,N/A,0,0,0,0,0,0.0,0.0,0.0,0.0,0.0,0.0,0.0
PRMT5-AS1,,N/A,N/A,N/A,0,0,0,0,0,0.0,0.0,0.0,0.0,0.0,0.0,0.0
MICAL2,,N/A,N/A,N/A,0,0,0,0,0,0.0,0.0,0.0,0.0,0.0,0.0,0.0
DLL1,,N/A,N/A,N/A,0,0,0,0,0,0.0,0.0,0.0,0.0,0.0,0.0,0.0
XRN2,,N/A,N/A,N/A,0,0,0,0,0,0.0,0.0,0.0,0.0,0.0,0.0,0.0
TMSB10,,N/A,N/A,N/A,0,0,0,0,0,0.0,0.0,0.0,0.0,0.0,0.0,0.0
MICALL2,,N/A,N/A,N/A,0,0,0,0,0,0.0,0.0,0.0,0.0,0.0,0.0,0.0
BBS5,,N/A,N/A,N/A,0,0,0,0,0,0.0,0.0,0.0,0.0,0.0,0.0,0.0
CCDC90B,,N/A,N/A,N/A,0,0,0,0,0,0.0,0.0,0.0,0.0,0.0,0.0,0.0
RHOT1,,N/A,N/A,N/A,0,0,0,0,0,0.0,0.0,0.0,0.0,0.0,0.0,0.0
GMIP,,N/A,N/A,N/A,0,0,0,0,0,0.0,0.0,0.0,0.0,0.0,0.0,0.0
DDX39B,,N/A,N/A,N/A,0,0,0,0,0,0.0,0.0,0.0,0.0,0.0,0.0,0.0
ZNF784,,N/A,N/A,N/A,0,0,0,0,0,0.0,0.0,0.0,0.0,0.0,0.0,0.0
DCAF5,,N/A,N/A,N/A,0,0,0,0,0,0.0,0.0,0.0,0.0,0.0,0.0,0.0
GPR146,,N/A,N/A,N/A,0,0,0,0,0,0.0,0.0,0.0,0.0,0.0,0.0,0.0
MORN3,,N/A,N/A,N/A,0,0,0,0,0,0.0,0.0,0.0,0.0,0.0,0.0,0.0
ABTB2,,N/A,N/A,N/A,0,0,0,0,0,0.0,0.0,0.0,0.0,0.0,0.0,0.0
PCF11,,N/A,N/A,N/A,0,0,0,0,0,0.0,0.0,0.0,0.0,0.0,0.0,0.0
OSBPL3,,N/A,N/A,N/A,0,0,0,0,0,0.0,0.0,0.0,0.0,0.0,0.0,0.0
INSIG1,,N/A,N/A,N/A,0,0,0,0,0,0.0,0.0,0.0,0.0,0.0,0.0,0.0
PARP11,,N/A,N/A,N/A,0,0,0,0,0,0.0,0.0,0.0,0.0,0.0,0.0,0.0
FBXO44,,N/A,N/A,N/A,0,0,0,0,0,0.0,0.0,0.0,0.0,0.0,0.0,0.0
GDE1,,N/A,N/A,N/A,0,0,0,0,0,0.0,0.0,0.0,0.0,0.0,0.0,0.0
DIRC3,,N/A,N/A,N/A,0,0,0,0,0,0.0,0.0,0.0,0.0,0.0,0.0,0.0
SYPL1,,N/A,N/A,N/A,0,0,0,0,0,0.0,0.0,0.0,0.0,0.0,0.0,0.0
CCDC125,,N/A,N/A,N/A,0,0,0,0,0,0.0,0.0,0.0,0.0,0.0,0.0,0.0
RPL38,,N/A,N/A,N/A,0,0,0,0,0,0.0,0.0,0.0,0.0,0.0,0.0,0.0
UBR1,,N/A,N/A,N/A,0,0,0,0,0,0.0,0.0,0.0,0.0,0.0,0.0,0.0
GID4,,N/A,N/A,N/A,0,0,0,0,0,0.0,0.0,0.0,0.0,0.0,0.0,0.0
FNIP2,,N/A,N/A,N/A,0,0,0,0,0,0.0,0.0,0.0,0.0,0.0,0.0,0.0
ACAD9,,N/A,N/A,N/A,0,0,0,0,0,0.0,0.0,0.0,0.0,0.0,0.0,0.0
LYSMD4,,N/A,N/A,N/A,0,0,0,0,0,0.0,0.0,0.0,0.0,0.0,0.0,0.0
PLEKHG2,,N/A,N/A,N/A,0,0,0,0,0,0.0,0.0,0.0,0.0,0.0,0.0,0.0
TAF2,,N/A,N/A,N/A,0,0,0,0,0,0.0,0.0,0.0,0.0,0.0,0.0,0.0
SLC35E1,,N/A,N/A,N/A,0,0,0,0,0,0.0,0.0,0.0,0.0,0.0,0.0,0.0
ANXA3,,N/A,N/A,N/A,0,0,0,0,0,0.0,0.0,0.0,0.0,0.0,0.0,0.0
FOXK2,,N/A,N/A,N/A,0,0,0,0,0,0.0,0.0,0.0,0.0,0.0,0.0,0.0
PTPN3,,N/A,N/A,N/A,0,0,0,0,0,0.0,0.0,0.0,0.0,0.0,0.0,0.0
DNAJA3,,N/A,N/A,N/A,0,0,0,0,0,0.0,0.0,0.0,0.0,0.0,0.0,0.0
PES1,,N/A,N/A,N/A,0,0,0,0,0,0.0,0.0,0.0,0.0,0.0,0.0,0.0
SPATA5L1,,N/A,N/A,N/A,0,0,0,0,0,0.0,0.0,0.0,0.0,0.0,0.0,0.0
IPO7,,N/A,N/A,N/A,0,0,0,0,0,0.0,0.0,0.0,0.0,0.0,0.0,0.0
UBE2V2,,N/A,N/A,N/A,0,0,0,0,0,0.0,0.0,0.0,0.0,0.0,0.0,0.0
RFXAP,,N/A,N/A,N/A,0,0,0,0,0,0.0,0.0,0.0,0.0,0.0,0.0,0.0
MNS1,,N/A,N/A,N/A,0,0,0,0,0,0.0,0.0,0.0,0.0,0.0,0.0,0.0
QRICH1,,N/A,N/A,N/A,0,0,0,0,0,0.0,0.0,0.0,0.0,0.0,0.0,0.0
ARL13B,,N/A,N/A,N/A,0,0,0,0,0,0.0,0.0,0.0,0.0,0.0,0.0,0.0
HAUS3,,N/A,N/A,N/A,0,0,0,0,0,0.0,0.0,0.0,0.0,0.0,0.0,0.0
TBC1D8,,N/A,N/A,N/A,0,0,0,0,0,0.0,0.0,0.0,0.0,0.0,0.0,0.0
MCCC2,,N/A,N/A,N/A,0,0,0,0,0,0.0,0.0,0.0,0.0,0.0,0.0,0.0
RNF121,,N/A,N/A,N/A,0,0,0,0,0,0.0,0.0,0.0,0.0,0.0,0.0,0.0
CREBRF,,N/A,N/A,N/A,0,0,0,0,0,0.0,0.0,0.0,0.0,0.0,0.0,0.0
LRIG1,,N/A,N/A,N/A,0,0,0,0,0,0.0,0.0,0.0,0.0,0.0,0.0,0.0
IFI6,,N/A,N/A,N/A,0,0,0,0,0,0.0,0.0,0.0,0.0,0.0,0.0,0.0
DROSHA,,N/A,N/A,N/A,0,0,0,0,0,0.0,0.0,0.0,0.0,0.0,0.0,0.0
BRWD1,,N/A,N/A,N/A,0,0,0,0,0,0.0,0.0,0.0,0.0,0.0,0.0,0.0
ZNF148,,N/A,N/A,N/A,0,0,0,0,0,0.0,0.0,0.0,0.0,0.0,0.0,0.0
C3orf33,,N/A,N/A,N/A,0,0,0,0,0,0.0,0.0,0.0,0.0,0.0,0.0,0.0
SRSF2,,N/A,N/A,N/A,0,0,0,0,0,0.0,0.0,0.0,0.0,0.0,0.0,0.0
ATP6V0C,,N/A,N/A,N/A,0,0,0,0,0,0.0,0.0,0.0,0.0,0.0,0.0,0.0
GMPR2,,N/A,N/A,N/A,0,0,0,0,0,0.0,0.0,0.0,0.0,0.0,0.0,0.0
MRPL18,,N/A,N/A,N/A,0,0,0,0,0,0.0,0.0,0.0,0.0,0.0,0.0,0.0
NHSL1,,N/A,N/A,N/A,0,0,0,0,0,0.0,0.0,0.0,0.0,0.0,0.0,0.0
TCTN3,,N/A,N/A,N/A,0,0,0,0,0,0.0,0.0,0.0,0.0,0.0,0.0,0.0
IST1,,N/A,N/A,N/A,0,0,0,0,0,0.0,0.0,0.0,0.0,0.0,0.0,0.0
CPNE2,,N/A,N/A,N/A,0,0,0,0,0,0.0,0.0,0.0,0.0,0.0,0.0,0.0
RBM22,,N/A,N/A,N/A,0,0,0,0,0,0.0,0.0,0.0,0.0,0.0,0.0,0.0
SERTAD1,,N/A,N/A,N/A,0,0,0,0,0,0.0,0.0,0.0,0.0,0.0,0.0,0.0
TAF8,,N/A,N/A,N/A,0,0,0,0,0,0.0,0.0,0.0,0.0,0.0,0.0,0.0
OIP5,,N/A,N/A,N/A,0,0,0,0,0,0.0,0.0,0.0,0.0,0.0,0.0,0.0
POP5,,N/A,N/A,N/A,0,0,0,0,0,0.0,0.0,0.0,0.0,0.0,0.0,0.0
ZFAS1,,N/A,N/A,N/A,0,0,0,0,0,0.0,0.0,0.0,0.0,0.0,0.0,0.0
CUX1,,N/A,N/A,N/A,0,0,0,0,0,0.0,0.0,0.0,0.0,0.0,0.0,0.0
APEH,,N/A,N/A,N/A,0,0,0,0,0,0.0,0.0,0.0,0.0,0.0,0.0,0.0
NDUFA2,,N/A,N/A,N/A,0,0,0,0,0,0.0,0.0,0.0,0.0,0.0,0.0,0.0
SLC6A16,,N/A,N/A,N/A,0,0,0,0,0,0.0,0.0,0.0,0.0,0.0,0.0,0.0
RPL6,,N/A,N/A,N/A,0,0,0,0,0,0.0,0.0,0.0,0.0,0.0,0.0,0.0
FUNDC2,,N/A,N/A,N/A,0,0,0,0,0,0.0,0.0,0.0,0.0,0.0,0.0,0.0
CCDC15,,N/A,N/A,N/A,0,0,0,0,0,0.0,0.0,0.0,0.0,0.0,0.0,0.0
MTG2,,N/A,N/A,N/A,0,0,0,0,0,0.0,0.0,0.0,0.0,0.0,0.0,0.0
CACYBP,,N/A,N/A,N/A,0,0,0,0,0,0.0,0.0,0.0,0.0,0.0,0.0,0.0
ARHGAP23,,N/A,N/A,N/A,0,0,0,0,0,0.0,0.0,0.0,0.0,0.0,0.0,0.0
ZNF785,,N/A,N/A,N/A,0,0,0,0,0,0.0,0.0,0.0,0.0,0.0,0.0,0.0
MYO5C,,N/A,N/A,N/A,0,0,0,0,0,0.0,0.0,0.0,0.0,0.0,0.0,0.0
L3HYPDH,,N/A,N/A,N/A,0,0,0,0,0,0.0,0.0,0.0,0.0,0.0,0.0,0.0
MDM1,,N/A,N/A,N/A,0,0,0,0,0,0.0,0.0,0.0,0.0,0.0,0.0,0.0
KCNK6,,N/A,N/A,N/A,0,0,0,0,0,0.0,0.0,0.0,0.0,0.0,0.0,0.0
GNB1L,,N/A,N/A,N/A,0,0,0,0,0,0.0,0.0,0.0,0.0,0.0,0.0,0.0
SYNM,,N/A,N/A,N/A,0,0,0,0,0,0.0,0.0,0.0,0.0,0.0,0.0,0.0
PSMD10,,N/A,N/A,N/A,0,0,0,0,0,0.0,0.0,0.0,0.0,0.0,0.0,0.0
ZNF138,,N/A,N/A,N/A,0,0,0,0,0,0.0,0.0,0.0,0.0,0.0,0.0,0.0
VPS4A,,N/A,N/A,N/A,0,0,0,0,0,0.0,0.0,0.0,0.0,0.0,0.0,0.0
TMEM183A,,N/A,N/A,N/A,0,0,0,0,0,0.0,0.0,0.0,0.0,0.0,0.0,0.0
NCOA4,,N/A,N/A,N/A,0,0,0,0,0,0.0,0.0,0.0,0.0,0.0,0.0,0.0
MPDZ,,N/A,N/A,N/A,0,0,0,0,0,0.0,0.0,0.0,0.0,0.0,0.0,0.0
DENND5A,,N/A,N/A,N/A,0,0,0,0,0,0.0,0.0,0.0,0.0,0.0,0.0,0.0
METTL2A,,N/A,N/A,N/A,0,0,0,0,0,0.0,0.0,0.0,0.0,0.0,0.0,0.0
ZFC3H1,,N/A,N/A,N/A,0,0,0,0,0,0.0,0.0,0.0,0.0,0.0,0.0,0.0
XRN1,,N/A,N/A,N/A,0,0,0,0,0,0.0,0.0,0.0,0.0,0.0,0.0,0.0
SLC22A15,,N/A,N/A,N/A,0,0,0,0,0,0.0,0.0,0.0,0.0,0.0,0.0,0.0
COG8,,N/A,N/A,N/A,0,0,0,0,0,0.0,0.0,0.0,0.0,0.0,0.0,0.0
CDC42EP4,,N/A,N/A,N/A,0,0,0,0,0,0.0,0.0,0.0,0.0,0.0,0.0,0.0
ATXN2L,,N/A,N/A,N/A,0,0,0,0,0,0.0,0.0,0.0,0.0,0.0,0.0,0.0
WDR74,,N/A,N/A,N/A,0,0,0,0,0,0.0,0.0,0.0,0.0,0.0,0.0,0.0
SLC22A18AS,,N/A,N/A,N/A,0,0,0,0,0,0.0,0.0,0.0,0.0,0.0,0.0,0.0
RHBDD1,,N/A,N/A,N/A,0,0,0,0,0,0.0,0.0,0.0,0.0,0.0,0.0,0.0
LAPTM4A,,N/A,N/A,N/A,0,0,0,0,0,0.0,0.0,0.0,0.0,0.0,0.0,0.0
PYGO2,,N/A,N/A,N/A,0,0,0,0,0,0.0,0.0,0.0,0.0,0.0,0.0,0.0
ITGAV,,N/A,N/A,N/A,0,0,0,0,0,0.0,0.0,0.0,0.0,0.0,0.0,0.0
SPIRE2,,N/A,N/A,N/A,0,0,0,0,0,0.0,0.0,0.0,0.0,0.0,0.0,0.0
PRPF4B,,N/A,N/A,N/A,0,0,0,0,0,0.0,0.0,0.0,0.0,0.0,0.0,0.0
DUS3L,,N/A,N/A,N/A,0,0,0,0,0,0.0,0.0,0.0,0.0,0.0,0.0,0.0
KCTD14,,N/A,N/A,N/A,0,0,0,0,0,0.0,0.0,0.0,0.0,0.0,0.0,0.0
ARHGEF26,,N/A,N/A,N/A,0,0,0,0,0,0.0,0.0,0.0,0.0,0.0,0.0,0.0
UBAC1,,N/A,N/A,N/A,0,0,0,0,0,0.0,0.0,0.0,0.0,0.0,0.0,0.0
ZNF141,,N/A,N/A,N/A,0,0,0,0,0,0.0,0.0,0.0,0.0,0.0,0.0,0.0
KLHL23,,N/A,N/A,N/A,0,0,0,0,0,0.0,0.0,0.0,0.0,0.0,0.0,0.0
ATL3,,N/A,N/A,N/A,0,0,0,0,0,0.0,0.0,0.0,0.0,0.0,0.0,0.0
WRNIP1,,N/A,N/A,N/A,0,0,0,0,0,0.0,0.0,0.0,0.0,0.0,0.0,0.0
TXNDC9,,N/A,N/A,N/A,0,0,0,0,0,0.0,0.0,0.0,0.0,0.0,0.0,0.0
LRP12,,N/A,N/A,N/A,0,0,0,0,0,0.0,0.0,0.0,0.0,0.0,0.0,0.0
SMYD2,,N/A,N/A,N/A,0,0,0,0,0,0.0,0.0,0.0,0.0,0.0,0.0,0.0
SPCS2,,N/A,N/A,N/A,0,0,0,0,0,0.0,0.0,0.0,0.0,0.0,0.0,0.0
LINC00504,,N/A,N/A,N/A,0,0,0,0,0,0.0,0.0,0.0,0.0,0.0,0.0,0.0
TMEM106C,,N/A,N/A,N/A,0,0,0,0,0,0.0,0.0,0.0,0.0,0.0,0.0,0.0
HEATR5B,,N/A,N/A,N/A,0,0,0,0,0,0.0,0.0,0.0,0.0,0.0,0.0,0.0
GPX8,,N/A,N/A,N/A,0,0,0,0,0,0.0,0.0,0.0,0.0,0.0,0.0,0.0
ZER1,,N/A,N/A,N/A,0,0,0,0,0,0.0,0.0,0.0,0.0,0.0,0.0,0.0
ZNF837,,N/A,N/A,N/A,0,0,0,0,0,0.0,0.0,0.0,0.0,0.0,0.0,0.0
HIC2,,N/A,N/A,N/A,0,0,0,0,0,0.0,0.0,0.0,0.0,0.0,0.0,0.0
ACTR5,,N/A,N/A,N/A,0,0,0,0,0,0.0,0.0,0.0,0.0,0.0,0.0,0.0
COMMD1,,N/A,N/A,N/A,0,0,0,0,0,0.0,0.0,0.0,0.0,0.0,0.0,0.0
FAM24B,,N/A,N/A,N/A,0,0,0,0,0,0.0,0.0,0.0,0.0,0.0,0.0,0.0
C2CD3,,N/A,N/A,N/A,0,0,0,0,0,0.0,0.0,0.0,0.0,0.0,0.0,0.0
BSDC1,,N/A,N/A,N/A,0,0,0,0,0,0.0,0.0,0.0,0.0,0.0,0.0,0.0
VPS36,,N/A,N/A,N/A,0,0,0,0,0,0.0,0.0,0.0,0.0,0.0,0.0,0.0
SLC4A4,,N/A,N/A,N/A,0,0,0,0,0,0.0,0.0,0.0,0.0,0.0,0.0,0.0
GALK1,,N/A,N/A,N/A,0,0,0,0,0,0.0,0.0,0.0,0.0,0.0,0.0,0.0
RAB18,,N/A,N/A,N/A,0,0,0,0,0,0.0,0.0,0.0,0.0,0.0,0.0,0.0
MAP2K3,,N/A,N/A,N/A,0,0,0,0,0,0.0,0.0,0.0,0.0,0.0,0.0,0.0
PRKAB2,,N/A,N/A,N/A,0,0,0,0,0,0.0,0.0,0.0,0.0,0.0,0.0,0.0
AGAP1,,N/A,N/A,N/A,0,0,0,0,0,0.0,0.0,0.0,0.0,0.0,0.0,0.0
LINC00205,,N/A,N/A,N/A,0,0,0,0,0,0.0,0.0,0.0,0.0,0.0,0.0,0.0
PECR,,N/A,N/A,N/A,0,0,0,0,0,0.0,0.0,0.0,0.0,0.0,0.0,0.0
SBNO1,,N/A,N/A,N/A,0,0,0,0,0,0.0,0.0,0.0,0.0,0.0,0.0,0.0
ZNF587B,,N/A,N/A,N/A,0,0,0,0,0,0.0,0.0,0.0,0.0,0.0,0.0,0.0
SLC48A1,,N/A,N/A,N/A,0,0,0,0,0,0.0,0.0,0.0,0.0,0.0,0.0,0.0
ZNF24,,N/A,N/A,N/A,0,0,0,0,0,0.0,0.0,0.0,0.0,0.0,0.0,0.0
VPS26A,,N/A,N/A,N/A,0,0,0,0,0,0.0,0.0,0.0,0.0,0.0,0.0,0.0
ELMO2,,N/A,N/A,N/A,0,0,0,0,0,0.0,0.0,0.0,0.0,0.0,0.0,0.0
PDZD8,,N/A,N/A,N/A,0,0,0,0,0,0.0,0.0,0.0,0.0,0.0,0.0,0.0
MEPCE,,N/A,N/A,N/A,0,0,0,0,0,0.0,0.0,0.0,0.0,0.0,0.0,0.0
MAN2A1,,N/A,N/A,N/A,0,0,0,0,0,0.0,0.0,0.0,0.0,0.0,0.0,0.0
COL15A1,,N/A,N/A,N/A,0,0,0,0,0,0.0,0.0,0.0,0.0,0.0,0.0,0.0
MSRB1,,N/A,N/A,N/A,0,0,0,0,0,0.0,0.0,0.0,0.0,0.0,0.0,0.0
PLEKHM2,,N/A,N/A,N/A,0,0,0,0,0,0.0,0.0,0.0,0.0,0.0,0.0,0.0
DUOXA1,,N/A,N/A,N/A,0,0,0,0,0,0.0,0.0,0.0,0.0,0.0,0.0,0.0
DPY30,,N/A,N/A,N/A,0,0,0,0,0,0.0,0.0,0.0,0.0,0.0,0.0,0.0
RCHY1,,N/A,N/A,N/A,0,0,0,0,0,0.0,0.0,0.0,0.0,0.0,0.0,0.0
ADD3,,N/A,N/A,N/A,0,0,0,0,0,0.0,0.0,0.0,0.0,0.0,0.0,0.0
LDLRAD2,,N/A,N/A,N/A,0,0,0,0,0,0.0,0.0,0.0,0.0,0.0,0.0,0.0
SEC63,,N/A,N/A,N/A,0,0,0,0,0,0.0,0.0,0.0,0.0,0.0,0.0,0.0
RPS16,,N/A,N/A,N/A,0,0,0,0,0,0.0,0.0,0.0,0.0,0.0,0.0,0.0
PCBD1,,N/A,N/A,N/A,0,0,0,0,0,0.0,0.0,0.0,0.0,0.0,0.0,0.0
ZBTB39,,N/A,N/A,N/A,0,0,0,0,0,0.0,0.0,0.0,0.0,0.0,0.0,0.0
ERGIC1,,N/A,N/A,N/A,0,0,0,0,0,0.0,0.0,0.0,0.0,0.0,0.0,0.0
ITPK1-AS1,,N/A,N/A,N/A,0,0,0,0,0,0.0,0.0,0.0,0.0,0.0,0.0,0.0
AASDH,,N/A,N/A,N/A,0,0,0,0,0,0.0,0.0,0.0,0.0,0.0,0.0,0.0
ALG8,,N/A,N/A,N/A,0,0,0,0,0,0.0,0.0,0.0,0.0,0.0,0.0,0.0
SPINT1,,N/A,N/A,N/A,0,0,0,0,0,0.0,0.0,0.0,0.0,0.0,0.0,0.0
TMEM185B,,N/A,N/A,N/A,0,0,0,0,0,0.0,0.0,0.0,0.0,0.0,0.0,0.0
SEPHS1,,N/A,N/A,N/A,0,0,0,0,0,0.0,0.0,0.0,0.0,0.0,0.0,0.0
SIK3,,N/A,N/A,N/A,0,0,0,0,0,0.0,0.0,0.0,0.0,0.0,0.0,0.0
IGFLR1,,N/A,N/A,N/A,0,0,0,0,0,0.0,0.0,0.0,0.0,0.0,0.0,0.0
SLMAP,,N/A,N/A,N/A,0,0,0,0,0,0.0,0.0,0.0,0.0,0.0,0.0,0.0
WDR12,,N/A,N/A,N/A,0,0,0,0,0,0.0,0.0,0.0,0.0,0.0,0.0,0.0
IFIT3,,N/A,N/A,N/A,0,0,0,0,0,0.0,0.0,0.0,0.0,0.0,0.0,0.0
PASK,,N/A,N/A,N/A,0,0,0,0,0,0.0,0.0,0.0,0.0,0.0,0.0,0.0
TRPM2,,N/A,N/A,N/A,0,0,0,0,0,0.0,0.0,0.0,0.0,0.0,0.0,0.0
SNRPE,,N/A,N/A,N/A,0,0,0,0,0,0.0,0.0,0.0,0.0,0.0,0.0,0.0
IMPDH2,,N/A,N/A,N/A,0,0,0,0,0,0.0,0.0,0.0,0.0,0.0,0.0,0.0
ARRDC3,,N/A,N/A,N/A,0,0,0,0,0,0.0,0.0,0.0,0.0,0.0,0.0,0.0
GABARAP,,N/A,N/A,N/A,0,0,0,0,0,0.0,0.0,0.0,0.0,0.0,0.0,0.0
C4orf33,,N/A,N/A,N/A,0,0,0,0,0,0.0,0.0,0.0,0.0,0.0,0.0,0.0
NDUFA11,,N/A,N/A,N/A,0,0,0,0,0,0.0,0.0,0.0,0.0,0.0,0.0,0.0
ZBTB47,,N/A,N/A,N/A,0,0,0,0,0,0.0,0.0,0.0,0.0,0.0,0.0,0.0
TMEM150A,,N/A,N/A,N/A,0,0,0,0,0,0.0,0.0,0.0,0.0,0.0,0.0,0.0
MFSD2A,,N/A,N/A,N/A,0,0,0,0,0,0.0,0.0,0.0,0.0,0.0,0.0,0.0
HSD11B1L,,N/A,N/A,N/A,0,0,0,0,0,0.0,0.0,0.0,0.0,0.0,0.0,0.0
MASTL,,N/A,N/A,N/A,0,0,0,0,0,0.0,0.0,0.0,0.0,0.0,0.0,0.0
BACE2,,N/A,N/A,N/A,0,0,0,0,0,0.0,0.0,0.0,0.0,0.0,0.0,0.0
CYB5D1,,N/A,N/A,N/A,0,0,0,0,0,0.0,0.0,0.0,0.0,0.0,0.0,0.0
IP6K2,,N/A,N/A,N/A,0,0,0,0,0,0.0,0.0,0.0,0.0,0.0,0.0,0.0
CABYR,,N/A,N/A,N/A,0,0,0,0,0,0.0,0.0,0.0,0.0,0.0,0.0,0.0
MCUR1,,N/A,N/A,N/A,0,0,0,0,0,0.0,0.0,0.0,0.0,0.0,0.0,0.0
NOL8,,N/A,N/A,N/A,0,0,0,0,0,0.0,0.0,0.0,0.0,0.0,0.0,0.0
ZBTB10,,N/A,N/A,N/A,0,0,0,0,0,0.0,0.0,0.0,0.0,0.0,0.0,0.0
OBSL1,,N/A,N/A,N/A,0,0,0,0,0,0.0,0.0,0.0,0.0,0.0,0.0,0.0
KRCC1,,N/A,N/A,N/A,0,0,0,0,0,0.0,0.0,0.0,0.0,0.0,0.0,0.0
EBF1,,N/A,N/A,N/A,0,0,0,0,0,0.0,0.0,0.0,0.0,0.0,0.0,0.0
TAB2,,N/A,N/A,N/A,0,0,0,0,0,0.0,0.0,0.0,0.0,0.0,0.0,0.0
UBE4A,,N/A,N/A,N/A,0,0,0,0,0,0.0,0.0,0.0,0.0,0.0,0.0,0.0
CEP78,,N/A,N/A,N/A,0,0,0,0,0,0.0,0.0,0.0,0.0,0.0,0.0,0.0
TICRR,,N/A,N/A,N/A,0,0,0,0,0,0.0,0.0,0.0,0.0,0.0,0.0,0.0
SLC12A6,,N/A,N/A,N/A,0,0,0,0,0,0.0,0.0,0.0,0.0,0.0,0.0,0.0
BLVRA,,N/A,N/A,N/A,0,0,0,0,0,0.0,0.0,0.0,0.0,0.0,0.0,0.0
COA3,,N/A,N/A,N/A,0,0,0,0,0,0.0,0.0,0.0,0.0,0.0,0.0,0.0
PDP1,,N/A,N/A,N/A,0,0,0,0,0,0.0,0.0,0.0,0.0,0.0,0.0,0.0
HIPK1,,N/A,N/A,N/A,0,0,0,0,0,0.0,0.0,0.0,0.0,0.0,0.0,0.0
EPB41L4A-AS1,,N/A,N/A,N/A,0,0,0,0,0,0.0,0.0,0.0,0.0,0.0,0.0,0.0
ZSWIM7,,N/A,N/A,N/A,0,0,0,0,0,0.0,0.0,0.0,0.0,0.0,0.0,0.0
LSMEM1,,N/A,N/A,N/A,0,0,0,0,0,0.0,0.0,0.0,0.0,0.0,0.0,0.0
PHTF1,,N/A,N/A,N/A,0,0,0,0,0,0.0,0.0,0.0,0.0,0.0,0.0,0.0
PPP1R18,,N/A,N/A,N/A,0,0,0,0,0,0.0,0.0,0.0,0.0,0.0,0.0,0.0
KLF16,,N/A,N/A,N/A,0,0,0,0,0,0.0,0.0,0.0,0.0,0.0,0.0,0.0
NAA50,,N/A,N/A,N/A,0,0,0,0,0,0.0,0.0,0.0,0.0,0.0,0.0,0.0
CTSV,,N/A,N/A,N/A,0,0,0,0,0,0.0,0.0,0.0,0.0,0.0,0.0,0.0
TBK1,,N/A,N/A,N/A,0,0,0,0,0,0.0,0.0,0.0,0.0,0.0,0.0,0.0
POLR3E,,N/A,N/A,N/A,0,0,0,0,0,0.0,0.0,0.0,0.0,0.0,0.0,0.0
MIEF1,,N/A,N/A,N/A,0,0,0,0,0,0.0,0.0,0.0,0.0,0.0,0.0,0.0
NAA20,,N/A,N/A,N/A,0,0,0,0,0,0.0,0.0,0.0,0.0,0.0,0.0,0.0
NAAA,,N/A,N/A,N/A,0,0,0,0,0,0.0,0.0,0.0,0.0,0.0,0.0,0.0
MFSD5,,N/A,N/A,N/A,0,0,0,0,0,0.0,0.0,0.0,0.0,0.0,0.0,0.0
KIFC3,,N/A,N/A,N/A,0,0,0,0,0,0.0,0.0,0.0,0.0,0.0,0.0,0.0
RANBP17,,N/A,N/A,N/A,0,0,0,0,0,0.0,0.0,0.0,0.0,0.0,0.0,0.0
ATG14,,N/A,N/A,N/A,0,0,0,0,0,0.0,0.0,0.0,0.0,0.0,0.0,0.0
EOGT,,N/A,N/A,N/A,0,0,0,0,0,0.0,0.0,0.0,0.0,0.0,0.0,0.0
FAM78A,,N/A,N/A,N/A,0,0,0,0,0,0.0,0.0,0.0,0.0,0.0,0.0,0.0
CCDC82,,N/A,N/A,N/A,0,0,0,0,0,0.0,0.0,0.0,0.0,0.0,0.0,0.0
KLF13,,N/A,N/A,N/A,0,0,0,0,0,0.0,0.0,0.0,0.0,0.0,0.0,0.0
ENY2,,N/A,N/A,N/A,0,0,0,0,0,0.0,0.0,0.0,0.0,0.0,0.0,0.0
ABI1,,N/A,N/A,N/A,0,0,0,0,0,0.0,0.0,0.0,0.0,0.0,0.0,0.0
SMC6,,N/A,N/A,N/A,0,0,0,0,0,0.0,0.0,0.0,0.0,0.0,0.0,0.0
CCDC71L,,N/A,N/A,N/A,0,0,0,0,0,0.0,0.0,0.0,0.0,0.0,0.0,0.0
LEKR1,,N/A,N/A,N/A,0,0,0,0,0,0.0,0.0,0.0,0.0,0.0,0.0,0.0
ARHGAP17,,N/A,N/A,N/A,0,0,0,0,0,0.0,0.0,0.0,0.0,0.0,0.0,0.0
TTC5,,N/A,N/A,N/A,0,0,0,0,0,0.0,0.0,0.0,0.0,0.0,0.0,0.0
NDUFS6,,N/A,N/A,N/A,0,0,0,0,0,0.0,0.0,0.0,0.0,0.0,0.0,0.0
OTUD7B,,N/A,N/A,N/A,0,0,0,0,0,0.0,0.0,0.0,0.0,0.0,0.0,0.0
SNRNP35,,N/A,N/A,N/A,0,0,0,0,0,0.0,0.0,0.0,0.0,0.0,0.0,0.0
RAB38,,N/A,N/A,N/A,0,0,0,0,0,0.0,0.0,0.0,0.0,0.0,0.0,0.0
SLC52A2,,N/A,N/A,N/A,0,0,0,0,0,0.0,0.0,0.0,0.0,0.0,0.0,0.0
ZNF808,,N/A,N/A,N/A,0,0,0,0,0,0.0,0.0,0.0,0.0,0.0,0.0,0.0
WNT10A,,N/A,N/A,N/A,0,0,0,0,0,0.0,0.0,0.0,0.0,0.0,0.0,0.0
TSPAN13,,N/A,N/A,N/A,0,0,0,0,0,0.0,0.0,0.0,0.0,0.0,0.0,0.0
GON4L,,N/A,N/A,N/A,0,0,0,0,0,0.0,0.0,0.0,0.0,0.0,0.0,0.0
UBXN1,,N/A,N/A,N/A,0,0,0,0,0,0.0,0.0,0.0,0.0,0.0,0.0,0.0
SPPL3,,N/A,N/A,N/A,0,0,0,0,0,0.0,0.0,0.0,0.0,0.0,0.0,0.0
RRP15,,N/A,N/A,N/A,0,0,0,0,0,0.0,0.0,0.0,0.0,0.0,0.0,0.0
SPTLC3,,N/A,N/A,N/A,0,0,0,0,0,0.0,0.0,0.0,0.0,0.0,0.0,0.0
RBM4B,,N/A,N/A,N/A,0,0,0,0,0,0.0,0.0,0.0,0.0,0.0,0.0,0.0
POMGNT1,,N/A,N/A,N/A,0,0,0,0,0,0.0,0.0,0.0,0.0,0.0,0.0,0.0
RPS6KA1,,N/A,N/A,N/A,0,0,0,0,0,0.0,0.0,0.0,0.0,0.0,0.0,0.0
DYRK1B,,N/A,N/A,N/A,0,0,0,0,0,0.0,0.0,0.0,0.0,0.0,0.0,0.0
RIC3,,N/A,N/A,N/A,0,0,0,0,0,0.0,0.0,0.0,0.0,0.0,0.0,0.0
SMARCAD1,,N/A,N/A,N/A,0,0,0,0,0,0.0,0.0,0.0,0.0,0.0,0.0,0.0
CHMP5,,N/A,N/A,N/A,0,0,0,0,0,0.0,0.0,0.0,0.0,0.0,0.0,0.0
FOCAD,,N/A,N/A,N/A,0,0,0,0,0,0.0,0.0,0.0,0.0,0.0,0.0,0.0
GNAL,,N/A,N/A,N/A,0,0,0,0,0,0.0,0.0,0.0,0.0,0.0,0.0,0.0
CAV2,,N/A,N/A,N/A,0,0,0,0,0,0.0,0.0,0.0,0.0,0.0,0.0,0.0
MGST1,,N/A,N/A,N/A,0,0,0,0,0,0.0,0.0,0.0,0.0,0.0,0.0,0.0
CELF2,,N/A,N/A,N/A,0,0,0,0,0,0.0,0.0,0.0,0.0,0.0,0.0,0.0
ZMIZ1,,N/A,N/A,N/A,0,0,0,0,0,0.0,0.0,0.0,0.0,0.0,0.0,0.0
DPCD,,N/A,N/A,N/A,0,0,0,0,0,0.0,0.0,0.0,0.0,0.0,0.0,0.0
PIK3R4,,N/A,N/A,N/A,0,0,0,0,0,0.0,0.0,0.0,0.0,0.0,0.0,0.0
TMPRSS5,,N/A,N/A,N/A,0,0,0,0,0,0.0,0.0,0.0,0.0,0.0,0.0,0.0
DLGAP1-AS1,,N/A,N/A,N/A,0,0,0,0,0,0.0,0.0,0.0,0.0,0.0,0.0,0.0
TSTD2,,N/A,N/A,N/A,0,0,0,0,0,0.0,0.0,0.0,0.0,0.0,0.0,0.0
MAF1,,N/A,N/A,N/A,0,0,0,0,0,0.0,0.0,0.0,0.0,0.0,0.0,0.0
AEBP1,,N/A,N/A,N/A,0,0,0,0,0,0.0,0.0,0.0,0.0,0.0,0.0,0.0
AP2M1,,N/A,N/A,N/A,0,0,0,0,0,0.0,0.0,0.0,0.0,0.0,0.0,0.0
ATE1,,N/A,N/A,N/A,0,0,0,0,0,0.0,0.0,0.0,0.0,0.0,0.0,0.0
ZMYND19,,N/A,N/A,N/A,0,0,0,0,0,0.0,0.0,0.0,0.0,0.0,0.0,0.0
ORC6,,N/A,N/A,N/A,0,0,0,0,0,0.0,0.0,0.0,0.0,0.0,0.0,0.0
CARD14,,N/A,N/A,N/A,0,0,0,0,0,0.0,0.0,0.0,0.0,0.0,0.0,0.0
SLC1A5,,N/A,N/A,N/A,0,0,0,0,0,0.0,0.0,0.0,0.0,0.0,0.0,0.0
PARP16,,N/A,N/A,N/A,0,0,0,0,0,0.0,0.0,0.0,0.0,0.0,0.0,0.0
PUM1,,N/A,N/A,N/A,0,0,0,0,0,0.0,0.0,0.0,0.0,0.0,0.0,0.0
SULF2,,N/A,N/A,N/A,0,0,0,0,0,0.0,0.0,0.0,0.0,0.0,0.0,0.0
BRSK1,,N/A,N/A,N/A,0,0,0,0,0,0.0,0.0,0.0,0.0,0.0,0.0,0.0
NUDT16L1,,N/A,N/A,N/A,0,0,0,0,0,0.0,0.0,0.0,0.0,0.0,0.0,0.0
CPNE8,,N/A,N/A,N/A,0,0,0,0,0,0.0,0.0,0.0,0.0,0.0,0.0,0.0
PSMC2,,N/A,N/A,N/A,0,0,0,0,0,0.0,0.0,0.0,0.0,0.0,0.0,0.0
LMNB2,,N/A,N/A,N/A,0,0,0,0,0,0.0,0.0,0.0,0.0,0.0,0.0,0.0
PPP6R3,,N/A,N/A,N/A,0,0,0,0,0,0.0,0.0,0.0,0.0,0.0,0.0,0.0
DNAJC27,,N/A,N/A,N/A,0,0,0,0,0,0.0,0.0,0.0,0.0,0.0,0.0,0.0
EPC1,,N/A,N/A,N/A,0,0,0,0,0,0.0,0.0,0.0,0.0,0.0,0.0,0.0
RBM34,,N/A,N/A,N/A,0,0,0,0,0,0.0,0.0,0.0,0.0,0.0,0.0,0.0
HRK,,N/A,N/A,N/A,0,0,0,0,0,0.0,0.0,0.0,0.0,0.0,0.0,0.0
KLHL22,,N/A,N/A,N/A,0,0,0,0,0,0.0,0.0,0.0,0.0,0.0,0.0,0.0
THRA,,N/A,N/A,N/A,0,0,0,0,0,0.0,0.0,0.0,0.0,0.0,0.0,0.0
FAM76B,,N/A,N/A,N/A,0,0,0,0,0,0.0,0.0,0.0,0.0,0.0,0.0,0.0
WRAP53,,N/A,N/A,N/A,0,0,0,0,0,0.0,0.0,0.0,0.0,0.0,0.0,0.0
RPS6KA5,,N/A,N/A,N/A,0,0,0,0,0,0.0,0.0,0.0,0.0,0.0,0.0,0.0
TCERG1L,,N/A,N/A,N/A,0,0,0,0,0,0.0,0.0,0.0,0.0,0.0,0.0,0.0
NCOA3,,N/A,N/A,N/A,0,0,0,0,0,0.0,0.0,0.0,0.0,0.0,0.0,0.0
JUNB,,N/A,N/A,N/A,0,0,0,0,0,0.0,0.0,0.0,0.0,0.0,0.0,0.0
RSPRY1,,N/A,N/A,N/A,0,0,0,0,0,0.0,0.0,0.0,0.0,0.0,0.0,0.0
SPEN,,N/A,N/A,N/A,0,0,0,0,0,0.0,0.0,0.0,0.0,0.0,0.0,0.0
ZNF599,,N/A,N/A,N/A,0,0,0,0,0,0.0,0.0,0.0,0.0,0.0,0.0,0.0
GBA2,,N/A,N/A,N/A,0,0,0,0,0,0.0,0.0,0.0,0.0,0.0,0.0,0.0
RUSC1-AS1,,N/A,N/A,N/A,0,0,0,0,0,0.0,0.0,0.0,0.0,0.0,0.0,0.0
PARK7,,N/A,N/A,N/A,0,0,0,0,0,0.0,0.0,0.0,0.0,0.0,0.0,0.0
STAM,,N/A,N/A,N/A,0,0,0,0,0,0.0,0.0,0.0,0.0,0.0,0.0,0.0
TP53RK,,N/A,N/A,N/A,0,0,0,0,0,0.0,0.0,0.0,0.0,0.0,0.0,0.0
APOOL,,N/A,N/A,N/A,0,0,0,0,0,0.0,0.0,0.0,0.0,0.0,0.0,0.0
FARSB,,N/A,N/A,N/A,0,0,0,0,0,0.0,0.0,0.0,0.0,0.0,0.0,0.0
PPP1R12B,,N/A,N/A,N/A,0,0,0,0,0,0.0,0.0,0.0,0.0,0.0,0.0,0.0
RBM41,,N/A,N/A,N/A,0,0,0,0,0,0.0,0.0,0.0,0.0,0.0,0.0,0.0
TMEM241,,N/A,N/A,N/A,0,0,0,0,0,0.0,0.0,0.0,0.0,0.0,0.0,0.0
CACFD1,,N/A,N/A,N/A,0,0,0,0,0,0.0,0.0,0.0,0.0,0.0,0.0,0.0
MEX3D,,N/A,N/A,N/A,0,0,0,0,0,0.0,0.0,0.0,0.0,0.0,0.0,0.0
CAPS2,,N/A,N/A,N/A,0,0,0,0,0,0.0,0.0,0.0,0.0,0.0,0.0,0.0
KHDC1,,N/A,N/A,N/A,0,0,0,0,0,0.0,0.0,0.0,0.0,0.0,0.0,0.0
UBE2S,,N/A,N/A,N/A,0,0,0,0,0,0.0,0.0,0.0,0.0,0.0,0.0,0.0
KIF16B,,N/A,N/A,N/A,0,0,0,0,0,0.0,0.0,0.0,0.0,0.0,0.0,0.0
NICN1,,N/A,N/A,N/A,0,0,0,0,0,0.0,0.0,0.0,0.0,0.0,0.0,0.0
POM121,,N/A,N/A,N/A,0,0,0,0,0,0.0,0.0,0.0,0.0,0.0,0.0,0.0
CMTM7,,N/A,N/A,N/A,0,0,0,0,0,0.0,0.0,0.0,0.0,0.0,0.0,0.0
KHDRBS1,,N/A,N/A,N/A,0,0,0,0,0,0.0,0.0,0.0,0.0,0.0,0.0,0.0
MATN2,,N/A,N/A,N/A,0,0,0,0,0,0.0,0.0,0.0,0.0,0.0,0.0,0.0
SH3BGR,,N/A,N/A,N/A,0,0,0,0,0,0.0,0.0,0.0,0.0,0.0,0.0,0.0
TMTC4,,N/A,N/A,N/A,0,0,0,0,0,0.0,0.0,0.0,0.0,0.0,0.0,0.0
PLCD3,,N/A,N/A,N/A,0,0,0,0,0,0.0,0.0,0.0,0.0,0.0,0.0,0.0
EXOC4,,N/A,N/A,N/A,0,0,0,0,0,0.0,0.0,0.0,0.0,0.0,0.0,0.0
TSSK3,,N/A,N/A,N/A,0,0,0,0,0,0.0,0.0,0.0,0.0,0.0,0.0,0.0
SRA1,,N/A,N/A,N/A,0,0,0,0,0,0.0,0.0,0.0,0.0,0.0,0.0,0.0
GLO1,,N/A,N/A,N/A,0,0,0,0,0,0.0,0.0,0.0,0.0,0.0,0.0,0.0
ZNF524,,N/A,N/A,N/A,0,0,0,0,0,0.0,0.0,0.0,0.0,0.0,0.0,0.0
LAPTM5,,N/A,N/A,N/A,0,0,0,0,0,0.0,0.0,0.0,0.0,0.0,0.0,0.0
PSD4,,N/A,N/A,N/A,0,0,0,0,0,0.0,0.0,0.0,0.0,0.0,0.0,0.0
SLC9A8,,N/A,N/A,N/A,0,0,0,0,0,0.0,0.0,0.0,0.0,0.0,0.0,0.0
FBXO38,,N/A,N/A,N/A,0,0,0,0,0,0.0,0.0,0.0,0.0,0.0,0.0,0.0
CCDC88A,,N/A,N/A,N/A,0,0,0,0,0,0.0,0.0,0.0,0.0,0.0,0.0,0.0
C19orf47,,N/A,N/A,N/A,0,0,0,0,0,0.0,0.0,0.0,0.0,0.0,0.0,0.0
SDF4,,N/A,N/A,N/A,0,0,0,0,0,0.0,0.0,0.0,0.0,0.0,0.0,0.0
PRC1-AS1,,N/A,N/A,N/A,0,0,0,0,0,0.0,0.0,0.0,0.0,0.0,0.0,0.0
DNAJC10,,N/A,N/A,N/A,0,0,0,0,0,0.0,0.0,0.0,0.0,0.0,0.0,0.0
OASL,,N/A,N/A,N/A,0,0,0,0,0,0.0,0.0,0.0,0.0,0.0,0.0,0.0
PLEKHA4,,N/A,N/A,N/A,0,0,0,0,0,0.0,0.0,0.0,0.0,0.0,0.0,0.0
PPP1R14B,,N/A,N/A,N/A,0,0,0,0,0,0.0,0.0,0.0,0.0,0.0,0.0,0.0
PPM1M,,N/A,N/A,N/A,0,0,0,0,0,0.0,0.0,0.0,0.0,0.0,0.0,0.0
CDCA5,,N/A,N/A,N/A,0,0,0,0,0,0.0,0.0,0.0,0.0,0.0,0.0,0.0
CCAR1,,N/A,N/A,N/A,0,0,0,0,0,0.0,0.0,0.0,0.0,0.0,0.0,0.0
MED26,,N/A,N/A,N/A,0,0,0,0,0,0.0,0.0,0.0,0.0,0.0,0.0,0.0
NUBPL,,N/A,N/A,N/A,0,0,0,0,0,0.0,0.0,0.0,0.0,0.0,0.0,0.0
RNPEP,,N/A,N/A,N/A,0,0,0,0,0,0.0,0.0,0.0,0.0,0.0,0.0,0.0
UPF3A,,N/A,N/A,N/A,0,0,0,0,0,0.0,0.0,0.0,0.0,0.0,0.0,0.0
RNF7,,N/A,N/A,N/A,0,0,0,0,0,0.0,0.0,0.0,0.0,0.0,0.0,0.0
NCLN,,N/A,N/A,N/A,0,0,0,0,0,0.0,0.0,0.0,0.0,0.0,0.0,0.0
MRPS31,,N/A,N/A,N/A,0,0,0,0,0,0.0,0.0,0.0,0.0,0.0,0.0,0.0
NFKBIA,,N/A,N/A,N/A,0,0,0,0,0,0.0,0.0,0.0,0.0,0.0,0.0,0.0
EFNA1,,N/A,N/A,N/A,0,0,0,0,0,0.0,0.0,0.0,0.0,0.0,0.0,0.0
C6orf47,,N/A,N/A,N/A,0,0,0,0,0,0.0,0.0,0.0,0.0,0.0,0.0,0.0
CKAP5,,N/A,N/A,N/A,0,0,0,0,0,0.0,0.0,0.0,0.0,0.0,0.0,0.0
GTPBP10,,N/A,N/A,N/A,0,0,0,0,0,0.0,0.0,0.0,0.0,0.0,0.0,0.0
TCTA,,N/A,N/A,N/A,0,0,0,0,0,0.0,0.0,0.0,0.0,0.0,0.0,0.0
CTSO,,N/A,N/A,N/A,0,0,0,0,0,0.0,0.0,0.0,0.0,0.0,0.0,0.0
RBFOX3,,N/A,N/A,N/A,0,0,0,0,0,0.0,0.0,0.0,0.0,0.0,0.0,0.0
ZNF341,,N/A,N/A,N/A,0,0,0,0,0,0.0,0.0,0.0,0.0,0.0,0.0,0.0
TNFRSF19,,N/A,N/A,N/A,0,0,0,0,0,0.0,0.0,0.0,0.0,0.0,0.0,0.0
NCAPH,,N/A,N/A,N/A,0,0,0,0,0,0.0,0.0,0.0,0.0,0.0,0.0,0.0
IFT172,,N/A,N/A,N/A,0,0,0,0,0,0.0,0.0,0.0,0.0,0.0,0.0,0.0
RTCB,,N/A,N/A,N/A,0,0,0,0,0,0.0,0.0,0.0,0.0,0.0,0.0,0.0
LRTOMT,,N/A,N/A,N/A,0,0,0,0,0,0.0,0.0,0.0,0.0,0.0,0.0,0.0
FAM47E,,N/A,N/A,N/A,0,0,0,0,0,0.0,0.0,0.0,0.0,0.0,0.0,0.0
PTPRU,,N/A,N/A,N/A,0,0,0,0,0,0.0,0.0,0.0,0.0,0.0,0.0,0.0
SWI5,,N/A,N/A,N/A,0,0,0,0,0,0.0,0.0,0.0,0.0,0.0,0.0,0.0
ZMYND12,,N/A,N/A,N/A,0,0,0,0,0,0.0,0.0,0.0,0.0,0.0,0.0,0.0
SMG9,,N/A,N/A,N/A,0,0,0,0,0,0.0,0.0,0.0,0.0,0.0,0.0,0.0
ARHGAP11A,,N/A,N/A,N/A,0,0,0,0,0,0.0,0.0,0.0,0.0,0.0,0.0,0.0
OSTC,,N/A,N/A,N/A,0,0,0,0,0,0.0,0.0,0.0,0.0,0.0,0.0,0.0
SCAF4,,N/A,N/A,N/A,0,0,0,0,0,0.0,0.0,0.0,0.0,0.0,0.0,0.0
LRRC8C,,N/A,N/A,N/A,0,0,0,0,0,0.0,0.0,0.0,0.0,0.0,0.0,0.0
DYNLT3,,N/A,N/A,N/A,0,0,0,0,0,0.0,0.0,0.0,0.0,0.0,0.0,0.0
ARIH2,,N/A,N/A,N/A,0,0,0,0,0,0.0,0.0,0.0,0.0,0.0,0.0,0.0
ZNF670,,N/A,N/A,N/A,0,0,0,0,0,0.0,0.0,0.0,0.0,0.0,0.0,0.0
KIAA0930,,N/A,N/A,N/A,0,0,0,0,0,0.0,0.0,0.0,0.0,0.0,0.0,0.0
ZKSCAN2,,N/A,N/A,N/A,0,0,0,0,0,0.0,0.0,0.0,0.0,0.0,0.0,0.0
CDC34,,N/A,N/A,N/A,0,0,0,0,0,0.0,0.0,0.0,0.0,0.0,0.0,0.0
RNASEH2B-AS1,,N/A,N/A,N/A,0,0,0,0,0,0.0,0.0,0.0,0.0,0.0,0.0,0.0
LMBR1L,,N/A,N/A,N/A,0,0,0,0,0,0.0,0.0,0.0,0.0,0.0,0.0,0.0
TMCO1,,N/A,N/A,N/A,0,0,0,0,0,0.0,0.0,0.0,0.0,0.0,0.0,0.0
KCNC4,,N/A,N/A,N/A,0,0,0,0,0,0.0,0.0,0.0,0.0,0.0,0.0,0.0
KCND3,,N/A,N/A,N/A,0,0,0,0,0,0.0,0.0,0.0,0.0,0.0,0.0,0.0
HELB,,N/A,N/A,N/A,0,0,0,0,0,0.0,0.0,0.0,0.0,0.0,0.0,0.0
SFPQ,,N/A,N/A,N/A,0,0,0,0,0,0.0,0.0,0.0,0.0,0.0,0.0,0.0
NSG1,,N/A,N/A,N/A,0,0,0,0,0,0.0,0.0,0.0,0.0,0.0,0.0,0.0
IPCEF1,,N/A,N/A,N/A,0,0,0,0,0,0.0,0.0,0.0,0.0,0.0,0.0,0.0
KLF2,,N/A,N/A,N/A,0,0,0,0,0,0.0,0.0,0.0,0.0,0.0,0.0,0.0
STARD13,,N/A,N/A,N/A,0,0,0,0,0,0.0,0.0,0.0,0.0,0.0,0.0,0.0
CLCN3,,N/A,N/A,N/A,0,0,0,0,0,0.0,0.0,0.0,0.0,0.0,0.0,0.0
AK1,,N/A,N/A,N/A,0,0,0,0,0,0.0,0.0,0.0,0.0,0.0,0.0,0.0
ARL6IP4,,N/A,N/A,N/A,0,0,0,0,0,0.0,0.0,0.0,0.0,0.0,0.0,0.0
SORCS2,,N/A,N/A,N/A,0,0,0,0,0,0.0,0.0,0.0,0.0,0.0,0.0,0.0
ANKAR,,N/A,N/A,N/A,0,0,0,0,0,0.0,0.0,0.0,0.0,0.0,0.0,0.0
SLC31A2,,N/A,N/A,N/A,0,0,0,0,0,0.0,0.0,0.0,0.0,0.0,0.0,0.0
ACOT9,,N/A,N/A,N/A,0,0,0,0,0,0.0,0.0,0.0,0.0,0.0,0.0,0.0
MORN4,,N/A,N/A,N/A,0,0,0,0,0,0.0,0.0,0.0,0.0,0.0,0.0,0.0
ECHDC3,,N/A,N/A,N/A,0,0,0,0,0,0.0,0.0,0.0,0.0,0.0,0.0,0.0
TBRG4,,N/A,N/A,N/A,0,0,0,0,0,0.0,0.0,0.0,0.0,0.0,0.0,0.0
STX18-AS1,,N/A,N/A,N/A,0,0,0,0,0,0.0,0.0,0.0,0.0,0.0,0.0,0.0
EXOSC1,,N/A,N/A,N/A,0,0,0,0,0,0.0,0.0,0.0,0.0,0.0,0.0,0.0
MIER3,,N/A,N/A,N/A,0,0,0,0,0,0.0,0.0,0.0,0.0,0.0,0.0,0.0
CD82,,N/A,N/A,N/A,0,0,0,0,0,0.0,0.0,0.0,0.0,0.0,0.0,0.0
ARPC1A,,N/A,N/A,N/A,0,0,0,0,0,0.0,0.0,0.0,0.0,0.0,0.0,0.0
NOMO3,,N/A,N/A,N/A,0,0,0,0,0,0.0,0.0,0.0,0.0,0.0,0.0,0.0
NDRG2,,N/A,N/A,N/A,0,0,0,0,0,0.0,0.0,0.0,0.0,0.0,0.0,0.0
MAP3K12,,N/A,N/A,N/A,0,0,0,0,0,0.0,0.0,0.0,0.0,0.0,0.0,0.0
CIB2,,N/A,N/A,N/A,0,0,0,0,0,0.0,0.0,0.0,0.0,0.0,0.0,0.0
KIF1B,,N/A,N/A,N/A,0,0,0,0,0,0.0,0.0,0.0,0.0,0.0,0.0,0.0
NEK7,,N/A,N/A,N/A,0,0,0,0,0,0.0,0.0,0.0,0.0,0.0,0.0,0.0
UBXN7,,N/A,N/A,N/A,0,0,0,0,0,0.0,0.0,0.0,0.0,0.0,0.0,0.0
ZNF600,,N/A,N/A,N/A,0,0,0,0,0,0.0,0.0,0.0,0.0,0.0,0.0,0.0
PXMP2,,N/A,N/A,N/A,0,0,0,0,0,0.0,0.0,0.0,0.0,0.0,0.0,0.0
PPA2,,N/A,N/A,N/A,0,0,0,0,0,0.0,0.0,0.0,0.0,0.0,0.0,0.0
TYW3,,N/A,N/A,N/A,0,0,0,0,0,0.0,0.0,0.0,0.0,0.0,0.0,0.0
SNAPC5,,N/A,N/A,N/A,0,0,0,0,0,0.0,0.0,0.0,0.0,0.0,0.0,0.0
JOSD2,,N/A,N/A,N/A,0,0,0,0,0,0.0,0.0,0.0,0.0,0.0,0.0,0.0
CASKIN1,,N/A,N/A,N/A,0,0,0,0,0,0.0,0.0,0.0,0.0,0.0,0.0,0.0
CCDC137,,N/A,N/A,N/A,0,0,0,0,0,0.0,0.0,0.0,0.0,0.0,0.0,0.0
ZFYVE16,,N/A,N/A,N/A,0,0,0,0,0,0.0,0.0,0.0,0.0,0.0,0.0,0.0
ZNF473,,N/A,N/A,N/A,0,0,0,0,0,0.0,0.0,0.0,0.0,0.0,0.0,0.0
LTV1,,N/A,N/A,N/A,0,0,0,0,0,0.0,0.0,0.0,0.0,0.0,0.0,0.0
VPS37C,,N/A,N/A,N/A,0,0,0,0,0,0.0,0.0,0.0,0.0,0.0,0.0,0.0
SBF1,,N/A,N/A,N/A,0,0,0,0,0,0.0,0.0,0.0,0.0,0.0,0.0,0.0
IRF6,,N/A,N/A,N/A,0,0,0,0,0,0.0,0.0,0.0,0.0,0.0,0.0,0.0
CFLAR-AS1,,N/A,N/A,N/A,0,0,0,0,0,0.0,0.0,0.0,0.0,0.0,0.0,0.0
NAA60,,N/A,N/A,N/A,0,0,0,0,0,0.0,0.0,0.0,0.0,0.0,0.0,0.0
RWDD4,,N/A,N/A,N/A,0,0,0,0,0,0.0,0.0,0.0,0.0,0.0,0.0,0.0
BSCL2,,N/A,N/A,N/A,0,0,0,0,0,0.0,0.0,0.0,0.0,0.0,0.0,0.0
ZFPL1,,N/A,N/A,N/A,0,0,0,0,0,0.0,0.0,0.0,0.0,0.0,0.0,0.0
KPTN,,N/A,N/A,N/A,0,0,0,0,0,0.0,0.0,0.0,0.0,0.0,0.0,0.0
SEPHS2,,N/A,N/A,N/A,0,0,0,0,0,0.0,0.0,0.0,0.0,0.0,0.0,0.0
PROM2,,N/A,N/A,N/A,0,0,0,0,0,0.0,0.0,0.0,0.0,0.0,0.0,0.0
PHF6,,N/A,N/A,N/A,0,0,0,0,0,0.0,0.0,0.0,0.0,0.0,0.0,0.0
CA11,,N/A,N/A,N/A,0,0,0,0,0,0.0,0.0,0.0,0.0,0.0,0.0,0.0
L3MBTL2,,N/A,N/A,N/A,0,0,0,0,0,0.0,0.0,0.0,0.0,0.0,0.0,0.0
PRKCE,,N/A,N/A,N/A,0,0,0,0,0,0.0,0.0,0.0,0.0,0.0,0.0,0.0
CTDSPL2,,N/A,N/A,N/A,0,0,0,0,0,0.0,0.0,0.0,0.0,0.0,0.0,0.0
TRIM11,,N/A,N/A,N/A,0,0,0,0,0,0.0,0.0,0.0,0.0,0.0,0.0,0.0
APPBP2,,N/A,N/A,N/A,0,0,0,0,0,0.0,0.0,0.0,0.0,0.0,0.0,0.0
CCZ1,,N/A,N/A,N/A,0,0,0,0,0,0.0,0.0,0.0,0.0,0.0,0.0,0.0
ZNF326,,N/A,N/A,N/A,0,0,0,0,0,0.0,0.0,0.0,0.0,0.0,0.0,0.0
SSNA1,,N/A,N/A,N/A,0,0,0,0,0,0.0,0.0,0.0,0.0,0.0,0.0,0.0
XPNPEP3,,N/A,N/A,N/A,0,0,0,0,0,0.0,0.0,0.0,0.0,0.0,0.0,0.0
OXNAD1,,N/A,N/A,N/A,0,0,0,0,0,0.0,0.0,0.0,0.0,0.0,0.0,0.0
UGDH,,N/A,N/A,N/A,0,0,0,0,0,0.0,0.0,0.0,0.0,0.0,0.0,0.0
LINC01023,,N/A,N/A,N/A,0,0,0,0,0,0.0,0.0,0.0,0.0,0.0,0.0,0.0
SMC4,,N/A,N/A,N/A,0,0,0,0,0,0.0,0.0,0.0,0.0,0.0,0.0,0.0
MGAT2,,N/A,N/A,N/A,0,0,0,0,0,0.0,0.0,0.0,0.0,0.0,0.0,0.0
FSCN1,,N/A,N/A,N/A,0,0,0,0,0,0.0,0.0,0.0,0.0,0.0,0.0,0.0
NDUFA1,,N/A,N/A,N/A,0,0,0,0,0,0.0,0.0,0.0,0.0,0.0,0.0,0.0
EVI2A,,N/A,N/A,N/A,0,0,0,0,0,0.0,0.0,0.0,0.0,0.0,0.0,0.0
SLC35F6,,N/A,N/A,N/A,0,0,0,0,0,0.0,0.0,0.0,0.0,0.0,0.0,0.0
DDX60,,N/A,N/A,N/A,0,0,0,0,0,0.0,0.0,0.0,0.0,0.0,0.0,0.0
PLCB1,,N/A,N/A,N/A,0,0,0,0,0,0.0,0.0,0.0,0.0,0.0,0.0,0.0
PNPLA8,,N/A,N/A,N/A,0,0,0,0,0,0.0,0.0,0.0,0.0,0.0,0.0,0.0
AURKAIP1,,N/A,N/A,N/A,0,0,0,0,0,0.0,0.0,0.0,0.0,0.0,0.0,0.0
DOCK9,,N/A,N/A,N/A,0,0,0,0,0,0.0,0.0,0.0,0.0,0.0,0.0,0.0
PRRC2A,,N/A,N/A,N/A,0,0,0,0,0,0.0,0.0,0.0,0.0,0.0,0.0,0.0
POLR1C,,N/A,N/A,N/A,0,0,0,0,0,0.0,0.0,0.0,0.0,0.0,0.0,0.0
UCK1,,N/A,N/A,N/A,0,0,0,0,0,0.0,0.0,0.0,0.0,0.0,0.0,0.0
EXD2,,N/A,N/A,N/A,0,0,0,0,0,0.0,0.0,0.0,0.0,0.0,0.0,0.0
FBXO36,,N/A,N/A,N/A,0,0,0,0,0,0.0,0.0,0.0,0.0,0.0,0.0,0.0
TJAP1,,N/A,N/A,N/A,0,0,0,0,0,0.0,0.0,0.0,0.0,0.0,0.0,0.0
DGKD,,N/A,N/A,N/A,0,0,0,0,0,0.0,0.0,0.0,0.0,0.0,0.0,0.0
RETSAT,,N/A,N/A,N/A,0,0,0,0,0,0.0,0.0,0.0,0.0,0.0,0.0,0.0
DHX15,,N/A,N/A,N/A,0,0,0,0,0,0.0,0.0,0.0,0.0,0.0,0.0,0.0
CEP19,,N/A,N/A,N/A,0,0,0,0,0,0.0,0.0,0.0,0.0,0.0,0.0,0.0
ZNF395,,N/A,N/A,N/A,0,0,0,0,0,0.0,0.0,0.0,0.0,0.0,0.0,0.0
DCUN1D5,,N/A,N/A,N/A,0,0,0,0,0,0.0,0.0,0.0,0.0,0.0,0.0,0.0
SPSB1,,N/A,N/A,N/A,0,0,0,0,0,0.0,0.0,0.0,0.0,0.0,0.0,0.0
PDE7A,,N/A,N/A,N/A,0,0,0,0,0,0.0,0.0,0.0,0.0,0.0,0.0,0.0
RNF150,,N/A,N/A,N/A,0,0,0,0,0,0.0,0.0,0.0,0.0,0.0,0.0,0.0
AP2S1,,N/A,N/A,N/A,0,0,0,0,0,0.0,0.0,0.0,0.0,0.0,0.0,0.0
RANBP1,,N/A,N/A,N/A,0,0,0,0,0,0.0,0.0,0.0,0.0,0.0,0.0,0.0
SPI1,,N/A,N/A,N/A,0,0,0,0,0,0.0,0.0,0.0,0.0,0.0,0.0,0.0
XRCC4,,N/A,N/A,N/A,0,0,0,0,0,0.0,0.0,0.0,0.0,0.0,0.0,0.0
PSMG3-AS1,,N/A,N/A,N/A,0,0,0,0,0,0.0,0.0,0.0,0.0,0.0,0.0,0.0
FAM221A,,N/A,N/A,N/A,0,0,0,0,0,0.0,0.0,0.0,0.0,0.0,0.0,0.0
ZNF300,,N/A,N/A,N/A,0,0,0,0,0,0.0,0.0,0.0,0.0,0.0,0.0,0.0
ACBD5,,N/A,N/A,N/A,0,0,0,0,0,0.0,0.0,0.0,0.0,0.0,0.0,0.0
AAGAB,,N/A,N/A,N/A,0,0,0,0,0,0.0,0.0,0.0,0.0,0.0,0.0,0.0
PCGF5,,N/A,N/A,N/A,0,0,0,0,0,0.0,0.0,0.0,0.0,0.0,0.0,0.0
SFXN3,,N/A,N/A,N/A,0,0,0,0,0,0.0,0.0,0.0,0.0,0.0,0.0,0.0
CAPNS1,,N/A,N/A,N/A,0,0,0,0,0,0.0,0.0,0.0,0.0,0.0,0.0,0.0
TBC1D22A,,N/A,N/A,N/A,0,0,0,0,0,0.0,0.0,0.0,0.0,0.0,0.0,0.0
MT1G,,N/A,N/A,N/A,0,0,0,0,0,0.0,0.0,0.0,0.0,0.0,0.0,0.0
PPM1H,,N/A,N/A,N/A,0,0,0,0,0,0.0,0.0,0.0,0.0,0.0,0.0,0.0
CERS1,,N/A,N/A,N/A,0,0,0,0,0,0.0,0.0,0.0,0.0,0.0,0.0,0.0
EFNB2,,N/A,N/A,N/A,0,0,0,0,0,0.0,0.0,0.0,0.0,0.0,0.0,0.0
MPRIP,,N/A,N/A,N/A,0,0,0,0,0,0.0,0.0,0.0,0.0,0.0,0.0,0.0
RBM23,,N/A,N/A,N/A,0,0,0,0,0,0.0,0.0,0.0,0.0,0.0,0.0,0.0
TFAM,,N/A,N/A,N/A,0,0,0,0,0,0.0,0.0,0.0,0.0,0.0,0.0,0.0
ITGAX,,N/A,N/A,N/A,0,0,0,0,0,0.0,0.0,0.0,0.0,0.0,0.0,0.0
ATP6V1D,,N/A,N/A,N/A,0,0,0,0,0,0.0,0.0,0.0,0.0,0.0,0.0,0.0
C1QBP,,N/A,N/A,N/A,0,0,0,0,0,0.0,0.0,0.0,0.0,0.0,0.0,0.0
FKBP15,,N/A,N/A,N/A,0,0,0,0,0,0.0,0.0,0.0,0.0,0.0,0.0,0.0
UBXN2B,,N/A,N/A,N/A,0,0,0,0,0,0.0,0.0,0.0,0.0,0.0,0.0,0.0
SYVN1,,N/A,N/A,N/A,0,0,0,0,0,0.0,0.0,0.0,0.0,0.0,0.0,0.0
TOR1AIP2,,N/A,N/A,N/A,0,0,0,0,0,0.0,0.0,0.0,0.0,0.0,0.0,0.0
SNX25,,N/A,N/A,N/A,0,0,0,0,0,0.0,0.0,0.0,0.0,0.0,0.0,0.0
LIMCH1,,N/A,N/A,N/A,0,0,0,0,0,0.0,0.0,0.0,0.0,0.0,0.0,0.0
HCFC2,,N/A,N/A,N/A,0,0,0,0,0,0.0,0.0,0.0,0.0,0.0,0.0,0.0
LRP11,,N/A,N/A,N/A,0,0,0,0,0,0.0,0.0,0.0,0.0,0.0,0.0,0.0
DDX20,,N/A,N/A,N/A,0,0,0,0,0,0.0,0.0,0.0,0.0,0.0,0.0,0.0
POP1,,N/A,N/A,N/A,0,0,0,0,0,0.0,0.0,0.0,0.0,0.0,0.0,0.0
BRI3BP,,N/A,N/A,N/A,0,0,0,0,0,0.0,0.0,0.0,0.0,0.0,0.0,0.0
ZNF117,,N/A,N/A,N/A,0,0,0,0,0,0.0,0.0,0.0,0.0,0.0,0.0,0.0
RAI1,,N/A,N/A,N/A,0,0,0,0,0,0.0,0.0,0.0,0.0,0.0,0.0,0.0
RGPD5,,N/A,N/A,N/A,0,0,0,0,0,0.0,0.0,0.0,0.0,0.0,0.0,0.0
PPP3CB,,N/A,N/A,N/A,0,0,0,0,0,0.0,0.0,0.0,0.0,0.0,0.0,0.0
TMEM147,,N/A,N/A,N/A,0,0,0,0,0,0.0,0.0,0.0,0.0,0.0,0.0,0.0
MRPS11,,N/A,N/A,N/A,0,0,0,0,0,0.0,0.0,0.0,0.0,0.0,0.0,0.0
SARM1,,N/A,N/A,N/A,0,0,0,0,0,0.0,0.0,0.0,0.0,0.0,0.0,0.0
GOLGA2,,N/A,N/A,N/A,0,0,0,0,0,0.0,0.0,0.0,0.0,0.0,0.0,0.0
PKP4,,N/A,N/A,N/A,0,0,0,0,0,0.0,0.0,0.0,0.0,0.0,0.0,0.0
ZNF213,,N/A,N/A,N/A,0,0,0,0,0,0.0,0.0,0.0,0.0,0.0,0.0,0.0
SPECC1L,,N/A,N/A,N/A,0,0,0,0,0,0.0,0.0,0.0,0.0,0.0,0.0,0.0
ZNF195,,N/A,N/A,N/A,0,0,0,0,0,0.0,0.0,0.0,0.0,0.0,0.0,0.0
CXXC1,,N/A,N/A,N/A,0,0,0,0,0,0.0,0.0,0.0,0.0,0.0,0.0,0.0
GTF3C2,,N/A,N/A,N/A,0,0,0,0,0,0.0,0.0,0.0,0.0,0.0,0.0,0.0
SETD6,,N/A,N/A,N/A,0,0,0,0,0,0.0,0.0,0.0,0.0,0.0,0.0,0.0
GGCX,,N/A,N/A,N/A,0,0,0,0,0,0.0,0.0,0.0,0.0,0.0,0.0,0.0
TIMM17A,,N/A,N/A,N/A,0,0,0,0,0,0.0,0.0,0.0,0.0,0.0,0.0,0.0
C18orf21,,N/A,N/A,N/A,0,0,0,0,0,0.0,0.0,0.0,0.0,0.0,0.0,0.0
VWA5A,,N/A,N/A,N/A,0,0,0,0,0,0.0,0.0,0.0,0.0,0.0,0.0,0.0
CCT4,,N/A,N/A,N/A,0,0,0,0,0,0.0,0.0,0.0,0.0,0.0,0.0,0.0
MED14,,N/A,N/A,N/A,0,0,0,0,0,0.0,0.0,0.0,0.0,0.0,0.0,0.0
FOXN3,,N/A,N/A,N/A,0,0,0,0,0,0.0,0.0,0.0,0.0,0.0,0.0,0.0
SSBP4,,N/A,N/A,N/A,0,0,0,0,0,0.0,0.0,0.0,0.0,0.0,0.0,0.0
RPF1,,N/A,N/A,N/A,0,0,0,0,0,0.0,0.0,0.0,0.0,0.0,0.0,0.0
ASNSD1,,N/A,N/A,N/A,0,0,0,0,0,0.0,0.0,0.0,0.0,0.0,0.0,0.0
ELOVL7,,N/A,N/A,N/A,0,0,0,0,0,0.0,0.0,0.0,0.0,0.0,0.0,0.0
MINK1,,N/A,N/A,N/A,0,0,0,0,0,0.0,0.0,0.0,0.0,0.0,0.0,0.0
PPP1CC,,N/A,N/A,N/A,0,0,0,0,0,0.0,0.0,0.0,0.0,0.0,0.0,0.0
KLF12,,N/A,N/A,N/A,0,0,0,0,0,0.0,0.0,0.0,0.0,0.0,0.0,0.0
MRPL42,,N/A,N/A,N/A,0,0,0,0,0,0.0,0.0,0.0,0.0,0.0,0.0,0.0
PACRGL,,N/A,N/A,N/A,0,0,0,0,0,0.0,0.0,0.0,0.0,0.0,0.0,0.0
ICA1L,,N/A,N/A,N/A,0,0,0,0,0,0.0,0.0,0.0,0.0,0.0,0.0,0.0
KLF3,,N/A,N/A,N/A,0,0,0,0,0,0.0,0.0,0.0,0.0,0.0,0.0,0.0
LIMA1,,N/A,N/A,N/A,0,0,0,0,0,0.0,0.0,0.0,0.0,0.0,0.0,0.0
ERI1,,N/A,N/A,N/A,0,0,0,0,0,0.0,0.0,0.0,0.0,0.0,0.0,0.0
RHOBTB3,,N/A,N/A,N/A,0,0,0,0,0,0.0,0.0,0.0,0.0,0.0,0.0,0.0
RBM10,,N/A,N/A,N/A,0,0,0,0,0,0.0,0.0,0.0,0.0,0.0,0.0,0.0
PRPS2,,N/A,N/A,N/A,0,0,0,0,0,0.0,0.0,0.0,0.0,0.0,0.0,0.0
TBXA2R,,N/A,N/A,N/A,0,0,0,0,0,0.0,0.0,0.0,0.0,0.0,0.0,0.0
ZNF76,,N/A,N/A,N/A,0,0,0,0,0,0.0,0.0,0.0,0.0,0.0,0.0,0.0
VPS11,,N/A,N/A,N/A,0,0,0,0,0,0.0,0.0,0.0,0.0,0.0,0.0,0.0
RAB35,,N/A,N/A,N/A,0,0,0,0,0,0.0,0.0,0.0,0.0,0.0,0.0,0.0
RELT,,N/A,N/A,N/A,0,0,0,0,0,0.0,0.0,0.0,0.0,0.0,0.0,0.0
LRP8,,N/A,N/A,N/A,0,0,0,0,0,0.0,0.0,0.0,0.0,0.0,0.0,0.0
MKLN1,,N/A,N/A,N/A,0,0,0,0,0,0.0,0.0,0.0,0.0,0.0,0.0,0.0
RANBP6,,N/A,N/A,N/A,0,0,0,0,0,0.0,0.0,0.0,0.0,0.0,0.0,0.0
PAGR1,,N/A,N/A,N/A,0,0,0,0,0,0.0,0.0,0.0,0.0,0.0,0.0,0.0
ZFP90,,N/A,N/A,N/A,0,0,0,0,0,0.0,0.0,0.0,0.0,0.0,0.0,0.0
YY1,,N/A,N/A,N/A,0,0,0,0,0,0.0,0.0,0.0,0.0,0.0,0.0,0.0
ASH1L,,N/A,N/A,N/A,0,0,0,0,0,0.0,0.0,0.0,0.0,0.0,0.0,0.0
SLC39A14,,N/A,N/A,N/A,0,0,0,0,0,0.0,0.0,0.0,0.0,0.0,0.0,0.0
PCED1B,,N/A,N/A,N/A,0,0,0,0,0,0.0,0.0,0.0,0.0,0.0,0.0,0.0
PYROXD2,,N/A,N/A,N/A,0,0,0,0,0,0.0,0.0,0.0,0.0,0.0,0.0,0.0
FASTKD1,,N/A,N/A,N/A,0,0,0,0,0,0.0,0.0,0.0,0.0,0.0,0.0,0.0
SCRIB,,N/A,N/A,N/A,0,0,0,0,0,0.0,0.0,0.0,0.0,0.0,0.0,0.0
FGD5-AS1,,N/A,N/A,N/A,0,0,0,0,0,0.0,0.0,0.0,0.0,0.0,0.0,0.0
IFI27L1,,N/A,N/A,N/A,0,0,0,0,0,0.0,0.0,0.0,0.0,0.0,0.0,0.0
UNC119B,,N/A,N/A,N/A,0,0,0,0,0,0.0,0.0,0.0,0.0,0.0,0.0,0.0
FANCG,,N/A,N/A,N/A,0,0,0,0,0,0.0,0.0,0.0,0.0,0.0,0.0,0.0
EMC4,,N/A,N/A,N/A,0,0,0,0,0,0.0,0.0,0.0,0.0,0.0,0.0,0.0
IAH1,,N/A,N/A,N/A,0,0,0,0,0,0.0,0.0,0.0,0.0,0.0,0.0,0.0
STRIP2,,N/A,N/A,N/A,0,0,0,0,0,0.0,0.0,0.0,0.0,0.0,0.0,0.0
ASAH2B,,N/A,N/A,N/A,0,0,0,0,0,0.0,0.0,0.0,0.0,0.0,0.0,0.0
ZNF274,,N/A,N/A,N/A,0,0,0,0,0,0.0,0.0,0.0,0.0,0.0,0.0,0.0
BAZ1A,,N/A,N/A,N/A,0,0,0,0,0,0.0,0.0,0.0,0.0,0.0,0.0,0.0
CAMSAP2,,N/A,N/A,N/A,0,0,0,0,0,0.0,0.0,0.0,0.0,0.0,0.0,0.0
PPP1R3F,,N/A,N/A,N/A,0,0,0,0,0,0.0,0.0,0.0,0.0,0.0,0.0,0.0
RASD1,,N/A,N/A,N/A,0,0,0,0,0,0.0,0.0,0.0,0.0,0.0,0.0,0.0
DDX51,,N/A,N/A,N/A,0,0,0,0,0,0.0,0.0,0.0,0.0,0.0,0.0,0.0
HDHD3,,N/A,N/A,N/A,0,0,0,0,0,0.0,0.0,0.0,0.0,0.0,0.0,0.0
COBLL1,,N/A,N/A,N/A,0,0,0,0,0,0.0,0.0,0.0,0.0,0.0,0.0,0.0
SLC33A1,,N/A,N/A,N/A,0,0,0,0,0,0.0,0.0,0.0,0.0,0.0,0.0,0.0
HDDC2,,N/A,N/A,N/A,0,0,0,0,0,0.0,0.0,0.0,0.0,0.0,0.0,0.0
PHF8,,N/A,N/A,N/A,0,0,0,0,0,0.0,0.0,0.0,0.0,0.0,0.0,0.0
FAM13B,,N/A,N/A,N/A,0,0,0,0,0,0.0,0.0,0.0,0.0,0.0,0.0,0.0
WASL,,N/A,N/A,N/A,0,0,0,0,0,0.0,0.0,0.0,0.0,0.0,0.0,0.0
MED13L,,N/A,N/A,N/A,0,0,0,0,0,0.0,0.0,0.0,0.0,0.0,0.0,0.0
COPS7B,,N/A,N/A,N/A,0,0,0,0,0,0.0,0.0,0.0,0.0,0.0,0.0,0.0
ZNF79,,N/A,N/A,N/A,0,0,0,0,0,0.0,0.0,0.0,0.0,0.0,0.0,0.0
HAUS8,,N/A,N/A,N/A,0,0,0,0,0,0.0,0.0,0.0,0.0,0.0,0.0,0.0
CORO1C,,N/A,N/A,N/A,0,0,0,0,0,0.0,0.0,0.0,0.0,0.0,0.0,0.0
FASTKD5,,N/A,N/A,N/A,0,0,0,0,0,0.0,0.0,0.0,0.0,0.0,0.0,0.0
ZFR,,N/A,N/A,N/A,0,0,0,0,0,0.0,0.0,0.0,0.0,0.0,0.0,0.0
COX8A,,N/A,N/A,N/A,0,0,0,0,0,0.0,0.0,0.0,0.0,0.0,0.0,0.0
TRIM21,,N/A,N/A,N/A,0,0,0,0,0,0.0,0.0,0.0,0.0,0.0,0.0,0.0
CLCN4,,N/A,N/A,N/A,0,0,0,0,0,0.0,0.0,0.0,0.0,0.0,0.0,0.0
FTSJ3,,N/A,N/A,N/A,0,0,0,0,0,0.0,0.0,0.0,0.0,0.0,0.0,0.0
ZNF484,,N/A,N/A,N/A,0,0,0,0,0,0.0,0.0,0.0,0.0,0.0,0.0,0.0
ARHGAP29,,N/A,N/A,N/A,0,0,0,0,0,0.0,0.0,0.0,0.0,0.0,0.0,0.0
VDAC1,,N/A,N/A,N/A,0,0,0,0,0,0.0,0.0,0.0,0.0,0.0,0.0,0.0
B3GNTL1,,N/A,N/A,N/A,0,0,0,0,0,0.0,0.0,0.0,0.0,0.0,0.0,0.0
PSMD13,,N/A,N/A,N/A,0,0,0,0,0,0.0,0.0,0.0,0.0,0.0,0.0,0.0
B4GALT3,,N/A,N/A,N/A,0,0,0,0,0,0.0,0.0,0.0,0.0,0.0,0.0,0.0
TBC1D9,,N/A,N/A,N/A,0,0,0,0,0,0.0,0.0,0.0,0.0,0.0,0.0,0.0
FGFRL1,,N/A,N/A,N/A,0,0,0,0,0,0.0,0.0,0.0,0.0,0.0,0.0,0.0
ALG12,,N/A,N/A,N/A,0,0,0,0,0,0.0,0.0,0.0,0.0,0.0,0.0,0.0
B3GALNT2,,N/A,N/A,N/A,0,0,0,0,0,0.0,0.0,0.0,0.0,0.0,0.0,0.0
SPATA20,,N/A,N/A,N/A,0,0,0,0,0,0.0,0.0,0.0,0.0,0.0,0.0,0.0
HSPA4,,N/A,N/A,N/A,0,0,0,0,0,0.0,0.0,0.0,0.0,0.0,0.0,0.0
SLC25A17,,N/A,N/A,N/A,0,0,0,0,0,0.0,0.0,0.0,0.0,0.0,0.0,0.0
TFDP1,,N/A,N/A,N/A,0,0,0,0,0,0.0,0.0,0.0,0.0,0.0,0.0,0.0
S100A3,,N/A,N/A,N/A,0,0,0,0,0,0.0,0.0,0.0,0.0,0.0,0.0,0.0
NRIP1,,N/A,N/A,N/A,0,0,0,0,0,0.0,0.0,0.0,0.0,0.0,0.0,0.0
EMP1,,N/A,N/A,N/A,0,0,0,0,0,0.0,0.0,0.0,0.0,0.0,0.0,0.0
ARRDC2,,N/A,N/A,N/A,0,0,0,0,0,0.0,0.0,0.0,0.0,0.0,0.0,0.0
TET3,,N/A,N/A,N/A,0,0,0,0,0,0.0,0.0,0.0,0.0,0.0,0.0,0.0
TEX2,,N/A,N/A,N/A,0,0,0,0,0,0.0,0.0,0.0,0.0,0.0,0.0,0.0
SAMM50,,N/A,N/A,N/A,0,0,0,0,0,0.0,0.0,0.0,0.0,0.0,0.0,0.0
AFMID,,N/A,N/A,N/A,0,0,0,0,0,0.0,0.0,0.0,0.0,0.0,0.0,0.0
RASSF7,,N/A,N/A,N/A,0,0,0,0,0,0.0,0.0,0.0,0.0,0.0,0.0,0.0
CBR4,,N/A,N/A,N/A,0,0,0,0,0,0.0,0.0,0.0,0.0,0.0,0.0,0.0
YIPF5,,N/A,N/A,N/A,0,0,0,0,0,0.0,0.0,0.0,0.0,0.0,0.0,0.0
AKAP6,,N/A,N/A,N/A,0,0,0,0,0,0.0,0.0,0.0,0.0,0.0,0.0,0.0
SDAD1,,N/A,N/A,N/A,0,0,0,0,0,0.0,0.0,0.0,0.0,0.0,0.0,0.0
SMAP1,,N/A,N/A,N/A,0,0,0,0,0,0.0,0.0,0.0,0.0,0.0,0.0,0.0
TM9SF3,,N/A,N/A,N/A,0,0,0,0,0,0.0,0.0,0.0,0.0,0.0,0.0,0.0
PKIB,,N/A,N/A,N/A,0,0,0,0,0,0.0,0.0,0.0,0.0,0.0,0.0,0.0
MAFF,,N/A,N/A,N/A,0,0,0,0,0,0.0,0.0,0.0,0.0,0.0,0.0,0.0
C11orf68,,N/A,N/A,N/A,0,0,0,0,0,0.0,0.0,0.0,0.0,0.0,0.0,0.0
TMEM164,,N/A,N/A,N/A,0,0,0,0,0,0.0,0.0,0.0,0.0,0.0,0.0,0.0
TRAPPC6B,,N/A,N/A,N/A,0,0,0,0,0,0.0,0.0,0.0,0.0,0.0,0.0,0.0
C17orf75,,N/A,N/A,N/A,0,0,0,0,0,0.0,0.0,0.0,0.0,0.0,0.0,0.0
ZFAND5,,N/A,N/A,N/A,0,0,0,0,0,0.0,0.0,0.0,0.0,0.0,0.0,0.0
MFSD3,,N/A,N/A,N/A,0,0,0,0,0,0.0,0.0,0.0,0.0,0.0,0.0,0.0
GSTK1,,N/A,N/A,N/A,0,0,0,0,0,0.0,0.0,0.0,0.0,0.0,0.0,0.0
PRRC2B,,N/A,N/A,N/A,0,0,0,0,0,0.0,0.0,0.0,0.0,0.0,0.0,0.0
METTL21A,,N/A,N/A,N/A,0,0,0,0,0,0.0,0.0,0.0,0.0,0.0,0.0,0.0
TMEM129,,N/A,N/A,N/A,0,0,0,0,0,0.0,0.0,0.0,0.0,0.0,0.0,0.0
CCDC154,,N/A,N/A,N/A,0,0,0,0,0,0.0,0.0,0.0,0.0,0.0,0.0,0.0
TNIK,,N/A,N/A,N/A,0,0,0,0,0,0.0,0.0,0.0,0.0,0.0,0.0,0.0
ALMS1,,N/A,N/A,N/A,0,0,0,0,0,0.0,0.0,0.0,0.0,0.0,0.0,0.0
PIWIL4,,N/A,N/A,N/A,0,0,0,0,0,0.0,0.0,0.0,0.0,0.0,0.0,0.0
ZNF219,,N/A,N/A,N/A,0,0,0,0,0,0.0,0.0,0.0,0.0,0.0,0.0,0.0
NTN4,,N/A,N/A,N/A,0,0,0,0,0,0.0,0.0,0.0,0.0,0.0,0.0,0.0
AMZ2,,N/A,N/A,N/A,0,0,0,0,0,0.0,0.0,0.0,0.0,0.0,0.0,0.0
RSPO4,,N/A,N/A,N/A,0,0,0,0,0,0.0,0.0,0.0,0.0,0.0,0.0,0.0
TUBB6,,N/A,N/A,N/A,0,0,0,0,0,0.0,0.0,0.0,0.0,0.0,0.0,0.0
FANCB,,N/A,N/A,N/A,0,0,0,0,0,0.0,0.0,0.0,0.0,0.0,0.0,0.0
ABHD17C,,N/A,N/A,N/A,0,0,0,0,0,0.0,0.0,0.0,0.0,0.0,0.0,0.0
NXPH4,,N/A,N/A,N/A,0,0,0,0,0,0.0,0.0,0.0,0.0,0.0,0.0,0.0
STUB1,,N/A,N/A,N/A,0,0,0,0,0,0.0,0.0,0.0,0.0,0.0,0.0,0.0
FKBP10,,N/A,N/A,N/A,0,0,0,0,0,0.0,0.0,0.0,0.0,0.0,0.0,0.0
BPGM,,N/A,N/A,N/A,0,0,0,0,0,0.0,0.0,0.0,0.0,0.0,0.0,0.0
CD109,,N/A,N/A,N/A,0,0,0,0,0,0.0,0.0,0.0,0.0,0.0,0.0,0.0
CWF19L1,,N/A,N/A,N/A,0,0,0,0,0,0.0,0.0,0.0,0.0,0.0,0.0,0.0
DNAJB12,,N/A,N/A,N/A,0,0,0,0,0,0.0,0.0,0.0,0.0,0.0,0.0,0.0
RPL22,,N/A,N/A,N/A,0,0,0,0,0,0.0,0.0,0.0,0.0,0.0,0.0,0.0
UBTD2,,N/A,N/A,N/A,0,0,0,0,0,0.0,0.0,0.0,0.0,0.0,0.0,0.0
JAG2,,N/A,N/A,N/A,0,0,0,0,0,0.0,0.0,0.0,0.0,0.0,0.0,0.0
ZNF33B,,N/A,N/A,N/A,0,0,0,0,0,0.0,0.0,0.0,0.0,0.0,0.0,0.0
NCR3LG1,,N/A,N/A,N/A,0,0,0,0,0,0.0,0.0,0.0,0.0,0.0,0.0,0.0
CDIPT,,N/A,N/A,N/A,0,0,0,0,0,0.0,0.0,0.0,0.0,0.0,0.0,0.0
RNF13,,N/A,N/A,N/A,0,0,0,0,0,0.0,0.0,0.0,0.0,0.0,0.0,0.0
KMT2B,,N/A,N/A,N/A,0,0,0,0,0,0.0,0.0,0.0,0.0,0.0,0.0,0.0
CAPN12,,N/A,N/A,N/A,0,0,0,0,0,0.0,0.0,0.0,0.0,0.0,0.0,0.0
DCAF8,,N/A,N/A,N/A,0,0,0,0,0,0.0,0.0,0.0,0.0,0.0,0.0,0.0
ANKRD40,,N/A,N/A,N/A,0,0,0,0,0,0.0,0.0,0.0,0.0,0.0,0.0,0.0
HEMK1,,N/A,N/A,N/A,0,0,0,0,0,0.0,0.0,0.0,0.0,0.0,0.0,0.0
DNAJC17,,N/A,N/A,N/A,0,0,0,0,0,0.0,0.0,0.0,0.0,0.0,0.0,0.0
E2F4,,N/A,N/A,N/A,0,0,0,0,0,0.0,0.0,0.0,0.0,0.0,0.0,0.0
KCNQ1OT1,,N/A,N/A,N/A,0,0,0,0,0,0.0,0.0,0.0,0.0,0.0,0.0,0.0
SEMA6B,,N/A,N/A,N/A,0,0,0,0,0,0.0,0.0,0.0,0.0,0.0,0.0,0.0
FAM118B,,N/A,N/A,N/A,0,0,0,0,0,0.0,0.0,0.0,0.0,0.0,0.0,0.0
ERP29,,N/A,N/A,N/A,0,0,0,0,0,0.0,0.0,0.0,0.0,0.0,0.0,0.0
PIGH,,N/A,N/A,N/A,0,0,0,0,0,0.0,0.0,0.0,0.0,0.0,0.0,0.0
G3BP1,,N/A,N/A,N/A,0,0,0,0,0,0.0,0.0,0.0,0.0,0.0,0.0,0.0
ZBTB40,,N/A,N/A,N/A,0,0,0,0,0,0.0,0.0,0.0,0.0,0.0,0.0,0.0
TIGD7,,N/A,N/A,N/A,0,0,0,0,0,0.0,0.0,0.0,0.0,0.0,0.0,0.0
TELO2,,N/A,N/A,N/A,0,0,0,0,0,0.0,0.0,0.0,0.0,0.0,0.0,0.0
MRPL14,,N/A,N/A,N/A,0,0,0,0,0,0.0,0.0,0.0,0.0,0.0,0.0,0.0
GIN1,,N/A,N/A,N/A,0,0,0,0,0,0.0,0.0,0.0,0.0,0.0,0.0,0.0
KIAA0825,,N/A,N/A,N/A,0,0,0,0,0,0.0,0.0,0.0,0.0,0.0,0.0,0.0
SH3GLB1,,N/A,N/A,N/A,0,0,0,0,0,0.0,0.0,0.0,0.0,0.0,0.0,0.0
GABBR1,,N/A,N/A,N/A,0,0,0,0,0,0.0,0.0,0.0,0.0,0.0,0.0,0.0
CDCA4,,N/A,N/A,N/A,0,0,0,0,0,0.0,0.0,0.0,0.0,0.0,0.0,0.0
UBA6,,N/A,N/A,N/A,0,0,0,0,0,0.0,0.0,0.0,0.0,0.0,0.0,0.0
C1orf56,,N/A,N/A,N/A,0,0,0,0,0,0.0,0.0,0.0,0.0,0.0,0.0,0.0
NUDT5,,N/A,N/A,N/A,0,0,0,0,0,0.0,0.0,0.0,0.0,0.0,0.0,0.0
MMADHC,,N/A,N/A,N/A,0,0,0,0,0,0.0,0.0,0.0,0.0,0.0,0.0,0.0
ANKDD1A,,N/A,N/A,N/A,0,0,0,0,0,0.0,0.0,0.0,0.0,0.0,0.0,0.0
KLHL13,,N/A,N/A,N/A,0,0,0,0,0,0.0,0.0,0.0,0.0,0.0,0.0,0.0
NUP54,,N/A,N/A,N/A,0,0,0,0,0,0.0,0.0,0.0,0.0,0.0,0.0,0.0
OSBPL10,,N/A,N/A,N/A,0,0,0,0,0,0.0,0.0,0.0,0.0,0.0,0.0,0.0
SNRNP70,,N/A,N/A,N/A,0,0,0,0,0,0.0,0.0,0.0,0.0,0.0,0.0,0.0
C19orf33,,N/A,N/A,N/A,0,0,0,0,0,0.0,0.0,0.0,0.0,0.0,0.0,0.0
FBXW11,,N/A,N/A,N/A,0,0,0,0,0,0.0,0.0,0.0,0.0,0.0,0.0,0.0
PIGL,,N/A,N/A,N/A,0,0,0,0,0,0.0,0.0,0.0,0.0,0.0,0.0,0.0
BAIAP2L1,,N/A,N/A,N/A,0,0,0,0,0,0.0,0.0,0.0,0.0,0.0,0.0,0.0
SHC4,,N/A,N/A,N/A,0,0,0,0,0,0.0,0.0,0.0,0.0,0.0,0.0,0.0
GFOD2,,N/A,N/A,N/A,0,0,0,0,0,0.0,0.0,0.0,0.0,0.0,0.0,0.0
RFX5,,N/A,N/A,N/A,0,0,0,0,0,0.0,0.0,0.0,0.0,0.0,0.0,0.0
MRPL47,,N/A,N/A,N/A,0,0,0,0,0,0.0,0.0,0.0,0.0,0.0,0.0,0.0
RMDN3,,N/A,N/A,N/A,0,0,0,0,0,0.0,0.0,0.0,0.0,0.0,0.0,0.0
TMEM199,,N/A,N/A,N/A,0,0,0,0,0,0.0,0.0,0.0,0.0,0.0,0.0,0.0
ZNF593,,N/A,N/A,N/A,0,0,0,0,0,0.0,0.0,0.0,0.0,0.0,0.0,0.0
RBM15B,,N/A,N/A,N/A,0,0,0,0,0,0.0,0.0,0.0,0.0,0.0,0.0,0.0
ZP3,,N/A,N/A,N/A,0,0,0,0,0,0.0,0.0,0.0,0.0,0.0,0.0,0.0
TAGLN,,N/A,N/A,N/A,0,0,0,0,0,0.0,0.0,0.0,0.0,0.0,0.0,0.0
ZNF253,,N/A,N/A,N/A,0,0,0,0,0,0.0,0.0,0.0,0.0,0.0,0.0,0.0
CNPPD1,,N/A,N/A,N/A,0,0,0,0,0,0.0,0.0,0.0,0.0,0.0,0.0,0.0
DNAJB2,,N/A,N/A,N/A,0,0,0,0,0,0.0,0.0,0.0,0.0,0.0,0.0,0.0
ZNF283,,N/A,N/A,N/A,0,0,0,0,0,0.0,0.0,0.0,0.0,0.0,0.0,0.0
MMS22L,,N/A,N/A,N/A,0,0,0,0,0,0.0,0.0,0.0,0.0,0.0,0.0,0.0
PSMC3IP,,N/A,N/A,N/A,0,0,0,0,0,0.0,0.0,0.0,0.0,0.0,0.0,0.0
QDPR,,N/A,N/A,N/A,0,0,0,0,0,0.0,0.0,0.0,0.0,0.0,0.0,0.0
SNTB1,,N/A,N/A,N/A,0,0,0,0,0,0.0,0.0,0.0,0.0,0.0,0.0,0.0
ZNF551,,N/A,N/A,N/A,0,0,0,0,0,0.0,0.0,0.0,0.0,0.0,0.0,0.0
SNAPC3,,N/A,N/A,N/A,0,0,0,0,0,0.0,0.0,0.0,0.0,0.0,0.0,0.0
TCN2,,N/A,N/A,N/A,0,0,0,0,0,0.0,0.0,0.0,0.0,0.0,0.0,0.0
WDR53,,N/A,N/A,N/A,0,0,0,0,0,0.0,0.0,0.0,0.0,0.0,0.0,0.0
MTO1,,N/A,N/A,N/A,0,0,0,0,0,0.0,0.0,0.0,0.0,0.0,0.0,0.0
ANKS1A,,N/A,N/A,N/A,0,0,0,0,0,0.0,0.0,0.0,0.0,0.0,0.0,0.0
DNAAF2,,N/A,N/A,N/A,0,0,0,0,0,0.0,0.0,0.0,0.0,0.0,0.0,0.0
TRMT5,,N/A,N/A,N/A,0,0,0,0,0,0.0,0.0,0.0,0.0,0.0,0.0,0.0
STARD7,,N/A,N/A,N/A,0,0,0,0,0,0.0,0.0,0.0,0.0,0.0,0.0,0.0
SNX2,,N/A,N/A,N/A,0,0,0,0,0,0.0,0.0,0.0,0.0,0.0,0.0,0.0
CNNM3,,N/A,N/A,N/A,0,0,0,0,0,0.0,0.0,0.0,0.0,0.0,0.0,0.0
CCDC136,,N/A,N/A,N/A,0,0,0,0,0,0.0,0.0,0.0,0.0,0.0,0.0,0.0
TUBD1,,N/A,N/A,N/A,0,0,0,0,0,0.0,0.0,0.0,0.0,0.0,0.0,0.0
CAMKK1,,N/A,N/A,N/A,0,0,0,0,0,0.0,0.0,0.0,0.0,0.0,0.0,0.0
ZMIZ2,,N/A,N/A,N/A,0,0,0,0,0,0.0,0.0,0.0,0.0,0.0,0.0,0.0
CCNF,,N/A,N/A,N/A,0,0,0,0,0,0.0,0.0,0.0,0.0,0.0,0.0,0.0
MCM10,,N/A,N/A,N/A,0,0,0,0,0,0.0,0.0,0.0,0.0,0.0,0.0,0.0
MCF2L,,N/A,N/A,N/A,0,0,0,0,0,0.0,0.0,0.0,0.0,0.0,0.0,0.0
GLT8D1,,N/A,N/A,N/A,0,0,0,0,0,0.0,0.0,0.0,0.0,0.0,0.0,0.0
ABCF2,,N/A,N/A,N/A,0,0,0,0,0,0.0,0.0,0.0,0.0,0.0,0.0,0.0
FZR1,,N/A,N/A,N/A,0,0,0,0,0,0.0,0.0,0.0,0.0,0.0,0.0,0.0
MAP2K6,,N/A,N/A,N/A,0,0,0,0,0,0.0,0.0,0.0,0.0,0.0,0.0,0.0
SMG6,,N/A,N/A,N/A,0,0,0,0,0,0.0,0.0,0.0,0.0,0.0,0.0,0.0
PSRC1,,N/A,N/A,N/A,0,0,0,0,0,0.0,0.0,0.0,0.0,0.0,0.0,0.0
APOBEC3C,,N/A,N/A,N/A,0,0,0,0,0,0.0,0.0,0.0,0.0,0.0,0.0,0.0
DHX8,,N/A,N/A,N/A,0,0,0,0,0,0.0,0.0,0.0,0.0,0.0,0.0,0.0
STYXL1,,N/A,N/A,N/A,0,0,0,0,0,0.0,0.0,0.0,0.0,0.0,0.0,0.0
KIAA2013,,N/A,N/A,N/A,0,0,0,0,0,0.0,0.0,0.0,0.0,0.0,0.0,0.0
USF2,,N/A,N/A,N/A,0,0,0,0,0,0.0,0.0,0.0,0.0,0.0,0.0,0.0
PUS7L,,N/A,N/A,N/A,0,0,0,0,0,0.0,0.0,0.0,0.0,0.0,0.0,0.0
STK24,,N/A,N/A,N/A,0,0,0,0,0,0.0,0.0,0.0,0.0,0.0,0.0,0.0
SYS1,,N/A,N/A,N/A,0,0,0,0,0,0.0,0.0,0.0,0.0,0.0,0.0,0.0
LINC00649,,N/A,N/A,N/A,0,0,0,0,0,0.0,0.0,0.0,0.0,0.0,0.0,0.0
AASS,,N/A,N/A,N/A,0,0,0,0,0,0.0,0.0,0.0,0.0,0.0,0.0,0.0
ARFIP2,,N/A,N/A,N/A,0,0,0,0,0,0.0,0.0,0.0,0.0,0.0,0.0,0.0
PNKD,,N/A,N/A,N/A,0,0,0,0,0,0.0,0.0,0.0,0.0,0.0,0.0,0.0
CBX2,,N/A,N/A,N/A,0,0,0,0,0,0.0,0.0,0.0,0.0,0.0,0.0,0.0
NFKBIB,,N/A,N/A,N/A,0,0,0,0,0,0.0,0.0,0.0,0.0,0.0,0.0,0.0
KLHDC10,,N/A,N/A,N/A,0,0,0,0,0,0.0,0.0,0.0,0.0,0.0,0.0,0.0
SH3GL1,,N/A,N/A,N/A,0,0,0,0,0,0.0,0.0,0.0,0.0,0.0,0.0,0.0
ZNF880,,N/A,N/A,N/A,0,0,0,0,0,0.0,0.0,0.0,0.0,0.0,0.0,0.0
PSMB1,,N/A,N/A,N/A,0,0,0,0,0,0.0,0.0,0.0,0.0,0.0,0.0,0.0
AGPAT5,,N/A,N/A,N/A,0,0,0,0,0,0.0,0.0,0.0,0.0,0.0,0.0,0.0
SUZ12,,N/A,N/A,N/A,0,0,0,0,0,0.0,0.0,0.0,0.0,0.0,0.0,0.0
FGFBP2,,N/A,N/A,N/A,0,0,0,0,0,0.0,0.0,0.0,0.0,0.0,0.0,0.0
PRR5,,N/A,N/A,N/A,0,0,0,0,0,0.0,0.0,0.0,0.0,0.0,0.0,0.0
HNRNPL,,N/A,N/A,N/A,0,0,0,0,0,0.0,0.0,0.0,0.0,0.0,0.0,0.0
TMEM65,,N/A,N/A,N/A,0,0,0,0,0,0.0,0.0,0.0,0.0,0.0,0.0,0.0
VPS45,,N/A,N/A,N/A,0,0,0,0,0,0.0,0.0,0.0,0.0,0.0,0.0,0.0
RAD23A,,N/A,N/A,N/A,0,0,0,0,0,0.0,0.0,0.0,0.0,0.0,0.0,0.0
ARRDC4,,N/A,N/A,N/A,0,0,0,0,0,0.0,0.0,0.0,0.0,0.0,0.0,0.0
CAHM,,N/A,N/A,N/A,0,0,0,0,0,0.0,0.0,0.0,0.0,0.0,0.0,0.0
PIK3IP1,,N/A,N/A,N/A,0,0,0,0,0,0.0,0.0,0.0,0.0,0.0,0.0,0.0
GRIPAP1,,N/A,N/A,N/A,0,0,0,0,0,0.0,0.0,0.0,0.0,0.0,0.0,0.0
DNM1P35,,N/A,N/A,N/A,0,0,0,0,0,0.0,0.0,0.0,0.0,0.0,0.0,0.0
LRRC20,,N/A,N/A,N/A,0,0,0,0,0,0.0,0.0,0.0,0.0,0.0,0.0,0.0
PTBP2,,N/A,N/A,N/A,0,0,0,0,0,0.0,0.0,0.0,0.0,0.0,0.0,0.0
SSH1,,N/A,N/A,N/A,0,0,0,0,0,0.0,0.0,0.0,0.0,0.0,0.0,0.0
GPR183,,N/A,N/A,N/A,0,0,0,0,0,0.0,0.0,0.0,0.0,0.0,0.0,0.0
OGFR,,N/A,N/A,N/A,0,0,0,0,0,0.0,0.0,0.0,0.0,0.0,0.0,0.0
SCAMP3,,N/A,N/A,N/A,0,0,0,0,0,0.0,0.0,0.0,0.0,0.0,0.0,0.0
VAMP5,,N/A,N/A,N/A,0,0,0,0,0,0.0,0.0,0.0,0.0,0.0,0.0,0.0
BAK1,,N/A,N/A,N/A,0,0,0,0,0,0.0,0.0,0.0,0.0,0.0,0.0,0.0
ZNF487,,N/A,N/A,N/A,0,0,0,0,0,0.0,0.0,0.0,0.0,0.0,0.0,0.0
ENTPD6,,N/A,N/A,N/A,0,0,0,0,0,0.0,0.0,0.0,0.0,0.0,0.0,0.0
THAP11,,N/A,N/A,N/A,0,0,0,0,0,0.0,0.0,0.0,0.0,0.0,0.0,0.0
ZNF570,,N/A,N/A,N/A,0,0,0,0,0,0.0,0.0,0.0,0.0,0.0,0.0,0.0
SGPP2,,N/A,N/A,N/A,0,0,0,0,0,0.0,0.0,0.0,0.0,0.0,0.0,0.0
L3MBTL1,,N/A,N/A,N/A,0,0,0,0,0,0.0,0.0,0.0,0.0,0.0,0.0,0.0
ZNF814,,N/A,N/A,N/A,0,0,0,0,0,0.0,0.0,0.0,0.0,0.0,0.0,0.0
HDGF,,N/A,N/A,N/A,0,0,0,0,0,0.0,0.0,0.0,0.0,0.0,0.0,0.0
ZNF704,,N/A,N/A,N/A,0,0,0,0,0,0.0,0.0,0.0,0.0,0.0,0.0,0.0
PRKCI,,N/A,N/A,N/A,0,0,0,0,0,0.0,0.0,0.0,0.0,0.0,0.0,0.0
INPP5F,,N/A,N/A,N/A,0,0,0,0,0,0.0,0.0,0.0,0.0,0.0,0.0,0.0
ZNF703,,N/A,N/A,N/A,0,0,0,0,0,0.0,0.0,0.0,0.0,0.0,0.0,0.0
L2HGDH,,N/A,N/A,N/A,0,0,0,0,0,0.0,0.0,0.0,0.0,0.0,0.0,0.0
ZNF829,,N/A,N/A,N/A,0,0,0,0,0,0.0,0.0,0.0,0.0,0.0,0.0,0.0
RNF10,,N/A,N/A,N/A,0,0,0,0,0,0.0,0.0,0.0,0.0,0.0,0.0,0.0
ETV7,,N/A,N/A,N/A,0,0,0,0,0,0.0,0.0,0.0,0.0,0.0,0.0,0.0
TBC1D31,,N/A,N/A,N/A,0,0,0,0,0,0.0,0.0,0.0,0.0,0.0,0.0,0.0
USP9X,,N/A,N/A,N/A,0,0,0,0,0,0.0,0.0,0.0,0.0,0.0,0.0,0.0
YWHAZ,,N/A,N/A,N/A,0,0,0,0,0,0.0,0.0,0.0,0.0,0.0,0.0,0.0
UBA52,,N/A,N/A,N/A,0,0,0,0,0,0.0,0.0,0.0,0.0,0.0,0.0,0.0
NECAP1,,N/A,N/A,N/A,0,0,0,0,0,0.0,0.0,0.0,0.0,0.0,0.0,0.0
RAP1GDS1,,N/A,N/A,N/A,0,0,0,0,0,0.0,0.0,0.0,0.0,0.0,0.0,0.0
CLDN12,,N/A,N/A,N/A,0,0,0,0,0,0.0,0.0,0.0,0.0,0.0,0.0,0.0
ATXN1L,,N/A,N/A,N/A,0,0,0,0,0,0.0,0.0,0.0,0.0,0.0,0.0,0.0
TWIST2,,N/A,N/A,N/A,0,0,0,0,0,0.0,0.0,0.0,0.0,0.0,0.0,0.0
GLRX2,,N/A,N/A,N/A,0,0,0,0,0,0.0,0.0,0.0,0.0,0.0,0.0,0.0
UBE2J1,,N/A,N/A,N/A,0,0,0,0,0,0.0,0.0,0.0,0.0,0.0,0.0,0.0
DAAM2,,N/A,N/A,N/A,0,0,0,0,0,0.0,0.0,0.0,0.0,0.0,0.0,0.0
SERTAD3,,N/A,N/A,N/A,0,0,0,0,0,0.0,0.0,0.0,0.0,0.0,0.0,0.0
NPIPB15,,N/A,N/A,N/A,0,0,0,0,0,0.0,0.0,0.0,0.0,0.0,0.0,0.0
CSRP1,,N/A,N/A,N/A,0,0,0,0,0,0.0,0.0,0.0,0.0,0.0,0.0,0.0
RPS25,,N/A,N/A,N/A,0,0,0,0,0,0.0,0.0,0.0,0.0,0.0,0.0,0.0
WASF2,,N/A,N/A,N/A,0,0,0,0,0,0.0,0.0,0.0,0.0,0.0,0.0,0.0
C22orf39,,N/A,N/A,N/A,0,0,0,0,0,0.0,0.0,0.0,0.0,0.0,0.0,0.0
WDR76,,N/A,N/A,N/A,0,0,0,0,0,0.0,0.0,0.0,0.0,0.0,0.0,0.0
ZNF510,,N/A,N/A,N/A,0,0,0,0,0,0.0,0.0,0.0,0.0,0.0,0.0,0.0
FAM85B,,N/A,N/A,N/A,0,0,0,0,0,0.0,0.0,0.0,0.0,0.0,0.0,0.0
LTBP1,,N/A,N/A,N/A,0,0,0,0,0,0.0,0.0,0.0,0.0,0.0,0.0,0.0
PKIA,,N/A,N/A,N/A,0,0,0,0,0,0.0,0.0,0.0,0.0,0.0,0.0,0.0
PUS3,,N/A,N/A,N/A,0,0,0,0,0,0.0,0.0,0.0,0.0,0.0,0.0,0.0
SLC38A6,,N/A,N/A,N/A,0,0,0,0,0,0.0,0.0,0.0,0.0,0.0,0.0,0.0
ATF7,,N/A,N/A,N/A,0,0,0,0,0,0.0,0.0,0.0,0.0,0.0,0.0,0.0
ODF2,,N/A,N/A,N/A,0,0,0,0,0,0.0,0.0,0.0,0.0,0.0,0.0,0.0
FAM185A,,N/A,N/A,N/A,0,0,0,0,0,0.0,0.0,0.0,0.0,0.0,0.0,0.0
WDR26,,N/A,N/A,N/A,0,0,0,0,0,0.0,0.0,0.0,0.0,0.0,0.0,0.0
S1PR2,,N/A,N/A,N/A,0,0,0,0,0,0.0,0.0,0.0,0.0,0.0,0.0,0.0
KIF3B,,N/A,N/A,N/A,0,0,0,0,0,0.0,0.0,0.0,0.0,0.0,0.0,0.0
SBNO2,,N/A,N/A,N/A,0,0,0,0,0,0.0,0.0,0.0,0.0,0.0,0.0,0.0
CHCHD2,,N/A,N/A,N/A,0,0,0,0,0,0.0,0.0,0.0,0.0,0.0,0.0,0.0
PPIP5K1,,N/A,N/A,N/A,0,0,0,0,0,0.0,0.0,0.0,0.0,0.0,0.0,0.0
TCEAL1,,N/A,N/A,N/A,0,0,0,0,0,0.0,0.0,0.0,0.0,0.0,0.0,0.0
DUSP22,,N/A,N/A,N/A,0,0,0,0,0,0.0,0.0,0.0,0.0,0.0,0.0,0.0
LEF1,,N/A,N/A,N/A,0,0,0,0,0,0.0,0.0,0.0,0.0,0.0,0.0,0.0
CCDC30,,N/A,N/A,N/A,0,0,0,0,0,0.0,0.0,0.0,0.0,0.0,0.0,0.0
AMY2B,,N/A,N/A,N/A,0,0,0,0,0,0.0,0.0,0.0,0.0,0.0,0.0,0.0
PGAP2,,N/A,N/A,N/A,0,0,0,0,0,0.0,0.0,0.0,0.0,0.0,0.0,0.0
HERPUD1,,N/A,N/A,N/A,0,0,0,0,0,0.0,0.0,0.0,0.0,0.0,0.0,0.0
CPNE1,,N/A,N/A,N/A,0,0,0,0,0,0.0,0.0,0.0,0.0,0.0,0.0,0.0
NPLOC4,,N/A,N/A,N/A,0,0,0,0,0,0.0,0.0,0.0,0.0,0.0,0.0,0.0
SCAF1,,N/A,N/A,N/A,0,0,0,0,0,0.0,0.0,0.0,0.0,0.0,0.0,0.0
NCK2,,N/A,N/A,N/A,0,0,0,0,0,0.0,0.0,0.0,0.0,0.0,0.0,0.0
GTPBP2,,N/A,N/A,N/A,0,0,0,0,0,0.0,0.0,0.0,0.0,0.0,0.0,0.0
SPIN1,,N/A,N/A,N/A,0,0,0,0,0,0.0,0.0,0.0,0.0,0.0,0.0,0.0
CLK3,,N/A,N/A,N/A,0,0,0,0,0,0.0,0.0,0.0,0.0,0.0,0.0,0.0
TRIT1,,N/A,N/A,N/A,0,0,0,0,0,0.0,0.0,0.0,0.0,0.0,0.0,0.0
FAM110A,,N/A,N/A,N/A,0,0,0,0,0,0.0,0.0,0.0,0.0,0.0,0.0,0.0
PPP2R3A,,N/A,N/A,N/A,0,0,0,0,0,0.0,0.0,0.0,0.0,0.0,0.0,0.0
PLXNB2,,N/A,N/A,N/A,0,0,0,0,0,0.0,0.0,0.0,0.0,0.0,0.0,0.0
SLC6A9,,N/A,N/A,N/A,0,0,0,0,0,0.0,0.0,0.0,0.0,0.0,0.0,0.0
CHRNB1,,N/A,N/A,N/A,0,0,0,0,0,0.0,0.0,0.0,0.0,0.0,0.0,0.0
GOLGA6L9,,N/A,N/A,N/A,0,0,0,0,0,0.0,0.0,0.0,0.0,0.0,0.0,0.0
PLBD1,,N/A,N/A,N/A,0,0,0,0,0,0.0,0.0,0.0,0.0,0.0,0.0,0.0
CNOT6,,N/A,N/A,N/A,0,0,0,0,0,0.0,0.0,0.0,0.0,0.0,0.0,0.0
TENM4,,N/A,N/A,N/A,0,0,0,0,0,0.0,0.0,0.0,0.0,0.0,0.0,0.0
CLEC2B,,N/A,N/A,N/A,0,0,0,0,0,0.0,0.0,0.0,0.0,0.0,0.0,0.0
ZNF273,,N/A,N/A,N/A,0,0,0,0,0,0.0,0.0,0.0,0.0,0.0,0.0,0.0
ZFP69,,N/A,N/A,N/A,0,0,0,0,0,0.0,0.0,0.0,0.0,0.0,0.0,0.0
EGLN2,,N/A,N/A,N/A,0,0,0,0,0,0.0,0.0,0.0,0.0,0.0,0.0,0.0
COTL1,,N/A,N/A,N/A,0,0,0,0,0,0.0,0.0,0.0,0.0,0.0,0.0,0.0
RPS18,,N/A,N/A,N/A,0,0,0,0,0,0.0,0.0,0.0,0.0,0.0,0.0,0.0
TRIB2,,N/A,N/A,N/A,0,0,0,0,0,0.0,0.0,0.0,0.0,0.0,0.0,0.0
MPP4,,N/A,N/A,N/A,0,0,0,0,0,0.0,0.0,0.0,0.0,0.0,0.0,0.0
MAK16,,N/A,N/A,N/A,0,0,0,0,0,0.0,0.0,0.0,0.0,0.0,0.0,0.0
CDS1,,N/A,N/A,N/A,0,0,0,0,0,0.0,0.0,0.0,0.0,0.0,0.0,0.0
ANKRD6,,N/A,N/A,N/A,0,0,0,0,0,0.0,0.0,0.0,0.0,0.0,0.0,0.0
INCENP,,N/A,N/A,N/A,0,0,0,0,0,0.0,0.0,0.0,0.0,0.0,0.0,0.0
ZDHHC14,,N/A,N/A,N/A,0,0,0,0,0,0.0,0.0,0.0,0.0,0.0,0.0,0.0
SFR1,,N/A,N/A,N/A,0,0,0,0,0,0.0,0.0,0.0,0.0,0.0,0.0,0.0
PCGF6,,N/A,N/A,N/A,0,0,0,0,0,0.0,0.0,0.0,0.0,0.0,0.0,0.0
CYTL1,,N/A,N/A,N/A,0,0,0,0,0,0.0,0.0,0.0,0.0,0.0,0.0,0.0
ST3GAL3,,N/A,N/A,N/A,0,0,0,0,0,0.0,0.0,0.0,0.0,0.0,0.0,0.0
MON1B,,N/A,N/A,N/A,0,0,0,0,0,0.0,0.0,0.0,0.0,0.0,0.0,0.0
HEXIM2,,N/A,N/A,N/A,0,0,0,0,0,0.0,0.0,0.0,0.0,0.0,0.0,0.0
SNF8,,N/A,N/A,N/A,0,0,0,0,0,0.0,0.0,0.0,0.0,0.0,0.0,0.0
TMC6,,N/A,N/A,N/A,0,0,0,0,0,0.0,0.0,0.0,0.0,0.0,0.0,0.0
CNBD2,,N/A,N/A,N/A,0,0,0,0,0,0.0,0.0,0.0,0.0,0.0,0.0,0.0
CLDND1,,N/A,N/A,N/A,0,0,0,0,0,0.0,0.0,0.0,0.0,0.0,0.0,0.0
THOC5,,N/A,N/A,N/A,0,0,0,0,0,0.0,0.0,0.0,0.0,0.0,0.0,0.0
UQCRC2,,N/A,N/A,N/A,0,0,0,0,0,0.0,0.0,0.0,0.0,0.0,0.0,0.0
CLINT1,,N/A,N/A,N/A,0,0,0,0,0,0.0,0.0,0.0,0.0,0.0,0.0,0.0
PRR12,,N/A,N/A,N/A,0,0,0,0,0,0.0,0.0,0.0,0.0,0.0,0.0,0.0
ARHGAP12,,N/A,N/A,N/A,0,0,0,0,0,0.0,0.0,0.0,0.0,0.0,0.0,0.0
API5,,N/A,N/A,N/A,0,0,0,0,0,0.0,0.0,0.0,0.0,0.0,0.0,0.0
SMIM8,,N/A,N/A,N/A,0,0,0,0,0,0.0,0.0,0.0,0.0,0.0,0.0,0.0
PRSS23,,N/A,N/A,N/A,0,0,0,0,0,0.0,0.0,0.0,0.0,0.0,0.0,0.0
FXR2,,N/A,N/A,N/A,0,0,0,0,0,0.0,0.0,0.0,0.0,0.0,0.0,0.0
NPAS1,,N/A,N/A,N/A,0,0,0,0,0,0.0,0.0,0.0,0.0,0.0,0.0,0.0
TEFM,,N/A,N/A,N/A,0,0,0,0,0,0.0,0.0,0.0,0.0,0.0,0.0,0.0
LETMD1,,N/A,N/A,N/A,0,0,0,0,0,0.0,0.0,0.0,0.0,0.0,0.0,0.0
OPA3,,N/A,N/A,N/A,0,0,0,0,0,0.0,0.0,0.0,0.0,0.0,0.0,0.0
BBIP1,,N/A,N/A,N/A,0,0,0,0,0,0.0,0.0,0.0,0.0,0.0,0.0,0.0
DNAJC9,,N/A,N/A,N/A,0,0,0,0,0,0.0,0.0,0.0,0.0,0.0,0.0,0.0
MYOM1,,N/A,N/A,N/A,0,0,0,0,0,0.0,0.0,0.0,0.0,0.0,0.0,0.0
MAGED1,,N/A,N/A,N/A,0,0,0,0,0,0.0,0.0,0.0,0.0,0.0,0.0,0.0
UXS1,,N/A,N/A,N/A,0,0,0,0,0,0.0,0.0,0.0,0.0,0.0,0.0,0.0
GTPBP3,,N/A,N/A,N/A,0,0,0,0,0,0.0,0.0,0.0,0.0,0.0,0.0,0.0
TRMT1L,,N/A,N/A,N/A,0,0,0,0,0,0.0,0.0,0.0,0.0,0.0,0.0,0.0
PXN-AS1,,N/A,N/A,N/A,0,0,0,0,0,0.0,0.0,0.0,0.0,0.0,0.0,0.0
DEK,,N/A,N/A,N/A,0,0,0,0,0,0.0,0.0,0.0,0.0,0.0,0.0,0.0
TDRD12,,N/A,N/A,N/A,0,0,0,0,0,0.0,0.0,0.0,0.0,0.0,0.0,0.0
TXNDC11,,N/A,N/A,N/A,0,0,0,0,0,0.0,0.0,0.0,0.0,0.0,0.0,0.0
ARSK,,N/A,N/A,N/A,0,0,0,0,0,0.0,0.0,0.0,0.0,0.0,0.0,0.0
MTDH,,N/A,N/A,N/A,0,0,0,0,0,0.0,0.0,0.0,0.0,0.0,0.0,0.0
RPP25,,N/A,N/A,N/A,0,0,0,0,0,0.0,0.0,0.0,0.0,0.0,0.0,0.0
TMEM201,,N/A,N/A,N/A,0,0,0,0,0,0.0,0.0,0.0,0.0,0.0,0.0,0.0
MMACHC,,N/A,N/A,N/A,0,0,0,0,0,0.0,0.0,0.0,0.0,0.0,0.0,0.0
ARMC5,,N/A,N/A,N/A,0,0,0,0,0,0.0,0.0,0.0,0.0,0.0,0.0,0.0
IFI27,,N/A,N/A,N/A,0,0,0,0,0,0.0,0.0,0.0,0.0,0.0,0.0,0.0
ANKMY2,,N/A,N/A,N/A,0,0,0,0,0,0.0,0.0,0.0,0.0,0.0,0.0,0.0
FIBP,,N/A,N/A,N/A,0,0,0,0,0,0.0,0.0,0.0,0.0,0.0,0.0,0.0
FAM227B,,N/A,N/A,N/A,0,0,0,0,0,0.0,0.0,0.0,0.0,0.0,0.0,0.0
RNF182,,N/A,N/A,N/A,0,0,0,0,0,0.0,0.0,0.0,0.0,0.0,0.0,0.0
SEC24C,,N/A,N/A,N/A,0,0,0,0,0,0.0,0.0,0.0,0.0,0.0,0.0,0.0
UROD,,N/A,N/A,N/A,0,0,0,0,0,0.0,0.0,0.0,0.0,0.0,0.0,0.0
ZC3H7A,,N/A,N/A,N/A,0,0,0,0,0,0.0,0.0,0.0,0.0,0.0,0.0,0.0
FICD,,N/A,N/A,N/A,0,0,0,0,0,0.0,0.0,0.0,0.0,0.0,0.0,0.0
TMEM256,,N/A,N/A,N/A,0,0,0,0,0,0.0,0.0,0.0,0.0,0.0,0.0,0.0
PHF1,,N/A,N/A,N/A,0,0,0,0,0,0.0,0.0,0.0,0.0,0.0,0.0,0.0
CREB5,,N/A,N/A,N/A,0,0,0,0,0,0.0,0.0,0.0,0.0,0.0,0.0,0.0
CHSY1,,N/A,N/A,N/A,0,0,0,0,0,0.0,0.0,0.0,0.0,0.0,0.0,0.0
C19orf25,,N/A,N/A,N/A,0,0,0,0,0,0.0,0.0,0.0,0.0,0.0,0.0,0.0
KDM5A,,N/A,N/A,N/A,0,0,0,0,0,0.0,0.0,0.0,0.0,0.0,0.0,0.0
TM9SF1,,N/A,N/A,N/A,0,0,0,0,0,0.0,0.0,0.0,0.0,0.0,0.0,0.0
EPDR1,,N/A,N/A,N/A,0,0,0,0,0,0.0,0.0,0.0,0.0,0.0,0.0,0.0
CNOT4,,N/A,N/A,N/A,0,0,0,0,0,0.0,0.0,0.0,0.0,0.0,0.0,0.0
CCDC66,,N/A,N/A,N/A,0,0,0,0,0,0.0,0.0,0.0,0.0,0.0,0.0,0.0
GOLGB1,,N/A,N/A,N/A,0,0,0,0,0,0.0,0.0,0.0,0.0,0.0,0.0,0.0
COL5A3,,N/A,N/A,N/A,0,0,0,0,0,0.0,0.0,0.0,0.0,0.0,0.0,0.0
RFFL,,N/A,N/A,N/A,0,0,0,0,0,0.0,0.0,0.0,0.0,0.0,0.0,0.0
PRPF18,,N/A,N/A,N/A,0,0,0,0,0,0.0,0.0,0.0,0.0,0.0,0.0,0.0
ZNF638,,N/A,N/A,N/A,0,0,0,0,0,0.0,0.0,0.0,0.0,0.0,0.0,0.0
MRPL9,,N/A,N/A,N/A,0,0,0,0,0,0.0,0.0,0.0,0.0,0.0,0.0,0.0
POLR2G,,N/A,N/A,N/A,0,0,0,0,0,0.0,0.0,0.0,0.0,0.0,0.0,0.0
RNF157,,N/A,N/A,N/A,0,0,0,0,0,0.0,0.0,0.0,0.0,0.0,0.0,0.0
IKBIP,,N/A,N/A,N/A,0,0,0,0,0,0.0,0.0,0.0,0.0,0.0,0.0,0.0
THYN1,,N/A,N/A,N/A,0,0,0,0,0,0.0,0.0,0.0,0.0,0.0,0.0,0.0
PLEKHA7,,N/A,N/A,N/A,0,0,0,0,0,0.0,0.0,0.0,0.0,0.0,0.0,0.0
C12orf43,,N/A,N/A,N/A,0,0,0,0,0,0.0,0.0,0.0,0.0,0.0,0.0,0.0
PLK2,,N/A,N/A,N/A,0,0,0,0,0,0.0,0.0,0.0,0.0,0.0,0.0,0.0
PCM1,,N/A,N/A,N/A,0,0,0,0,0,0.0,0.0,0.0,0.0,0.0,0.0,0.0
INTS5,,N/A,N/A,N/A,0,0,0,0,0,0.0,0.0,0.0,0.0,0.0,0.0,0.0
RBM28,,N/A,N/A,N/A,0,0,0,0,0,0.0,0.0,0.0,0.0,0.0,0.0,0.0
RNF145,,N/A,N/A,N/A,0,0,0,0,0,0.0,0.0,0.0,0.0,0.0,0.0,0.0
TCOF1,,N/A,N/A,N/A,0,0,0,0,0,0.0,0.0,0.0,0.0,0.0,0.0,0.0
PXDC1,,N/A,N/A,N/A,0,0,0,0,0,0.0,0.0,0.0,0.0,0.0,0.0,0.0
ZNF382,,N/A,N/A,N/A,0,0,0,0,0,0.0,0.0,0.0,0.0,0.0,0.0,0.0
SLC35A5,,N/A,N/A,N/A,0,0,0,0,0,0.0,0.0,0.0,0.0,0.0,0.0,0.0
COX7C,,N/A,N/A,N/A,0,0,0,0,0,0.0,0.0,0.0,0.0,0.0,0.0,0.0
ACSBG1,,N/A,N/A,N/A,0,0,0,0,0,0.0,0.0,0.0,0.0,0.0,0.0,0.0
NMT1,,N/A,N/A,N/A,0,0,0,0,0,0.0,0.0,0.0,0.0,0.0,0.0,0.0
USF1,,N/A,N/A,N/A,0,0,0,0,0,0.0,0.0,0.0,0.0,0.0,0.0,0.0
TDRP,,N/A,N/A,N/A,0,0,0,0,0,0.0,0.0,0.0,0.0,0.0,0.0,0.0
ANAPC4,,N/A,N/A,N/A,0,0,0,0,0,0.0,0.0,0.0,0.0,0.0,0.0,0.0
RMND5B,,N/A,N/A,N/A,0,0,0,0,0,0.0,0.0,0.0,0.0,0.0,0.0,0.0
GTF2H4,,N/A,N/A,N/A,0,0,0,0,0,0.0,0.0,0.0,0.0,0.0,0.0,0.0
KANSL1-AS1,,N/A,N/A,N/A,0,0,0,0,0,0.0,0.0,0.0,0.0,0.0,0.0,0.0
FAM168A,,N/A,N/A,N/A,0,0,0,0,0,0.0,0.0,0.0,0.0,0.0,0.0,0.0
MTFP1,,N/A,N/A,N/A,0,0,0,0,0,0.0,0.0,0.0,0.0,0.0,0.0,0.0
EPM2AIP1,,N/A,N/A,N/A,0,0,0,0,0,0.0,0.0,0.0,0.0,0.0,0.0,0.0
INTS6,,N/A,N/A,N/A,0,0,0,0,0,0.0,0.0,0.0,0.0,0.0,0.0,0.0
URM1,,N/A,N/A,N/A,0,0,0,0,0,0.0,0.0,0.0,0.0,0.0,0.0,0.0
RBMS1,,N/A,N/A,N/A,0,0,0,0,0,0.0,0.0,0.0,0.0,0.0,0.0,0.0
POLK,,N/A,N/A,N/A,0,0,0,0,0,0.0,0.0,0.0,0.0,0.0,0.0,0.0
RNF122,,N/A,N/A,N/A,0,0,0,0,0,0.0,0.0,0.0,0.0,0.0,0.0,0.0
HORMAD1,,N/A,N/A,N/A,0,0,0,0,0,0.0,0.0,0.0,0.0,0.0,0.0,0.0
ACTR3C,,N/A,N/A,N/A,0,0,0,0,0,0.0,0.0,0.0,0.0,0.0,0.0,0.0
EAF2,,N/A,N/A,N/A,0,0,0,0,0,0.0,0.0,0.0,0.0,0.0,0.0,0.0
NBEAL2,,N/A,N/A,N/A,0,0,0,0,0,0.0,0.0,0.0,0.0,0.0,0.0,0.0
SSX2IP,,N/A,N/A,N/A,0,0,0,0,0,0.0,0.0,0.0,0.0,0.0,0.0,0.0
MRPL24,,N/A,N/A,N/A,0,0,0,0,0,0.0,0.0,0.0,0.0,0.0,0.0,0.0
HNRNPD,,N/A,N/A,N/A,0,0,0,0,0,0.0,0.0,0.0,0.0,0.0,0.0,0.0
CCNI,,N/A,N/A,N/A,0,0,0,0,0,0.0,0.0,0.0,0.0,0.0,0.0,0.0
HS3ST1,,N/A,N/A,N/A,0,0,0,0,0,0.0,0.0,0.0,0.0,0.0,0.0,0.0
IKZF4,,N/A,N/A,N/A,0,0,0,0,0,0.0,0.0,0.0,0.0,0.0,0.0,0.0
GADD45A,,N/A,N/A,N/A,0,0,0,0,0,0.0,0.0,0.0,0.0,0.0,0.0,0.0
SNX30,,N/A,N/A,N/A,0,0,0,0,0,0.0,0.0,0.0,0.0,0.0,0.0,0.0
YME1L1,,N/A,N/A,N/A,0,0,0,0,0,0.0,0.0,0.0,0.0,0.0,0.0,0.0
TBRG1,,N/A,N/A,N/A,0,0,0,0,0,0.0,0.0,0.0,0.0,0.0,0.0,0.0
LCTL,,N/A,N/A,N/A,0,0,0,0,0,0.0,0.0,0.0,0.0,0.0,0.0,0.0
SNX22,,N/A,N/A,N/A,0,0,0,0,0,0.0,0.0,0.0,0.0,0.0,0.0,0.0
DENND1B,,N/A,N/A,N/A,0,0,0,0,0,0.0,0.0,0.0,0.0,0.0,0.0,0.0
SESN2,,N/A,N/A,N/A,0,0,0,0,0,0.0,0.0,0.0,0.0,0.0,0.0,0.0
ZBTB33,,N/A,N/A,N/A,0,0,0,0,0,0.0,0.0,0.0,0.0,0.0,0.0,0.0
SMARCC2,,N/A,N/A,N/A,0,0,0,0,0,0.0,0.0,0.0,0.0,0.0,0.0,0.0
MBNL3,,N/A,N/A,N/A,0,0,0,0,0,0.0,0.0,0.0,0.0,0.0,0.0,0.0
DBNL,,N/A,N/A,N/A,0,0,0,0,0,0.0,0.0,0.0,0.0,0.0,0.0,0.0
ZNF224,,N/A,N/A,N/A,0,0,0,0,0,0.0,0.0,0.0,0.0,0.0,0.0,0.0
OSBPL9,,N/A,N/A,N/A,0,0,0,0,0,0.0,0.0,0.0,0.0,0.0,0.0,0.0
MGST2,,N/A,N/A,N/A,0,0,0,0,0,0.0,0.0,0.0,0.0,0.0,0.0,0.0
EPHB1,,N/A,N/A,N/A,0,0,0,0,0,0.0,0.0,0.0,0.0,0.0,0.0,0.0
ZDHHC18,,N/A,N/A,N/A,0,0,0,0,0,0.0,0.0,0.0,0.0,0.0,0.0,0.0
SMPD4,,N/A,N/A,N/A,0,0,0,0,0,0.0,0.0,0.0,0.0,0.0,0.0,0.0
DBNDD1,,N/A,N/A,N/A,0,0,0,0,0,0.0,0.0,0.0,0.0,0.0,0.0,0.0
CDC42EP3,,N/A,N/A,N/A,0,0,0,0,0,0.0,0.0,0.0,0.0,0.0,0.0,0.0
GCNT1,,N/A,N/A,N/A,0,0,0,0,0,0.0,0.0,0.0,0.0,0.0,0.0,0.0
MTSS1,,N/A,N/A,N/A,0,0,0,0,0,0.0,0.0,0.0,0.0,0.0,0.0,0.0
DIS3,,N/A,N/A,N/A,0,0,0,0,0,0.0,0.0,0.0,0.0,0.0,0.0,0.0
ERCC5,,N/A,N/A,N/A,0,0,0,0,0,0.0,0.0,0.0,0.0,0.0,0.0,0.0
SYDE2,,N/A,N/A,N/A,0,0,0,0,0,0.0,0.0,0.0,0.0,0.0,0.0,0.0
RTN4R,,N/A,N/A,N/A,0,0,0,0,0,0.0,0.0,0.0,0.0,0.0,0.0,0.0
WDR90,,N/A,N/A,N/A,0,0,0,0,0,0.0,0.0,0.0,0.0,0.0,0.0,0.0
SLC25A37,,N/A,N/A,N/A,0,0,0,0,0,0.0,0.0,0.0,0.0,0.0,0.0,0.0
CCDC24,,N/A,N/A,N/A,0,0,0,0,0,0.0,0.0,0.0,0.0,0.0,0.0,0.0
IMPDH1,,N/A,N/A,N/A,0,0,0,0,0,0.0,0.0,0.0,0.0,0.0,0.0,0.0
HCN2,,N/A,N/A,N/A,0,0,0,0,0,0.0,0.0,0.0,0.0,0.0,0.0,0.0
FBXL5,,N/A,N/A,N/A,0,0,0,0,0,0.0,0.0,0.0,0.0,0.0,0.0,0.0
ARFGAP1,,N/A,N/A,N/A,0,0,0,0,0,0.0,0.0,0.0,0.0,0.0,0.0,0.0
TRMT10B,,N/A,N/A,N/A,0,0,0,0,0,0.0,0.0,0.0,0.0,0.0,0.0,0.0
KPNA6,,N/A,N/A,N/A,0,0,0,0,0,0.0,0.0,0.0,0.0,0.0,0.0,0.0
CAPNS2,,N/A,N/A,N/A,0,0,0,0,0,0.0,0.0,0.0,0.0,0.0,0.0,0.0
SURF6,,N/A,N/A,N/A,0,0,0,0,0,0.0,0.0,0.0,0.0,0.0,0.0,0.0
SKP2,,N/A,N/A,N/A,0,0,0,0,0,0.0,0.0,0.0,0.0,0.0,0.0,0.0
PLEK2,,N/A,N/A,N/A,0,0,0,0,0,0.0,0.0,0.0,0.0,0.0,0.0,0.0
ARFRP1,,N/A,N/A,N/A,0,0,0,0,0,0.0,0.0,0.0,0.0,0.0,0.0,0.0
FBXO33,,N/A,N/A,N/A,0,0,0,0,0,0.0,0.0,0.0,0.0,0.0,0.0,0.0
GTF2F2,,N/A,N/A,N/A,0,0,0,0,0,0.0,0.0,0.0,0.0,0.0,0.0,0.0
SCFD1,,N/A,N/A,N/A,0,0,0,0,0,0.0,0.0,0.0,0.0,0.0,0.0,0.0
GINM1,,N/A,N/A,N/A,0,0,0,0,0,0.0,0.0,0.0,0.0,0.0,0.0,0.0
SLC25A45,,N/A,N/A,N/A,0,0,0,0,0,0.0,0.0,0.0,0.0,0.0,0.0,0.0
ALAD,,N/A,N/A,N/A,0,0,0,0,0,0.0,0.0,0.0,0.0,0.0,0.0,0.0
TTLL7,,N/A,N/A,N/A,0,0,0,0,0,0.0,0.0,0.0,0.0,0.0,0.0,0.0
BET1,,N/A,N/A,N/A,0,0,0,0,0,0.0,0.0,0.0,0.0,0.0,0.0,0.0
MECR,,N/A,N/A,N/A,0,0,0,0,0,0.0,0.0,0.0,0.0,0.0,0.0,0.0
MED13,,N/A,N/A,N/A,0,0,0,0,0,0.0,0.0,0.0,0.0,0.0,0.0,0.0
SLC7A6,,N/A,N/A,N/A,0,0,0,0,0,0.0,0.0,0.0,0.0,0.0,0.0,0.0
ZBTB17,,N/A,N/A,N/A,0,0,0,0,0,0.0,0.0,0.0,0.0,0.0,0.0,0.0
PMFBP1,,N/A,N/A,N/A,0,0,0,0,0,0.0,0.0,0.0,0.0,0.0,0.0,0.0
NSDHL,,N/A,N/A,N/A,0,0,0,0,0,0.0,0.0,0.0,0.0,0.0,0.0,0.0
CUL4B,,N/A,N/A,N/A,0,0,0,0,0,0.0,0.0,0.0,0.0,0.0,0.0,0.0
ANKRD52,,N/A,N/A,N/A,0,0,0,0,0,0.0,0.0,0.0,0.0,0.0,0.0,0.0
PACS2,,N/A,N/A,N/A,0,0,0,0,0,0.0,0.0,0.0,0.0,0.0,0.0,0.0
SOGA1,,N/A,N/A,N/A,0,0,0,0,0,0.0,0.0,0.0,0.0,0.0,0.0,0.0
ZNF654,,N/A,N/A,N/A,0,0,0,0,0,0.0,0.0,0.0,0.0,0.0,0.0,0.0
WDFY2,,N/A,N/A,N/A,0,0,0,0,0,0.0,0.0,0.0,0.0,0.0,0.0,0.0
CAPZA2,,N/A,N/A,N/A,0,0,0,0,0,0.0,0.0,0.0,0.0,0.0,0.0,0.0
PSMA3,,N/A,N/A,N/A,0,0,0,0,0,0.0,0.0,0.0,0.0,0.0,0.0,0.0
NAPG,,N/A,N/A,N/A,0,0,0,0,0,0.0,0.0,0.0,0.0,0.0,0.0,0.0
TLK1,,N/A,N/A,N/A,0,0,0,0,0,0.0,0.0,0.0,0.0,0.0,0.0,0.0
FKTN,,N/A,N/A,N/A,0,0,0,0,0,0.0,0.0,0.0,0.0,0.0,0.0,0.0
ZNF680,,N/A,N/A,N/A,0,0,0,0,0,0.0,0.0,0.0,0.0,0.0,0.0,0.0
MBD2,,N/A,N/A,N/A,0,0,0,0,0,0.0,0.0,0.0,0.0,0.0,0.0,0.0
ZFYVE19,,N/A,N/A,N/A,0,0,0,0,0,0.0,0.0,0.0,0.0,0.0,0.0,0.0
ARHGAP42,,N/A,N/A,N/A,0,0,0,0,0,0.0,0.0,0.0,0.0,0.0,0.0,0.0
SLC25A12,,N/A,N/A,N/A,0,0,0,0,0,0.0,0.0,0.0,0.0,0.0,0.0,0.0
CLCN7,,N/A,N/A,N/A,0,0,0,0,0,0.0,0.0,0.0,0.0,0.0,0.0,0.0
UBL3,,N/A,N/A,N/A,0,0,0,0,0,0.0,0.0,0.0,0.0,0.0,0.0,0.0
RANBP10,,N/A,N/A,N/A,0,0,0,0,0,0.0,0.0,0.0,0.0,0.0,0.0,0.0
PLAUR,,N/A,N/A,N/A,0,0,0,0,0,0.0,0.0,0.0,0.0,0.0,0.0,0.0
ARFGEF1,,N/A,N/A,N/A,0,0,0,0,0,0.0,0.0,0.0,0.0,0.0,0.0,0.0
WBP1L,,N/A,N/A,N/A,0,0,0,0,0,0.0,0.0,0.0,0.0,0.0,0.0,0.0
MRM1,,N/A,N/A,N/A,0,0,0,0,0,0.0,0.0,0.0,0.0,0.0,0.0,0.0
MOSPD2,,N/A,N/A,N/A,0,0,0,0,0,0.0,0.0,0.0,0.0,0.0,0.0,0.0
ORC4,,N/A,N/A,N/A,0,0,0,0,0,0.0,0.0,0.0,0.0,0.0,0.0,0.0
TMEM107,,N/A,N/A,N/A,0,0,0,0,0,0.0,0.0,0.0,0.0,0.0,0.0,0.0
CDC26,,N/A,N/A,N/A,0,0,0,0,0,0.0,0.0,0.0,0.0,0.0,0.0,0.0
EEPD1,,N/A,N/A,N/A,0,0,0,0,0,0.0,0.0,0.0,0.0,0.0,0.0,0.0
TUBGCP3,,N/A,N/A,N/A,0,0,0,0,0,0.0,0.0,0.0,0.0,0.0,0.0,0.0
CGGBP1,,N/A,N/A,N/A,0,0,0,0,0,0.0,0.0,0.0,0.0,0.0,0.0,0.0
PYGL,,N/A,N/A,N/A,0,0,0,0,0,0.0,0.0,0.0,0.0,0.0,0.0,0.0
YY2,,N/A,N/A,N/A,0,0,0,0,0,0.0,0.0,0.0,0.0,0.0,0.0,0.0
PPFIA3,,N/A,N/A,N/A,0,0,0,0,0,0.0,0.0,0.0,0.0,0.0,0.0,0.0
MT1E,,N/A,N/A,N/A,0,0,0,0,0,0.0,0.0,0.0,0.0,0.0,0.0,0.0
SEMA3D,,N/A,N/A,N/A,0,0,0,0,0,0.0,0.0,0.0,0.0,0.0,0.0,0.0
ISY1,,N/A,N/A,N/A,0,0,0,0,0,0.0,0.0,0.0,0.0,0.0,0.0,0.0
REV1,,N/A,N/A,N/A,0,0,0,0,0,0.0,0.0,0.0,0.0,0.0,0.0,0.0
ARRB1,,N/A,N/A,N/A,0,0,0,0,0,0.0,0.0,0.0,0.0,0.0,0.0,0.0
STAG1,,N/A,N/A,N/A,0,0,0,0,0,0.0,0.0,0.0,0.0,0.0,0.0,0.0
COA6,,N/A,N/A,N/A,0,0,0,0,0,0.0,0.0,0.0,0.0,0.0,0.0,0.0
ZNF429,,N/A,N/A,N/A,0,0,0,0,0,0.0,0.0,0.0,0.0,0.0,0.0,0.0
RIOK2,,N/A,N/A,N/A,0,0,0,0,0,0.0,0.0,0.0,0.0,0.0,0.0,0.0
CLCC1,,N/A,N/A,N/A,0,0,0,0,0,0.0,0.0,0.0,0.0,0.0,0.0,0.0
DYRK3,,N/A,N/A,N/A,0,0,0,0,0,0.0,0.0,0.0,0.0,0.0,0.0,0.0
FBXL19,,N/A,N/A,N/A,0,0,0,0,0,0.0,0.0,0.0,0.0,0.0,0.0,0.0
EEF1A1,,N/A,N/A,N/A,0,0,0,0,0,0.0,0.0,0.0,0.0,0.0,0.0,0.0
MTX3,,N/A,N/A,N/A,0,0,0,0,0,0.0,0.0,0.0,0.0,0.0,0.0,0.0
BTN3A3,,N/A,N/A,N/A,0,0,0,0,0,0.0,0.0,0.0,0.0,0.0,0.0,0.0
C1orf122,,N/A,N/A,N/A,0,0,0,0,0,0.0,0.0,0.0,0.0,0.0,0.0,0.0
FAM228B,,N/A,N/A,N/A,0,0,0,0,0,0.0,0.0,0.0,0.0,0.0,0.0,0.0
GEMIN7,,N/A,N/A,N/A,0,0,0,0,0,0.0,0.0,0.0,0.0,0.0,0.0,0.0
MRPL54,,N/A,N/A,N/A,0,0,0,0,0,0.0,0.0,0.0,0.0,0.0,0.0,0.0
BTG1,,N/A,N/A,N/A,0,0,0,0,0,0.0,0.0,0.0,0.0,0.0,0.0,0.0
TWF1,,N/A,N/A,N/A,0,0,0,0,0,0.0,0.0,0.0,0.0,0.0,0.0,0.0
CHCHD1,,N/A,N/A,N/A,0,0,0,0,0,0.0,0.0,0.0,0.0,0.0,0.0,0.0
ZNF211,,N/A,N/A,N/A,0,0,0,0,0,0.0,0.0,0.0,0.0,0.0,0.0,0.0
HCG11,,N/A,N/A,N/A,0,0,0,0,0,0.0,0.0,0.0,0.0,0.0,0.0,0.0
STK38,,N/A,N/A,N/A,0,0,0,0,0,0.0,0.0,0.0,0.0,0.0,0.0,0.0
ZNF790,,N/A,N/A,N/A,0,0,0,0,0,0.0,0.0,0.0,0.0,0.0,0.0,0.0
YBX3,,N/A,N/A,N/A,0,0,0,0,0,0.0,0.0,0.0,0.0,0.0,0.0,0.0
KPNA5,,N/A,N/A,N/A,0,0,0,0,0,0.0,0.0,0.0,0.0,0.0,0.0,0.0
OSCP1,,N/A,N/A,N/A,0,0,0,0,0,0.0,0.0,0.0,0.0,0.0,0.0,0.0
SNTA1,,N/A,N/A,N/A,0,0,0,0,0,0.0,0.0,0.0,0.0,0.0,0.0,0.0
DHX36,,N/A,N/A,N/A,0,0,0,0,0,0.0,0.0,0.0,0.0,0.0,0.0,0.0
SIN3B,,N/A,N/A,N/A,0,0,0,0,0,0.0,0.0,0.0,0.0,0.0,0.0,0.0
SVIL,,N/A,N/A,N/A,0,0,0,0,0,0.0,0.0,0.0,0.0,0.0,0.0,0.0
LRRC59,,N/A,N/A,N/A,0,0,0,0,0,0.0,0.0,0.0,0.0,0.0,0.0,0.0
RABL3,,N/A,N/A,N/A,0,0,0,0,0,0.0,0.0,0.0,0.0,0.0,0.0,0.0
ZNF844,,N/A,N/A,N/A,0,0,0,0,0,0.0,0.0,0.0,0.0,0.0,0.0,0.0
SMYD5,,N/A,N/A,N/A,0,0,0,0,0,0.0,0.0,0.0,0.0,0.0,0.0,0.0
CCDC144A,,N/A,N/A,N/A,0,0,0,0,0,0.0,0.0,0.0,0.0,0.0,0.0,0.0
CA5B,,N/A,N/A,N/A,0,0,0,0,0,0.0,0.0,0.0,0.0,0.0,0.0,0.0
SEMA7A,,N/A,N/A,N/A,0,0,0,0,0,0.0,0.0,0.0,0.0,0.0,0.0,0.0
MRPL35,,N/A,N/A,N/A,0,0,0,0,0,0.0,0.0,0.0,0.0,0.0,0.0,0.0
C19orf44,,N/A,N/A,N/A,0,0,0,0,0,0.0,0.0,0.0,0.0,0.0,0.0,0.0
MYBBP1A,,N/A,N/A,N/A,0,0,0,0,0,0.0,0.0,0.0,0.0,0.0,0.0,0.0
NIPSNAP1,,N/A,N/A,N/A,0,0,0,0,0,0.0,0.0,0.0,0.0,0.0,0.0,0.0
SNX33,,N/A,N/A,N/A,0,0,0,0,0,0.0,0.0,0.0,0.0,0.0,0.0,0.0
ANAPC11,,N/A,N/A,N/A,0,0,0,0,0,0.0,0.0,0.0,0.0,0.0,0.0,0.0
NLGN4Y,,N/A,N/A,N/A,0,0,0,0,0,0.0,0.0,0.0,0.0,0.0,0.0,0.0
SCRN1,,N/A,N/A,N/A,0,0,0,0,0,0.0,0.0,0.0,0.0,0.0,0.0,0.0
IPO13,,N/A,N/A,N/A,0,0,0,0,0,0.0,0.0,0.0,0.0,0.0,0.0,0.0
RABGAP1,,N/A,N/A,N/A,0,0,0,0,0,0.0,0.0,0.0,0.0,0.0,0.0,0.0
ZSWIM6,,N/A,N/A,N/A,0,0,0,0,0,0.0,0.0,0.0,0.0,0.0,0.0,0.0
PLCE1,,N/A,N/A,N/A,0,0,0,0,0,0.0,0.0,0.0,0.0,0.0,0.0,0.0
POGLUT1,,N/A,N/A,N/A,0,0,0,0,0,0.0,0.0,0.0,0.0,0.0,0.0,0.0
NOXA1,,N/A,N/A,N/A,0,0,0,0,0,0.0,0.0,0.0,0.0,0.0,0.0,0.0
SLC25A43,,N/A,N/A,N/A,0,0,0,0,0,0.0,0.0,0.0,0.0,0.0,0.0,0.0
FUZ,,N/A,N/A,N/A,0,0,0,0,0,0.0,0.0,0.0,0.0,0.0,0.0,0.0
TMEM17,,N/A,N/A,N/A,0,0,0,0,0,0.0,0.0,0.0,0.0,0.0,0.0,0.0
ZNF415,,N/A,N/A,N/A,0,0,0,0,0,0.0,0.0,0.0,0.0,0.0,0.0,0.0
TEX30,,N/A,N/A,N/A,0,0,0,0,0,0.0,0.0,0.0,0.0,0.0,0.0,0.0
PIGM,,N/A,N/A,N/A,0,0,0,0,0,0.0,0.0,0.0,0.0,0.0,0.0,0.0
NOLC1,,N/A,N/A,N/A,0,0,0,0,0,0.0,0.0,0.0,0.0,0.0,0.0,0.0
SART3,,N/A,N/A,N/A,0,0,0,0,0,0.0,0.0,0.0,0.0,0.0,0.0,0.0
ZMAT3,,N/A,N/A,N/A,0,0,0,0,0,0.0,0.0,0.0,0.0,0.0,0.0,0.0
BNIP1,,N/A,N/A,N/A,0,0,0,0,0,0.0,0.0,0.0,0.0,0.0,0.0,0.0
CTDSP1,,N/A,N/A,N/A,0,0,0,0,0,0.0,0.0,0.0,0.0,0.0,0.0,0.0
TMEM40,,N/A,N/A,N/A,0,0,0,0,0,0.0,0.0,0.0,0.0,0.0,0.0,0.0
EIF3C,,N/A,N/A,N/A,0,0,0,0,0,0.0,0.0,0.0,0.0,0.0,0.0,0.0
IER2,,N/A,N/A,N/A,0,0,0,0,0,0.0,0.0,0.0,0.0,0.0,0.0,0.0
ERCC8,,N/A,N/A,N/A,0,0,0,0,0,0.0,0.0,0.0,0.0,0.0,0.0,0.0
MYL6B,,N/A,N/A,N/A,0,0,0,0,0,0.0,0.0,0.0,0.0,0.0,0.0,0.0
OTUB1,,N/A,N/A,N/A,0,0,0,0,0,0.0,0.0,0.0,0.0,0.0,0.0,0.0
C2orf76,,N/A,N/A,N/A,0,0,0,0,0,0.0,0.0,0.0,0.0,0.0,0.0,0.0
BMS1,,N/A,N/A,N/A,0,0,0,0,0,0.0,0.0,0.0,0.0,0.0,0.0,0.0
RBM3,,N/A,N/A,N/A,0,0,0,0,0,0.0,0.0,0.0,0.0,0.0,0.0,0.0
GAS1,,N/A,N/A,N/A,0,0,0,0,0,0.0,0.0,0.0,0.0,0.0,0.0,0.0
GPR157,,N/A,N/A,N/A,0,0,0,0,0,0.0,0.0,0.0,0.0,0.0,0.0,0.0
SPRED2,,N/A,N/A,N/A,0,0,0,0,0,0.0,0.0,0.0,0.0,0.0,0.0,0.0
TERF1,,N/A,N/A,N/A,0,0,0,0,0,0.0,0.0,0.0,0.0,0.0,0.0,0.0
TADA1,,N/A,N/A,N/A,0,0,0,0,0,0.0,0.0,0.0,0.0,0.0,0.0,0.0
WIPF1,,N/A,N/A,N/A,0,0,0,0,0,0.0,0.0,0.0,0.0,0.0,0.0,0.0
PTGIS,,N/A,N/A,N/A,0,0,0,0,0,0.0,0.0,0.0,0.0,0.0,0.0,0.0
TMEM132A,,N/A,N/A,N/A,0,0,0,0,0,0.0,0.0,0.0,0.0,0.0,0.0,0.0
SYT17,,N/A,N/A,N/A,0,0,0,0,0,0.0,0.0,0.0,0.0,0.0,0.0,0.0
MMAB,,N/A,N/A,N/A,0,0,0,0,0,0.0,0.0,0.0,0.0,0.0,0.0,0.0
POLR2J,,N/A,N/A,N/A,0,0,0,0,0,0.0,0.0,0.0,0.0,0.0,0.0,0.0
CORO2B,,N/A,N/A,N/A,0,0,0,0,0,0.0,0.0,0.0,0.0,0.0,0.0,0.0
TPD52L1,,N/A,N/A,N/A,0,0,0,0,0,0.0,0.0,0.0,0.0,0.0,0.0,0.0
NUAK1,,N/A,N/A,N/A,0,0,0,0,0,0.0,0.0,0.0,0.0,0.0,0.0,0.0
RALA,,N/A,N/A,N/A,0,0,0,0,0,0.0,0.0,0.0,0.0,0.0,0.0,0.0
SPATS2L,,N/A,N/A,N/A,0,0,0,0,0,0.0,0.0,0.0,0.0,0.0,0.0,0.0
COPS3,,N/A,N/A,N/A,0,0,0,0,0,0.0,0.0,0.0,0.0,0.0,0.0,0.0
ZFYVE21,,N/A,N/A,N/A,0,0,0,0,0,0.0,0.0,0.0,0.0,0.0,0.0,0.0
WBP1,,N/A,N/A,N/A,0,0,0,0,0,0.0,0.0,0.0,0.0,0.0,0.0,0.0
GINS3,,N/A,N/A,N/A,0,0,0,0,0,0.0,0.0,0.0,0.0,0.0,0.0,0.0
NAA35,,N/A,N/A,N/A,0,0,0,0,0,0.0,0.0,0.0,0.0,0.0,0.0,0.0
PRPF40A,,N/A,N/A,N/A,0,0,0,0,0,0.0,0.0,0.0,0.0,0.0,0.0,0.0
TRAF1,,N/A,N/A,N/A,0,0,0,0,0,0.0,0.0,0.0,0.0,0.0,0.0,0.0
CPSF3,,N/A,N/A,N/A,0,0,0,0,0,0.0,0.0,0.0,0.0,0.0,0.0,0.0
UGDH-AS1,,N/A,N/A,N/A,0,0,0,0,0,0.0,0.0,0.0,0.0,0.0,0.0,0.0
SLC35B1,,N/A,N/A,N/A,0,0,0,0,0,0.0,0.0,0.0,0.0,0.0,0.0,0.0
SPATA7,,N/A,N/A,N/A,0,0,0,0,0,0.0,0.0,0.0,0.0,0.0,0.0,0.0
RPS4Y1,,N/A,N/A,N/A,0,0,0,0,0,0.0,0.0,0.0,0.0,0.0,0.0,0.0
DUSP15,,N/A,N/A,N/A,0,0,0,0,0,0.0,0.0,0.0,0.0,0.0,0.0,0.0
MED6,,N/A,N/A,N/A,0,0,0,0,0,0.0,0.0,0.0,0.0,0.0,0.0,0.0
USP6NL,,N/A,N/A,N/A,0,0,0,0,0,0.0,0.0,0.0,0.0,0.0,0.0,0.0
SERPINB9,,N/A,N/A,N/A,0,0,0,0,0,0.0,0.0,0.0,0.0,0.0,0.0,0.0
TBL1X,,N/A,N/A,N/A,0,0,0,0,0,0.0,0.0,0.0,0.0,0.0,0.0,0.0
INTS2,,N/A,N/A,N/A,0,0,0,0,0,0.0,0.0,0.0,0.0,0.0,0.0,0.0
ABLIM3,,N/A,N/A,N/A,0,0,0,0,0,0.0,0.0,0.0,0.0,0.0,0.0,0.0
IL20RB,,N/A,N/A,N/A,0,0,0,0,0,0.0,0.0,0.0,0.0,0.0,0.0,0.0
MIS12,,N/A,N/A,N/A,0,0,0,0,0,0.0,0.0,0.0,0.0,0.0,0.0,0.0
BTRC,,N/A,N/A,N/A,0,0,0,0,0,0.0,0.0,0.0,0.0,0.0,0.0,0.0
MRPL37,,N/A,N/A,N/A,0,0,0,0,0,0.0,0.0,0.0,0.0,0.0,0.0,0.0
DUS1L,,N/A,N/A,N/A,0,0,0,0,0,0.0,0.0,0.0,0.0,0.0,0.0,0.0
SMAD6,,N/A,N/A,N/A,0,0,0,0,0,0.0,0.0,0.0,0.0,0.0,0.0,0.0
NETO2,,N/A,N/A,N/A,0,0,0,0,0,0.0,0.0,0.0,0.0,0.0,0.0,0.0
BAHD1,,N/A,N/A,N/A,0,0,0,0,0,0.0,0.0,0.0,0.0,0.0,0.0,0.0
FHL3,,N/A,N/A,N/A,0,0,0,0,0,0.0,0.0,0.0,0.0,0.0,0.0,0.0
OGFOD1,,N/A,N/A,N/A,0,0,0,0,0,0.0,0.0,0.0,0.0,0.0,0.0,0.0
LIN7B,,N/A,N/A,N/A,0,0,0,0,0,0.0,0.0,0.0,0.0,0.0,0.0,0.0
GTF2H1,,N/A,N/A,N/A,0,0,0,0,0,0.0,0.0,0.0,0.0,0.0,0.0,0.0
SLIT3,,N/A,N/A,N/A,0,0,0,0,0,0.0,0.0,0.0,0.0,0.0,0.0,0.0
BCORL1,,N/A,N/A,N/A,0,0,0,0,0,0.0,0.0,0.0,0.0,0.0,0.0,0.0
UBE2I,,N/A,N/A,N/A,0,0,0,0,0,0.0,0.0,0.0,0.0,0.0,0.0,0.0
NOB1,,N/A,N/A,N/A,0,0,0,0,0,0.0,0.0,0.0,0.0,0.0,0.0,0.0
ZFPM1,,N/A,N/A,N/A,0,0,0,0,0,0.0,0.0,0.0,0.0,0.0,0.0,0.0
MSANTD3,,N/A,N/A,N/A,0,0,0,0,0,0.0,0.0,0.0,0.0,0.0,0.0,0.0
CHST10,,N/A,N/A,N/A,0,0,0,0,0,0.0,0.0,0.0,0.0,0.0,0.0,0.0
CCDC181,,N/A,N/A,N/A,0,0,0,0,0,0.0,0.0,0.0,0.0,0.0,0.0,0.0
SCAMP2,,N/A,N/A,N/A,0,0,0,0,0,0.0,0.0,0.0,0.0,0.0,0.0,0.0
GTF2A2,,N/A,N/A,N/A,0,0,0,0,0,0.0,0.0,0.0,0.0,0.0,0.0,0.0
NEXN,,N/A,N/A,N/A,0,0,0,0,0,0.0,0.0,0.0,0.0,0.0,0.0,0.0
GRWD1,,N/A,N/A,N/A,0,0,0,0,0,0.0,0.0,0.0,0.0,0.0,0.0,0.0
UBE2H,,N/A,N/A,N/A,0,0,0,0,0,0.0,0.0,0.0,0.0,0.0,0.0,0.0
STRADA,,N/A,N/A,N/A,0,0,0,0,0,0.0,0.0,0.0,0.0,0.0,0.0,0.0
SEC24D,,N/A,N/A,N/A,0,0,0,0,0,0.0,0.0,0.0,0.0,0.0,0.0,0.0
LIAS,,N/A,N/A,N/A,0,0,0,0,0,0.0,0.0,0.0,0.0,0.0,0.0,0.0
U2SURP,,N/A,N/A,N/A,0,0,0,0,0,0.0,0.0,0.0,0.0,0.0,0.0,0.0
ARHGAP21,,N/A,N/A,N/A,0,0,0,0,0,0.0,0.0,0.0,0.0,0.0,0.0,0.0
APBA2,,N/A,N/A,N/A,0,0,0,0,0,0.0,0.0,0.0,0.0,0.0,0.0,0.0
RGS2,,N/A,N/A,N/A,0,0,0,0,0,0.0,0.0,0.0,0.0,0.0,0.0,0.0
ARHGEF28,,N/A,N/A,N/A,0,0,0,0,0,0.0,0.0,0.0,0.0,0.0,0.0,0.0
TAS2R14,,N/A,N/A,N/A,0,0,0,0,0,0.0,0.0,0.0,0.0,0.0,0.0,0.0
GATC,,N/A,N/A,N/A,0,0,0,0,0,0.0,0.0,0.0,0.0,0.0,0.0,0.0
SNRPN,,N/A,N/A,N/A,0,0,0,0,0,0.0,0.0,0.0,0.0,0.0,0.0,0.0
USB1,,N/A,N/A,N/A,0,0,0,0,0,0.0,0.0,0.0,0.0,0.0,0.0,0.0
CCSER1,,N/A,N/A,N/A,0,0,0,0,0,0.0,0.0,0.0,0.0,0.0,0.0,0.0
SLC25A38,,N/A,N/A,N/A,0,0,0,0,0,0.0,0.0,0.0,0.0,0.0,0.0,0.0
TEX264,,N/A,N/A,N/A,0,0,0,0,0,0.0,0.0,0.0,0.0,0.0,0.0,0.0
TRAPPC2L,,N/A,N/A,N/A,0,0,0,0,0,0.0,0.0,0.0,0.0,0.0,0.0,0.0
GPATCH2,,N/A,N/A,N/A,0,0,0,0,0,0.0,0.0,0.0,0.0,0.0,0.0,0.0
ACTR6,,N/A,N/A,N/A,0,0,0,0,0,0.0,0.0,0.0,0.0,0.0,0.0,0.0
GPR18,,N/A,N/A,N/A,0,0,0,0,0,0.0,0.0,0.0,0.0,0.0,0.0,0.0
HERC2,,N/A,N/A,N/A,0,0,0,0,0,0.0,0.0,0.0,0.0,0.0,0.0,0.0
PRRT3,,N/A,N/A,N/A,0,0,0,0,0,0.0,0.0,0.0,0.0,0.0,0.0,0.0
ST3GAL1,,N/A,N/A,N/A,0,0,0,0,0,0.0,0.0,0.0,0.0,0.0,0.0,0.0
ZNF16,,N/A,N/A,N/A,0,0,0,0,0,0.0,0.0,0.0,0.0,0.0,0.0,0.0
PLBD2,,N/A,N/A,N/A,0,0,0,0,0,0.0,0.0,0.0,0.0,0.0,0.0,0.0
REEP4,,N/A,N/A,N/A,0,0,0,0,0,0.0,0.0,0.0,0.0,0.0,0.0,0.0
LGMN,,N/A,N/A,N/A,0,0,0,0,0,0.0,0.0,0.0,0.0,0.0,0.0,0.0
ADPGK,,N/A,N/A,N/A,0,0,0,0,0,0.0,0.0,0.0,0.0,0.0,0.0,0.0
ZNF770,,N/A,N/A,N/A,0,0,0,0,0,0.0,0.0,0.0,0.0,0.0,0.0,0.0
CHAC2,,N/A,N/A,N/A,0,0,0,0,0,0.0,0.0,0.0,0.0,0.0,0.0,0.0
MRPL51,,N/A,N/A,N/A,0,0,0,0,0,0.0,0.0,0.0,0.0,0.0,0.0,0.0
FUT11,,N/A,N/A,N/A,0,0,0,0,0,0.0,0.0,0.0,0.0,0.0,0.0,0.0
KRBOX4,,N/A,N/A,N/A,0,0,0,0,0,0.0,0.0,0.0,0.0,0.0,0.0,0.0
IFI30,,N/A,N/A,N/A,0,0,0,0,0,0.0,0.0,0.0,0.0,0.0,0.0,0.0
KIF21A,,N/A,N/A,N/A,0,0,0,0,0,0.0,0.0,0.0,0.0,0.0,0.0,0.0
RNF185,,N/A,N/A,N/A,0,0,0,0,0,0.0,0.0,0.0,0.0,0.0,0.0,0.0
ENTPD7,,N/A,N/A,N/A,0,0,0,0,0,0.0,0.0,0.0,0.0,0.0,0.0,0.0
COPZ1,,N/A,N/A,N/A,0,0,0,0,0,0.0,0.0,0.0,0.0,0.0,0.0,0.0
BLCAP,,N/A,N/A,N/A,0,0,0,0,0,0.0,0.0,0.0,0.0,0.0,0.0,0.0
VEZF1,,N/A,N/A,N/A,0,0,0,0,0,0.0,0.0,0.0,0.0,0.0,0.0,0.0
SAP30,,N/A,N/A,N/A,0,0,0,0,0,0.0,0.0,0.0,0.0,0.0,0.0,0.0
TMA7,,N/A,N/A,N/A,0,0,0,0,0,0.0,0.0,0.0,0.0,0.0,0.0,0.0
ZNF595,,N/A,N/A,N/A,0,0,0,0,0,0.0,0.0,0.0,0.0,0.0,0.0,0.0
FGD6,,N/A,N/A,N/A,0,0,0,0,0,0.0,0.0,0.0,0.0,0.0,0.0,0.0
ITGB4,,N/A,N/A,N/A,0,0,0,0,0,0.0,0.0,0.0,0.0,0.0,0.0,0.0
RALY,,N/A,N/A,N/A,0,0,0,0,0,0.0,0.0,0.0,0.0,0.0,0.0,0.0
PRKDC,,N/A,N/A,N/A,0,0,0,0,0,0.0,0.0,0.0,0.0,0.0,0.0,0.0
BAIAP2,,N/A,N/A,N/A,0,0,0,0,0,0.0,0.0,0.0,0.0,0.0,0.0,0.0
COQ3,,N/A,N/A,N/A,0,0,0,0,0,0.0,0.0,0.0,0.0,0.0,0.0,0.0
TBL3,,N/A,N/A,N/A,0,0,0,0,0,0.0,0.0,0.0,0.0,0.0,0.0,0.0
PITPNM2,,N/A,N/A,N/A,0,0,0,0,0,0.0,0.0,0.0,0.0,0.0,0.0,0.0
CAB39L,,N/A,N/A,N/A,0,0,0,0,0,0.0,0.0,0.0,0.0,0.0,0.0,0.0
MAPKAPK5,,N/A,N/A,N/A,0,0,0,0,0,0.0,0.0,0.0,0.0,0.0,0.0,0.0
PLS1,,N/A,N/A,N/A,0,0,0,0,0,0.0,0.0,0.0,0.0,0.0,0.0,0.0
RBPJ,,N/A,N/A,N/A,0,0,0,0,0,0.0,0.0,0.0,0.0,0.0,0.0,0.0
PEAK1,,N/A,N/A,N/A,0,0,0,0,0,0.0,0.0,0.0,0.0,0.0,0.0,0.0
ZFY-AS1,,N/A,N/A,N/A,0,0,0,0,0,0.0,0.0,0.0,0.0,0.0,0.0,0.0
TMX2,,N/A,N/A,N/A,0,0,0,0,0,0.0,0.0,0.0,0.0,0.0,0.0,0.0
BMP8B,,N/A,N/A,N/A,0,0,0,0,0,0.0,0.0,0.0,0.0,0.0,0.0,0.0
COCH,,N/A,N/A,N/A,0,0,0,0,0,0.0,0.0,0.0,0.0,0.0,0.0,0.0
JAM3,,N/A,N/A,N/A,0,0,0,0,0,0.0,0.0,0.0,0.0,0.0,0.0,0.0
GGT7,,N/A,N/A,N/A,0,0,0,0,0,0.0,0.0,0.0,0.0,0.0,0.0,0.0
EFCAB11,,N/A,N/A,N/A,0,0,0,0,0,0.0,0.0,0.0,0.0,0.0,0.0,0.0
SOX6,,N/A,N/A,N/A,0,0,0,0,0,0.0,0.0,0.0,0.0,0.0,0.0,0.0
SNX18,,N/A,N/A,N/A,0,0,0,0,0,0.0,0.0,0.0,0.0,0.0,0.0,0.0
RPIA,,N/A,N/A,N/A,0,0,0,0,0,0.0,0.0,0.0,0.0,0.0,0.0,0.0
PLAA,,N/A,N/A,N/A,0,0,0,0,0,0.0,0.0,0.0,0.0,0.0,0.0,0.0
KIF9-AS1,,N/A,N/A,N/A,0,0,0,0,0,0.0,0.0,0.0,0.0,0.0,0.0,0.0
DAGLB,,N/A,N/A,N/A,0,0,0,0,0,0.0,0.0,0.0,0.0,0.0,0.0,0.0
OXSR1,,N/A,N/A,N/A,0,0,0,0,0,0.0,0.0,0.0,0.0,0.0,0.0,0.0
VPS16,,N/A,N/A,N/A,0,0,0,0,0,0.0,0.0,0.0,0.0,0.0,0.0,0.0
KIAA0232,,N/A,N/A,N/A,0,0,0,0,0,0.0,0.0,0.0,0.0,0.0,0.0,0.0
ARPP19,,N/A,N/A,N/A,0,0,0,0,0,0.0,0.0,0.0,0.0,0.0,0.0,0.0
NUDCD1,,N/A,N/A,N/A,0,0,0,0,0,0.0,0.0,0.0,0.0,0.0,0.0,0.0
NCOR2,,N/A,N/A,N/A,0,0,0,0,0,0.0,0.0,0.0,0.0,0.0,0.0,0.0
PLAG1,,N/A,N/A,N/A,0,0,0,0,0,0.0,0.0,0.0,0.0,0.0,0.0,0.0
TRIM37,,N/A,N/A,N/A,0,0,0,0,0,0.0,0.0,0.0,0.0,0.0,0.0,0.0
MYO1C,,N/A,N/A,N/A,0,0,0,0,0,0.0,0.0,0.0,0.0,0.0,0.0,0.0
KLRG1,,N/A,N/A,N/A,0,0,0,0,0,0.0,0.0,0.0,0.0,0.0,0.0,0.0
PNO1,,N/A,N/A,N/A,0,0,0,0,0,0.0,0.0,0.0,0.0,0.0,0.0,0.0
ZFY,,N/A,N/A,N/A,0,0,0,0,0,0.0,0.0,0.0,0.0,0.0,0.0,0.0
ERN1,,N/A,N/A,N/A,0,0,0,0,0,0.0,0.0,0.0,0.0,0.0,0.0,0.0
ETS2,,N/A,N/A,N/A,0,0,0,0,0,0.0,0.0,0.0,0.0,0.0,0.0,0.0
CDK14,,N/A,N/A,N/A,0,0,0,0,0,0.0,0.0,0.0,0.0,0.0,0.0,0.0
COMMD9,,N/A,N/A,N/A,0,0,0,0,0,0.0,0.0,0.0,0.0,0.0,0.0,0.0
PM20D2,,N/A,N/A,N/A,0,0,0,0,0,0.0,0.0,0.0,0.0,0.0,0.0,0.0
PTER,,N/A,N/A,N/A,0,0,0,0,0,0.0,0.0,0.0,0.0,0.0,0.0,0.0
BTF3L4,,N/A,N/A,N/A,0,0,0,0,0,0.0,0.0,0.0,0.0,0.0,0.0,0.0
LINGO2,,N/A,N/A,N/A,0,0,0,0,0,0.0,0.0,0.0,0.0,0.0,0.0,0.0
SYNCRIP,,N/A,N/A,N/A,0,0,0,0,0,0.0,0.0,0.0,0.0,0.0,0.0,0.0
MGAT4A,,N/A,N/A,N/A,0,0,0,0,0,0.0,0.0,0.0,0.0,0.0,0.0,0.0
XPOT,,N/A,N/A,N/A,0,0,0,0,0,0.0,0.0,0.0,0.0,0.0,0.0,0.0
ST3GAL4,,N/A,N/A,N/A,0,0,0,0,0,0.0,0.0,0.0,0.0,0.0,0.0,0.0
CCDC12,,N/A,N/A,N/A,0,0,0,0,0,0.0,0.0,0.0,0.0,0.0,0.0,0.0
ASAP3,,N/A,N/A,N/A,0,0,0,0,0,0.0,0.0,0.0,0.0,0.0,0.0,0.0
TRMT13,,N/A,N/A,N/A,0,0,0,0,0,0.0,0.0,0.0,0.0,0.0,0.0,0.0
PARL,,N/A,N/A,N/A,0,0,0,0,0,0.0,0.0,0.0,0.0,0.0,0.0,0.0
RPS3A,,N/A,N/A,N/A,0,0,0,0,0,0.0,0.0,0.0,0.0,0.0,0.0,0.0
RNF6,,N/A,N/A,N/A,0,0,0,0,0,0.0,0.0,0.0,0.0,0.0,0.0,0.0
UEVLD,,N/A,N/A,N/A,0,0,0,0,0,0.0,0.0,0.0,0.0,0.0,0.0,0.0
COPB1,,N/A,N/A,N/A,0,0,0,0,0,0.0,0.0,0.0,0.0,0.0,0.0,0.0
CNOT7,,N/A,N/A,N/A,0,0,0,0,0,0.0,0.0,0.0,0.0,0.0,0.0,0.0
ARHGDIB,,N/A,N/A,N/A,0,0,0,0,0,0.0,0.0,0.0,0.0,0.0,0.0,0.0
GTF2B,,N/A,N/A,N/A,0,0,0,0,0,0.0,0.0,0.0,0.0,0.0,0.0,0.0
DMTF1,,N/A,N/A,N/A,0,0,0,0,0,0.0,0.0,0.0,0.0,0.0,0.0,0.0
TIMM10B,,N/A,N/A,N/A,0,0,0,0,0,0.0,0.0,0.0,0.0,0.0,0.0,0.0
MZT2B,,N/A,N/A,N/A,0,0,0,0,0,0.0,0.0,0.0,0.0,0.0,0.0,0.0
REPIN1,,N/A,N/A,N/A,0,0,0,0,0,0.0,0.0,0.0,0.0,0.0,0.0,0.0
DPY19L3,,N/A,N/A,N/A,0,0,0,0,0,0.0,0.0,0.0,0.0,0.0,0.0,0.0
KIF26B,,N/A,N/A,N/A,0,0,0,0,0,0.0,0.0,0.0,0.0,0.0,0.0,0.0
UFSP1,,N/A,N/A,N/A,0,0,0,0,0,0.0,0.0,0.0,0.0,0.0,0.0,0.0
LAMTOR4,,N/A,N/A,N/A,0,0,0,0,0,0.0,0.0,0.0,0.0,0.0,0.0,0.0
POMT2,,N/A,N/A,N/A,0,0,0,0,0,0.0,0.0,0.0,0.0,0.0,0.0,0.0
ZNF740,,N/A,N/A,N/A,0,0,0,0,0,0.0,0.0,0.0,0.0,0.0,0.0,0.0
SFT2D1,,N/A,N/A,N/A,0,0,0,0,0,0.0,0.0,0.0,0.0,0.0,0.0,0.0
ZBED5-AS1,,N/A,N/A,N/A,0,0,0,0,0,0.0,0.0,0.0,0.0,0.0,0.0,0.0
MCTS1,,N/A,N/A,N/A,0,0,0,0,0,0.0,0.0,0.0,0.0,0.0,0.0,0.0
SCOC,,N/A,N/A,N/A,0,0,0,0,0,0.0,0.0,0.0,0.0,0.0,0.0,0.0
COA4,,N/A,N/A,N/A,0,0,0,0,0,0.0,0.0,0.0,0.0,0.0,0.0,0.0
ARL6IP6,,N/A,N/A,N/A,0,0,0,0,0,0.0,0.0,0.0,0.0,0.0,0.0,0.0
KLKB1,,N/A,N/A,N/A,0,0,0,0,0,0.0,0.0,0.0,0.0,0.0,0.0,0.0
CTDSP2,,N/A,N/A,N/A,0,0,0,0,0,0.0,0.0,0.0,0.0,0.0,0.0,0.0
CARD6,,N/A,N/A,N/A,0,0,0,0,0,0.0,0.0,0.0,0.0,0.0,0.0,0.0
RPL9,,N/A,N/A,N/A,0,0,0,0,0,0.0,0.0,0.0,0.0,0.0,0.0,0.0
NT5DC2,,N/A,N/A,N/A,0,0,0,0,0,0.0,0.0,0.0,0.0,0.0,0.0,0.0
ZNF493,,N/A,N/A,N/A,0,0,0,0,0,0.0,0.0,0.0,0.0,0.0,0.0,0.0
SLC25A33,,N/A,N/A,N/A,0,0,0,0,0,0.0,0.0,0.0,0.0,0.0,0.0,0.0
PCID2,,N/A,N/A,N/A,0,0,0,0,0,0.0,0.0,0.0,0.0,0.0,0.0,0.0
FAM50B,,N/A,N/A,N/A,0,0,0,0,0,0.0,0.0,0.0,0.0,0.0,0.0,0.0
ARFGAP2,,N/A,N/A,N/A,0,0,0,0,0,0.0,0.0,0.0,0.0,0.0,0.0,0.0
ALDH9A1,,N/A,N/A,N/A,0,0,0,0,0,0.0,0.0,0.0,0.0,0.0,0.0,0.0
YTHDF1,,N/A,N/A,N/A,0,0,0,0,0,0.0,0.0,0.0,0.0,0.0,0.0,0.0
CCDC180,,N/A,N/A,N/A,0,0,0,0,0,0.0,0.0,0.0,0.0,0.0,0.0,0.0
SCCPDH,,N/A,N/A,N/A,0,0,0,0,0,0.0,0.0,0.0,0.0,0.0,0.0,0.0
EI24,,N/A,N/A,N/A,0,0,0,0,0,0.0,0.0,0.0,0.0,0.0,0.0,0.0
ARHGEF10,,N/A,N/A,N/A,0,0,0,0,0,0.0,0.0,0.0,0.0,0.0,0.0,0.0
MLEC,,N/A,N/A,N/A,0,0,0,0,0,0.0,0.0,0.0,0.0,0.0,0.0,0.0
RBM43,,N/A,N/A,N/A,0,0,0,0,0,0.0,0.0,0.0,0.0,0.0,0.0,0.0
UBE2D3,,N/A,N/A,N/A,0,0,0,0,0,0.0,0.0,0.0,0.0,0.0,0.0,0.0
MED30,,N/A,N/A,N/A,0,0,0,0,0,0.0,0.0,0.0,0.0,0.0,0.0,0.0
PRDX2,,N/A,N/A,N/A,0,0,0,0,0,0.0,0.0,0.0,0.0,0.0,0.0,0.0
TOMM40L,,N/A,N/A,N/A,0,0,0,0,0,0.0,0.0,0.0,0.0,0.0,0.0,0.0
PIK3C2A,,N/A,N/A,N/A,0,0,0,0,0,0.0,0.0,0.0,0.0,0.0,0.0,0.0
ADCK1,,N/A,N/A,N/A,0,0,0,0,0,0.0,0.0,0.0,0.0,0.0,0.0,0.0
ZNF549,,N/A,N/A,N/A,0,0,0,0,0,0.0,0.0,0.0,0.0,0.0,0.0,0.0
TMF1,,N/A,N/A,N/A,0,0,0,0,0,0.0,0.0,0.0,0.0,0.0,0.0,0.0
AARSD1,,N/A,N/A,N/A,0,0,0,0,0,0.0,0.0,0.0,0.0,0.0,0.0,0.0
LSP1,,N/A,N/A,N/A,0,0,0,0,0,0.0,0.0,0.0,0.0,0.0,0.0,0.0
CPEB3,,N/A,N/A,N/A,0,0,0,0,0,0.0,0.0,0.0,0.0,0.0,0.0,0.0
ZNF100,,N/A,N/A,N/A,0,0,0,0,0,0.0,0.0,0.0,0.0,0.0,0.0,0.0
CHD3,,N/A,N/A,N/A,0,0,0,0,0,0.0,0.0,0.0,0.0,0.0,0.0,0.0
PGM2,,N/A,N/A,N/A,0,0,0,0,0,0.0,0.0,0.0,0.0,0.0,0.0,0.0
ZC3H3,,N/A,N/A,N/A,0,0,0,0,0,0.0,0.0,0.0,0.0,0.0,0.0,0.0
UBA7,,N/A,N/A,N/A,0,0,0,0,0,0.0,0.0,0.0,0.0,0.0,0.0,0.0
DCLRE1B,,N/A,N/A,N/A,0,0,0,0,0,0.0,0.0,0.0,0.0,0.0,0.0,0.0
ELP2,,N/A,N/A,N/A,0,0,0,0,0,0.0,0.0,0.0,0.0,0.0,0.0,0.0
LHX4,,N/A,N/A,N/A,0,0,0,0,0,0.0,0.0,0.0,0.0,0.0,0.0,0.0
SUGP2,,N/A,N/A,N/A,0,0,0,0,0,0.0,0.0,0.0,0.0,0.0,0.0,0.0
SERINC5,,N/A,N/A,N/A,0,0,0,0,0,0.0,0.0,0.0,0.0,0.0,0.0,0.0
PLCD1,,N/A,N/A,N/A,0,0,0,0,0,0.0,0.0,0.0,0.0,0.0,0.0,0.0
VEPH1,,N/A,N/A,N/A,0,0,0,0,0,0.0,0.0,0.0,0.0,0.0,0.0,0.0
FAM53A,,N/A,N/A,N/A,0,0,0,0,0,0.0,0.0,0.0,0.0,0.0,0.0,0.0
SERPINE2,,N/A,N/A,N/A,0,0,0,0,0,0.0,0.0,0.0,0.0,0.0,0.0,0.0
ANKDD1B,,N/A,N/A,N/A,0,0,0,0,0,0.0,0.0,0.0,0.0,0.0,0.0,0.0
FGF9,,N/A,N/A,N/A,0,0,0,0,0,0.0,0.0,0.0,0.0,0.0,0.0,0.0
LINC00342,,N/A,N/A,N/A,0,0,0,0,0,0.0,0.0,0.0,0.0,0.0,0.0,0.0
LRRC1,,N/A,N/A,N/A,0,0,0,0,0,0.0,0.0,0.0,0.0,0.0,0.0,0.0
DLAT,,N/A,N/A,N/A,0,0,0,0,0,0.0,0.0,0.0,0.0,0.0,0.0,0.0
LZTR1,,N/A,N/A,N/A,0,0,0,0,0,0.0,0.0,0.0,0.0,0.0,0.0,0.0
SYNJ1,,N/A,N/A,N/A,0,0,0,0,0,0.0,0.0,0.0,0.0,0.0,0.0,0.0
CNTROB,,N/A,N/A,N/A,0,0,0,0,0,0.0,0.0,0.0,0.0,0.0,0.0,0.0
PNPLA4,,N/A,N/A,N/A,0,0,0,0,0,0.0,0.0,0.0,0.0,0.0,0.0,0.0
ZMYM2,,N/A,N/A,N/A,0,0,0,0,0,0.0,0.0,0.0,0.0,0.0,0.0,0.0
ADAT1,,N/A,N/A,N/A,0,0,0,0,0,0.0,0.0,0.0,0.0,0.0,0.0,0.0
EHHADH,,N/A,N/A,N/A,0,0,0,0,0,0.0,0.0,0.0,0.0,0.0,0.0,0.0
MAP4K5,,N/A,N/A,N/A,0,0,0,0,0,0.0,0.0,0.0,0.0,0.0,0.0,0.0
HTATSF1,,N/A,N/A,N/A,0,0,0,0,0,0.0,0.0,0.0,0.0,0.0,0.0,0.0
MFSD12,,N/A,N/A,N/A,0,0,0,0,0,0.0,0.0,0.0,0.0,0.0,0.0,0.0
PRRC2C,,N/A,N/A,N/A,0,0,0,0,0,0.0,0.0,0.0,0.0,0.0,0.0,0.0
RBMXL1,,N/A,N/A,N/A,0,0,0,0,0,0.0,0.0,0.0,0.0,0.0,0.0,0.0
MAML1,,N/A,N/A,N/A,0,0,0,0,0,0.0,0.0,0.0,0.0,0.0,0.0,0.0
STARD3NL,,N/A,N/A,N/A,0,0,0,0,0,0.0,0.0,0.0,0.0,0.0,0.0,0.0
CPNE3,,N/A,N/A,N/A,0,0,0,0,0,0.0,0.0,0.0,0.0,0.0,0.0,0.0
DNAJB6,,N/A,N/A,N/A,0,0,0,0,0,0.0,0.0,0.0,0.0,0.0,0.0,0.0
PDE4DIP,,N/A,N/A,N/A,0,0,0,0,0,0.0,0.0,0.0,0.0,0.0,0.0,0.0
CEP164,,N/A,N/A,N/A,0,0,0,0,0,0.0,0.0,0.0,0.0,0.0,0.0,0.0
COX10,,N/A,N/A,N/A,0,0,0,0,0,0.0,0.0,0.0,0.0,0.0,0.0,0.0
CAPN1,,N/A,N/A,N/A,0,0,0,0,0,0.0,0.0,0.0,0.0,0.0,0.0,0.0
SPATA2,,N/A,N/A,N/A,0,0,0,0,0,0.0,0.0,0.0,0.0,0.0,0.0,0.0
C11orf80,,N/A,N/A,N/A,0,0,0,0,0,0.0,0.0,0.0,0.0,0.0,0.0,0.0
CSTF2T,,N/A,N/A,N/A,0,0,0,0,0,0.0,0.0,0.0,0.0,0.0,0.0,0.0
MIER1,,N/A,N/A,N/A,0,0,0,0,0,0.0,0.0,0.0,0.0,0.0,0.0,0.0
CAMLG,,N/A,N/A,N/A,0,0,0,0,0,0.0,0.0,0.0,0.0,0.0,0.0,0.0
MRPS22,,N/A,N/A,N/A,0,0,0,0,0,0.0,0.0,0.0,0.0,0.0,0.0,0.0
SLC7A6OS,,N/A,N/A,N/A,0,0,0,0,0,0.0,0.0,0.0,0.0,0.0,0.0,0.0
WSB1,,N/A,N/A,N/A,0,0,0,0,0,0.0,0.0,0.0,0.0,0.0,0.0,0.0
YWHAE,,N/A,N/A,N/A,0,0,0,0,0,0.0,0.0,0.0,0.0,0.0,0.0,0.0
C17orf97,,N/A,N/A,N/A,0,0,0,0,0,0.0,0.0,0.0,0.0,0.0,0.0,0.0
VPS13C,,N/A,N/A,N/A,0,0,0,0,0,0.0,0.0,0.0,0.0,0.0,0.0,0.0
APLF,,N/A,N/A,N/A,0,0,0,0,0,0.0,0.0,0.0,0.0,0.0,0.0,0.0
TRPS1,,N/A,N/A,N/A,0,0,0,0,0,0.0,0.0,0.0,0.0,0.0,0.0,0.0
SLC25A22,,N/A,N/A,N/A,0,0,0,0,0,0.0,0.0,0.0,0.0,0.0,0.0,0.0
PYURF,,N/A,N/A,N/A,0,0,0,0,0,0.0,0.0,0.0,0.0,0.0,0.0,0.0
NEDD9,,N/A,N/A,N/A,0,0,0,0,0,0.0,0.0,0.0,0.0,0.0,0.0,0.0
QTRT1,,N/A,N/A,N/A,0,0,0,0,0,0.0,0.0,0.0,0.0,0.0,0.0,0.0
GPN3,,N/A,N/A,N/A,0,0,0,0,0,0.0,0.0,0.0,0.0,0.0,0.0,0.0
TMEM91,,N/A,N/A,N/A,0,0,0,0,0,0.0,0.0,0.0,0.0,0.0,0.0,0.0
IFIT5,,N/A,N/A,N/A,0,0,0,0,0,0.0,0.0,0.0,0.0,0.0,0.0,0.0
RFC1,,N/A,N/A,N/A,0,0,0,0,0,0.0,0.0,0.0,0.0,0.0,0.0,0.0
SEPSECS,,N/A,N/A,N/A,0,0,0,0,0,0.0,0.0,0.0,0.0,0.0,0.0,0.0
RNF207,,N/A,N/A,N/A,0,0,0,0,0,0.0,0.0,0.0,0.0,0.0,0.0,0.0
RNF114,,N/A,N/A,N/A,0,0,0,0,0,0.0,0.0,0.0,0.0,0.0,0.0,0.0
PKN2,,N/A,N/A,N/A,0,0,0,0,0,0.0,0.0,0.0,0.0,0.0,0.0,0.0
TLE4,,N/A,N/A,N/A,0,0,0,0,0,0.0,0.0,0.0,0.0,0.0,0.0,0.0
SLC44A3,,N/A,N/A,N/A,0,0,0,0,0,0.0,0.0,0.0,0.0,0.0,0.0,0.0
KLHL21,,N/A,N/A,N/A,0,0,0,0,0,0.0,0.0,0.0,0.0,0.0,0.0,0.0
WIPI1,,N/A,N/A,N/A,0,0,0,0,0,0.0,0.0,0.0,0.0,0.0,0.0,0.0
EPPK1,,N/A,N/A,N/A,0,0,0,0,0,0.0,0.0,0.0,0.0,0.0,0.0,0.0
WDR46,,N/A,N/A,N/A,0,0,0,0,0,0.0,0.0,0.0,0.0,0.0,0.0,0.0
REC8,,N/A,N/A,N/A,0,0,0,0,0,0.0,0.0,0.0,0.0,0.0,0.0,0.0
EXTL3,,N/A,N/A,N/A,0,0,0,0,0,0.0,0.0,0.0,0.0,0.0,0.0,0.0
SAMD9L,,N/A,N/A,N/A,0,0,0,0,0,0.0,0.0,0.0,0.0,0.0,0.0,0.0
RNF187,,N/A,N/A,N/A,0,0,0,0,0,0.0,0.0,0.0,0.0,0.0,0.0,0.0
MTHFD1,,N/A,N/A,N/A,0,0,0,0,0,0.0,0.0,0.0,0.0,0.0,0.0,0.0
TMCC1,,N/A,N/A,N/A,0,0,0,0,0,0.0,0.0,0.0,0.0,0.0,0.0,0.0
ARMC9,,N/A,N/A,N/A,0,0,0,0,0,0.0,0.0,0.0,0.0,0.0,0.0,0.0
ZNF568,,N/A,N/A,N/A,0,0,0,0,0,0.0,0.0,0.0,0.0,0.0,0.0,0.0
DGUOK-AS1,,N/A,N/A,N/A,0,0,0,0,0,0.0,0.0,0.0,0.0,0.0,0.0,0.0
ZNF581,,N/A,N/A,N/A,0,0,0,0,0,0.0,0.0,0.0,0.0,0.0,0.0,0.0
CTNNAL1,,N/A,N/A,N/A,0,0,0,0,0,0.0,0.0,0.0,0.0,0.0,0.0,0.0
NDUFB11,,N/A,N/A,N/A,0,0,0,0,0,0.0,0.0,0.0,0.0,0.0,0.0,0.0
NDE1,,N/A,N/A,N/A,0,0,0,0,0,0.0,0.0,0.0,0.0,0.0,0.0,0.0
TMEM209,,N/A,N/A,N/A,0,0,0,0,0,0.0,0.0,0.0,0.0,0.0,0.0,0.0
NFATC4,,N/A,N/A,N/A,0,0,0,0,0,0.0,0.0,0.0,0.0,0.0,0.0,0.0
GOLGA4,,N/A,N/A,N/A,0,0,0,0,0,0.0,0.0,0.0,0.0,0.0,0.0,0.0
NDUFB7,,N/A,N/A,N/A,0,0,0,0,0,0.0,0.0,0.0,0.0,0.0,0.0,0.0
PLA2G12A,,N/A,N/A,N/A,0,0,0,0,0,0.0,0.0,0.0,0.0,0.0,0.0,0.0
ALYREF,,N/A,N/A,N/A,0,0,0,0,0,0.0,0.0,0.0,0.0,0.0,0.0,0.0
UBE3B,,N/A,N/A,N/A,0,0,0,0,0,0.0,0.0,0.0,0.0,0.0,0.0,0.0
IPO11,,N/A,N/A,N/A,0,0,0,0,0,0.0,0.0,0.0,0.0,0.0,0.0,0.0
KIF5C,,N/A,N/A,N/A,0,0,0,0,0,0.0,0.0,0.0,0.0,0.0,0.0,0.0
CAPZB,,N/A,N/A,N/A,0,0,0,0,0,0.0,0.0,0.0,0.0,0.0,0.0,0.0
ZRSR2,,N/A,N/A,N/A,0,0,0,0,0,0.0,0.0,0.0,0.0,0.0,0.0,0.0
AEN,,N/A,N/A,N/A,0,0,0,0,0,0.0,0.0,0.0,0.0,0.0,0.0,0.0
ARL4A,,N/A,N/A,N/A,0,0,0,0,0,0.0,0.0,0.0,0.0,0.0,0.0,0.0
ZNF318,,N/A,N/A,N/A,0,0,0,0,0,0.0,0.0,0.0,0.0,0.0,0.0,0.0
EIF4ENIF1,,N/A,N/A,N/A,0,0,0,0,0,0.0,0.0,0.0,0.0,0.0,0.0,0.0
DTNA,,N/A,N/A,N/A,0,0,0,0,0,0.0,0.0,0.0,0.0,0.0,0.0,0.0
ARHGAP35,,N/A,N/A,N/A,0,0,0,0,0,0.0,0.0,0.0,0.0,0.0,0.0,0.0
TRAM2,,N/A,N/A,N/A,0,0,0,0,0,0.0,0.0,0.0,0.0,0.0,0.0,0.0
ECI1,,N/A,N/A,N/A,0,0,0,0,0,0.0,0.0,0.0,0.0,0.0,0.0,0.0
ZNF335,,N/A,N/A,N/A,0,0,0,0,0,0.0,0.0,0.0,0.0,0.0,0.0,0.0
PLEKHJ1,,N/A,N/A,N/A,0,0,0,0,0,0.0,0.0,0.0,0.0,0.0,0.0,0.0
MKRN1,,N/A,N/A,N/A,0,0,0,0,0,0.0,0.0,0.0,0.0,0.0,0.0,0.0
MYADM,,N/A,N/A,N/A,0,0,0,0,0,0.0,0.0,0.0,0.0,0.0,0.0,0.0
NOTCH2,,N/A,N/A,N/A,0,0,0,0,0,0.0,0.0,0.0,0.0,0.0,0.0,0.0
UTP23,,N/A,N/A,N/A,0,0,0,0,0,0.0,0.0,0.0,0.0,0.0,0.0,0.0
DAGLA,,N/A,N/A,N/A,0,0,0,0,0,0.0,0.0,0.0,0.0,0.0,0.0,0.0
ST6GALNAC5,,N/A,N/A,N/A,0,0,0,0,0,0.0,0.0,0.0,0.0,0.0,0.0,0.0
ZNF251,,N/A,N/A,N/A,0,0,0,0,0,0.0,0.0,0.0,0.0,0.0,0.0,0.0
CNTNAP1,,N/A,N/A,N/A,0,0,0,0,0,0.0,0.0,0.0,0.0,0.0,0.0,0.0
MED12,,N/A,N/A,N/A,0,0,0,0,0,0.0,0.0,0.0,0.0,0.0,0.0,0.0
WDR18,,N/A,N/A,N/A,0,0,0,0,0,0.0,0.0,0.0,0.0,0.0,0.0,0.0
LSM5,,N/A,N/A,N/A,0,0,0,0,0,0.0,0.0,0.0,0.0,0.0,0.0,0.0
URI1,,N/A,N/A,N/A,0,0,0,0,0,0.0,0.0,0.0,0.0,0.0,0.0,0.0
LINC00667,,N/A,N/A,N/A,0,0,0,0,0,0.0,0.0,0.0,0.0,0.0,0.0,0.0
SFMBT2,,N/A,N/A,N/A,0,0,0,0,0,0.0,0.0,0.0,0.0,0.0,0.0,0.0
PAM16,,N/A,N/A,N/A,0,0,0,0,0,0.0,0.0,0.0,0.0,0.0,0.0,0.0
ZNF367,,N/A,N/A,N/A,0,0,0,0,0,0.0,0.0,0.0,0.0,0.0,0.0,0.0
SMAD7,,N/A,N/A,N/A,0,0,0,0,0,0.0,0.0,0.0,0.0,0.0,0.0,0.0
HNRNPC,,N/A,N/A,N/A,0,0,0,0,0,0.0,0.0,0.0,0.0,0.0,0.0,0.0
SERGEF,,N/A,N/A,N/A,0,0,0,0,0,0.0,0.0,0.0,0.0,0.0,0.0,0.0
RRP8,,N/A,N/A,N/A,0,0,0,0,0,0.0,0.0,0.0,0.0,0.0,0.0,0.0
TPCN1,,N/A,N/A,N/A,0,0,0,0,0,0.0,0.0,0.0,0.0,0.0,0.0,0.0
FZD1,,N/A,N/A,N/A,0,0,0,0,0,0.0,0.0,0.0,0.0,0.0,0.0,0.0
UQCC2,,N/A,N/A,N/A,0,0,0,0,0,0.0,0.0,0.0,0.0,0.0,0.0,0.0
TMCC2,,N/A,N/A,N/A,0,0,0,0,0,0.0,0.0,0.0,0.0,0.0,0.0,0.0
HSD17B11,,N/A,N/A,N/A,0,0,0,0,0,0.0,0.0,0.0,0.0,0.0,0.0,0.0
ZNF692,,N/A,N/A,N/A,0,0,0,0,0,0.0,0.0,0.0,0.0,0.0,0.0,0.0
CNTRL,,N/A,N/A,N/A,0,0,0,0,0,0.0,0.0,0.0,0.0,0.0,0.0,0.0
SRSF11,,N/A,N/A,N/A,0,0,0,0,0,0.0,0.0,0.0,0.0,0.0,0.0,0.0
FAM98A,,N/A,N/A,N/A,0,0,0,0,0,0.0,0.0,0.0,0.0,0.0,0.0,0.0
TMED7,,N/A,N/A,N/A,0,0,0,0,0,0.0,0.0,0.0,0.0,0.0,0.0,0.0
SMYD4,,N/A,N/A,N/A,0,0,0,0,0,0.0,0.0,0.0,0.0,0.0,0.0,0.0
HNRNPH2,,N/A,N/A,N/A,0,0,0,0,0,0.0,0.0,0.0,0.0,0.0,0.0,0.0
NOC2L,,N/A,N/A,N/A,0,0,0,0,0,0.0,0.0,0.0,0.0,0.0,0.0,0.0
ABCF1,,N/A,N/A,N/A,0,0,0,0,0,0.0,0.0,0.0,0.0,0.0,0.0,0.0
LASP1,,N/A,N/A,N/A,0,0,0,0,0,0.0,0.0,0.0,0.0,0.0,0.0,0.0
CENPI,,N/A,N/A,N/A,0,0,0,0,0,0.0,0.0,0.0,0.0,0.0,0.0,0.0
TMEM238,,N/A,N/A,N/A,0,0,0,0,0,0.0,0.0,0.0,0.0,0.0,0.0,0.0
HDHD2,,N/A,N/A,N/A,0,0,0,0,0,0.0,0.0,0.0,0.0,0.0,0.0,0.0
LDLRAD4,,N/A,N/A,N/A,0,0,0,0,0,0.0,0.0,0.0,0.0,0.0,0.0,0.0
PTPN12,,N/A,N/A,N/A,0,0,0,0,0,0.0,0.0,0.0,0.0,0.0,0.0,0.0
WAC-AS1,,N/A,N/A,N/A,0,0,0,0,0,0.0,0.0,0.0,0.0,0.0,0.0,0.0
DLEU1,,N/A,N/A,N/A,0,0,0,0,0,0.0,0.0,0.0,0.0,0.0,0.0,0.0
FAM76A,,N/A,N/A,N/A,0,0,0,0,0,0.0,0.0,0.0,0.0,0.0,0.0,0.0
IRX3,,N/A,N/A,N/A,0,0,0,0,0,0.0,0.0,0.0,0.0,0.0,0.0,0.0
SS18L1,,N/A,N/A,N/A,0,0,0,0,0,0.0,0.0,0.0,0.0,0.0,0.0,0.0
MYL12A,,N/A,N/A,N/A,0,0,0,0,0,0.0,0.0,0.0,0.0,0.0,0.0,0.0
WWP2,,N/A,N/A,N/A,0,0,0,0,0,0.0,0.0,0.0,0.0,0.0,0.0,0.0
HERC6,,N/A,N/A,N/A,0,0,0,0,0,0.0,0.0,0.0,0.0,0.0,0.0,0.0
CLYBL,,N/A,N/A,N/A,0,0,0,0,0,0.0,0.0,0.0,0.0,0.0,0.0,0.0
NEIL1,,N/A,N/A,N/A,0,0,0,0,0,0.0,0.0,0.0,0.0,0.0,0.0,0.0
AGRN,,N/A,N/A,N/A,0,0,0,0,0,0.0,0.0,0.0,0.0,0.0,0.0,0.0
RRP7A,,N/A,N/A,N/A,0,0,0,0,0,0.0,0.0,0.0,0.0,0.0,0.0,0.0
SH2D4A,,N/A,N/A,N/A,0,0,0,0,0,0.0,0.0,0.0,0.0,0.0,0.0,0.0
DYRK4,,N/A,N/A,N/A,0,0,0,0,0,0.0,0.0,0.0,0.0,0.0,0.0,0.0
DCUN1D1,,N/A,N/A,N/A,0,0,0,0,0,0.0,0.0,0.0,0.0,0.0,0.0,0.0
SGMS1,,N/A,N/A,N/A,0,0,0,0,0,0.0,0.0,0.0,0.0,0.0,0.0,0.0
FCF1,,N/A,N/A,N/A,0,0,0,0,0,0.0,0.0,0.0,0.0,0.0,0.0,0.0
SIAH1,,N/A,N/A,N/A,0,0,0,0,0,0.0,0.0,0.0,0.0,0.0,0.0,0.0
ASCC1,,N/A,N/A,N/A,0,0,0,0,0,0.0,0.0,0.0,0.0,0.0,0.0,0.0
RGL1,,N/A,N/A,N/A,0,0,0,0,0,0.0,0.0,0.0,0.0,0.0,0.0,0.0
SH3BGRL3,,N/A,N/A,N/A,0,0,0,0,0,0.0,0.0,0.0,0.0,0.0,0.0,0.0
LACTB,,N/A,N/A,N/A,0,0,0,0,0,0.0,0.0,0.0,0.0,0.0,0.0,0.0
MYNN,,N/A,N/A,N/A,0,0,0,0,0,0.0,0.0,0.0,0.0,0.0,0.0,0.0
UBAP1,,N/A,N/A,N/A,0,0,0,0,0,0.0,0.0,0.0,0.0,0.0,0.0,0.0
TMEM169,,N/A,N/A,N/A,0,0,0,0,0,0.0,0.0,0.0,0.0,0.0,0.0,0.0
PRKRIP1,,N/A,N/A,N/A,0,0,0,0,0,0.0,0.0,0.0,0.0,0.0,0.0,0.0
EIF3E,,N/A,N/A,N/A,0,0,0,0,0,0.0,0.0,0.0,0.0,0.0,0.0,0.0
SNW1,,N/A,N/A,N/A,0,0,0,0,0,0.0,0.0,0.0,0.0,0.0,0.0,0.0
MSR1,,N/A,N/A,N/A,0,0,0,0,0,0.0,0.0,0.0,0.0,0.0,0.0,0.0
LRRFIP1,,N/A,N/A,N/A,0,0,0,0,0,0.0,0.0,0.0,0.0,0.0,0.0,0.0
RAB15,,N/A,N/A,N/A,0,0,0,0,0,0.0,0.0,0.0,0.0,0.0,0.0,0.0
RGS12,,N/A,N/A,N/A,0,0,0,0,0,0.0,0.0,0.0,0.0,0.0,0.0,0.0
HAGHL,,N/A,N/A,N/A,0,0,0,0,0,0.0,0.0,0.0,0.0,0.0,0.0,0.0
UTP18,,N/A,N/A,N/A,0,0,0,0,0,0.0,0.0,0.0,0.0,0.0,0.0,0.0
DDIT4,,N/A,N/A,N/A,0,0,0,0,0,0.0,0.0,0.0,0.0,0.0,0.0,0.0
DHX35,,N/A,N/A,N/A,0,0,0,0,0,0.0,0.0,0.0,0.0,0.0,0.0,0.0
ZCCHC3,,N/A,N/A,N/A,0,0,0,0,0,0.0,0.0,0.0,0.0,0.0,0.0,0.0
ZNF793,,N/A,N/A,N/A,0,0,0,0,0,0.0,0.0,0.0,0.0,0.0,0.0,0.0
HEG1,,N/A,N/A,N/A,0,0,0,0,0,0.0,0.0,0.0,0.0,0.0,0.0,0.0
AFTPH,,N/A,N/A,N/A,0,0,0,0,0,0.0,0.0,0.0,0.0,0.0,0.0,0.0
OSGEPL1,,N/A,N/A,N/A,0,0,0,0,0,0.0,0.0,0.0,0.0,0.0,0.0,0.0
CHMP7,,N/A,N/A,N/A,0,0,0,0,0,0.0,0.0,0.0,0.0,0.0,0.0,0.0
ZDHHC7,,N/A,N/A,N/A,0,0,0,0,0,0.0,0.0,0.0,0.0,0.0,0.0,0.0
ANTXR2,,N/A,N/A,N/A,0,0,0,0,0,0.0,0.0,0.0,0.0,0.0,0.0,0.0
POLR2H,,N/A,N/A,N/A,0,0,0,0,0,0.0,0.0,0.0,0.0,0.0,0.0,0.0
ZNF718,,N/A,N/A,N/A,0,0,0,0,0,0.0,0.0,0.0,0.0,0.0,0.0,0.0
FPGT,,N/A,N/A,N/A,0,0,0,0,0,0.0,0.0,0.0,0.0,0.0,0.0,0.0
FEZ1,,N/A,N/A,N/A,0,0,0,0,0,0.0,0.0,0.0,0.0,0.0,0.0,0.0
TNPO2,,N/A,N/A,N/A,0,0,0,0,0,0.0,0.0,0.0,0.0,0.0,0.0,0.0
LARP1B,,N/A,N/A,N/A,0,0,0,0,0,0.0,0.0,0.0,0.0,0.0,0.0,0.0
SYNJ2BP,,N/A,N/A,N/A,0,0,0,0,0,0.0,0.0,0.0,0.0,0.0,0.0,0.0
AMOT,,N/A,N/A,N/A,0,0,0,0,0,0.0,0.0,0.0,0.0,0.0,0.0,0.0
RRAGB,,N/A,N/A,N/A,0,0,0,0,0,0.0,0.0,0.0,0.0,0.0,0.0,0.0
ZNF746,,N/A,N/A,N/A,0,0,0,0,0,0.0,0.0,0.0,0.0,0.0,0.0,0.0
ZNF667-AS1,,N/A,N/A,N/A,0,0,0,0,0,0.0,0.0,0.0,0.0,0.0,0.0,0.0
USP9Y,,N/A,N/A,N/A,0,0,0,0,0,0.0,0.0,0.0,0.0,0.0,0.0,0.0
SRP14,,N/A,N/A,N/A,0,0,0,0,0,0.0,0.0,0.0,0.0,0.0,0.0,0.0
LINC00863,,N/A,N/A,N/A,0,0,0,0,0,0.0,0.0,0.0,0.0,0.0,0.0,0.0
CDKN2B-AS1,,N/A,N/A,N/A,0,0,0,0,0,0.0,0.0,0.0,0.0,0.0,0.0,0.0
UQCRH,,N/A,N/A,N/A,0,0,0,0,0,0.0,0.0,0.0,0.0,0.0,0.0,0.0
ARAP2,,N/A,N/A,N/A,0,0,0,0,0,0.0,0.0,0.0,0.0,0.0,0.0,0.0
CSNK1G2,,N/A,N/A,N/A,0,0,0,0,0,0.0,0.0,0.0,0.0,0.0,0.0,0.0
RRAS2,,N/A,N/A,N/A,0,0,0,0,0,0.0,0.0,0.0,0.0,0.0,0.0,0.0
PGBD1,,N/A,N/A,N/A,0,0,0,0,0,0.0,0.0,0.0,0.0,0.0,0.0,0.0
C12orf29,,N/A,N/A,N/A,0,0,0,0,0,0.0,0.0,0.0,0.0,0.0,0.0,0.0
COL24A1,,N/A,N/A,N/A,0,0,0,0,0,0.0,0.0,0.0,0.0,0.0,0.0,0.0
ANXA11,,N/A,N/A,N/A,0,0,0,0,0,0.0,0.0,0.0,0.0,0.0,0.0,0.0
LONRF1,,N/A,N/A,N/A,0,0,0,0,0,0.0,0.0,0.0,0.0,0.0,0.0,0.0
RINL,,N/A,N/A,N/A,0,0,0,0,0,0.0,0.0,0.0,0.0,0.0,0.0,0.0
VTA1,,N/A,N/A,N/A,0,0,0,0,0,0.0,0.0,0.0,0.0,0.0,0.0,0.0
ANAPC1,,N/A,N/A,N/A,0,0,0,0,0,0.0,0.0,0.0,0.0,0.0,0.0,0.0
CXorf38,,N/A,N/A,N/A,0,0,0,0,0,0.0,0.0,0.0,0.0,0.0,0.0,0.0
IFNGR2,,N/A,N/A,N/A,0,0,0,0,0,0.0,0.0,0.0,0.0,0.0,0.0,0.0
MED21,,N/A,N/A,N/A,0,0,0,0,0,0.0,0.0,0.0,0.0,0.0,0.0,0.0
PRADC1,,N/A,N/A,N/A,0,0,0,0,0,0.0,0.0,0.0,0.0,0.0,0.0,0.0
JMY,,N/A,N/A,N/A,0,0,0,0,0,0.0,0.0,0.0,0.0,0.0,0.0,0.0
LIMD2,,N/A,N/A,N/A,0,0,0,0,0,0.0,0.0,0.0,0.0,0.0,0.0,0.0
LY96,,N/A,N/A,N/A,0,0,0,0,0,0.0,0.0,0.0,0.0,0.0,0.0,0.0
PAN2,,N/A,N/A,N/A,0,0,0,0,0,0.0,0.0,0.0,0.0,0.0,0.0,0.0
SRSF9,,N/A,N/A,N/A,0,0,0,0,0,0.0,0.0,0.0,0.0,0.0,0.0,0.0
SLC41A3,,N/A,N/A,N/A,0,0,0,0,0,0.0,0.0,0.0,0.0,0.0,0.0,0.0
SDSL,,N/A,N/A,N/A,0,0,0,0,0,0.0,0.0,0.0,0.0,0.0,0.0,0.0
ARHGEF12,,N/A,N/A,N/A,0,0,0,0,0,0.0,0.0,0.0,0.0,0.0,0.0,0.0
RPUSD4,,N/A,N/A,N/A,0,0,0,0,0,0.0,0.0,0.0,0.0,0.0,0.0,0.0
CCNK,,N/A,N/A,N/A,0,0,0,0,0,0.0,0.0,0.0,0.0,0.0,0.0,0.0
MGAT1,,N/A,N/A,N/A,0,0,0,0,0,0.0,0.0,0.0,0.0,0.0,0.0,0.0
MRPL32,,N/A,N/A,N/A,0,0,0,0,0,0.0,0.0,0.0,0.0,0.0,0.0,0.0
ACOT11,,N/A,N/A,N/A,0,0,0,0,0,0.0,0.0,0.0,0.0,0.0,0.0,0.0
CCNH,,N/A,N/A,N/A,0,0,0,0,0,0.0,0.0,0.0,0.0,0.0,0.0,0.0
CPSF2,,N/A,N/A,N/A,0,0,0,0,0,0.0,0.0,0.0,0.0,0.0,0.0,0.0
SGCB,,N/A,N/A,N/A,0,0,0,0,0,0.0,0.0,0.0,0.0,0.0,0.0,0.0
NUP155,,N/A,N/A,N/A,0,0,0,0,0,0.0,0.0,0.0,0.0,0.0,0.0,0.0
IFT20,,N/A,N/A,N/A,0,0,0,0,0,0.0,0.0,0.0,0.0,0.0,0.0,0.0
HSPG2,,N/A,N/A,N/A,0,0,0,0,0,0.0,0.0,0.0,0.0,0.0,0.0,0.0
IMPG2,,N/A,N/A,N/A,0,0,0,0,0,0.0,0.0,0.0,0.0,0.0,0.0,0.0
ITPRIP,,N/A,N/A,N/A,0,0,0,0,0,0.0,0.0,0.0,0.0,0.0,0.0,0.0
LRP5L,,N/A,N/A,N/A,0,0,0,0,0,0.0,0.0,0.0,0.0,0.0,0.0,0.0
NSFL1C,,N/A,N/A,N/A,0,0,0,0,0,0.0,0.0,0.0,0.0,0.0,0.0,0.0
C8orf33,,N/A,N/A,N/A,0,0,0,0,0,0.0,0.0,0.0,0.0,0.0,0.0,0.0
POLR3H,,N/A,N/A,N/A,0,0,0,0,0,0.0,0.0,0.0,0.0,0.0,0.0,0.0
DHRS1,,N/A,N/A,N/A,0,0,0,0,0,0.0,0.0,0.0,0.0,0.0,0.0,0.0
KLHL18,,N/A,N/A,N/A,0,0,0,0,0,0.0,0.0,0.0,0.0,0.0,0.0,0.0
MRFAP1,,N/A,N/A,N/A,0,0,0,0,0,0.0,0.0,0.0,0.0,0.0,0.0,0.0
RAP2C,,N/A,N/A,N/A,0,0,0,0,0,0.0,0.0,0.0,0.0,0.0,0.0,0.0
SORBS2,,N/A,N/A,N/A,0,0,0,0,0,0.0,0.0,0.0,0.0,0.0,0.0,0.0
NELL2,,N/A,N/A,N/A,0,0,0,0,0,0.0,0.0,0.0,0.0,0.0,0.0,0.0
SLC25A11,,N/A,N/A,N/A,0,0,0,0,0,0.0,0.0,0.0,0.0,0.0,0.0,0.0
SUPT5H,,N/A,N/A,N/A,0,0,0,0,0,0.0,0.0,0.0,0.0,0.0,0.0,0.0
IFITM10,,N/A,N/A,N/A,0,0,0,0,0,0.0,0.0,0.0,0.0,0.0,0.0,0.0
ATXN10,,N/A,N/A,N/A,0,0,0,0,0,0.0,0.0,0.0,0.0,0.0,0.0,0.0
KSR1,,N/A,N/A,N/A,0,0,0,0,0,0.0,0.0,0.0,0.0,0.0,0.0,0.0
DPYSL2,,N/A,N/A,N/A,0,0,0,0,0,0.0,0.0,0.0,0.0,0.0,0.0,0.0
EHMT1,,N/A,N/A,N/A,0,0,0,0,0,0.0,0.0,0.0,0.0,0.0,0.0,0.0
GALNT10,,N/A,N/A,N/A,0,0,0,0,0,0.0,0.0,0.0,0.0,0.0,0.0,0.0
LANCL2,,N/A,N/A,N/A,0,0,0,0,0,0.0,0.0,0.0,0.0,0.0,0.0,0.0
CDR2,,N/A,N/A,N/A,0,0,0,0,0,0.0,0.0,0.0,0.0,0.0,0.0,0.0
TTC19,,N/A,N/A,N/A,0,0,0,0,0,0.0,0.0,0.0,0.0,0.0,0.0,0.0
PIP5K1B,,N/A,N/A,N/A,0,0,0,0,0,0.0,0.0,0.0,0.0,0.0,0.0,0.0
ZNF420,,N/A,N/A,N/A,0,0,0,0,0,0.0,0.0,0.0,0.0,0.0,0.0,0.0
CDCA8,,N/A,N/A,N/A,0,0,0,0,0,0.0,0.0,0.0,0.0,0.0,0.0,0.0
TOPBP1,,N/A,N/A,N/A,0,0,0,0,0,0.0,0.0,0.0,0.0,0.0,0.0,0.0
CLK4,,N/A,N/A,N/A,0,0,0,0,0,0.0,0.0,0.0,0.0,0.0,0.0,0.0
PABPC4,,N/A,N/A,N/A,0,0,0,0,0,0.0,0.0,0.0,0.0,0.0,0.0,0.0
CYB5R1,,N/A,N/A,N/A,0,0,0,0,0,0.0,0.0,0.0,0.0,0.0,0.0,0.0
CCDC78,,N/A,N/A,N/A,0,0,0,0,0,0.0,0.0,0.0,0.0,0.0,0.0,0.0
CHD1,,N/A,N/A,N/A,0,0,0,0,0,0.0,0.0,0.0,0.0,0.0,0.0,0.0
NADSYN1,,N/A,N/A,N/A,0,0,0,0,0,0.0,0.0,0.0,0.0,0.0,0.0,0.0
AKIRIN2,,N/A,N/A,N/A,0,0,0,0,0,0.0,0.0,0.0,0.0,0.0,0.0,0.0
CWC27,,N/A,N/A,N/A,0,0,0,0,0,0.0,0.0,0.0,0.0,0.0,0.0,0.0
TOR3A,,N/A,N/A,N/A,0,0,0,0,0,0.0,0.0,0.0,0.0,0.0,0.0,0.0
DALRD3,,N/A,N/A,N/A,0,0,0,0,0,0.0,0.0,0.0,0.0,0.0,0.0,0.0
SFMBT1,,N/A,N/A,N/A,0,0,0,0,0,0.0,0.0,0.0,0.0,0.0,0.0,0.0
BCL9L,,N/A,N/A,N/A,0,0,0,0,0,0.0,0.0,0.0,0.0,0.0,0.0,0.0
ARF4,,N/A,N/A,N/A,0,0,0,0,0,0.0,0.0,0.0,0.0,0.0,0.0,0.0
EPM2A,,N/A,N/A,N/A,0,0,0,0,0,0.0,0.0,0.0,0.0,0.0,0.0,0.0
ANKRD16,,N/A,N/A,N/A,0,0,0,0,0,0.0,0.0,0.0,0.0,0.0,0.0,0.0
FAM120A,,N/A,N/A,N/A,0,0,0,0,0,0.0,0.0,0.0,0.0,0.0,0.0,0.0
FAM229B,,N/A,N/A,N/A,0,0,0,0,0,0.0,0.0,0.0,0.0,0.0,0.0,0.0
NUTM2A-AS1,,N/A,N/A,N/A,0,0,0,0,0,0.0,0.0,0.0,0.0,0.0,0.0,0.0
EIF2B3,,N/A,N/A,N/A,0,0,0,0,0,0.0,0.0,0.0,0.0,0.0,0.0,0.0
HS2ST1,,N/A,N/A,N/A,0,0,0,0,0,0.0,0.0,0.0,0.0,0.0,0.0,0.0
S100PBP,,N/A,N/A,N/A,0,0,0,0,0,0.0,0.0,0.0,0.0,0.0,0.0,0.0
TMEM102,,N/A,N/A,N/A,0,0,0,0,0,0.0,0.0,0.0,0.0,0.0,0.0,0.0
EBLN2,,N/A,N/A,N/A,0,0,0,0,0,0.0,0.0,0.0,0.0,0.0,0.0,0.0
IDH3B,,N/A,N/A,N/A,0,0,0,0,0,0.0,0.0,0.0,0.0,0.0,0.0,0.0
ZNF461,,N/A,N/A,N/A,0,0,0,0,0,0.0,0.0,0.0,0.0,0.0,0.0,0.0
PDXDC1,,N/A,N/A,N/A,0,0,0,0,0,0.0,0.0,0.0,0.0,0.0,0.0,0.0
SNX29,,N/A,N/A,N/A,0,0,0,0,0,0.0,0.0,0.0,0.0,0.0,0.0,0.0
MB21D2,,N/A,N/A,N/A,0,0,0,0,0,0.0,0.0,0.0,0.0,0.0,0.0,0.0
AFAP1,,N/A,N/A,N/A,0,0,0,0,0,0.0,0.0,0.0,0.0,0.0,0.0,0.0
CAMKK2,,N/A,N/A,N/A,0,0,0,0,0,0.0,0.0,0.0,0.0,0.0,0.0,0.0
MINPP1,,N/A,N/A,N/A,0,0,0,0,0,0.0,0.0,0.0,0.0,0.0,0.0,0.0
ZNF512,,N/A,N/A,N/A,0,0,0,0,0,0.0,0.0,0.0,0.0,0.0,0.0,0.0
ZNF10,,N/A,N/A,N/A,0,0,0,0,0,0.0,0.0,0.0,0.0,0.0,0.0,0.0
BLOC1S4,,N/A,N/A,N/A,0,0,0,0,0,0.0,0.0,0.0,0.0,0.0,0.0,0.0
ZBED4,,N/A,N/A,N/A,0,0,0,0,0,0.0,0.0,0.0,0.0,0.0,0.0,0.0
EPHB6,,N/A,N/A,N/A,0,0,0,0,0,0.0,0.0,0.0,0.0,0.0,0.0,0.0
TMEM30A,,N/A,N/A,N/A,0,0,0,0,0,0.0,0.0,0.0,0.0,0.0,0.0,0.0
PEX11B,,N/A,N/A,N/A,0,0,0,0,0,0.0,0.0,0.0,0.0,0.0,0.0,0.0
AVPI1,,N/A,N/A,N/A,0,0,0,0,0,0.0,0.0,0.0,0.0,0.0,0.0,0.0
BRPF3,,N/A,N/A,N/A,0,0,0,0,0,0.0,0.0,0.0,0.0,0.0,0.0,0.0
JMJD4,,N/A,N/A,N/A,0,0,0,0,0,0.0,0.0,0.0,0.0,0.0,0.0,0.0
DCP1B,,N/A,N/A,N/A,0,0,0,0,0,0.0,0.0,0.0,0.0,0.0,0.0,0.0
ZNF550,,N/A,N/A,N/A,0,0,0,0,0,0.0,0.0,0.0,0.0,0.0,0.0,0.0
SLC25A53,,N/A,N/A,N/A,0,0,0,0,0,0.0,0.0,0.0,0.0,0.0,0.0,0.0
COL8A1,,N/A,N/A,N/A,0,0,0,0,0,0.0,0.0,0.0,0.0,0.0,0.0,0.0
BICD1,,N/A,N/A,N/A,0,0,0,0,0,0.0,0.0,0.0,0.0,0.0,0.0,0.0
GALNT3,,N/A,N/A,N/A,0,0,0,0,0,0.0,0.0,0.0,0.0,0.0,0.0,0.0
TRMT10C,,N/A,N/A,N/A,0,0,0,0,0,0.0,0.0,0.0,0.0,0.0,0.0,0.0
ZMAT5,,N/A,N/A,N/A,0,0,0,0,0,0.0,0.0,0.0,0.0,0.0,0.0,0.0
SFXN5,,N/A,N/A,N/A,0,0,0,0,0,0.0,0.0,0.0,0.0,0.0,0.0,0.0
MAPK8IP2,,N/A,N/A,N/A,0,0,0,0,0,0.0,0.0,0.0,0.0,0.0,0.0,0.0
HINT3,,N/A,N/A,N/A,0,0,0,0,0,0.0,0.0,0.0,0.0,0.0,0.0,0.0
SDCBP2-AS1,,N/A,N/A,N/A,0,0,0,0,0,0.0,0.0,0.0,0.0,0.0,0.0,0.0
MAU2,,N/A,N/A,N/A,0,0,0,0,0,0.0,0.0,0.0,0.0,0.0,0.0,0.0
FAM210A,,N/A,N/A,N/A,0,0,0,0,0,0.0,0.0,0.0,0.0,0.0,0.0,0.0
CKAP2,,N/A,N/A,N/A,0,0,0,0,0,0.0,0.0,0.0,0.0,0.0,0.0,0.0
GLCCI1,,N/A,N/A,N/A,0,0,0,0,0,0.0,0.0,0.0,0.0,0.0,0.0,0.0
APH1B,,N/A,N/A,N/A,0,0,0,0,0,0.0,0.0,0.0,0.0,0.0,0.0,0.0
PHF2,,N/A,N/A,N/A,0,0,0,0,0,0.0,0.0,0.0,0.0,0.0,0.0,0.0
ALDH1B1,,N/A,N/A,N/A,0,0,0,0,0,0.0,0.0,0.0,0.0,0.0,0.0,0.0
EXOSC4,,N/A,N/A,N/A,0,0,0,0,0,0.0,0.0,0.0,0.0,0.0,0.0,0.0
C21orf62,,N/A,N/A,N/A,0,0,0,0,0,0.0,0.0,0.0,0.0,0.0,0.0,0.0
ANXA4,,N/A,N/A,N/A,0,0,0,0,0,0.0,0.0,0.0,0.0,0.0,0.0,0.0
ANAPC2,,N/A,N/A,N/A,0,0,0,0,0,0.0,0.0,0.0,0.0,0.0,0.0,0.0
GSDMB,,N/A,N/A,N/A,0,0,0,0,0,0.0,0.0,0.0,0.0,0.0,0.0,0.0
WDR45B,,N/A,N/A,N/A,0,0,0,0,0,0.0,0.0,0.0,0.0,0.0,0.0,0.0
MPDU1,,N/A,N/A,N/A,0,0,0,0,0,0.0,0.0,0.0,0.0,0.0,0.0,0.0
STARD3,,N/A,N/A,N/A,0,0,0,0,0,0.0,0.0,0.0,0.0,0.0,0.0,0.0
RPUSD3,,N/A,N/A,N/A,0,0,0,0,0,0.0,0.0,0.0,0.0,0.0,0.0,0.0
NCAPD2,,N/A,N/A,N/A,0,0,0,0,0,0.0,0.0,0.0,0.0,0.0,0.0,0.0
NUMA1,,N/A,N/A,N/A,0,0,0,0,0,0.0,0.0,0.0,0.0,0.0,0.0,0.0
PSMB6,,N/A,N/A,N/A,0,0,0,0,0,0.0,0.0,0.0,0.0,0.0,0.0,0.0
MRPL44,,N/A,N/A,N/A,0,0,0,0,0,0.0,0.0,0.0,0.0,0.0,0.0,0.0
PPIL2,,N/A,N/A,N/A,0,0,0,0,0,0.0,0.0,0.0,0.0,0.0,0.0,0.0
BAG5,,N/A,N/A,N/A,0,0,0,0,0,0.0,0.0,0.0,0.0,0.0,0.0,0.0
ZNF548,,N/A,N/A,N/A,0,0,0,0,0,0.0,0.0,0.0,0.0,0.0,0.0,0.0
TAF13,,N/A,N/A,N/A,0,0,0,0,0,0.0,0.0,0.0,0.0,0.0,0.0,0.0
WBP4,,N/A,N/A,N/A,0,0,0,0,0,0.0,0.0,0.0,0.0,0.0,0.0,0.0
DUSP3,,N/A,N/A,N/A,0,0,0,0,0,0.0,0.0,0.0,0.0,0.0,0.0,0.0
ZNF544,,N/A,N/A,N/A,0,0,0,0,0,0.0,0.0,0.0,0.0,0.0,0.0,0.0
KIF4A,,N/A,N/A,N/A,0,0,0,0,0,0.0,0.0,0.0,0.0,0.0,0.0,0.0
FDX1,,N/A,N/A,N/A,0,0,0,0,0,0.0,0.0,0.0,0.0,0.0,0.0,0.0
PHLPP2,,N/A,N/A,N/A,0,0,0,0,0,0.0,0.0,0.0,0.0,0.0,0.0,0.0
LRRFIP2,,N/A,N/A,N/A,0,0,0,0,0,0.0,0.0,0.0,0.0,0.0,0.0,0.0
SLC4A3,,N/A,N/A,N/A,0,0,0,0,0,0.0,0.0,0.0,0.0,0.0,0.0,0.0
HUWE1,,N/A,N/A,N/A,0,0,0,0,0,0.0,0.0,0.0,0.0,0.0,0.0,0.0
ANKRD26,,N/A,N/A,N/A,0,0,0,0,0,0.0,0.0,0.0,0.0,0.0,0.0,0.0
GRAMD1B,,N/A,N/A,N/A,0,0,0,0,0,0.0,0.0,0.0,0.0,0.0,0.0,0.0
SNX5,,N/A,N/A,N/A,0,0,0,0,0,0.0,0.0,0.0,0.0,0.0,0.0,0.0
RBM33,,N/A,N/A,N/A,0,0,0,0,0,0.0,0.0,0.0,0.0,0.0,0.0,0.0
PDCL,,N/A,N/A,N/A,0,0,0,0,0,0.0,0.0,0.0,0.0,0.0,0.0,0.0
EDC4,,N/A,N/A,N/A,0,0,0,0,0,0.0,0.0,0.0,0.0,0.0,0.0,0.0
TMEM230,,N/A,N/A,N/A,0,0,0,0,0,0.0,0.0,0.0,0.0,0.0,0.0,0.0
ANO7,,N/A,N/A,N/A,0,0,0,0,0,0.0,0.0,0.0,0.0,0.0,0.0,0.0
MYO1D,,N/A,N/A,N/A,0,0,0,0,0,0.0,0.0,0.0,0.0,0.0,0.0,0.0
RAVER2,,N/A,N/A,N/A,0,0,0,0,0,0.0,0.0,0.0,0.0,0.0,0.0,0.0
EIF4E2,,N/A,N/A,N/A,0,0,0,0,0,0.0,0.0,0.0,0.0,0.0,0.0,0.0
RAB22A,,N/A,N/A,N/A,0,0,0,0,0,0.0,0.0,0.0,0.0,0.0,0.0,0.0
CORO2A,,N/A,N/A,N/A,0,0,0,0,0,0.0,0.0,0.0,0.0,0.0,0.0,0.0
TRAF2,,N/A,N/A,N/A,0,0,0,0,0,0.0,0.0,0.0,0.0,0.0,0.0,0.0
RNF24,,N/A,N/A,N/A,0,0,0,0,0,0.0,0.0,0.0,0.0,0.0,0.0,0.0
XAF1,,N/A,N/A,N/A,0,0,0,0,0,0.0,0.0,0.0,0.0,0.0,0.0,0.0
UHMK1,,N/A,N/A,N/A,0,0,0,0,0,0.0,0.0,0.0,0.0,0.0,0.0,0.0
EIF4EBP2,,N/A,N/A,N/A,0,0,0,0,0,0.0,0.0,0.0,0.0,0.0,0.0,0.0
NIPA2,,N/A,N/A,N/A,0,0,0,0,0,0.0,0.0,0.0,0.0,0.0,0.0,0.0
DDR1,,N/A,N/A,N/A,0,0,0,0,0,0.0,0.0,0.0,0.0,0.0,0.0,0.0
FBXL18,,N/A,N/A,N/A,0,0,0,0,0,0.0,0.0,0.0,0.0,0.0,0.0,0.0
MDGA1,,N/A,N/A,N/A,0,0,0,0,0,0.0,0.0,0.0,0.0,0.0,0.0,0.0
LRRC41,,N/A,N/A,N/A,0,0,0,0,0,0.0,0.0,0.0,0.0,0.0,0.0,0.0
EIF6,,N/A,N/A,N/A,0,0,0,0,0,0.0,0.0,0.0,0.0,0.0,0.0,0.0
DCTN6,,N/A,N/A,N/A,0,0,0,0,0,0.0,0.0,0.0,0.0,0.0,0.0,0.0
LDB1,,N/A,N/A,N/A,0,0,0,0,0,0.0,0.0,0.0,0.0,0.0,0.0,0.0
HMGXB4,,N/A,N/A,N/A,0,0,0,0,0,0.0,0.0,0.0,0.0,0.0,0.0,0.0
C6orf226,,N/A,N/A,N/A,0,0,0,0,0,0.0,0.0,0.0,0.0,0.0,0.0,0.0
PSMD5,,N/A,N/A,N/A,0,0,0,0,0,0.0,0.0,0.0,0.0,0.0,0.0,0.0
CEP85,,N/A,N/A,N/A,0,0,0,0,0,0.0,0.0,0.0,0.0,0.0,0.0,0.0
PLCL2,,N/A,N/A,N/A,0,0,0,0,0,0.0,0.0,0.0,0.0,0.0,0.0,0.0
ABHD13,,N/A,N/A,N/A,0,0,0,0,0,0.0,0.0,0.0,0.0,0.0,0.0,0.0
PPP1R11,,N/A,N/A,N/A,0,0,0,0,0,0.0,0.0,0.0,0.0,0.0,0.0,0.0
SOX13,,N/A,N/A,N/A,0,0,0,0,0,0.0,0.0,0.0,0.0,0.0,0.0,0.0
UBXN4,,N/A,N/A,N/A,0,0,0,0,0,0.0,0.0,0.0,0.0,0.0,0.0,0.0
AP3D1,,N/A,N/A,N/A,0,0,0,0,0,0.0,0.0,0.0,0.0,0.0,0.0,0.0
PSMB7,,N/A,N/A,N/A,0,0,0,0,0,0.0,0.0,0.0,0.0,0.0,0.0,0.0
CAMK2N1,,N/A,N/A,N/A,0,0,0,0,0,0.0,0.0,0.0,0.0,0.0,0.0,0.0
PRIM1,,N/A,N/A,N/A,0,0,0,0,0,0.0,0.0,0.0,0.0,0.0,0.0,0.0
NUDC,,N/A,N/A,N/A,0,0,0,0,0,0.0,0.0,0.0,0.0,0.0,0.0,0.0
NIPA1,,N/A,N/A,N/A,0,0,0,0,0,0.0,0.0,0.0,0.0,0.0,0.0,0.0
XYLT2,,N/A,N/A,N/A,0,0,0,0,0,0.0,0.0,0.0,0.0,0.0,0.0,0.0
HSPBAP1,,N/A,N/A,N/A,0,0,0,0,0,0.0,0.0,0.0,0.0,0.0,0.0,0.0
SPRYD3,,N/A,N/A,N/A,0,0,0,0,0,0.0,0.0,0.0,0.0,0.0,0.0,0.0
SH3BP5L,,N/A,N/A,N/A,0,0,0,0,0,0.0,0.0,0.0,0.0,0.0,0.0,0.0
C3orf38,,N/A,N/A,N/A,0,0,0,0,0,0.0,0.0,0.0,0.0,0.0,0.0,0.0
VAT1,,N/A,N/A,N/A,0,0,0,0,0,0.0,0.0,0.0,0.0,0.0,0.0,0.0
PTBP1,,N/A,N/A,N/A,0,0,0,0,0,0.0,0.0,0.0,0.0,0.0,0.0,0.0
WTAP,,N/A,N/A,N/A,0,0,0,0,0,0.0,0.0,0.0,0.0,0.0,0.0,0.0
MND1,,N/A,N/A,N/A,0,0,0,0,0,0.0,0.0,0.0,0.0,0.0,0.0,0.0
ZNF394,,N/A,N/A,N/A,0,0,0,0,0,0.0,0.0,0.0,0.0,0.0,0.0,0.0
DOLPP1,,N/A,N/A,N/A,0,0,0,0,0,0.0,0.0,0.0,0.0,0.0,0.0,0.0
B9D1,,N/A,N/A,N/A,0,0,0,0,0,0.0,0.0,0.0,0.0,0.0,0.0,0.0
FAM162A,,N/A,N/A,N/A,0,0,0,0,0,0.0,0.0,0.0,0.0,0.0,0.0,0.0
FUNDC1,,N/A,N/A,N/A,0,0,0,0,0,0.0,0.0,0.0,0.0,0.0,0.0,0.0
TYW5,,N/A,N/A,N/A,0,0,0,0,0,0.0,0.0,0.0,0.0,0.0,0.0,0.0
SYNE2,,N/A,N/A,N/A,0,0,0,0,0,0.0,0.0,0.0,0.0,0.0,0.0,0.0
EXOC1,,N/A,N/A,N/A,0,0,0,0,0,0.0,0.0,0.0,0.0,0.0,0.0,0.0
DHX34,,N/A,N/A,N/A,0,0,0,0,0,0.0,0.0,0.0,0.0,0.0,0.0,0.0
AKAP12,,N/A,N/A,N/A,0,0,0,0,0,0.0,0.0,0.0,0.0,0.0,0.0,0.0
PLK3,,N/A,N/A,N/A,0,0,0,0,0,0.0,0.0,0.0,0.0,0.0,0.0,0.0
BCAP29,,N/A,N/A,N/A,0,0,0,0,0,0.0,0.0,0.0,0.0,0.0,0.0,0.0
CHKB,,N/A,N/A,N/A,0,0,0,0,0,0.0,0.0,0.0,0.0,0.0,0.0,0.0
TRIM24,,N/A,N/A,N/A,0,0,0,0,0,0.0,0.0,0.0,0.0,0.0,0.0,0.0
NEK11,,N/A,N/A,N/A,0,0,0,0,0,0.0,0.0,0.0,0.0,0.0,0.0,0.0
LYAR,,N/A,N/A,N/A,0,0,0,0,0,0.0,0.0,0.0,0.0,0.0,0.0,0.0
PILRA,,N/A,N/A,N/A,0,0,0,0,0,0.0,0.0,0.0,0.0,0.0,0.0,0.0
LBX2,,N/A,N/A,N/A,0,0,0,0,0,0.0,0.0,0.0,0.0,0.0,0.0,0.0
FASTKD2,,N/A,N/A,N/A,0,0,0,0,0,0.0,0.0,0.0,0.0,0.0,0.0,0.0
ZC3HAV1L,,N/A,N/A,N/A,0,0,0,0,0,0.0,0.0,0.0,0.0,0.0,0.0,0.0
SLC22A5,,N/A,N/A,N/A,0,0,0,0,0,0.0,0.0,0.0,0.0,0.0,0.0,0.0
FAM111A,,N/A,N/A,N/A,0,0,0,0,0,0.0,0.0,0.0,0.0,0.0,0.0,0.0
MSL2,,N/A,N/A,N/A,0,0,0,0,0,0.0,0.0,0.0,0.0,0.0,0.0,0.0
MAN1C1,,N/A,N/A,N/A,0,0,0,0,0,0.0,0.0,0.0,0.0,0.0,0.0,0.0
RTN3,,N/A,N/A,N/A,0,0,0,0,0,0.0,0.0,0.0,0.0,0.0,0.0,0.0
PDIA6,,N/A,N/A,N/A,0,0,0,0,0,0.0,0.0,0.0,0.0,0.0,0.0,0.0
MRPS18C,,N/A,N/A,N/A,0,0,0,0,0,0.0,0.0,0.0,0.0,0.0,0.0,0.0
CEP112,,N/A,N/A,N/A,0,0,0,0,0,0.0,0.0,0.0,0.0,0.0,0.0,0.0
SLC25A23,,N/A,N/A,N/A,0,0,0,0,0,0.0,0.0,0.0,0.0,0.0,0.0,0.0
NUP85,,N/A,N/A,N/A,0,0,0,0,0,0.0,0.0,0.0,0.0,0.0,0.0,0.0
BTBD10,,N/A,N/A,N/A,0,0,0,0,0,0.0,0.0,0.0,0.0,0.0,0.0,0.0
SYCE2,,N/A,N/A,N/A,0,0,0,0,0,0.0,0.0,0.0,0.0,0.0,0.0,0.0
EMC3,,N/A,N/A,N/A,0,0,0,0,0,0.0,0.0,0.0,0.0,0.0,0.0,0.0
CPSF4,,N/A,N/A,N/A,0,0,0,0,0,0.0,0.0,0.0,0.0,0.0,0.0,0.0
VPS33B,,N/A,N/A,N/A,0,0,0,0,0,0.0,0.0,0.0,0.0,0.0,0.0,0.0
USP37,,N/A,N/A,N/A,0,0,0,0,0,0.0,0.0,0.0,0.0,0.0,0.0,0.0
GPR132,,N/A,N/A,N/A,0,0,0,0,0,0.0,0.0,0.0,0.0,0.0,0.0,0.0
MRPL36,,N/A,N/A,N/A,0,0,0,0,0,0.0,0.0,0.0,0.0,0.0,0.0,0.0
MED25,,N/A,N/A,N/A,0,0,0,0,0,0.0,0.0,0.0,0.0,0.0,0.0,0.0
GRIP1,,N/A,N/A,N/A,0,0,0,0,0,0.0,0.0,0.0,0.0,0.0,0.0,0.0
MBIP,,N/A,N/A,N/A,0,0,0,0,0,0.0,0.0,0.0,0.0,0.0,0.0,0.0
CSNK1E,,N/A,N/A,N/A,0,0,0,0,0,0.0,0.0,0.0,0.0,0.0,0.0,0.0
MAP3K9,,N/A,N/A,N/A,0,0,0,0,0,0.0,0.0,0.0,0.0,0.0,0.0,0.0
ARID5A,,N/A,N/A,N/A,0,0,0,0,0,0.0,0.0,0.0,0.0,0.0,0.0,0.0
HELQ,,N/A,N/A,N/A,0,0,0,0,0,0.0,0.0,0.0,0.0,0.0,0.0,0.0
FBLN2,,N/A,N/A,N/A,0,0,0,0,0,0.0,0.0,0.0,0.0,0.0,0.0,0.0
THAP3,,N/A,N/A,N/A,0,0,0,0,0,0.0,0.0,0.0,0.0,0.0,0.0,0.0
TINF2,,N/A,N/A,N/A,0,0,0,0,0,0.0,0.0,0.0,0.0,0.0,0.0,0.0
KLHL7,,N/A,N/A,N/A,0,0,0,0,0,0.0,0.0,0.0,0.0,0.0,0.0,0.0
DDX11-AS1,,N/A,N/A,N/A,0,0,0,0,0,0.0,0.0,0.0,0.0,0.0,0.0,0.0
BIRC7,,N/A,N/A,N/A,0,0,0,0,0,0.0,0.0,0.0,0.0,0.0,0.0,0.0
FUT10,,N/A,N/A,N/A,0,0,0,0,0,0.0,0.0,0.0,0.0,0.0,0.0,0.0
ALKBH2,,N/A,N/A,N/A,0,0,0,0,0,0.0,0.0,0.0,0.0,0.0,0.0,0.0
AHRR,,N/A,N/A,N/A,0,0,0,0,0,0.0,0.0,0.0,0.0,0.0,0.0,0.0
DYNC1LI2,,N/A,N/A,N/A,0,0,0,0,0,0.0,0.0,0.0,0.0,0.0,0.0,0.0
PPIF,,N/A,N/A,N/A,0,0,0,0,0,0.0,0.0,0.0,0.0,0.0,0.0,0.0
MGAT4B,,N/A,N/A,N/A,0,0,0,0,0,0.0,0.0,0.0,0.0,0.0,0.0,0.0
NOA1,,N/A,N/A,N/A,0,0,0,0,0,0.0,0.0,0.0,0.0,0.0,0.0,0.0
LMAN2L,,N/A,N/A,N/A,0,0,0,0,0,0.0,0.0,0.0,0.0,0.0,0.0,0.0
TCEAL3,,N/A,N/A,N/A,0,0,0,0,0,0.0,0.0,0.0,0.0,0.0,0.0,0.0
RCN2,,N/A,N/A,N/A,0,0,0,0,0,0.0,0.0,0.0,0.0,0.0,0.0,0.0
HHAT,,N/A,N/A,N/A,0,0,0,0,0,0.0,0.0,0.0,0.0,0.0,0.0,0.0
CRYL1,,N/A,N/A,N/A,0,0,0,0,0,0.0,0.0,0.0,0.0,0.0,0.0,0.0
SMAGP,,N/A,N/A,N/A,0,0,0,0,0,0.0,0.0,0.0,0.0,0.0,0.0,0.0
ST3GAL5,,N/A,N/A,N/A,0,0,0,0,0,0.0,0.0,0.0,0.0,0.0,0.0,0.0
MAPK11,,N/A,N/A,N/A,0,0,0,0,0,0.0,0.0,0.0,0.0,0.0,0.0,0.0
TMEM79,,N/A,N/A,N/A,0,0,0,0,0,0.0,0.0,0.0,0.0,0.0,0.0,0.0
METTL8,,N/A,N/A,N/A,0,0,0,0,0,0.0,0.0,0.0,0.0,0.0,0.0,0.0
TBC1D10B,,N/A,N/A,N/A,0,0,0,0,0,0.0,0.0,0.0,0.0,0.0,0.0,0.0
DOK4,,N/A,N/A,N/A,0,0,0,0,0,0.0,0.0,0.0,0.0,0.0,0.0,0.0
PKN1,,N/A,N/A,N/A,0,0,0,0,0,0.0,0.0,0.0,0.0,0.0,0.0,0.0
HOOK1,,N/A,N/A,N/A,0,0,0,0,0,0.0,0.0,0.0,0.0,0.0,0.0,0.0
ISOC1,,N/A,N/A,N/A,0,0,0,0,0,0.0,0.0,0.0,0.0,0.0,0.0,0.0
RGS3,,N/A,N/A,N/A,0,0,0,0,0,0.0,0.0,0.0,0.0,0.0,0.0,0.0
EEF1B2,,N/A,N/A,N/A,0,0,0,0,0,0.0,0.0,0.0,0.0,0.0,0.0,0.0
C11orf54,,N/A,N/A,N/A,0,0,0,0,0,0.0,0.0,0.0,0.0,0.0,0.0,0.0
CHAF1A,,N/A,N/A,N/A,0,0,0,0,0,0.0,0.0,0.0,0.0,0.0,0.0,0.0
SLC8B1,,N/A,N/A,N/A,0,0,0,0,0,0.0,0.0,0.0,0.0,0.0,0.0,0.0
POGK,,N/A,N/A,N/A,0,0,0,0,0,0.0,0.0,0.0,0.0,0.0,0.0,0.0
CYTH3,,N/A,N/A,N/A,0,0,0,0,0,0.0,0.0,0.0,0.0,0.0,0.0,0.0
LRRC4,,N/A,N/A,N/A,0,0,0,0,0,0.0,0.0,0.0,0.0,0.0,0.0,0.0
TMEM171,,N/A,N/A,N/A,0,0,0,0,0,0.0,0.0,0.0,0.0,0.0,0.0,0.0
GAS2L1,,N/A,N/A,N/A,0,0,0,0,0,0.0,0.0,0.0,0.0,0.0,0.0,0.0
CSGALNACT1,,N/A,N/A,N/A,0,0,0,0,0,0.0,0.0,0.0,0.0,0.0,0.0,0.0
E4F1,,N/A,N/A,N/A,0,0,0,0,0,0.0,0.0,0.0,0.0,0.0,0.0,0.0
PIK3C3,,N/A,N/A,N/A,0,0,0,0,0,0.0,0.0,0.0,0.0,0.0,0.0,0.0
ARHGAP33,,N/A,N/A,N/A,0,0,0,0,0,0.0,0.0,0.0,0.0,0.0,0.0,0.0
RASSF2,,N/A,N/A,N/A,0,0,0,0,0,0.0,0.0,0.0,0.0,0.0,0.0,0.0
LEMD3,,N/A,N/A,N/A,0,0,0,0,0,0.0,0.0,0.0,0.0,0.0,0.0,0.0
GCNT2,,N/A,N/A,N/A,0,0,0,0,0,0.0,0.0,0.0,0.0,0.0,0.0,0.0
TTC39B,,N/A,N/A,N/A,0,0,0,0,0,0.0,0.0,0.0,0.0,0.0,0.0,0.0
BTBD2,,N/A,N/A,N/A,0,0,0,0,0,0.0,0.0,0.0,0.0,0.0,0.0,0.0
HINT1,,N/A,N/A,N/A,0,0,0,0,0,0.0,0.0,0.0,0.0,0.0,0.0,0.0
ARMCX5,,N/A,N/A,N/A,0,0,0,0,0,0.0,0.0,0.0,0.0,0.0,0.0,0.0
DPM3,,N/A,N/A,N/A,0,0,0,0,0,0.0,0.0,0.0,0.0,0.0,0.0,0.0
COA1,,N/A,N/A,N/A,0,0,0,0,0,0.0,0.0,0.0,0.0,0.0,0.0,0.0
MFHAS1,,N/A,N/A,N/A,0,0,0,0,0,0.0,0.0,0.0,0.0,0.0,0.0,0.0
ALDH16A1,,N/A,N/A,N/A,0,0,0,0,0,0.0,0.0,0.0,0.0,0.0,0.0,0.0
ZFX,,N/A,N/A,N/A,0,0,0,0,0,0.0,0.0,0.0,0.0,0.0,0.0,0.0
LRRC58,,N/A,N/A,N/A,0,0,0,0,0,0.0,0.0,0.0,0.0,0.0,0.0,0.0
CENPC,,N/A,N/A,N/A,0,0,0,0,0,0.0,0.0,0.0,0.0,0.0,0.0,0.0
SIVA1,,N/A,N/A,N/A,0,0,0,0,0,0.0,0.0,0.0,0.0,0.0,0.0,0.0
MKS1,,N/A,N/A,N/A,0,0,0,0,0,0.0,0.0,0.0,0.0,0.0,0.0,0.0
SSR1,,N/A,N/A,N/A,0,0,0,0,0,0.0,0.0,0.0,0.0,0.0,0.0,0.0
JAGN1,,N/A,N/A,N/A,0,0,0,0,0,0.0,0.0,0.0,0.0,0.0,0.0,0.0
DMAP1,,N/A,N/A,N/A,0,0,0,0,0,0.0,0.0,0.0,0.0,0.0,0.0,0.0
LAMTOR2,,N/A,N/A,N/A,0,0,0,0,0,0.0,0.0,0.0,0.0,0.0,0.0,0.0
ZNF70,,N/A,N/A,N/A,0,0,0,0,0,0.0,0.0,0.0,0.0,0.0,0.0,0.0
AFAP1L2,,N/A,N/A,N/A,0,0,0,0,0,0.0,0.0,0.0,0.0,0.0,0.0,0.0
ATG4D,,N/A,N/A,N/A,0,0,0,0,0,0.0,0.0,0.0,0.0,0.0,0.0,0.0
PHF13,,N/A,N/A,N/A,0,0,0,0,0,0.0,0.0,0.0,0.0,0.0,0.0,0.0
ARFGEF2,,N/A,N/A,N/A,0,0,0,0,0,0.0,0.0,0.0,0.0,0.0,0.0,0.0
RBBP9,,N/A,N/A,N/A,0,0,0,0,0,0.0,0.0,0.0,0.0,0.0,0.0,0.0
COMMD5,,N/A,N/A,N/A,0,0,0,0,0,0.0,0.0,0.0,0.0,0.0,0.0,0.0
GEMIN5,,N/A,N/A,N/A,0,0,0,0,0,0.0,0.0,0.0,0.0,0.0,0.0,0.0
ELK4,,N/A,N/A,N/A,0,0,0,0,0,0.0,0.0,0.0,0.0,0.0,0.0,0.0
LARP4,,N/A,N/A,N/A,0,0,0,0,0,0.0,0.0,0.0,0.0,0.0,0.0,0.0
DENND4C,,N/A,N/A,N/A,0,0,0,0,0,0.0,0.0,0.0,0.0,0.0,0.0,0.0
SLC27A1,,N/A,N/A,N/A,0,0,0,0,0,0.0,0.0,0.0,0.0,0.0,0.0,0.0
PDCD6,,N/A,N/A,N/A,0,0,0,0,0,0.0,0.0,0.0,0.0,0.0,0.0,0.0
CTSF,,N/A,N/A,N/A,0,0,0,0,0,0.0,0.0,0.0,0.0,0.0,0.0,0.0
STRIP1,,N/A,N/A,N/A,0,0,0,0,0,0.0,0.0,0.0,0.0,0.0,0.0,0.0
FRAT2,,N/A,N/A,N/A,0,0,0,0,0,0.0,0.0,0.0,0.0,0.0,0.0,0.0
INPP4A,,N/A,N/A,N/A,0,0,0,0,0,0.0,0.0,0.0,0.0,0.0,0.0,0.0
GCFC2,,N/A,N/A,N/A,0,0,0,0,0,0.0,0.0,0.0,0.0,0.0,0.0,0.0
TEX9,,N/A,N/A,N/A,0,0,0,0,0,0.0,0.0,0.0,0.0,0.0,0.0,0.0
DYNLL2,,N/A,N/A,N/A,0,0,0,0,0,0.0,0.0,0.0,0.0,0.0,0.0,0.0
NFXL1,,N/A,N/A,N/A,0,0,0,0,0,0.0,0.0,0.0,0.0,0.0,0.0,0.0
PXMP4,,N/A,N/A,N/A,0,0,0,0,0,0.0,0.0,0.0,0.0,0.0,0.0,0.0
CDK5RAP3,,N/A,N/A,N/A,0,0,0,0,0,0.0,0.0,0.0,0.0,0.0,0.0,0.0
KIF11,,N/A,N/A,N/A,0,0,0,0,0,0.0,0.0,0.0,0.0,0.0,0.0,0.0
STK17A,,N/A,N/A,N/A,0,0,0,0,0,0.0,0.0,0.0,0.0,0.0,0.0,0.0
BLOC1S5,,N/A,N/A,N/A,0,0,0,0,0,0.0,0.0,0.0,0.0,0.0,0.0,0.0
PPFIA1,,N/A,N/A,N/A,0,0,0,0,0,0.0,0.0,0.0,0.0,0.0,0.0,0.0
CPSF7,,N/A,N/A,N/A,0,0,0,0,0,0.0,0.0,0.0,0.0,0.0,0.0,0.0
THAP1,,N/A,N/A,N/A,0,0,0,0,0,0.0,0.0,0.0,0.0,0.0,0.0,0.0
ARF3,,N/A,N/A,N/A,0,0,0,0,0,0.0,0.0,0.0,0.0,0.0,0.0,0.0
RCAN2,,N/A,N/A,N/A,0,0,0,0,0,0.0,0.0,0.0,0.0,0.0,0.0,0.0
RFT1,,N/A,N/A,N/A,0,0,0,0,0,0.0,0.0,0.0,0.0,0.0,0.0,0.0
SEMA4F,,N/A,N/A,N/A,0,0,0,0,0,0.0,0.0,0.0,0.0,0.0,0.0,0.0
SRP9,,N/A,N/A,N/A,0,0,0,0,0,0.0,0.0,0.0,0.0,0.0,0.0,0.0
POLR3K,,N/A,N/A,N/A,0,0,0,0,0,0.0,0.0,0.0,0.0,0.0,0.0,0.0
MTA2,,N/A,N/A,N/A,0,0,0,0,0,0.0,0.0,0.0,0.0,0.0,0.0,0.0
MRPS7,,N/A,N/A,N/A,0,0,0,0,0,0.0,0.0,0.0,0.0,0.0,0.0,0.0
C6orf136,,N/A,N/A,N/A,0,0,0,0,0,0.0,0.0,0.0,0.0,0.0,0.0,0.0
FAM184A,,N/A,N/A,N/A,0,0,0,0,0,0.0,0.0,0.0,0.0,0.0,0.0,0.0
MORN2,,N/A,N/A,N/A,0,0,0,0,0,0.0,0.0,0.0,0.0,0.0,0.0,0.0
SH3YL1,,N/A,N/A,N/A,0,0,0,0,0,0.0,0.0,0.0,0.0,0.0,0.0,0.0
NUDT16,,N/A,N/A,N/A,0,0,0,0,0,0.0,0.0,0.0,0.0,0.0,0.0,0.0
GATAD2A,,N/A,N/A,N/A,0,0,0,0,0,0.0,0.0,0.0,0.0,0.0,0.0,0.0
TMEM101,,N/A,N/A,N/A,0,0,0,0,0,0.0,0.0,0.0,0.0,0.0,0.0,0.0
OSBPL11,,N/A,N/A,N/A,0,0,0,0,0,0.0,0.0,0.0,0.0,0.0,0.0,0.0
ALG10,,N/A,N/A,N/A,0,0,0,0,0,0.0,0.0,0.0,0.0,0.0,0.0,0.0
FIG4,,N/A,N/A,N/A,0,0,0,0,0,0.0,0.0,0.0,0.0,0.0,0.0,0.0
ZNF133,,N/A,N/A,N/A,0,0,0,0,0,0.0,0.0,0.0,0.0,0.0,0.0,0.0
RDH10,,N/A,N/A,N/A,0,0,0,0,0,0.0,0.0,0.0,0.0,0.0,0.0,0.0
LINC00662,,N/A,N/A,N/A,0,0,0,0,0,0.0,0.0,0.0,0.0,0.0,0.0,0.0
NAA16,,N/A,N/A,N/A,0,0,0,0,0,0.0,0.0,0.0,0.0,0.0,0.0,0.0
PLP2,,N/A,N/A,N/A,0,0,0,0,0,0.0,0.0,0.0,0.0,0.0,0.0,0.0
PIAS4,,N/A,N/A,N/A,0,0,0,0,0,0.0,0.0,0.0,0.0,0.0,0.0,0.0
MYO10,,N/A,N/A,N/A,0,0,0,0,0,0.0,0.0,0.0,0.0,0.0,0.0,0.0
BICD2,,N/A,N/A,N/A,0,0,0,0,0,0.0,0.0,0.0,0.0,0.0,0.0,0.0
TSNARE1,,N/A,N/A,N/A,0,0,0,0,0,0.0,0.0,0.0,0.0,0.0,0.0,0.0
ZNF517,,N/A,N/A,N/A,0,0,0,0,0,0.0,0.0,0.0,0.0,0.0,0.0,0.0
NT5M,,N/A,N/A,N/A,0,0,0,0,0,0.0,0.0,0.0,0.0,0.0,0.0,0.0
DEPDC5,,N/A,N/A,N/A,0,0,0,0,0,0.0,0.0,0.0,0.0,0.0,0.0,0.0
CTR9,,N/A,N/A,N/A,0,0,0,0,0,0.0,0.0,0.0,0.0,0.0,0.0,0.0
MLLT6,,N/A,N/A,N/A,0,0,0,0,0,0.0,0.0,0.0,0.0,0.0,0.0,0.0
RSU1,,N/A,N/A,N/A,0,0,0,0,0,0.0,0.0,0.0,0.0,0.0,0.0,0.0
PLEKHF1,,N/A,N/A,N/A,0,0,0,0,0,0.0,0.0,0.0,0.0,0.0,0.0,0.0
TMX4,,N/A,N/A,N/A,0,0,0,0,0,0.0,0.0,0.0,0.0,0.0,0.0,0.0
EIF4G2,,N/A,N/A,N/A,0,0,0,0,0,0.0,0.0,0.0,0.0,0.0,0.0,0.0
FBXW9,,N/A,N/A,N/A,0,0,0,0,0,0.0,0.0,0.0,0.0,0.0,0.0,0.0
TMED9,,N/A,N/A,N/A,0,0,0,0,0,0.0,0.0,0.0,0.0,0.0,0.0,0.0
ZDHHC21,,N/A,N/A,N/A,0,0,0,0,0,0.0,0.0,0.0,0.0,0.0,0.0,0.0
TMEM134,,N/A,N/A,N/A,0,0,0,0,0,0.0,0.0,0.0,0.0,0.0,0.0,0.0
HSBP1,,N/A,N/A,N/A,0,0,0,0,0,0.0,0.0,0.0,0.0,0.0,0.0,0.0
TIMM50,,N/A,N/A,N/A,0,0,0,0,0,0.0,0.0,0.0,0.0,0.0,0.0,0.0
ZNF385D,,N/A,N/A,N/A,0,0,0,0,0,0.0,0.0,0.0,0.0,0.0,0.0,0.0
SMG8,,N/A,N/A,N/A,0,0,0,0,0,0.0,0.0,0.0,0.0,0.0,0.0,0.0
TC2N,,N/A,N/A,N/A,0,0,0,0,0,0.0,0.0,0.0,0.0,0.0,0.0,0.0
UBE2L3,,N/A,N/A,N/A,0,0,0,0,0,0.0,0.0,0.0,0.0,0.0,0.0,0.0
ETFA,,N/A,N/A,N/A,0,0,0,0,0,0.0,0.0,0.0,0.0,0.0,0.0,0.0
C1orf50,,N/A,N/A,N/A,0,0,0,0,0,0.0,0.0,0.0,0.0,0.0,0.0,0.0
KLHDC2,,N/A,N/A,N/A,0,0,0,0,0,0.0,0.0,0.0,0.0,0.0,0.0,0.0
KLHL24,,N/A,N/A,N/A,0,0,0,0,0,0.0,0.0,0.0,0.0,0.0,0.0,0.0
ATP6V1F,,N/A,N/A,N/A,0,0,0,0,0,0.0,0.0,0.0,0.0,0.0,0.0,0.0
SLC25A46,,N/A,N/A,N/A,0,0,0,0,0,0.0,0.0,0.0,0.0,0.0,0.0,0.0
COX7A2,,N/A,N/A,N/A,0,0,0,0,0,0.0,0.0,0.0,0.0,0.0,0.0,0.0
FAM177A1,,N/A,N/A,N/A,0,0,0,0,0,0.0,0.0,0.0,0.0,0.0,0.0,0.0
XPO5,,N/A,N/A,N/A,0,0,0,0,0,0.0,0.0,0.0,0.0,0.0,0.0,0.0
GATAD1,,N/A,N/A,N/A,0,0,0,0,0,0.0,0.0,0.0,0.0,0.0,0.0,0.0
TIMM23B,,N/A,N/A,N/A,0,0,0,0,0,0.0,0.0,0.0,0.0,0.0,0.0,0.0
ZNF32,,N/A,N/A,N/A,0,0,0,0,0,0.0,0.0,0.0,0.0,0.0,0.0,0.0
EML2,,N/A,N/A,N/A,0,0,0,0,0,0.0,0.0,0.0,0.0,0.0,0.0,0.0
ABHD16A,,N/A,N/A,N/A,0,0,0,0,0,0.0,0.0,0.0,0.0,0.0,0.0,0.0
CREB3L2,,N/A,N/A,N/A,0,0,0,0,0,0.0,0.0,0.0,0.0,0.0,0.0,0.0
ACVR2B,,N/A,N/A,N/A,0,0,0,0,0,0.0,0.0,0.0,0.0,0.0,0.0,0.0
WWTR1,,N/A,N/A,N/A,0,0,0,0,0,0.0,0.0,0.0,0.0,0.0,0.0,0.0
SCUBE3,,N/A,N/A,N/A,0,0,0,0,0,0.0,0.0,0.0,0.0,0.0,0.0,0.0
MID1IP1,,N/A,N/A,N/A,0,0,0,0,0,0.0,0.0,0.0,0.0,0.0,0.0,0.0
CTNNBL1,,N/A,N/A,N/A,0,0,0,0,0,0.0,0.0,0.0,0.0,0.0,0.0,0.0
SPG21,,N/A,N/A,N/A,0,0,0,0,0,0.0,0.0,0.0,0.0,0.0,0.0,0.0
PROSER1,,N/A,N/A,N/A,0,0,0,0,0,0.0,0.0,0.0,0.0,0.0,0.0,0.0
RGMB,,N/A,N/A,N/A,0,0,0,0,0,0.0,0.0,0.0,0.0,0.0,0.0,0.0
STK3,,N/A,N/A,N/A,0,0,0,0,0,0.0,0.0,0.0,0.0,0.0,0.0,0.0
LIPT1,,N/A,N/A,N/A,0,0,0,0,0,0.0,0.0,0.0,0.0,0.0,0.0,0.0
GSPT2,,N/A,N/A,N/A,0,0,0,0,0,0.0,0.0,0.0,0.0,0.0,0.0,0.0
METTL1,,N/A,N/A,N/A,0,0,0,0,0,0.0,0.0,0.0,0.0,0.0,0.0,0.0
REEP5,,N/A,N/A,N/A,0,0,0,0,0,0.0,0.0,0.0,0.0,0.0,0.0,0.0
MTMR11,,N/A,N/A,N/A,0,0,0,0,0,0.0,0.0,0.0,0.0,0.0,0.0,0.0
CDC27,,N/A,N/A,N/A,0,0,0,0,0,0.0,0.0,0.0,0.0,0.0,0.0,0.0
DCAF17,,N/A,N/A,N/A,0,0,0,0,0,0.0,0.0,0.0,0.0,0.0,0.0,0.0
WFDC1,,N/A,N/A,N/A,0,0,0,0,0,0.0,0.0,0.0,0.0,0.0,0.0,0.0
FAN1,,N/A,N/A,N/A,0,0,0,0,0,0.0,0.0,0.0,0.0,0.0,0.0,0.0
NAA30,,N/A,N/A,N/A,0,0,0,0,0,0.0,0.0,0.0,0.0,0.0,0.0,0.0
TDRD9,,N/A,N/A,N/A,0,0,0,0,0,0.0,0.0,0.0,0.0,0.0,0.0,0.0
LCMT1,,N/A,N/A,N/A,0,0,0,0,0,0.0,0.0,0.0,0.0,0.0,0.0,0.0
MXD4,,N/A,N/A,N/A,0,0,0,0,0,0.0,0.0,0.0,0.0,0.0,0.0,0.0
ARIH1,,N/A,N/A,N/A,0,0,0,0,0,0.0,0.0,0.0,0.0,0.0,0.0,0.0
BRD2,,N/A,N/A,N/A,0,0,0,0,0,0.0,0.0,0.0,0.0,0.0,0.0,0.0
EPHX1,,N/A,N/A,N/A,0,0,0,0,0,0.0,0.0,0.0,0.0,0.0,0.0,0.0
LYRM2,,N/A,N/A,N/A,0,0,0,0,0,0.0,0.0,0.0,0.0,0.0,0.0,0.0
RPL7,,N/A,N/A,N/A,0,0,0,0,0,0.0,0.0,0.0,0.0,0.0,0.0,0.0
ALG11,,N/A,N/A,N/A,0,0,0,0,0,0.0,0.0,0.0,0.0,0.0,0.0,0.0
PRKAG2,,N/A,N/A,N/A,0,0,0,0,0,0.0,0.0,0.0,0.0,0.0,0.0,0.0
HRH1,,N/A,N/A,N/A,0,0,0,0,0,0.0,0.0,0.0,0.0,0.0,0.0,0.0
RNASEH2C,,N/A,N/A,N/A,0,0,0,0,0,0.0,0.0,0.0,0.0,0.0,0.0,0.0
SCNM1,,N/A,N/A,N/A,0,0,0,0,0,0.0,0.0,0.0,0.0,0.0,0.0,0.0
NACC2,,N/A,N/A,N/A,0,0,0,0,0,0.0,0.0,0.0,0.0,0.0,0.0,0.0
SLAIN1,,N/A,N/A,N/A,0,0,0,0,0,0.0,0.0,0.0,0.0,0.0,0.0,0.0
VOPP1,,N/A,N/A,N/A,0,0,0,0,0,0.0,0.0,0.0,0.0,0.0,0.0,0.0
HSPB6,,N/A,N/A,N/A,0,0,0,0,0,0.0,0.0,0.0,0.0,0.0,0.0,0.0
NOP58,,N/A,N/A,N/A,0,0,0,0,0,0.0,0.0,0.0,0.0,0.0,0.0,0.0
MPP1,,N/A,N/A,N/A,0,0,0,0,0,0.0,0.0,0.0,0.0,0.0,0.0,0.0
ZCCHC4,,N/A,N/A,N/A,0,0,0,0,0,0.0,0.0,0.0,0.0,0.0,0.0,0.0
GPATCH8,,N/A,N/A,N/A,0,0,0,0,0,0.0,0.0,0.0,0.0,0.0,0.0,0.0
POLR3A,,N/A,N/A,N/A,0,0,0,0,0,0.0,0.0,0.0,0.0,0.0,0.0,0.0
CDH2,,N/A,N/A,N/A,0,0,0,0,0,0.0,0.0,0.0,0.0,0.0,0.0,0.0
COX5B,,N/A,N/A,N/A,0,0,0,0,0,0.0,0.0,0.0,0.0,0.0,0.0,0.0
EXOSC8,,N/A,N/A,N/A,0,0,0,0,0,0.0,0.0,0.0,0.0,0.0,0.0,0.0
PLXDC2,,N/A,N/A,N/A,0,0,0,0,0,0.0,0.0,0.0,0.0,0.0,0.0,0.0
SEC13,,N/A,N/A,N/A,0,0,0,0,0,0.0,0.0,0.0,0.0,0.0,0.0,0.0
ANKH,,N/A,N/A,N/A,0,0,0,0,0,0.0,0.0,0.0,0.0,0.0,0.0,0.0
MDH1,,N/A,N/A,N/A,0,0,0,0,0,0.0,0.0,0.0,0.0,0.0,0.0,0.0
TRIP13,,N/A,N/A,N/A,0,0,0,0,0,0.0,0.0,0.0,0.0,0.0,0.0,0.0
EEF1D,,N/A,N/A,N/A,0,0,0,0,0,0.0,0.0,0.0,0.0,0.0,0.0,0.0
UPF2,,N/A,N/A,N/A,0,0,0,0,0,0.0,0.0,0.0,0.0,0.0,0.0,0.0
TAMM41,,N/A,N/A,N/A,0,0,0,0,0,0.0,0.0,0.0,0.0,0.0,0.0,0.0
ZKSCAN7,,N/A,N/A,N/A,0,0,0,0,0,0.0,0.0,0.0,0.0,0.0,0.0,0.0
ELP6,,N/A,N/A,N/A,0,0,0,0,0,0.0,0.0,0.0,0.0,0.0,0.0,0.0
ULK2,,N/A,N/A,N/A,0,0,0,0,0,0.0,0.0,0.0,0.0,0.0,0.0,0.0
SAP130,,N/A,N/A,N/A,0,0,0,0,0,0.0,0.0,0.0,0.0,0.0,0.0,0.0
SIAH2,,N/A,N/A,N/A,0,0,0,0,0,0.0,0.0,0.0,0.0,0.0,0.0,0.0
TUBA4A,,N/A,N/A,N/A,0,0,0,0,0,0.0,0.0,0.0,0.0,0.0,0.0,0.0
TERF2IP,,N/A,N/A,N/A,0,0,0,0,0,0.0,0.0,0.0,0.0,0.0,0.0,0.0
IFRD1,,N/A,N/A,N/A,0,0,0,0,0,0.0,0.0,0.0,0.0,0.0,0.0,0.0
PPARD,,N/A,N/A,N/A,0,0,0,0,0,0.0,0.0,0.0,0.0,0.0,0.0,0.0
ATXN3,,N/A,N/A,N/A,0,0,0,0,0,0.0,0.0,0.0,0.0,0.0,0.0,0.0
SART1,,N/A,N/A,N/A,0,0,0,0,0,0.0,0.0,0.0,0.0,0.0,0.0,0.0
TCEAL4,,N/A,N/A,N/A,0,0,0,0,0,0.0,0.0,0.0,0.0,0.0,0.0,0.0
TMEM9B-AS1,,N/A,N/A,N/A,0,0,0,0,0,0.0,0.0,0.0,0.0,0.0,0.0,0.0
KBTBD3,,N/A,N/A,N/A,0,0,0,0,0,0.0,0.0,0.0,0.0,0.0,0.0,0.0
AGO1,,N/A,N/A,N/A,0,0,0,0,0,0.0,0.0,0.0,0.0,0.0,0.0,0.0
ARMCX1,,N/A,N/A,N/A,0,0,0,0,0,0.0,0.0,0.0,0.0,0.0,0.0,0.0
NUP160,,N/A,N/A,N/A,0,0,0,0,0,0.0,0.0,0.0,0.0,0.0,0.0,0.0
SRSF4,,N/A,N/A,N/A,0,0,0,0,0,0.0,0.0,0.0,0.0,0.0,0.0,0.0
NRXN2,,N/A,N/A,N/A,0,0,0,0,0,0.0,0.0,0.0,0.0,0.0,0.0,0.0
MOSPD3,,N/A,N/A,N/A,0,0,0,0,0,0.0,0.0,0.0,0.0,0.0,0.0,0.0
PWP2,,N/A,N/A,N/A,0,0,0,0,0,0.0,0.0,0.0,0.0,0.0,0.0,0.0
CENPM,,N/A,N/A,N/A,0,0,0,0,0,0.0,0.0,0.0,0.0,0.0,0.0,0.0
PELO,,N/A,N/A,N/A,0,0,0,0,0,0.0,0.0,0.0,0.0,0.0,0.0,0.0
NENF,,N/A,N/A,N/A,0,0,0,0,0,0.0,0.0,0.0,0.0,0.0,0.0,0.0
ZFYVE1,,N/A,N/A,N/A,0,0,0,0,0,0.0,0.0,0.0,0.0,0.0,0.0,0.0
ZNF28,,N/A,N/A,N/A,0,0,0,0,0,0.0,0.0,0.0,0.0,0.0,0.0,0.0
PPP2R5E,,N/A,N/A,N/A,0,0,0,0,0,0.0,0.0,0.0,0.0,0.0,0.0,0.0
LONP2,,N/A,N/A,N/A,0,0,0,0,0,0.0,0.0,0.0,0.0,0.0,0.0,0.0
CDC42SE1,,N/A,N/A,N/A,0,0,0,0,0,0.0,0.0,0.0,0.0,0.0,0.0,0.0
MIER2,,N/A,N/A,N/A,0,0,0,0,0,0.0,0.0,0.0,0.0,0.0,0.0,0.0
UBAP2L,,N/A,N/A,N/A,0,0,0,0,0,0.0,0.0,0.0,0.0,0.0,0.0,0.0
HOMER3,,N/A,N/A,N/A,0,0,0,0,0,0.0,0.0,0.0,0.0,0.0,0.0,0.0
RBFOX2,,N/A,N/A,N/A,0,0,0,0,0,0.0,0.0,0.0,0.0,0.0,0.0,0.0
GPR155,,N/A,N/A,N/A,0,0,0,0,0,0.0,0.0,0.0,0.0,0.0,0.0,0.0
MEIS3,,N/A,N/A,N/A,0,0,0,0,0,0.0,0.0,0.0,0.0,0.0,0.0,0.0
TIAM2,,N/A,N/A,N/A,0,0,0,0,0,0.0,0.0,0.0,0.0,0.0,0.0,0.0
UQCR10,,N/A,N/A,N/A,0,0,0,0,0,0.0,0.0,0.0,0.0,0.0,0.0,0.0
SLC35G1,,N/A,N/A,N/A,0,0,0,0,0,0.0,0.0,0.0,0.0,0.0,0.0,0.0
RPL39L,,N/A,N/A,N/A,0,0,0,0,0,0.0,0.0,0.0,0.0,0.0,0.0,0.0
C12orf57,,N/A,N/A,N/A,0,0,0,0,0,0.0,0.0,0.0,0.0,0.0,0.0,0.0
OTUD7A,,N/A,N/A,N/A,0,0,0,0,0,0.0,0.0,0.0,0.0,0.0,0.0,0.0
OCIAD1,,N/A,N/A,N/A,0,0,0,0,0,0.0,0.0,0.0,0.0,0.0,0.0,0.0
SF3B4,,N/A,N/A,N/A,0,0,0,0,0,0.0,0.0,0.0,0.0,0.0,0.0,0.0
MRPL40,,N/A,N/A,N/A,0,0,0,0,0,0.0,0.0,0.0,0.0,0.0,0.0,0.0
ZNF786,,N/A,N/A,N/A,0,0,0,0,0,0.0,0.0,0.0,0.0,0.0,0.0,0.0
ANKRA2,,N/A,N/A,N/A,0,0,0,0,0,0.0,0.0,0.0,0.0,0.0,0.0,0.0
AGO4,,N/A,N/A,N/A,0,0,0,0,0,0.0,0.0,0.0,0.0,0.0,0.0,0.0
YPEL2,,N/A,N/A,N/A,0,0,0,0,0,0.0,0.0,0.0,0.0,0.0,0.0,0.0
SCAF11,,N/A,N/A,N/A,0,0,0,0,0,0.0,0.0,0.0,0.0,0.0,0.0,0.0
CAB39,,N/A,N/A,N/A,0,0,0,0,0,0.0,0.0,0.0,0.0,0.0,0.0,0.0
AMN1,,N/A,N/A,N/A,0,0,0,0,0,0.0,0.0,0.0,0.0,0.0,0.0,0.0
EVI2B,,N/A,N/A,N/A,0,0,0,0,0,0.0,0.0,0.0,0.0,0.0,0.0,0.0
RNF4,,N/A,N/A,N/A,0,0,0,0,0,0.0,0.0,0.0,0.0,0.0,0.0,0.0
HELZ2,,N/A,N/A,N/A,0,0,0,0,0,0.0,0.0,0.0,0.0,0.0,0.0,0.0
GBP3,,N/A,N/A,N/A,0,0,0,0,0,0.0,0.0,0.0,0.0,0.0,0.0,0.0
CSNK1G1,,N/A,N/A,N/A,0,0,0,0,0,0.0,0.0,0.0,0.0,0.0,0.0,0.0
CDK5,,N/A,N/A,N/A,0,0,0,0,0,0.0,0.0,0.0,0.0,0.0,0.0,0.0
STON2,,N/A,N/A,N/A,0,0,0,0,0,0.0,0.0,0.0,0.0,0.0,0.0,0.0
ENTPD5,,N/A,N/A,N/A,0,0,0,0,0,0.0,0.0,0.0,0.0,0.0,0.0,0.0
UBAP1L,,N/A,N/A,N/A,0,0,0,0,0,0.0,0.0,0.0,0.0,0.0,0.0,0.0
PSMD8,,N/A,N/A,N/A,0,0,0,0,0,0.0,0.0,0.0,0.0,0.0,0.0,0.0
ZBTB2,,N/A,N/A,N/A,0,0,0,0,0,0.0,0.0,0.0,0.0,0.0,0.0,0.0
FAR1,,N/A,N/A,N/A,0,0,0,0,0,0.0,0.0,0.0,0.0,0.0,0.0,0.0
PCDH1,,N/A,N/A,N/A,0,0,0,0,0,0.0,0.0,0.0,0.0,0.0,0.0,0.0
ZSCAN20,,N/A,N/A,N/A,0,0,0,0,0,0.0,0.0,0.0,0.0,0.0,0.0,0.0
SAR1A,,N/A,N/A,N/A,0,0,0,0,0,0.0,0.0,0.0,0.0,0.0,0.0,0.0
C7orf25,,N/A,N/A,N/A,0,0,0,0,0,0.0,0.0,0.0,0.0,0.0,0.0,0.0
ZNF585A,,N/A,N/A,N/A,0,0,0,0,0,0.0,0.0,0.0,0.0,0.0,0.0,0.0
TMEM109,,N/A,N/A,N/A,0,0,0,0,0,0.0,0.0,0.0,0.0,0.0,0.0,0.0
PTOV1-AS1,,N/A,N/A,N/A,0,0,0,0,0,0.0,0.0,0.0,0.0,0.0,0.0,0.0
ODF2L,,N/A,N/A,N/A,0,0,0,0,0,0.0,0.0,0.0,0.0,0.0,0.0,0.0
FAM13A,,N/A,N/A,N/A,0,0,0,0,0,0.0,0.0,0.0,0.0,0.0,0.0,0.0
DENND6A,,N/A,N/A,N/A,0,0,0,0,0,0.0,0.0,0.0,0.0,0.0,0.0,0.0
PKNOX1,,N/A,N/A,N/A,0,0,0,0,0,0.0,0.0,0.0,0.0,0.0,0.0,0.0
TNFRSF12A,,N/A,N/A,N/A,0,0,0,0,0,0.0,0.0,0.0,0.0,0.0,0.0,0.0
GRPEL1,,N/A,N/A,N/A,0,0,0,0,0,0.0,0.0,0.0,0.0,0.0,0.0,0.0
MEAF6,,N/A,N/A,N/A,0,0,0,0,0,0.0,0.0,0.0,0.0,0.0,0.0,0.0
CCDC113,,N/A,N/A,N/A,0,0,0,0,0,0.0,0.0,0.0,0.0,0.0,0.0,0.0
VPS37A,,N/A,N/A,N/A,0,0,0,0,0,0.0,0.0,0.0,0.0,0.0,0.0,0.0
TMCO4,,N/A,N/A,N/A,0,0,0,0,0,0.0,0.0,0.0,0.0,0.0,0.0,0.0
GET4,,N/A,N/A,N/A,0,0,0,0,0,0.0,0.0,0.0,0.0,0.0,0.0,0.0
GALM,,N/A,N/A,N/A,0,0,0,0,0,0.0,0.0,0.0,0.0,0.0,0.0,0.0
TMEM71,,N/A,N/A,N/A,0,0,0,0,0,0.0,0.0,0.0,0.0,0.0,0.0,0.0
MAMSTR,,N/A,N/A,N/A,0,0,0,0,0,0.0,0.0,0.0,0.0,0.0,0.0,0.0
ZNF791,,N/A,N/A,N/A,0,0,0,0,0,0.0,0.0,0.0,0.0,0.0,0.0,0.0
LPCAT1,,N/A,N/A,N/A,0,0,0,0,0,0.0,0.0,0.0,0.0,0.0,0.0,0.0
ENC1,,N/A,N/A,N/A,0,0,0,0,0,0.0,0.0,0.0,0.0,0.0,0.0,0.0
C6orf120,,N/A,N/A,N/A,0,0,0,0,0,0.0,0.0,0.0,0.0,0.0,0.0,0.0
RCN3,,N/A,N/A,N/A,0,0,0,0,0,0.0,0.0,0.0,0.0,0.0,0.0,0.0
SESN1,,N/A,N/A,N/A,0,0,0,0,0,0.0,0.0,0.0,0.0,0.0,0.0,0.0
DTX2,,N/A,N/A,N/A,0,0,0,0,0,0.0,0.0,0.0,0.0,0.0,0.0,0.0
HAUS4,,N/A,N/A,N/A,0,0,0,0,0,0.0,0.0,0.0,0.0,0.0,0.0,0.0
AIFM1,,N/A,N/A,N/A,0,0,0,0,0,0.0,0.0,0.0,0.0,0.0,0.0,0.0
SH3TC1,,N/A,N/A,N/A,0,0,0,0,0,0.0,0.0,0.0,0.0,0.0,0.0,0.0
RWDD2B,,N/A,N/A,N/A,0,0,0,0,0,0.0,0.0,0.0,0.0,0.0,0.0,0.0
EFNA4,,N/A,N/A,N/A,0,0,0,0,0,0.0,0.0,0.0,0.0,0.0,0.0,0.0
LLGL2,,N/A,N/A,N/A,0,0,0,0,0,0.0,0.0,0.0,0.0,0.0,0.0,0.0
ZKSCAN3,,N/A,N/A,N/A,0,0,0,0,0,0.0,0.0,0.0,0.0,0.0,0.0,0.0
ZNF580,,N/A,N/A,N/A,0,0,0,0,0,0.0,0.0,0.0,0.0,0.0,0.0,0.0
TCP11L1,,N/A,N/A,N/A,0,0,0,0,0,0.0,0.0,0.0,0.0,0.0,0.0,0.0
MTHFSD,,N/A,N/A,N/A,0,0,0,0,0,0.0,0.0,0.0,0.0,0.0,0.0,0.0
EIF5AL1,,N/A,N/A,N/A,0,0,0,0,0,0.0,0.0,0.0,0.0,0.0,0.0,0.0
CNIH3,,N/A,N/A,N/A,0,0,0,0,0,0.0,0.0,0.0,0.0,0.0,0.0,0.0
SETBP1,,N/A,N/A,N/A,0,0,0,0,0,0.0,0.0,0.0,0.0,0.0,0.0,0.0
ZNF765,,N/A,N/A,N/A,0,0,0,0,0,0.0,0.0,0.0,0.0,0.0,0.0,0.0
MLLT1,,N/A,N/A,N/A,0,0,0,0,0,0.0,0.0,0.0,0.0,0.0,0.0,0.0
PPIG,,N/A,N/A,N/A,0,0,0,0,0,0.0,0.0,0.0,0.0,0.0,0.0,0.0
REXO1,,N/A,N/A,N/A,0,0,0,0,0,0.0,0.0,0.0,0.0,0.0,0.0,0.0
RPS6KC1,,N/A,N/A,N/A,0,0,0,0,0,0.0,0.0,0.0,0.0,0.0,0.0,0.0
NXF1,,N/A,N/A,N/A,0,0,0,0,0,0.0,0.0,0.0,0.0,0.0,0.0,0.0
ZNF513,,N/A,N/A,N/A,0,0,0,0,0,0.0,0.0,0.0,0.0,0.0,0.0,0.0
TCP11L2,,N/A,N/A,N/A,0,0,0,0,0,0.0,0.0,0.0,0.0,0.0,0.0,0.0
GLUD2,,N/A,N/A,N/A,0,0,0,0,0,0.0,0.0,0.0,0.0,0.0,0.0,0.0
NFIX,,N/A,N/A,N/A,0,0,0,0,0,0.0,0.0,0.0,0.0,0.0,0.0,0.0
SCAND1,,N/A,N/A,N/A,0,0,0,0,0,0.0,0.0,0.0,0.0,0.0,0.0,0.0
PRIMPOL,,N/A,N/A,N/A,0,0,0,0,0,0.0,0.0,0.0,0.0,0.0,0.0,0.0
PCNT,,N/A,N/A,N/A,0,0,0,0,0,0.0,0.0,0.0,0.0,0.0,0.0,0.0
CHD4,,N/A,N/A,N/A,0,0,0,0,0,0.0,0.0,0.0,0.0,0.0,0.0,0.0
NHEJ1,,N/A,N/A,N/A,0,0,0,0,0,0.0,0.0,0.0,0.0,0.0,0.0,0.0
CHMP1A,,N/A,N/A,N/A,0,0,0,0,0,0.0,0.0,0.0,0.0,0.0,0.0,0.0
SMURF2,,N/A,N/A,N/A,0,0,0,0,0,0.0,0.0,0.0,0.0,0.0,0.0,0.0
NUP93,,N/A,N/A,N/A,0,0,0,0,0,0.0,0.0,0.0,0.0,0.0,0.0,0.0
DDX54,,N/A,N/A,N/A,0,0,0,0,0,0.0,0.0,0.0,0.0,0.0,0.0,0.0
SPATA5,,N/A,N/A,N/A,0,0,0,0,0,0.0,0.0,0.0,0.0,0.0,0.0,0.0
PGGT1B,,N/A,N/A,N/A,0,0,0,0,0,0.0,0.0,0.0,0.0,0.0,0.0,0.0
DSG2,,N/A,N/A,N/A,0,0,0,0,0,0.0,0.0,0.0,0.0,0.0,0.0,0.0
RNASEH2A,,N/A,N/A,N/A,0,0,0,0,0,0.0,0.0,0.0,0.0,0.0,0.0,0.0
ROCK1,,N/A,N/A,N/A,0,0,0,0,0,0.0,0.0,0.0,0.0,0.0,0.0,0.0
KPNA1,,N/A,N/A,N/A,0,0,0,0,0,0.0,0.0,0.0,0.0,0.0,0.0,0.0
PHOSPHO2,,N/A,N/A,N/A,0,0,0,0,0,0.0,0.0,0.0,0.0,0.0,0.0,0.0
RNF215,,N/A,N/A,N/A,0,0,0,0,0,0.0,0.0,0.0,0.0,0.0,0.0,0.0
SERPINB8,,N/A,N/A,N/A,0,0,0,0,0,0.0,0.0,0.0,0.0,0.0,0.0,0.0
WDR1,,N/A,N/A,N/A,0,0,0,0,0,0.0,0.0,0.0,0.0,0.0,0.0,0.0
SETDB2,,N/A,N/A,N/A,0,0,0,0,0,0.0,0.0,0.0,0.0,0.0,0.0,0.0
CDC25C,,N/A,N/A,N/A,0,0,0,0,0,0.0,0.0,0.0,0.0,0.0,0.0,0.0
COQ5,,N/A,N/A,N/A,0,0,0,0,0,0.0,0.0,0.0,0.0,0.0,0.0,0.0
NUP62,,N/A,N/A,N/A,0,0,0,0,0,0.0,0.0,0.0,0.0,0.0,0.0,0.0
THAP9,,N/A,N/A,N/A,0,0,0,0,0,0.0,0.0,0.0,0.0,0.0,0.0,0.0
BBS10,,N/A,N/A,N/A,0,0,0,0,0,0.0,0.0,0.0,0.0,0.0,0.0,0.0
ZBTB14,,N/A,N/A,N/A,0,0,0,0,0,0.0,0.0,0.0,0.0,0.0,0.0,0.0
PHF19,,N/A,N/A,N/A,0,0,0,0,0,0.0,0.0,0.0,0.0,0.0,0.0,0.0
SOX7,,N/A,N/A,N/A,0,0,0,0,0,0.0,0.0,0.0,0.0,0.0,0.0,0.0
ARFGAP3,,N/A,N/A,N/A,0,0,0,0,0,0.0,0.0,0.0,0.0,0.0,0.0,0.0
TMEM158,,N/A,N/A,N/A,0,0,0,0,0,0.0,0.0,0.0,0.0,0.0,0.0,0.0
NDUFB2,,N/A,N/A,N/A,0,0,0,0,0,0.0,0.0,0.0,0.0,0.0,0.0,0.0
EMILIN1,,N/A,N/A,N/A,0,0,0,0,0,0.0,0.0,0.0,0.0,0.0,0.0,0.0
TRAF3IP2-AS1,,N/A,N/A,N/A,0,0,0,0,0,0.0,0.0,0.0,0.0,0.0,0.0,0.0
ZC3H13,,N/A,N/A,N/A,0,0,0,0,0,0.0,0.0,0.0,0.0,0.0,0.0,0.0
CCDC107,,N/A,N/A,N/A,0,0,0,0,0,0.0,0.0,0.0,0.0,0.0,0.0,0.0
ATP6V0B,,N/A,N/A,N/A,0,0,0,0,0,0.0,0.0,0.0,0.0,0.0,0.0,0.0
RHOB,,N/A,N/A,N/A,0,0,0,0,0,0.0,0.0,0.0,0.0,0.0,0.0,0.0
NOD1,,N/A,N/A,N/A,0,0,0,0,0,0.0,0.0,0.0,0.0,0.0,0.0,0.0
TDRD7,,N/A,N/A,N/A,0,0,0,0,0,0.0,0.0,0.0,0.0,0.0,0.0,0.0
CRADD,,N/A,N/A,N/A,0,0,0,0,0,0.0,0.0,0.0,0.0,0.0,0.0,0.0
CDC45,,N/A,N/A,N/A,0,0,0,0,0,0.0,0.0,0.0,0.0,0.0,0.0,0.0
NSD1,,N/A,N/A,N/A,0,0,0,0,0,0.0,0.0,0.0,0.0,0.0,0.0,0.0
DDX21,,N/A,N/A,N/A,0,0,0,0,0,0.0,0.0,0.0,0.0,0.0,0.0,0.0
TMEM214,,N/A,N/A,N/A,0,0,0,0,0,0.0,0.0,0.0,0.0,0.0,0.0,0.0
UNC93B1,,N/A,N/A,N/A,0,0,0,0,0,0.0,0.0,0.0,0.0,0.0,0.0,0.0
USP10,,N/A,N/A,N/A,0,0,0,0,0,0.0,0.0,0.0,0.0,0.0,0.0,0.0
CANT1,,N/A,N/A,N/A,0,0,0,0,0,0.0,0.0,0.0,0.0,0.0,0.0,0.0
RNF20,,N/A,N/A,N/A,0,0,0,0,0,0.0,0.0,0.0,0.0,0.0,0.0,0.0
STXBP6,,N/A,N/A,N/A,0,0,0,0,0,0.0,0.0,0.0,0.0,0.0,0.0,0.0
GTF2E1,,N/A,N/A,N/A,0,0,0,0,0,0.0,0.0,0.0,0.0,0.0,0.0,0.0
ZDHHC24,,N/A,N/A,N/A,0,0,0,0,0,0.0,0.0,0.0,0.0,0.0,0.0,0.0
MIR155HG,,N/A,N/A,N/A,0,0,0,0,0,0.0,0.0,0.0,0.0,0.0,0.0,0.0
ERLIN2,,N/A,N/A,N/A,0,0,0,0,0,0.0,0.0,0.0,0.0,0.0,0.0,0.0
PLCB3,,N/A,N/A,N/A,0,0,0,0,0,0.0,0.0,0.0,0.0,0.0,0.0,0.0
WDR75,,N/A,N/A,N/A,0,0,0,0,0,0.0,0.0,0.0,0.0,0.0,0.0,0.0
CKAP2L,,N/A,N/A,N/A,0,0,0,0,0,0.0,0.0,0.0,0.0,0.0,0.0,0.0
LIG4,,N/A,N/A,N/A,0,0,0,0,0,0.0,0.0,0.0,0.0,0.0,0.0,0.0
PLCG1,,N/A,N/A,N/A,0,0,0,0,0,0.0,0.0,0.0,0.0,0.0,0.0,0.0
PSMD3,,N/A,N/A,N/A,0,0,0,0,0,0.0,0.0,0.0,0.0,0.0,0.0,0.0
LMBRD2,,N/A,N/A,N/A,0,0,0,0,0,0.0,0.0,0.0,0.0,0.0,0.0,0.0
VPS25,,N/A,N/A,N/A,0,0,0,0,0,0.0,0.0,0.0,0.0,0.0,0.0,0.0
INTS12,,N/A,N/A,N/A,0,0,0,0,0,0.0,0.0,0.0,0.0,0.0,0.0,0.0
PSMB3,,N/A,N/A,N/A,0,0,0,0,0,0.0,0.0,0.0,0.0,0.0,0.0,0.0
METTL4,,N/A,N/A,N/A,0,0,0,0,0,0.0,0.0,0.0,0.0,0.0,0.0,0.0
POLE2,,N/A,N/A,N/A,0,0,0,0,0,0.0,0.0,0.0,0.0,0.0,0.0,0.0
MRS2,,N/A,N/A,N/A,0,0,0,0,0,0.0,0.0,0.0,0.0,0.0,0.0,0.0
SELENBP1,,N/A,N/A,N/A,0,0,0,0,0,0.0,0.0,0.0,0.0,0.0,0.0,0.0
CDC42BPA,,N/A,N/A,N/A,0,0,0,0,0,0.0,0.0,0.0,0.0,0.0,0.0,0.0
AKAP7,,N/A,N/A,N/A,0,0,0,0,0,0.0,0.0,0.0,0.0,0.0,0.0,0.0
TMC4,,N/A,N/A,N/A,0,0,0,0,0,0.0,0.0,0.0,0.0,0.0,0.0,0.0
ICA1,,N/A,N/A,N/A,0,0,0,0,0,0.0,0.0,0.0,0.0,0.0,0.0,0.0
NSA2,,N/A,N/A,N/A,0,0,0,0,0,0.0,0.0,0.0,0.0,0.0,0.0,0.0
DLGAP1,,N/A,N/A,N/A,0,0,0,0,0,0.0,0.0,0.0,0.0,0.0,0.0,0.0
FAM193B,,N/A,N/A,N/A,0,0,0,0,0,0.0,0.0,0.0,0.0,0.0,0.0,0.0
C12orf4,,N/A,N/A,N/A,0,0,0,0,0,0.0,0.0,0.0,0.0,0.0,0.0,0.0
CCZ1B,,N/A,N/A,N/A,0,0,0,0,0,0.0,0.0,0.0,0.0,0.0,0.0,0.0
PRAF2,,N/A,N/A,N/A,0,0,0,0,0,0.0,0.0,0.0,0.0,0.0,0.0,0.0
PTRH1,,N/A,N/A,N/A,0,0,0,0,0,0.0,0.0,0.0,0.0,0.0,0.0,0.0
RCAN3,,N/A,N/A,N/A,0,0,0,0,0,0.0,0.0,0.0,0.0,0.0,0.0,0.0
SIPA1L3,,N/A,N/A,N/A,0,0,0,0,0,0.0,0.0,0.0,0.0,0.0,0.0,0.0
INPP1,,N/A,N/A,N/A,0,0,0,0,0,0.0,0.0,0.0,0.0,0.0,0.0,0.0
PRMT6,,N/A,N/A,N/A,0,0,0,0,0,0.0,0.0,0.0,0.0,0.0,0.0,0.0
B4GALT7,,N/A,N/A,N/A,0,0,0,0,0,0.0,0.0,0.0,0.0,0.0,0.0,0.0
RALB,,N/A,N/A,N/A,0,0,0,0,0,0.0,0.0,0.0,0.0,0.0,0.0,0.0
ZFAT,,N/A,N/A,N/A,0,0,0,0,0,0.0,0.0,0.0,0.0,0.0,0.0,0.0
PIP4K2B,,N/A,N/A,N/A,0,0,0,0,0,0.0,0.0,0.0,0.0,0.0,0.0,0.0
PIGG,,N/A,N/A,N/A,0,0,0,0,0,0.0,0.0,0.0,0.0,0.0,0.0,0.0
SF3A2,,N/A,N/A,N/A,0,0,0,0,0,0.0,0.0,0.0,0.0,0.0,0.0,0.0
NUTF2,,N/A,N/A,N/A,0,0,0,0,0,0.0,0.0,0.0,0.0,0.0,0.0,0.0
GOLGA7,,N/A,N/A,N/A,0,0,0,0,0,0.0,0.0,0.0,0.0,0.0,0.0,0.0
SLC24A1,,N/A,N/A,N/A,0,0,0,0,0,0.0,0.0,0.0,0.0,0.0,0.0,0.0
TRMT11,,N/A,N/A,N/A,0,0,0,0,0,0.0,0.0,0.0,0.0,0.0,0.0,0.0
NUDT4,,N/A,N/A,N/A,0,0,0,0,0,0.0,0.0,0.0,0.0,0.0,0.0,0.0
MRPL33,,N/A,N/A,N/A,0,0,0,0,0,0.0,0.0,0.0,0.0,0.0,0.0,0.0
SMCR5,,N/A,N/A,N/A,0,0,0,0,0,0.0,0.0,0.0,0.0,0.0,0.0,0.0
ZCCHC8,,N/A,N/A,N/A,0,0,0,0,0,0.0,0.0,0.0,0.0,0.0,0.0,0.0
ACER3,,N/A,N/A,N/A,0,0,0,0,0,0.0,0.0,0.0,0.0,0.0,0.0,0.0
SNRPD2,,N/A,N/A,N/A,0,0,0,0,0,0.0,0.0,0.0,0.0,0.0,0.0,0.0
UBALD2,,N/A,N/A,N/A,0,0,0,0,0,0.0,0.0,0.0,0.0,0.0,0.0,0.0
HIVEP1,,N/A,N/A,N/A,0,0,0,0,0,0.0,0.0,0.0,0.0,0.0,0.0,0.0
GPRC5A,,N/A,N/A,N/A,0,0,0,0,0,0.0,0.0,0.0,0.0,0.0,0.0,0.0
ID3,,N/A,N/A,N/A,0,0,0,0,0,0.0,0.0,0.0,0.0,0.0,0.0,0.0
GLUL,,N/A,N/A,N/A,0,0,0,0,0,0.0,0.0,0.0,0.0,0.0,0.0,0.0
SH3PXD2B,,N/A,N/A,N/A,0,0,0,0,0,0.0,0.0,0.0,0.0,0.0,0.0,0.0
PI4KA,,N/A,N/A,N/A,0,0,0,0,0,0.0,0.0,0.0,0.0,0.0,0.0,0.0
MCM7,,N/A,N/A,N/A,0,0,0,0,0,0.0,0.0,0.0,0.0,0.0,0.0,0.0
SAFB2,,N/A,N/A,N/A,0,0,0,0,0,0.0,0.0,0.0,0.0,0.0,0.0,0.0
STON1,,N/A,N/A,N/A,0,0,0,0,0,0.0,0.0,0.0,0.0,0.0,0.0,0.0
CYC1,,N/A,N/A,N/A,0,0,0,0,0,0.0,0.0,0.0,0.0,0.0,0.0,0.0
TVP23B,,N/A,N/A,N/A,0,0,0,0,0,0.0,0.0,0.0,0.0,0.0,0.0,0.0
CRYZ,,N/A,N/A,N/A,0,0,0,0,0,0.0,0.0,0.0,0.0,0.0,0.0,0.0
ATF6B,,N/A,N/A,N/A,0,0,0,0,0,0.0,0.0,0.0,0.0,0.0,0.0,0.0
ZYX,,N/A,N/A,N/A,0,0,0,0,0,0.0,0.0,0.0,0.0,0.0,0.0,0.0
MED8,,N/A,N/A,N/A,0,0,0,0,0,0.0,0.0,0.0,0.0,0.0,0.0,0.0
KBTBD6,,N/A,N/A,N/A,0,0,0,0,0,0.0,0.0,0.0,0.0,0.0,0.0,0.0
CHRNE,,N/A,N/A,N/A,0,0,0,0,0,0.0,0.0,0.0,0.0,0.0,0.0,0.0
TRIM35,,N/A,N/A,N/A,0,0,0,0,0,0.0,0.0,0.0,0.0,0.0,0.0,0.0
ZNF674,,N/A,N/A,N/A,0,0,0,0,0,0.0,0.0,0.0,0.0,0.0,0.0,0.0
NAGPA,,N/A,N/A,N/A,0,0,0,0,0,0.0,0.0,0.0,0.0,0.0,0.0,0.0
B3GALT6,,N/A,N/A,N/A,0,0,0,0,0,0.0,0.0,0.0,0.0,0.0,0.0,0.0
SGCD,,N/A,N/A,N/A,0,0,0,0,0,0.0,0.0,0.0,0.0,0.0,0.0,0.0
DCTN3,,N/A,N/A,N/A,0,0,0,0,0,0.0,0.0,0.0,0.0,0.0,0.0,0.0
PAQR4,,N/A,N/A,N/A,0,0,0,0,0,0.0,0.0,0.0,0.0,0.0,0.0,0.0
AVL9,,N/A,N/A,N/A,0,0,0,0,0,0.0,0.0,0.0,0.0,0.0,0.0,0.0
FBLIM1,,N/A,N/A,N/A,0,0,0,0,0,0.0,0.0,0.0,0.0,0.0,0.0,0.0
MSL3,,N/A,N/A,N/A,0,0,0,0,0,0.0,0.0,0.0,0.0,0.0,0.0,0.0
TRIB1,,N/A,N/A,N/A,0,0,0,0,0,0.0,0.0,0.0,0.0,0.0,0.0,0.0
RPS23,,N/A,N/A,N/A,0,0,0,0,0,0.0,0.0,0.0,0.0,0.0,0.0,0.0
TRPT1,,N/A,N/A,N/A,0,0,0,0,0,0.0,0.0,0.0,0.0,0.0,0.0,0.0
GLE1,,N/A,N/A,N/A,0,0,0,0,0,0.0,0.0,0.0,0.0,0.0,0.0,0.0
CORO1B,,N/A,N/A,N/A,0,0,0,0,0,0.0,0.0,0.0,0.0,0.0,0.0,0.0
TBC1D19,,N/A,N/A,N/A,0,0,0,0,0,0.0,0.0,0.0,0.0,0.0,0.0,0.0
NUBP1,,N/A,N/A,N/A,0,0,0,0,0,0.0,0.0,0.0,0.0,0.0,0.0,0.0
ZNF574,,N/A,N/A,N/A,0,0,0,0,0,0.0,0.0,0.0,0.0,0.0,0.0,0.0
EEFSEC,,N/A,N/A,N/A,0,0,0,0,0,0.0,0.0,0.0,0.0,0.0,0.0,0.0
TBC1D7,,N/A,N/A,N/A,0,0,0,0,0,0.0,0.0,0.0,0.0,0.0,0.0,0.0
INPP5B,,N/A,N/A,N/A,0,0,0,0,0,0.0,0.0,0.0,0.0,0.0,0.0,0.0
COX19,,N/A,N/A,N/A,0,0,0,0,0,0.0,0.0,0.0,0.0,0.0,0.0,0.0
SPIN3,,N/A,N/A,N/A,0,0,0,0,0,0.0,0.0,0.0,0.0,0.0,0.0,0.0
ARAP1,,N/A,N/A,N/A,0,0,0,0,0,0.0,0.0,0.0,0.0,0.0,0.0,0.0
ZNF576,,N/A,N/A,N/A,0,0,0,0,0,0.0,0.0,0.0,0.0,0.0,0.0,0.0
ULK3,,N/A,N/A,N/A,0,0,0,0,0,0.0,0.0,0.0,0.0,0.0,0.0,0.0
TPGS1,,N/A,N/A,N/A,0,0,0,0,0,0.0,0.0,0.0,0.0,0.0,0.0,0.0
KDM2A,,N/A,N/A,N/A,0,0,0,0,0,0.0,0.0,0.0,0.0,0.0,0.0,0.0
IRF2BPL,,N/A,N/A,N/A,0,0,0,0,0,0.0,0.0,0.0,0.0,0.0,0.0,0.0
SERP1,,N/A,N/A,N/A,0,0,0,0,0,0.0,0.0,0.0,0.0,0.0,0.0,0.0
COG2,,N/A,N/A,N/A,0,0,0,0,0,0.0,0.0,0.0,0.0,0.0,0.0,0.0
SMDT1,,N/A,N/A,N/A,0,0,0,0,0,0.0,0.0,0.0,0.0,0.0,0.0,0.0
SNRNP48,,N/A,N/A,N/A,0,0,0,0,0,0.0,0.0,0.0,0.0,0.0,0.0,0.0
ELL2,,N/A,N/A,N/A,0,0,0,0,0,0.0,0.0,0.0,0.0,0.0,0.0,0.0
NUDCD3,,N/A,N/A,N/A,0,0,0,0,0,0.0,0.0,0.0,0.0,0.0,0.0,0.0
TMEM177,,N/A,N/A,N/A,0,0,0,0,0,0.0,0.0,0.0,0.0,0.0,0.0,0.0
OGFOD2,,N/A,N/A,N/A,0,0,0,0,0,0.0,0.0,0.0,0.0,0.0,0.0,0.0
ARHGAP27,,N/A,N/A,N/A,0,0,0,0,0,0.0,0.0,0.0,0.0,0.0,0.0,0.0
CCDC148,,N/A,N/A,N/A,0,0,0,0,0,0.0,0.0,0.0,0.0,0.0,0.0,0.0
RPS28,,N/A,N/A,N/A,0,0,0,0,0,0.0,0.0,0.0,0.0,0.0,0.0,0.0
RRP36,,N/A,N/A,N/A,0,0,0,0,0,0.0,0.0,0.0,0.0,0.0,0.0,0.0
NIPSNAP3B,,N/A,N/A,N/A,0,0,0,0,0,0.0,0.0,0.0,0.0,0.0,0.0,0.0
RUSC2,,N/A,N/A,N/A,0,0,0,0,0,0.0,0.0,0.0,0.0,0.0,0.0,0.0
FBXO28,,N/A,N/A,N/A,0,0,0,0,0,0.0,0.0,0.0,0.0,0.0,0.0,0.0
MSMO1,,N/A,N/A,N/A,0,0,0,0,0,0.0,0.0,0.0,0.0,0.0,0.0,0.0
MXRA7,,N/A,N/A,N/A,0,0,0,0,0,0.0,0.0,0.0,0.0,0.0,0.0,0.0
RPAP2,,N/A,N/A,N/A,0,0,0,0,0,0.0,0.0,0.0,0.0,0.0,0.0,0.0
YTHDC2,,N/A,N/A,N/A,0,0,0,0,0,0.0,0.0,0.0,0.0,0.0,0.0,0.0
KCNK12,,N/A,N/A,N/A,0,0,0,0,0,0.0,0.0,0.0,0.0,0.0,0.0,0.0
C4orf47,,N/A,N/A,N/A,0,0,0,0,0,0.0,0.0,0.0,0.0,0.0,0.0,0.0
IL24,,N/A,N/A,N/A,0,0,0,0,0,0.0,0.0,0.0,0.0,0.0,0.0,0.0
DGUOK,,N/A,N/A,N/A,0,0,0,0,0,0.0,0.0,0.0,0.0,0.0,0.0,0.0
NSUN3,,N/A,N/A,N/A,0,0,0,0,0,0.0,0.0,0.0,0.0,0.0,0.0,0.0
CNIH1,,N/A,N/A,N/A,0,0,0,0,0,0.0,0.0,0.0,0.0,0.0,0.0,0.0
ANKRD7,,N/A,N/A,N/A,0,0,0,0,0,0.0,0.0,0.0,0.0,0.0,0.0,0.0
ANO6,,N/A,N/A,N/A,0,0,0,0,0,0.0,0.0,0.0,0.0,0.0,0.0,0.0
BLOC1S1,,N/A,N/A,N/A,0,0,0,0,0,0.0,0.0,0.0,0.0,0.0,0.0,0.0
LY6G5B,,N/A,N/A,N/A,0,0,0,0,0,0.0,0.0,0.0,0.0,0.0,0.0,0.0
RGP1,,N/A,N/A,N/A,0,0,0,0,0,0.0,0.0,0.0,0.0,0.0,0.0,0.0
COL6A1,,N/A,N/A,N/A,0,0,0,0,0,0.0,0.0,0.0,0.0,0.0,0.0,0.0
LIN37,,N/A,N/A,N/A,0,0,0,0,0,0.0,0.0,0.0,0.0,0.0,0.0,0.0
RAB23,,N/A,N/A,N/A,0,0,0,0,0,0.0,0.0,0.0,0.0,0.0,0.0,0.0
PEX13,,N/A,N/A,N/A,0,0,0,0,0,0.0,0.0,0.0,0.0,0.0,0.0,0.0
UTP20,,N/A,N/A,N/A,0,0,0,0,0,0.0,0.0,0.0,0.0,0.0,0.0,0.0
NCAPG,,N/A,N/A,N/A,0,0,0,0,0,0.0,0.0,0.0,0.0,0.0,0.0,0.0
SMU1,,N/A,N/A,N/A,0,0,0,0,0,0.0,0.0,0.0,0.0,0.0,0.0,0.0
MTHFS,,N/A,N/A,N/A,0,0,0,0,0,0.0,0.0,0.0,0.0,0.0,0.0,0.0
SDK2,,N/A,N/A,N/A,0,0,0,0,0,0.0,0.0,0.0,0.0,0.0,0.0,0.0
RSRC2,,N/A,N/A,N/A,0,0,0,0,0,0.0,0.0,0.0,0.0,0.0,0.0,0.0
NCOA6,,N/A,N/A,N/A,0,0,0,0,0,0.0,0.0,0.0,0.0,0.0,0.0,0.0
LHPP,,N/A,N/A,N/A,0,0,0,0,0,0.0,0.0,0.0,0.0,0.0,0.0,0.0
DPP8,,N/A,N/A,N/A,0,0,0,0,0,0.0,0.0,0.0,0.0,0.0,0.0,0.0
MIS18A,,N/A,N/A,N/A,0,0,0,0,0,0.0,0.0,0.0,0.0,0.0,0.0,0.0
KHSRP,,N/A,N/A,N/A,0,0,0,0,0,0.0,0.0,0.0,0.0,0.0,0.0,0.0
PDE12,,N/A,N/A,N/A,0,0,0,0,0,0.0,0.0,0.0,0.0,0.0,0.0,0.0
CDC42EP5,,N/A,N/A,N/A,0,0,0,0,0,0.0,0.0,0.0,0.0,0.0,0.0,0.0
EIF3J,,N/A,N/A,N/A,0,0,0,0,0,0.0,0.0,0.0,0.0,0.0,0.0,0.0
FCRLA,,N/A,N/A,N/A,0,0,0,0,0,0.0,0.0,0.0,0.0,0.0,0.0,0.0
SH3RF1,,N/A,N/A,N/A,0,0,0,0,0,0.0,0.0,0.0,0.0,0.0,0.0,0.0
RNF166,,N/A,N/A,N/A,0,0,0,0,0,0.0,0.0,0.0,0.0,0.0,0.0,0.0
C6orf132,,N/A,N/A,N/A,0,0,0,0,0,0.0,0.0,0.0,0.0,0.0,0.0,0.0
CHD6,,N/A,N/A,N/A,0,0,0,0,0,0.0,0.0,0.0,0.0,0.0,0.0,0.0
NPTN,,N/A,N/A,N/A,0,0,0,0,0,0.0,0.0,0.0,0.0,0.0,0.0,0.0
HEATR6,,N/A,N/A,N/A,0,0,0,0,0,0.0,0.0,0.0,0.0,0.0,0.0,0.0
TMEM219,,N/A,N/A,N/A,0,0,0,0,0,0.0,0.0,0.0,0.0,0.0,0.0,0.0
PFDN6,,N/A,N/A,N/A,0,0,0,0,0,0.0,0.0,0.0,0.0,0.0,0.0,0.0
SPOPL,,N/A,N/A,N/A,0,0,0,0,0,0.0,0.0,0.0,0.0,0.0,0.0,0.0
NUP153,,N/A,N/A,N/A,0,0,0,0,0,0.0,0.0,0.0,0.0,0.0,0.0,0.0
TOP3A,,N/A,N/A,N/A,0,0,0,0,0,0.0,0.0,0.0,0.0,0.0,0.0,0.0
CCDC88C,,N/A,N/A,N/A,0,0,0,0,0,0.0,0.0,0.0,0.0,0.0,0.0,0.0
CLUH,,N/A,N/A,N/A,0,0,0,0,0,0.0,0.0,0.0,0.0,0.0,0.0,0.0
SAP30L,,N/A,N/A,N/A,0,0,0,0,0,0.0,0.0,0.0,0.0,0.0,0.0,0.0
CD302,,N/A,N/A,N/A,0,0,0,0,0,0.0,0.0,0.0,0.0,0.0,0.0,0.0
SMIM13,,N/A,N/A,N/A,0,0,0,0,0,0.0,0.0,0.0,0.0,0.0,0.0,0.0
NPM3,,N/A,N/A,N/A,0,0,0,0,0,0.0,0.0,0.0,0.0,0.0,0.0,0.0
KCNMB4,,N/A,N/A,N/A,0,0,0,0,0,0.0,0.0,0.0,0.0,0.0,0.0,0.0
OXSM,,N/A,N/A,N/A,0,0,0,0,0,0.0,0.0,0.0,0.0,0.0,0.0,0.0
SORBS3,,N/A,N/A,N/A,0,0,0,0,0,0.0,0.0,0.0,0.0,0.0,0.0,0.0
TMTC3,,N/A,N/A,N/A,0,0,0,0,0,0.0,0.0,0.0,0.0,0.0,0.0,0.0
SLC35B4,,N/A,N/A,N/A,0,0,0,0,0,0.0,0.0,0.0,0.0,0.0,0.0,0.0
TSACC,,N/A,N/A,N/A,0,0,0,0,0,0.0,0.0,0.0,0.0,0.0,0.0,0.0
PRKCH,,N/A,N/A,N/A,0,0,0,0,0,0.0,0.0,0.0,0.0,0.0,0.0,0.0
MADCAM1,,N/A,N/A,N/A,0,0,0,0,0,0.0,0.0,0.0,0.0,0.0,0.0,0.0
RFC3,,N/A,N/A,N/A,0,0,0,0,0,0.0,0.0,0.0,0.0,0.0,0.0,0.0
CYB561D1,,N/A,N/A,N/A,0,0,0,0,0,0.0,0.0,0.0,0.0,0.0,0.0,0.0
CNRIP1,,N/A,N/A,N/A,0,0,0,0,0,0.0,0.0,0.0,0.0,0.0,0.0,0.0
RIN2,,N/A,N/A,N/A,0,0,0,0,0,0.0,0.0,0.0,0.0,0.0,0.0,0.0
CPSF6,,N/A,N/A,N/A,0,0,0,0,0,0.0,0.0,0.0,0.0,0.0,0.0,0.0
CETN2,,N/A,N/A,N/A,0,0,0,0,0,0.0,0.0,0.0,0.0,0.0,0.0,0.0
RPL39,,N/A,N/A,N/A,0,0,0,0,0,0.0,0.0,0.0,0.0,0.0,0.0,0.0
PIGU,,N/A,N/A,N/A,0,0,0,0,0,0.0,0.0,0.0,0.0,0.0,0.0,0.0
ARHGAP8,,N/A,N/A,N/A,0,0,0,0,0,0.0,0.0,0.0,0.0,0.0,0.0,0.0
NUDT22,,N/A,N/A,N/A,0,0,0,0,0,0.0,0.0,0.0,0.0,0.0,0.0,0.0
ZNF322,,N/A,N/A,N/A,0,0,0,0,0,0.0,0.0,0.0,0.0,0.0,0.0,0.0
THAP5,,N/A,N/A,N/A,0,0,0,0,0,0.0,0.0,0.0,0.0,0.0,0.0,0.0
OPHN1,,N/A,N/A,N/A,0,0,0,0,0,0.0,0.0,0.0,0.0,0.0,0.0,0.0
ZNF236,,N/A,N/A,N/A,0,0,0,0,0,0.0,0.0,0.0,0.0,0.0,0.0,0.0
SNRNP200,,N/A,N/A,N/A,0,0,0,0,0,0.0,0.0,0.0,0.0,0.0,0.0,0.0
MAGEF1,,N/A,N/A,N/A,0,0,0,0,0,0.0,0.0,0.0,0.0,0.0,0.0,0.0
MON1A,,N/A,N/A,N/A,0,0,0,0,0,0.0,0.0,0.0,0.0,0.0,0.0,0.0
NBPF14,,N/A,N/A,N/A,0,0,0,0,0,0.0,0.0,0.0,0.0,0.0,0.0,0.0
CDHR1,,N/A,N/A,N/A,0,0,0,0,0,0.0,0.0,0.0,0.0,0.0,0.0,0.0
GRAMD1A,,N/A,N/A,N/A,0,0,0,0,0,0.0,0.0,0.0,0.0,0.0,0.0,0.0
DMXL1,,N/A,N/A,N/A,0,0,0,0,0,0.0,0.0,0.0,0.0,0.0,0.0,0.0
INTS8,,N/A,N/A,N/A,0,0,0,0,0,0.0,0.0,0.0,0.0,0.0,0.0,0.0
ZNF75D,,N/A,N/A,N/A,0,0,0,0,0,0.0,0.0,0.0,0.0,0.0,0.0,0.0
ASB16-AS1,,N/A,N/A,N/A,0,0,0,0,0,0.0,0.0,0.0,0.0,0.0,0.0,0.0
ZFAND1,,N/A,N/A,N/A,0,0,0,0,0,0.0,0.0,0.0,0.0,0.0,0.0,0.0
GDPD1,,N/A,N/A,N/A,0,0,0,0,0,0.0,0.0,0.0,0.0,0.0,0.0,0.0
RFESD,,N/A,N/A,N/A,0,0,0,0,0,0.0,0.0,0.0,0.0,0.0,0.0,0.0
SH3RF2,,N/A,N/A,N/A,0,0,0,0,0,0.0,0.0,0.0,0.0,0.0,0.0,0.0
RBM26,,N/A,N/A,N/A,0,0,0,0,0,0.0,0.0,0.0,0.0,0.0,0.0,0.0
ZC3H15,,N/A,N/A,N/A,0,0,0,0,0,0.0,0.0,0.0,0.0,0.0,0.0,0.0
MIOS,,N/A,N/A,N/A,0,0,0,0,0,0.0,0.0,0.0,0.0,0.0,0.0,0.0
DDX50,,N/A,N/A,N/A,0,0,0,0,0,0.0,0.0,0.0,0.0,0.0,0.0,0.0
ZCCHC24,,N/A,N/A,N/A,0,0,0,0,0,0.0,0.0,0.0,0.0,0.0,0.0,0.0
ACTR3,,N/A,N/A,N/A,0,0,0,0,0,0.0,0.0,0.0,0.0,0.0,0.0,0.0
TNKS2,,N/A,N/A,N/A,0,0,0,0,0,0.0,0.0,0.0,0.0,0.0,0.0,0.0
L3MBTL3,,N/A,N/A,N/A,0,0,0,0,0,0.0,0.0,0.0,0.0,0.0,0.0,0.0
SUPT4H1,,N/A,N/A,N/A,0,0,0,0,0,0.0,0.0,0.0,0.0,0.0,0.0,0.0
RHOT2,,N/A,N/A,N/A,0,0,0,0,0,0.0,0.0,0.0,0.0,0.0,0.0,0.0
KLF9,,N/A,N/A,N/A,0,0,0,0,0,0.0,0.0,0.0,0.0,0.0,0.0,0.0
CHORDC1,,N/A,N/A,N/A,0,0,0,0,0,0.0,0.0,0.0,0.0,0.0,0.0,0.0
PRR14L,,N/A,N/A,N/A,0,0,0,0,0,0.0,0.0,0.0,0.0,0.0,0.0,0.0
SCML1,,N/A,N/A,N/A,0,0,0,0,0,0.0,0.0,0.0,0.0,0.0,0.0,0.0
CLMN,,N/A,N/A,N/A,0,0,0,0,0,0.0,0.0,0.0,0.0,0.0,0.0,0.0
SH3BGRL,,N/A,N/A,N/A,0,0,0,0,0,0.0,0.0,0.0,0.0,0.0,0.0,0.0
SMNDC1,,N/A,N/A,N/A,0,0,0,0,0,0.0,0.0,0.0,0.0,0.0,0.0,0.0
TIMM9,,N/A,N/A,N/A,0,0,0,0,0,0.0,0.0,0.0,0.0,0.0,0.0,0.0
PIAS2,,N/A,N/A,N/A,0,0,0,0,0,0.0,0.0,0.0,0.0,0.0,0.0,0.0
CCDC86,,N/A,N/A,N/A,0,0,0,0,0,0.0,0.0,0.0,0.0,0.0,0.0,0.0
GABARAPL2,,N/A,N/A,N/A,0,0,0,0,0,0.0,0.0,0.0,0.0,0.0,0.0,0.0
BBS1,,N/A,N/A,N/A,0,0,0,0,0,0.0,0.0,0.0,0.0,0.0,0.0,0.0
AKT1S1,,N/A,N/A,N/A,0,0,0,0,0,0.0,0.0,0.0,0.0,0.0,0.0,0.0
N4BP2L1,,N/A,N/A,N/A,0,0,0,0,0,0.0,0.0,0.0,0.0,0.0,0.0,0.0
PIGW,,N/A,N/A,N/A,0,0,0,0,0,0.0,0.0,0.0,0.0,0.0,0.0,0.0
PGBD2,,N/A,N/A,N/A,0,0,0,0,0,0.0,0.0,0.0,0.0,0.0,0.0,0.0
HNRNPAB,,N/A,N/A,N/A,0,0,0,0,0,0.0,0.0,0.0,0.0,0.0,0.0,0.0
RPS27,,N/A,N/A,N/A,0,0,0,0,0,0.0,0.0,0.0,0.0,0.0,0.0,0.0
TSPAN7,,N/A,N/A,N/A,0,0,0,0,0,0.0,0.0,0.0,0.0,0.0,0.0,0.0
ACAT2,,N/A,N/A,N/A,0,0,0,0,0,0.0,0.0,0.0,0.0,0.0,0.0,0.0
NPEPL1,,N/A,N/A,N/A,0,0,0,0,0,0.0,0.0,0.0,0.0,0.0,0.0,0.0
OSBPL7,,N/A,N/A,N/A,0,0,0,0,0,0.0,0.0,0.0,0.0,0.0,0.0,0.0
GYS1,,N/A,N/A,N/A,0,0,0,0,0,0.0,0.0,0.0,0.0,0.0,0.0,0.0
ZNF430,,N/A,N/A,N/A,0,0,0,0,0,0.0,0.0,0.0,0.0,0.0,0.0,0.0
MED27,,N/A,N/A,N/A,0,0,0,0,0,0.0,0.0,0.0,0.0,0.0,0.0,0.0
MED7,,N/A,N/A,N/A,0,0,0,0,0,0.0,0.0,0.0,0.0,0.0,0.0,0.0
MRPS6,,N/A,N/A,N/A,0,0,0,0,0,0.0,0.0,0.0,0.0,0.0,0.0,0.0
PIGQ,,N/A,N/A,N/A,0,0,0,0,0,0.0,0.0,0.0,0.0,0.0,0.0,0.0
FAM83D,,N/A,N/A,N/A,0,0,0,0,0,0.0,0.0,0.0,0.0,0.0,0.0,0.0
GTF3C5,,N/A,N/A,N/A,0,0,0,0,0,0.0,0.0,0.0,0.0,0.0,0.0,0.0
CTU2,,N/A,N/A,N/A,0,0,0,0,0,0.0,0.0,0.0,0.0,0.0,0.0,0.0
SAR1B,,N/A,N/A,N/A,0,0,0,0,0,0.0,0.0,0.0,0.0,0.0,0.0,0.0
ATP6V0A1,,N/A,N/A,N/A,0,0,0,0,0,0.0,0.0,0.0,0.0,0.0,0.0,0.0
PCSK7,,N/A,N/A,N/A,0,0,0,0,0,0.0,0.0,0.0,0.0,0.0,0.0,0.0
ZKSCAN5,,N/A,N/A,N/A,0,0,0,0,0,0.0,0.0,0.0,0.0,0.0,0.0,0.0
BIN1,,N/A,N/A,N/A,0,0,0,0,0,0.0,0.0,0.0,0.0,0.0,0.0,0.0
GBP2,,N/A,N/A,N/A,0,0,0,0,0,0.0,0.0,0.0,0.0,0.0,0.0,0.0
LRRC2,,N/A,N/A,N/A,0,0,0,0,0,0.0,0.0,0.0,0.0,0.0,0.0,0.0
SDF2L1,,N/A,N/A,N/A,0,0,0,0,0,0.0,0.0,0.0,0.0,0.0,0.0,0.0
CRLF1,,N/A,N/A,N/A,0,0,0,0,0,0.0,0.0,0.0,0.0,0.0,0.0,0.0
FXYD1,,N/A,N/A,N/A,0,0,0,0,0,0.0,0.0,0.0,0.0,0.0,0.0,0.0
SLC26A2,,N/A,N/A,N/A,0,0,0,0,0,0.0,0.0,0.0,0.0,0.0,0.0,0.0
UBE2T,,N/A,N/A,N/A,0,0,0,0,0,0.0,0.0,0.0,0.0,0.0,0.0,0.0
PTRH2,,N/A,N/A,N/A,0,0,0,0,0,0.0,0.0,0.0,0.0,0.0,0.0,0.0
PNRC1,,N/A,N/A,N/A,0,0,0,0,0,0.0,0.0,0.0,0.0,0.0,0.0,0.0
POLRMT,,N/A,N/A,N/A,0,0,0,0,0,0.0,0.0,0.0,0.0,0.0,0.0,0.0
ERLEC1,,N/A,N/A,N/A,0,0,0,0,0,0.0,0.0,0.0,0.0,0.0,0.0,0.0
RELB,,N/A,N/A,N/A,0,0,0,0,0,0.0,0.0,0.0,0.0,0.0,0.0,0.0
ZC3H14,,N/A,N/A,N/A,0,0,0,0,0,0.0,0.0,0.0,0.0,0.0,0.0,0.0
ETNK2,,N/A,N/A,N/A,0,0,0,0,0,0.0,0.0,0.0,0.0,0.0,0.0,0.0
CKLF,,N/A,N/A,N/A,0,0,0,0,0,0.0,0.0,0.0,0.0,0.0,0.0,0.0
TP73,,N/A,N/A,N/A,0,0,0,0,0,0.0,0.0,0.0,0.0,0.0,0.0,0.0
FKBP7,,N/A,N/A,N/A,0,0,0,0,0,0.0,0.0,0.0,0.0,0.0,0.0,0.0
SETDB1,,N/A,N/A,N/A,0,0,0,0,0,0.0,0.0,0.0,0.0,0.0,0.0,0.0
ZDBF2,,N/A,N/A,N/A,0,0,0,0,0,0.0,0.0,0.0,0.0,0.0,0.0,0.0
TIPARP,,N/A,N/A,N/A,0,0,0,0,0,0.0,0.0,0.0,0.0,0.0,0.0,0.0
MTIF3,,N/A,N/A,N/A,0,0,0,0,0,0.0,0.0,0.0,0.0,0.0,0.0,0.0
CD2AP,,N/A,N/A,N/A,0,0,0,0,0,0.0,0.0,0.0,0.0,0.0,0.0,0.0
LINC01088,,N/A,N/A,N/A,0,0,0,0,0,0.0,0.0,0.0,0.0,0.0,0.0,0.0
UCHL3,,N/A,N/A,N/A,0,0,0,0,0,0.0,0.0,0.0,0.0,0.0,0.0,0.0
ATG12,,N/A,N/A,N/A,0,0,0,0,0,0.0,0.0,0.0,0.0,0.0,0.0,0.0
TMEM14B,,N/A,N/A,N/A,0,0,0,0,0,0.0,0.0,0.0,0.0,0.0,0.0,0.0
ATP10D,,N/A,N/A,N/A,0,0,0,0,0,0.0,0.0,0.0,0.0,0.0,0.0,0.0
ZNF143,,N/A,N/A,N/A,0,0,0,0,0,0.0,0.0,0.0,0.0,0.0,0.0,0.0
CMTR2,,N/A,N/A,N/A,0,0,0,0,0,0.0,0.0,0.0,0.0,0.0,0.0,0.0
GRPEL2,,N/A,N/A,N/A,0,0,0,0,0,0.0,0.0,0.0,0.0,0.0,0.0,0.0
RPA3,,N/A,N/A,N/A,0,0,0,0,0,0.0,0.0,0.0,0.0,0.0,0.0,0.0
EPHB3,,N/A,N/A,N/A,0,0,0,0,0,0.0,0.0,0.0,0.0,0.0,0.0,0.0
TNKS1BP1,,N/A,N/A,N/A,0,0,0,0,0,0.0,0.0,0.0,0.0,0.0,0.0,0.0
PBRM1,,N/A,N/A,N/A,0,0,0,0,0,0.0,0.0,0.0,0.0,0.0,0.0,0.0
ERAL1,,N/A,N/A,N/A,0,0,0,0,0,0.0,0.0,0.0,0.0,0.0,0.0,0.0
ACTG1,,N/A,N/A,N/A,0,0,0,0,0,0.0,0.0,0.0,0.0,0.0,0.0,0.0
SERINC1,,N/A,N/A,N/A,0,0,0,0,0,0.0,0.0,0.0,0.0,0.0,0.0,0.0
CA8,,N/A,N/A,N/A,0,0,0,0,0,0.0,0.0,0.0,0.0,0.0,0.0,0.0
TLK2,,N/A,N/A,N/A,0,0,0,0,0,0.0,0.0,0.0,0.0,0.0,0.0,0.0
SMYD3,,N/A,N/A,N/A,0,0,0,0,0,0.0,0.0,0.0,0.0,0.0,0.0,0.0
RNASEH1,,N/A,N/A,N/A,0,0,0,0,0,0.0,0.0,0.0,0.0,0.0,0.0,0.0
PSPH,,N/A,N/A,N/A,0,0,0,0,0,0.0,0.0,0.0,0.0,0.0,0.0,0.0
BCOR,,N/A,N/A,N/A,0,0,0,0,0,0.0,0.0,0.0,0.0,0.0,0.0,0.0
ELP5,,N/A,N/A,N/A,0,0,0,0,0,0.0,0.0,0.0,0.0,0.0,0.0,0.0
SAT2,,N/A,N/A,N/A,0,0,0,0,0,0.0,0.0,0.0,0.0,0.0,0.0,0.0
AQP9,,N/A,N/A,N/A,0,0,0,0,0,0.0,0.0,0.0,0.0,0.0,0.0,0.0
KLHL20,,N/A,N/A,N/A,0,0,0,0,0,0.0,0.0,0.0,0.0,0.0,0.0,0.0
COL9A3,,N/A,N/A,N/A,0,0,0,0,0,0.0,0.0,0.0,0.0,0.0,0.0,0.0
ZBED3,,N/A,N/A,N/A,0,0,0,0,0,0.0,0.0,0.0,0.0,0.0,0.0,0.0
SLC5A10,,N/A,N/A,N/A,0,0,0,0,0,0.0,0.0,0.0,0.0,0.0,0.0,0.0
EXOC2,,N/A,N/A,N/A,0,0,0,0,0,0.0,0.0,0.0,0.0,0.0,0.0,0.0
PPP1R15B,,N/A,N/A,N/A,0,0,0,0,0,0.0,0.0,0.0,0.0,0.0,0.0,0.0
PLEKHO1,,N/A,N/A,N/A,0,0,0,0,0,0.0,0.0,0.0,0.0,0.0,0.0,0.0
ENOPH1,,N/A,N/A,N/A,0,0,0,0,0,0.0,0.0,0.0,0.0,0.0,0.0,0.0
SLC38A10,,N/A,N/A,N/A,0,0,0,0,0,0.0,0.0,0.0,0.0,0.0,0.0,0.0
ZNF432,,N/A,N/A,N/A,0,0,0,0,0,0.0,0.0,0.0,0.0,0.0,0.0,0.0
ATRAID,,N/A,N/A,N/A,0,0,0,0,0,0.0,0.0,0.0,0.0,0.0,0.0,0.0
VPS51,,N/A,N/A,N/A,0,0,0,0,0,0.0,0.0,0.0,0.0,0.0,0.0,0.0
SLC36A4,,N/A,N/A,N/A,0,0,0,0,0,0.0,0.0,0.0,0.0,0.0,0.0,0.0
KDM6B,,N/A,N/A,N/A,0,0,0,0,0,0.0,0.0,0.0,0.0,0.0,0.0,0.0
CLIP4,,N/A,N/A,N/A,0,0,0,0,0,0.0,0.0,0.0,0.0,0.0,0.0,0.0
IL18BP,,N/A,N/A,N/A,0,0,0,0,0,0.0,0.0,0.0,0.0,0.0,0.0,0.0
ADAMTS17,,N/A,N/A,N/A,0,0,0,0,0,0.0,0.0,0.0,0.0,0.0,0.0,0.0
SIAE,,N/A,N/A,N/A,0,0,0,0,0,0.0,0.0,0.0,0.0,0.0,0.0,0.0
PUS10,,N/A,N/A,N/A,0,0,0,0,0,0.0,0.0,0.0,0.0,0.0,0.0,0.0
C1orf131,,N/A,N/A,N/A,0,0,0,0,0,0.0,0.0,0.0,0.0,0.0,0.0,0.0
C17orf49,,N/A,N/A,N/A,0,0,0,0,0,0.0,0.0,0.0,0.0,0.0,0.0,0.0
ACO1,,N/A,N/A,N/A,0,0,0,0,0,0.0,0.0,0.0,0.0,0.0,0.0,0.0
GEMIN6,,N/A,N/A,N/A,0,0,0,0,0,0.0,0.0,0.0,0.0,0.0,0.0,0.0
HSF2,,N/A,N/A,N/A,0,0,0,0,0,0.0,0.0,0.0,0.0,0.0,0.0,0.0
RPL37A,,N/A,N/A,N/A,0,0,0,0,0,0.0,0.0,0.0,0.0,0.0,0.0,0.0
URB1,,N/A,N/A,N/A,0,0,0,0,0,0.0,0.0,0.0,0.0,0.0,0.0,0.0
TMEM185A,,N/A,N/A,N/A,0,0,0,0,0,0.0,0.0,0.0,0.0,0.0,0.0,0.0
TMEM38A,,N/A,N/A,N/A,0,0,0,0,0,0.0,0.0,0.0,0.0,0.0,0.0,0.0
GORASP2,,N/A,N/A,N/A,0,0,0,0,0,0.0,0.0,0.0,0.0,0.0,0.0,0.0
BNC2,,N/A,N/A,N/A,0,0,0,0,0,0.0,0.0,0.0,0.0,0.0,0.0,0.0
UAP1L1,,N/A,N/A,N/A,0,0,0,0,0,0.0,0.0,0.0,0.0,0.0,0.0,0.0
APBA3,,N/A,N/A,N/A,0,0,0,0,0,0.0,0.0,0.0,0.0,0.0,0.0,0.0
NAIF1,,N/A,N/A,N/A,0,0,0,0,0,0.0,0.0,0.0,0.0,0.0,0.0,0.0
RBM7,,N/A,N/A,N/A,0,0,0,0,0,0.0,0.0,0.0,0.0,0.0,0.0,0.0
TTC3,,N/A,N/A,N/A,0,0,0,0,0,0.0,0.0,0.0,0.0,0.0,0.0,0.0
DNAJB7,,N/A,N/A,N/A,0,0,0,0,0,0.0,0.0,0.0,0.0,0.0,0.0,0.0
SUPT20H,,N/A,N/A,N/A,0,0,0,0,0,0.0,0.0,0.0,0.0,0.0,0.0,0.0
ARHGEF3,,N/A,N/A,N/A,0,0,0,0,0,0.0,0.0,0.0,0.0,0.0,0.0,0.0
ZNF250,,N/A,N/A,N/A,0,0,0,0,0,0.0,0.0,0.0,0.0,0.0,0.0,0.0
PARP9,,N/A,N/A,N/A,0,0,0,0,0,0.0,0.0,0.0,0.0,0.0,0.0,0.0
KIAA0319L,,N/A,N/A,N/A,0,0,0,0,0,0.0,0.0,0.0,0.0,0.0,0.0,0.0
FGD4,,N/A,N/A,N/A,0,0,0,0,0,0.0,0.0,0.0,0.0,0.0,0.0,0.0
ZNF3,,N/A,N/A,N/A,0,0,0,0,0,0.0,0.0,0.0,0.0,0.0,0.0,0.0
RPL22L1,,N/A,N/A,N/A,0,0,0,0,0,0.0,0.0,0.0,0.0,0.0,0.0,0.0
RNASEK,,N/A,N/A,N/A,0,0,0,0,0,0.0,0.0,0.0,0.0,0.0,0.0,0.0
LENG8,,N/A,N/A,N/A,0,0,0,0,0,0.0,0.0,0.0,0.0,0.0,0.0,0.0
TMEM69,,N/A,N/A,N/A,0,0,0,0,0,0.0,0.0,0.0,0.0,0.0,0.0,0.0
ACY1,,N/A,N/A,N/A,0,0,0,0,0,0.0,0.0,0.0,0.0,0.0,0.0,0.0
GGCT,,N/A,N/A,N/A,0,0,0,0,0,0.0,0.0,0.0,0.0,0.0,0.0,0.0
C20orf96,,N/A,N/A,N/A,0,0,0,0,0,0.0,0.0,0.0,0.0,0.0,0.0,0.0
COPRS,,N/A,N/A,N/A,0,0,0,0,0,0.0,0.0,0.0,0.0,0.0,0.0,0.0
ZSWIM8,,N/A,N/A,N/A,0,0,0,0,0,0.0,0.0,0.0,0.0,0.0,0.0,0.0
CIAPIN1,,N/A,N/A,N/A,0,0,0,0,0,0.0,0.0,0.0,0.0,0.0,0.0,0.0
UGGT1,,N/A,N/A,N/A,0,0,0,0,0,0.0,0.0,0.0,0.0,0.0,0.0,0.0
EXOC3,,N/A,N/A,N/A,0,0,0,0,0,0.0,0.0,0.0,0.0,0.0,0.0,0.0
NDUFAB1,,N/A,N/A,N/A,0,0,0,0,0,0.0,0.0,0.0,0.0,0.0,0.0,0.0
STX5,,N/A,N/A,N/A,0,0,0,0,0,0.0,0.0,0.0,0.0,0.0,0.0,0.0
DDX3X,,N/A,N/A,N/A,0,0,0,0,0,0.0,0.0,0.0,0.0,0.0,0.0,0.0
FKBP9,,N/A,N/A,N/A,0,0,0,0,0,0.0,0.0,0.0,0.0,0.0,0.0,0.0
PWWP2A,,N/A,N/A,N/A,0,0,0,0,0,0.0,0.0,0.0,0.0,0.0,0.0,0.0
RBCK1,,N/A,N/A,N/A,0,0,0,0,0,0.0,0.0,0.0,0.0,0.0,0.0,0.0
ALKBH6,,N/A,N/A,N/A,0,0,0,0,0,0.0,0.0,0.0,0.0,0.0,0.0,0.0
KATNA1,,N/A,N/A,N/A,0,0,0,0,0,0.0,0.0,0.0,0.0,0.0,0.0,0.0
PPIL4,,N/A,N/A,N/A,0,0,0,0,0,0.0,0.0,0.0,0.0,0.0,0.0,0.0
PLEKHA5,,N/A,N/A,N/A,0,0,0,0,0,0.0,0.0,0.0,0.0,0.0,0.0,0.0
RAB5B,,N/A,N/A,N/A,0,0,0,0,0,0.0,0.0,0.0,0.0,0.0,0.0,0.0
SLX4IP,,N/A,N/A,N/A,0,0,0,0,0,0.0,0.0,0.0,0.0,0.0,0.0,0.0
SH3D21,,N/A,N/A,N/A,0,0,0,0,0,0.0,0.0,0.0,0.0,0.0,0.0,0.0
E2F7,,N/A,N/A,N/A,0,0,0,0,0,0.0,0.0,0.0,0.0,0.0,0.0,0.0
ABHD14B,,N/A,N/A,N/A,0,0,0,0,0,0.0,0.0,0.0,0.0,0.0,0.0,0.0
ZNF169,,N/A,N/A,N/A,0,0,0,0,0,0.0,0.0,0.0,0.0,0.0,0.0,0.0
RBM42,,N/A,N/A,N/A,0,0,0,0,0,0.0,0.0,0.0,0.0,0.0,0.0,0.0
ARID3A,,N/A,N/A,N/A,0,0,0,0,0,0.0,0.0,0.0,0.0,0.0,0.0,0.0
FAM217B,,N/A,N/A,N/A,0,0,0,0,0,0.0,0.0,0.0,0.0,0.0,0.0,0.0
PBDC1,,N/A,N/A,N/A,0,0,0,0,0,0.0,0.0,0.0,0.0,0.0,0.0,0.0
CDYL,,N/A,N/A,N/A,0,0,0,0,0,0.0,0.0,0.0,0.0,0.0,0.0,0.0
PLXNC1,,N/A,N/A,N/A,0,0,0,0,0,0.0,0.0,0.0,0.0,0.0,0.0,0.0
GPAA1,,N/A,N/A,N/A,0,0,0,0,0,0.0,0.0,0.0,0.0,0.0,0.0,0.0
GEMIN8,,N/A,N/A,N/A,0,0,0,0,0,0.0,0.0,0.0,0.0,0.0,0.0,0.0
CCDC91,,N/A,N/A,N/A,0,0,0,0,0,0.0,0.0,0.0,0.0,0.0,0.0,0.0
TMEM182,,N/A,N/A,N/A,0,0,0,0,0,0.0,0.0,0.0,0.0,0.0,0.0,0.0
RAPGEF5,,N/A,N/A,N/A,0,0,0,0,0,0.0,0.0,0.0,0.0,0.0,0.0,0.0
ZFYVE27,,N/A,N/A,N/A,0,0,0,0,0,0.0,0.0,0.0,0.0,0.0,0.0,0.0
STX10,,N/A,N/A,N/A,0,0,0,0,0,0.0,0.0,0.0,0.0,0.0,0.0,0.0
DCAF4,,N/A,N/A,N/A,0,0,0,0,0,0.0,0.0,0.0,0.0,0.0,0.0,0.0
RBM14,,N/A,N/A,N/A,0,0,0,0,0,0.0,0.0,0.0,0.0,0.0,0.0,0.0
ATP6V0E1,,N/A,N/A,N/A,0,0,0,0,0,0.0,0.0,0.0,0.0,0.0,0.0,0.0
DEGS1,,N/A,N/A,N/A,0,0,0,0,0,0.0,0.0,0.0,0.0,0.0,0.0,0.0
MAPKAPK5-AS1,,N/A,N/A,N/A,0,0,0,0,0,0.0,0.0,0.0,0.0,0.0,0.0,0.0
TMEM63A,,N/A,N/A,N/A,0,0,0,0,0,0.0,0.0,0.0,0.0,0.0,0.0,0.0
DHRS4,,N/A,N/A,N/A,0,0,0,0,0,0.0,0.0,0.0,0.0,0.0,0.0,0.0
CDC23,,N/A,N/A,N/A,0,0,0,0,0,0.0,0.0,0.0,0.0,0.0,0.0,0.0
CENPF,,N/A,N/A,N/A,0,0,0,0,0,0.0,0.0,0.0,0.0,0.0,0.0,0.0
UBR4,,N/A,N/A,N/A,0,0,0,0,0,0.0,0.0,0.0,0.0,0.0,0.0,0.0
NDUFA4,,N/A,N/A,N/A,0,0,0,0,0,0.0,0.0,0.0,0.0,0.0,0.0,0.0
CCT6A,,N/A,N/A,N/A,0,0,0,0,0,0.0,0.0,0.0,0.0,0.0,0.0,0.0
A1BG,,N/A,N/A,N/A,0,0,0,0,0,0.0,0.0,0.0,0.0,0.0,0.0,0.0
EGFL8,,N/A,N/A,N/A,0,0,0,0,0,0.0,0.0,0.0,0.0,0.0,0.0,0.0
RALGDS,,N/A,N/A,N/A,0,0,0,0,0,0.0,0.0,0.0,0.0,0.0,0.0,0.0
NINJ2,,N/A,N/A,N/A,0,0,0,0,0,0.0,0.0,0.0,0.0,0.0,0.0,0.0
TMX1,,N/A,N/A,N/A,0,0,0,0,0,0.0,0.0,0.0,0.0,0.0,0.0,0.0
UNC45A,,N/A,N/A,N/A,0,0,0,0,0,0.0,0.0,0.0,0.0,0.0,0.0,0.0
ZNF521,,N/A,N/A,N/A,0,0,0,0,0,0.0,0.0,0.0,0.0,0.0,0.0,0.0
SOS2,,N/A,N/A,N/A,0,0,0,0,0,0.0,0.0,0.0,0.0,0.0,0.0,0.0
TPP2,,N/A,N/A,N/A,0,0,0,0,0,0.0,0.0,0.0,0.0,0.0,0.0,0.0
TBC1D23,,N/A,N/A,N/A,0,0,0,0,0,0.0,0.0,0.0,0.0,0.0,0.0,0.0
S100A13,,N/A,N/A,N/A,0,0,0,0,0,0.0,0.0,0.0,0.0,0.0,0.0,0.0
DGCR6,,N/A,N/A,N/A,0,0,0,0,0,0.0,0.0,0.0,0.0,0.0,0.0,0.0
ZNF433,,N/A,N/A,N/A,0,0,0,0,0,0.0,0.0,0.0,0.0,0.0,0.0,0.0
VIM-AS1,,N/A,N/A,N/A,0,0,0,0,0,0.0,0.0,0.0,0.0,0.0,0.0,0.0
MAD2L2,,N/A,N/A,N/A,0,0,0,0,0,0.0,0.0,0.0,0.0,0.0,0.0,0.0
SH3GL2,,N/A,N/A,N/A,0,0,0,0,0,0.0,0.0,0.0,0.0,0.0,0.0,0.0
SH3RF3,,N/A,N/A,N/A,0,0,0,0,0,0.0,0.0,0.0,0.0,0.0,0.0,0.0
HPS5,,N/A,N/A,N/A,0,0,0,0,0,0.0,0.0,0.0,0.0,0.0,0.0,0.0
CASZ1,,N/A,N/A,N/A,0,0,0,0,0,0.0,0.0,0.0,0.0,0.0,0.0,0.0
RAB11FIP2,,N/A,N/A,N/A,0,0,0,0,0,0.0,0.0,0.0,0.0,0.0,0.0,0.0
ACOT8,,N/A,N/A,N/A,0,0,0,0,0,0.0,0.0,0.0,0.0,0.0,0.0,0.0
PURB,,N/A,N/A,N/A,0,0,0,0,0,0.0,0.0,0.0,0.0,0.0,0.0,0.0
ORC3,,N/A,N/A,N/A,0,0,0,0,0,0.0,0.0,0.0,0.0,0.0,0.0,0.0
SLC20A2,,N/A,N/A,N/A,0,0,0,0,0,0.0,0.0,0.0,0.0,0.0,0.0,0.0
C5orf34,,N/A,N/A,N/A,0,0,0,0,0,0.0,0.0,0.0,0.0,0.0,0.0,0.0
BCAR3,,N/A,N/A,N/A,0,0,0,0,0,0.0,0.0,0.0,0.0,0.0,0.0,0.0
JMJD8,,N/A,N/A,N/A,0,0,0,0,0,0.0,0.0,0.0,0.0,0.0,0.0,0.0
RBM12,,N/A,N/A,N/A,0,0,0,0,0,0.0,0.0,0.0,0.0,0.0,0.0,0.0
VTI1A,,N/A,N/A,N/A,0,0,0,0,0,0.0,0.0,0.0,0.0,0.0,0.0,0.0
BIVM,,N/A,N/A,N/A,0,0,0,0,0,0.0,0.0,0.0,0.0,0.0,0.0,0.0
MYBL1,,N/A,N/A,N/A,0,0,0,0,0,0.0,0.0,0.0,0.0,0.0,0.0,0.0
HMGN4,,N/A,N/A,N/A,0,0,0,0,0,0.0,0.0,0.0,0.0,0.0,0.0,0.0
AP3B2,,N/A,N/A,N/A,0,0,0,0,0,0.0,0.0,0.0,0.0,0.0,0.0,0.0
PRKG2,,N/A,N/A,N/A,0,0,0,0,0,0.0,0.0,0.0,0.0,0.0,0.0,0.0
RAB6B,,N/A,N/A,N/A,0,0,0,0,0,0.0,0.0,0.0,0.0,0.0,0.0,0.0
ASCC2,,N/A,N/A,N/A,0,0,0,0,0,0.0,0.0,0.0,0.0,0.0,0.0,0.0
MRPL4,,N/A,N/A,N/A,0,0,0,0,0,0.0,0.0,0.0,0.0,0.0,0.0,0.0
NEK6,,N/A,N/A,N/A,0,0,0,0,0,0.0,0.0,0.0,0.0,0.0,0.0,0.0
SDR39U1,,N/A,N/A,N/A,0,0,0,0,0,0.0,0.0,0.0,0.0,0.0,0.0,0.0
HCG18,,N/A,N/A,N/A,0,0,0,0,0,0.0,0.0,0.0,0.0,0.0,0.0,0.0
KIF27,,N/A,N/A,N/A,0,0,0,0,0,0.0,0.0,0.0,0.0,0.0,0.0,0.0
IDI2-AS1,,N/A,N/A,N/A,0,0,0,0,0,0.0,0.0,0.0,0.0,0.0,0.0,0.0
UBE2D2,,N/A,N/A,N/A,0,0,0,0,0,0.0,0.0,0.0,0.0,0.0,0.0,0.0
ATF2,,N/A,N/A,N/A,0,0,0,0,0,0.0,0.0,0.0,0.0,0.0,0.0,0.0
ZNF200,,N/A,N/A,N/A,0,0,0,0,0,0.0,0.0,0.0,0.0,0.0,0.0,0.0
DVL1,,N/A,N/A,N/A,0,0,0,0,0,0.0,0.0,0.0,0.0,0.0,0.0,0.0
HIGD2A,,N/A,N/A,N/A,0,0,0,0,0,0.0,0.0,0.0,0.0,0.0,0.0,0.0
FXYD5,,N/A,N/A,N/A,0,0,0,0,0,0.0,0.0,0.0,0.0,0.0,0.0,0.0
DNM1,,N/A,N/A,N/A,0,0,0,0,0,0.0,0.0,0.0,0.0,0.0,0.0,0.0
UBAC2,,N/A,N/A,N/A,0,0,0,0,0,0.0,0.0,0.0,0.0,0.0,0.0,0.0
MFGE8,,N/A,N/A,N/A,0,0,0,0,0,0.0,0.0,0.0,0.0,0.0,0.0,0.0
PMEPA1,,N/A,N/A,N/A,0,0,0,0,0,0.0,0.0,0.0,0.0,0.0,0.0,0.0
DSC2,,N/A,N/A,N/A,0,0,0,0,0,0.0,0.0,0.0,0.0,0.0,0.0,0.0
ZNF813,,N/A,N/A,N/A,0,0,0,0,0,0.0,0.0,0.0,0.0,0.0,0.0,0.0
TMEM117,,N/A,N/A,N/A,0,0,0,0,0,0.0,0.0,0.0,0.0,0.0,0.0,0.0
RBMX2,,N/A,N/A,N/A,0,0,0,0,0,0.0,0.0,0.0,0.0,0.0,0.0,0.0
MEGF8,,N/A,N/A,N/A,0,0,0,0,0,0.0,0.0,0.0,0.0,0.0,0.0,0.0
CTSL,,N/A,N/A,N/A,0,0,0,0,0,0.0,0.0,0.0,0.0,0.0,0.0,0.0
PUS1,,N/A,N/A,N/A,0,0,0,0,0,0.0,0.0,0.0,0.0,0.0,0.0,0.0
WWC3,,N/A,N/A,N/A,0,0,0,0,0,0.0,0.0,0.0,0.0,0.0,0.0,0.0
ADIRF,,N/A,N/A,N/A,0,0,0,0,0,0.0,0.0,0.0,0.0,0.0,0.0,0.0
PTOV1,,N/A,N/A,N/A,0,0,0,0,0,0.0,0.0,0.0,0.0,0.0,0.0,0.0
ITPKC,,N/A,N/A,N/A,0,0,0,0,0,0.0,0.0,0.0,0.0,0.0,0.0,0.0
PACS1,,N/A,N/A,N/A,0,0,0,0,0,0.0,0.0,0.0,0.0,0.0,0.0,0.0
HAUS6,,N/A,N/A,N/A,0,0,0,0,0,0.0,0.0,0.0,0.0,0.0,0.0,0.0
VAMP2,,N/A,N/A,N/A,0,0,0,0,0,0.0,0.0,0.0,0.0,0.0,0.0,0.0
ZNF709,,N/A,N/A,N/A,0,0,0,0,0,0.0,0.0,0.0,0.0,0.0,0.0,0.0
RCC1,,N/A,N/A,N/A,0,0,0,0,0,0.0,0.0,0.0,0.0,0.0,0.0,0.0
ADAP2,,N/A,N/A,N/A,0,0,0,0,0,0.0,0.0,0.0,0.0,0.0,0.0,0.0
PHLDA3,,N/A,N/A,N/A,0,0,0,0,0,0.0,0.0,0.0,0.0,0.0,0.0,0.0
OMA1,,N/A,N/A,N/A,0,0,0,0,0,0.0,0.0,0.0,0.0,0.0,0.0,0.0
FHOD1,,N/A,N/A,N/A,0,0,0,0,0,0.0,0.0,0.0,0.0,0.0,0.0,0.0
PEX10,,N/A,N/A,N/A,0,0,0,0,0,0.0,0.0,0.0,0.0,0.0,0.0,0.0
C1RL-AS1,,N/A,N/A,N/A,0,0,0,0,0,0.0,0.0,0.0,0.0,0.0,0.0,0.0
FAHD2A,,N/A,N/A,N/A,0,0,0,0,0,0.0,0.0,0.0,0.0,0.0,0.0,0.0
AHI1,,N/A,N/A,N/A,0,0,0,0,0,0.0,0.0,0.0,0.0,0.0,0.0,0.0
FAXDC2,,N/A,N/A,N/A,0,0,0,0,0,0.0,0.0,0.0,0.0,0.0,0.0,0.0
CASP2,,N/A,N/A,N/A,0,0,0,0,0,0.0,0.0,0.0,0.0,0.0,0.0,0.0
PLEKHF2,,N/A,N/A,N/A,0,0,0,0,0,0.0,0.0,0.0,0.0,0.0,0.0,0.0
HMGXB3,,N/A,N/A,N/A,0,0,0,0,0,0.0,0.0,0.0,0.0,0.0,0.0,0.0
KDM1B,,N/A,N/A,N/A,0,0,0,0,0,0.0,0.0,0.0,0.0,0.0,0.0,0.0
ECSIT,,N/A,N/A,N/A,0,0,0,0,0,0.0,0.0,0.0,0.0,0.0,0.0,0.0
IFIT2,,N/A,N/A,N/A,0,0,0,0,0,0.0,0.0,0.0,0.0,0.0,0.0,0.0
RPL3,,N/A,N/A,N/A,0,0,0,0,0,0.0,0.0,0.0,0.0,0.0,0.0,0.0
PRKCZ,,N/A,N/A,N/A,0,0,0,0,0,0.0,0.0,0.0,0.0,0.0,0.0,0.0
TFIP11,,N/A,N/A,N/A,0,0,0,0,0,0.0,0.0,0.0,0.0,0.0,0.0,0.0
TPK1,,N/A,N/A,N/A,0,0,0,0,0,0.0,0.0,0.0,0.0,0.0,0.0,0.0
MORN1,,N/A,N/A,N/A,0,0,0,0,0,0.0,0.0,0.0,0.0,0.0,0.0,0.0
PAICS,,N/A,N/A,N/A,0,0,0,0,0,0.0,0.0,0.0,0.0,0.0,0.0,0.0
SERAC1,,N/A,N/A,N/A,0,0,0,0,0,0.0,0.0,0.0,0.0,0.0,0.0,0.0
ANP32E,,N/A,N/A,N/A,0,0,0,0,0,0.0,0.0,0.0,0.0,0.0,0.0,0.0
GALNT2,,N/A,N/A,N/A,0,0,0,0,0,0.0,0.0,0.0,0.0,0.0,0.0,0.0
CCDC174,,N/A,N/A,N/A,0,0,0,0,0,0.0,0.0,0.0,0.0,0.0,0.0,0.0
CYSLTR2,,N/A,N/A,N/A,0,0,0,0,0,0.0,0.0,0.0,0.0,0.0,0.0,0.0
USP19,,N/A,N/A,N/A,0,0,0,0,0,0.0,0.0,0.0,0.0,0.0,0.0,0.0
PHF12,,N/A,N/A,N/A,0,0,0,0,0,0.0,0.0,0.0,0.0,0.0,0.0,0.0
DUOX1,,N/A,N/A,N/A,0,0,0,0,0,0.0,0.0,0.0,0.0,0.0,0.0,0.0
UAP1,,N/A,N/A,N/A,0,0,0,0,0,0.0,0.0,0.0,0.0,0.0,0.0,0.0
SETD1B,,N/A,N/A,N/A,0,0,0,0,0,0.0,0.0,0.0,0.0,0.0,0.0,0.0
ZNF136,,N/A,N/A,N/A,0,0,0,0,0,0.0,0.0,0.0,0.0,0.0,0.0,0.0
TUBGCP2,,N/A,N/A,N/A,0,0,0,0,0,0.0,0.0,0.0,0.0,0.0,0.0,0.0
DTWD1,,N/A,N/A,N/A,0,0,0,0,0,0.0,0.0,0.0,0.0,0.0,0.0,0.0
TEX14,,N/A,N/A,N/A,0,0,0,0,0,0.0,0.0,0.0,0.0,0.0,0.0,0.0
PFKFB3,,N/A,N/A,N/A,0,0,0,0,0,0.0,0.0,0.0,0.0,0.0,0.0,0.0
BAZ2A,,N/A,N/A,N/A,0,0,0,0,0,0.0,0.0,0.0,0.0,0.0,0.0,0.0
OFD1,,N/A,N/A,N/A,0,0,0,0,0,0.0,0.0,0.0,0.0,0.0,0.0,0.0
TSPAN6,,N/A,N/A,N/A,0,0,0,0,0,0.0,0.0,0.0,0.0,0.0,0.0,0.0
PTDSS2,,N/A,N/A,N/A,0,0,0,0,0,0.0,0.0,0.0,0.0,0.0,0.0,0.0
DCUN1D2,,N/A,N/A,N/A,0,0,0,0,0,0.0,0.0,0.0,0.0,0.0,0.0,0.0
SMIM12,,N/A,N/A,N/A,0,0,0,0,0,0.0,0.0,0.0,0.0,0.0,0.0,0.0
ADPRM,,N/A,N/A,N/A,0,0,0,0,0,0.0,0.0,0.0,0.0,0.0,0.0,0.0
TRA2B,,N/A,N/A,N/A,0,0,0,0,0,0.0,0.0,0.0,0.0,0.0,0.0,0.0
TRAPPC8,,N/A,N/A,N/A,0,0,0,0,0,0.0,0.0,0.0,0.0,0.0,0.0,0.0
METAP1,,N/A,N/A,N/A,0,0,0,0,0,0.0,0.0,0.0,0.0,0.0,0.0,0.0
DNAH14,,N/A,N/A,N/A,0,0,0,0,0,0.0,0.0,0.0,0.0,0.0,0.0,0.0
NUF2,,N/A,N/A,N/A,0,0,0,0,0,0.0,0.0,0.0,0.0,0.0,0.0,0.0
MRPL15,,N/A,N/A,N/A,0,0,0,0,0,0.0,0.0,0.0,0.0,0.0,0.0,0.0
CACTIN,,N/A,N/A,N/A,0,0,0,0,0,0.0,0.0,0.0,0.0,0.0,0.0,0.0
SLIRP,,N/A,N/A,N/A,0,0,0,0,0,0.0,0.0,0.0,0.0,0.0,0.0,0.0
PRCD,,N/A,N/A,N/A,0,0,0,0,0,0.0,0.0,0.0,0.0,0.0,0.0,0.0
DPH6,,N/A,N/A,N/A,0,0,0,0,0,0.0,0.0,0.0,0.0,0.0,0.0,0.0
GPSM2,,N/A,N/A,N/A,0,0,0,0,0,0.0,0.0,0.0,0.0,0.0,0.0,0.0
STT3A,,N/A,N/A,N/A,0,0,0,0,0,0.0,0.0,0.0,0.0,0.0,0.0,0.0
WDHD1,,N/A,N/A,N/A,0,0,0,0,0,0.0,0.0,0.0,0.0,0.0,0.0,0.0
FAM53B,,N/A,N/A,N/A,0,0,0,0,0,0.0,0.0,0.0,0.0,0.0,0.0,0.0
BAIAP2L2,,N/A,N/A,N/A,0,0,0,0,0,0.0,0.0,0.0,0.0,0.0,0.0,0.0
PCGF1,,N/A,N/A,N/A,0,0,0,0,0,0.0,0.0,0.0,0.0,0.0,0.0,0.0
CCSAP,,N/A,N/A,N/A,0,0,0,0,0,0.0,0.0,0.0,0.0,0.0,0.0,0.0
DDOST,,N/A,N/A,N/A,0,0,0,0,0,0.0,0.0,0.0,0.0,0.0,0.0,0.0
SBDS,,N/A,N/A,N/A,0,0,0,0,0,0.0,0.0,0.0,0.0,0.0,0.0,0.0
UGGT2,,N/A,N/A,N/A,0,0,0,0,0,0.0,0.0,0.0,0.0,0.0,0.0,0.0
RPP30,,N/A,N/A,N/A,0,0,0,0,0,0.0,0.0,0.0,0.0,0.0,0.0,0.0
BOK,,N/A,N/A,N/A,0,0,0,0,0,0.0,0.0,0.0,0.0,0.0,0.0,0.0
KMT2C,,N/A,N/A,N/A,0,0,0,0,0,0.0,0.0,0.0,0.0,0.0,0.0,0.0
LINC00511,,N/A,N/A,N/A,0,0,0,0,0,0.0,0.0,0.0,0.0,0.0,0.0,0.0
BTN3A2,,N/A,N/A,N/A,0,0,0,0,0,0.0,0.0,0.0,0.0,0.0,0.0,0.0
SOCS7,,N/A,N/A,N/A,0,0,0,0,0,0.0,0.0,0.0,0.0,0.0,0.0,0.0
STEAP4,,N/A,N/A,N/A,0,0,0,0,0,0.0,0.0,0.0,0.0,0.0,0.0,0.0
MCOLN1,,N/A,N/A,N/A,0,0,0,0,0,0.0,0.0,0.0,0.0,0.0,0.0,0.0
MYCBP2,,N/A,N/A,N/A,0,0,0,0,0,0.0,0.0,0.0,0.0,0.0,0.0,0.0
CLHC1,,N/A,N/A,N/A,0,0,0,0,0,0.0,0.0,0.0,0.0,0.0,0.0,0.0
ZNF19,,N/A,N/A,N/A,0,0,0,0,0,0.0,0.0,0.0,0.0,0.0,0.0,0.0
ETS1,,N/A,N/A,N/A,0,0,0,0,0,0.0,0.0,0.0,0.0,0.0,0.0,0.0
POLR2I,,N/A,N/A,N/A,0,0,0,0,0,0.0,0.0,0.0,0.0,0.0,0.0,0.0
GFPT1,,N/A,N/A,N/A,0,0,0,0,0,0.0,0.0,0.0,0.0,0.0,0.0,0.0
PROCA1,,N/A,N/A,N/A,0,0,0,0,0,0.0,0.0,0.0,0.0,0.0,0.0,0.0
TXNDC12,,N/A,N/A,N/A,0,0,0,0,0,0.0,0.0,0.0,0.0,0.0,0.0,0.0
C9orf85,,N/A,N/A,N/A,0,0,0,0,0,0.0,0.0,0.0,0.0,0.0,0.0,0.0
TMED10,,N/A,N/A,N/A,0,0,0,0,0,0.0,0.0,0.0,0.0,0.0,0.0,0.0
PICK1,,N/A,N/A,N/A,0,0,0,0,0,0.0,0.0,0.0,0.0,0.0,0.0,0.0
ARHGEF9,,N/A,N/A,N/A,0,0,0,0,0,0.0,0.0,0.0,0.0,0.0,0.0,0.0
RFPL1S,,N/A,N/A,N/A,0,0,0,0,0,0.0,0.0,0.0,0.0,0.0,0.0,0.0
PDLIM2,,N/A,N/A,N/A,0,0,0,0,0,0.0,0.0,0.0,0.0,0.0,0.0,0.0
NUDT12,,N/A,N/A,N/A,0,0,0,0,0,0.0,0.0,0.0,0.0,0.0,0.0,0.0
PGM2L1,,N/A,N/A,N/A,0,0,0,0,0,0.0,0.0,0.0,0.0,0.0,0.0,0.0
SCAMP1,,N/A,N/A,N/A,0,0,0,0,0,0.0,0.0,0.0,0.0,0.0,0.0,0.0
MTCH2,,N/A,N/A,N/A,0,0,0,0,0,0.0,0.0,0.0,0.0,0.0,0.0,0.0
PSMG1,,N/A,N/A,N/A,0,0,0,0,0,0.0,0.0,0.0,0.0,0.0,0.0,0.0
ZRANB3,,N/A,N/A,N/A,0,0,0,0,0,0.0,0.0,0.0,0.0,0.0,0.0,0.0
NAT9,,N/A,N/A,N/A,0,0,0,0,0,0.0,0.0,0.0,0.0,0.0,0.0,0.0
ITPR1,,N/A,N/A,N/A,0,0,0,0,0,0.0,0.0,0.0,0.0,0.0,0.0,0.0
CCDC28A,,N/A,N/A,N/A,0,0,0,0,0,0.0,0.0,0.0,0.0,0.0,0.0,0.0
SORBS1,,N/A,N/A,N/A,0,0,0,0,0,0.0,0.0,0.0,0.0,0.0,0.0,0.0
NCK1,,N/A,N/A,N/A,0,0,0,0,0,0.0,0.0,0.0,0.0,0.0,0.0,0.0
AKAP10,,N/A,N/A,N/A,0,0,0,0,0,0.0,0.0,0.0,0.0,0.0,0.0,0.0
MPLKIP,,N/A,N/A,N/A,0,0,0,0,0,0.0,0.0,0.0,0.0,0.0,0.0,0.0
TTLL1,,N/A,N/A,N/A,0,0,0,0,0,0.0,0.0,0.0,0.0,0.0,0.0,0.0
RNF138,,N/A,N/A,N/A,0,0,0,0,0,0.0,0.0,0.0,0.0,0.0,0.0,0.0
POLR1B,,N/A,N/A,N/A,0,0,0,0,0,0.0,0.0,0.0,0.0,0.0,0.0,0.0
NTMT1,,N/A,N/A,N/A,0,0,0,0,0,0.0,0.0,0.0,0.0,0.0,0.0,0.0
ZC3H12C,,N/A,N/A,N/A,0,0,0,0,0,0.0,0.0,0.0,0.0,0.0,0.0,0.0
RAB8B,,N/A,N/A,N/A,0,0,0,0,0,0.0,0.0,0.0,0.0,0.0,0.0,0.0
TXNRD2,,N/A,N/A,N/A,0,0,0,0,0,0.0,0.0,0.0,0.0,0.0,0.0,0.0
DOCK6,,N/A,N/A,N/A,0,0,0,0,0,0.0,0.0,0.0,0.0,0.0,0.0,0.0
ZWILCH,,N/A,N/A,N/A,0,0,0,0,0,0.0,0.0,0.0,0.0,0.0,0.0,0.0
FSD2,,N/A,N/A,N/A,0,0,0,0,0,0.0,0.0,0.0,0.0,0.0,0.0,0.0
TMEM186,,N/A,N/A,N/A,0,0,0,0,0,0.0,0.0,0.0,0.0,0.0,0.0,0.0
SMC3,,N/A,N/A,N/A,0,0,0,0,0,0.0,0.0,0.0,0.0,0.0,0.0,0.0
DDX42,,N/A,N/A,N/A,0,0,0,0,0,0.0,0.0,0.0,0.0,0.0,0.0,0.0
GEMIN2,,N/A,N/A,N/A,0,0,0,0,0,0.0,0.0,0.0,0.0,0.0,0.0,0.0
RPL28,,N/A,N/A,N/A,0,0,0,0,0,0.0,0.0,0.0,0.0,0.0,0.0,0.0
ZNF627,,N/A,N/A,N/A,0,0,0,0,0,0.0,0.0,0.0,0.0,0.0,0.0,0.0
ADAMTS1,,N/A,N/A,N/A,0,0,0,0,0,0.0,0.0,0.0,0.0,0.0,0.0,0.0
PLAGL1,,N/A,N/A,N/A,0,0,0,0,0,0.0,0.0,0.0,0.0,0.0,0.0,0.0
POLR2E,,N/A,N/A,N/A,0,0,0,0,0,0.0,0.0,0.0,0.0,0.0,0.0,0.0
EVA1C,,N/A,N/A,N/A,0,0,0,0,0,0.0,0.0,0.0,0.0,0.0,0.0,0.0
RPL37,,N/A,N/A,N/A,0,0,0,0,0,0.0,0.0,0.0,0.0,0.0,0.0,0.0
RBM39,,N/A,N/A,N/A,0,0,0,0,0,0.0,0.0,0.0,0.0,0.0,0.0,0.0
ATXN7L3B,,N/A,N/A,N/A,0,0,0,0,0,0.0,0.0,0.0,0.0,0.0,0.0,0.0
GRK6,,N/A,N/A,N/A,0,0,0,0,0,0.0,0.0,0.0,0.0,0.0,0.0,0.0
ULK4,,N/A,N/A,N/A,0,0,0,0,0,0.0,0.0,0.0,0.0,0.0,0.0,0.0
CHMP2A,,N/A,N/A,N/A,0,0,0,0,0,0.0,0.0,0.0,0.0,0.0,0.0,0.0
PLEKHH2,,N/A,N/A,N/A,0,0,0,0,0,0.0,0.0,0.0,0.0,0.0,0.0,0.0
EXO1,,N/A,N/A,N/A,0,0,0,0,0,0.0,0.0,0.0,0.0,0.0,0.0,0.0
ING5,,N/A,N/A,N/A,0,0,0,0,0,0.0,0.0,0.0,0.0,0.0,0.0,0.0
SASS6,,N/A,N/A,N/A,0,0,0,0,0,0.0,0.0,0.0,0.0,0.0,0.0,0.0
EXTL2,,N/A,N/A,N/A,0,0,0,0,0,0.0,0.0,0.0,0.0,0.0,0.0,0.0
SMIM1,,N/A,N/A,N/A,0,0,0,0,0,0.0,0.0,0.0,0.0,0.0,0.0,0.0
MIR503HG,,N/A,N/A,N/A,0,0,0,0,0,0.0,0.0,0.0,0.0,0.0,0.0,0.0
RALGAPB,,N/A,N/A,N/A,0,0,0,0,0,0.0,0.0,0.0,0.0,0.0,0.0,0.0
IFNG-AS1,,N/A,N/A,N/A,0,0,0,0,0,0.0,0.0,0.0,0.0,0.0,0.0,0.0
FAM124A,,N/A,N/A,N/A,0,0,0,0,0,0.0,0.0,0.0,0.0,0.0,0.0,0.0
TTC7B,,N/A,N/A,N/A,0,0,0,0,0,0.0,0.0,0.0,0.0,0.0,0.0,0.0
ZFYVE9,,N/A,N/A,N/A,0,0,0,0,0,0.0,0.0,0.0,0.0,0.0,0.0,0.0
PHLPP1,,N/A,N/A,N/A,0,0,0,0,0,0.0,0.0,0.0,0.0,0.0,0.0,0.0
ATP6V1G1,,N/A,N/A,N/A,0,0,0,0,0,0.0,0.0,0.0,0.0,0.0,0.0,0.0
TOM1L2,,N/A,N/A,N/A,0,0,0,0,0,0.0,0.0,0.0,0.0,0.0,0.0,0.0
LINC00847,,N/A,N/A,N/A,0,0,0,0,0,0.0,0.0,0.0,0.0,0.0,0.0,0.0
DNASE1L1,,N/A,N/A,N/A,0,0,0,0,0,0.0,0.0,0.0,0.0,0.0,0.0,0.0
ABHD2,,N/A,N/A,N/A,0,0,0,0,0,0.0,0.0,0.0,0.0,0.0,0.0,0.0
PAFAH1B3,,N/A,N/A,N/A,0,0,0,0,0,0.0,0.0,0.0,0.0,0.0,0.0,0.0
C3orf62,,N/A,N/A,N/A,0,0,0,0,0,0.0,0.0,0.0,0.0,0.0,0.0,0.0
GLRX5,,N/A,N/A,N/A,0,0,0,0,0,0.0,0.0,0.0,0.0,0.0,0.0,0.0
ACACB,,N/A,N/A,N/A,0,0,0,0,0,0.0,0.0,0.0,0.0,0.0,0.0,0.0
SLC19A1,,N/A,N/A,N/A,0,0,0,0,0,0.0,0.0,0.0,0.0,0.0,0.0,0.0
PPP1R8,,N/A,N/A,N/A,0,0,0,0,0,0.0,0.0,0.0,0.0,0.0,0.0,0.0
UGT8,,N/A,N/A,N/A,0,0,0,0,0,0.0,0.0,0.0,0.0,0.0,0.0,0.0
PSPC1,,N/A,N/A,N/A,0,0,0,0,0,0.0,0.0,0.0,0.0,0.0,0.0,0.0
POLR3GL,,N/A,N/A,N/A,0,0,0,0,0,0.0,0.0,0.0,0.0,0.0,0.0,0.0
PSMD6-AS2,,N/A,N/A,N/A,0,0,0,0,0,0.0,0.0,0.0,0.0,0.0,0.0,0.0
BOLA1,,N/A,N/A,N/A,0,0,0,0,0,0.0,0.0,0.0,0.0,0.0,0.0,0.0
ZNF609,,N/A,N/A,N/A,0,0,0,0,0,0.0,0.0,0.0,0.0,0.0,0.0,0.0
SCO1,,N/A,N/A,N/A,0,0,0,0,0,0.0,0.0,0.0,0.0,0.0,0.0,0.0
ADCK2,,N/A,N/A,N/A,0,0,0,0,0,0.0,0.0,0.0,0.0,0.0,0.0,0.0
ZNF276,,N/A,N/A,N/A,0,0,0,0,0,0.0,0.0,0.0,0.0,0.0,0.0,0.0
MRPS14,,N/A,N/A,N/A,0,0,0,0,0,0.0,0.0,0.0,0.0,0.0,0.0,0.0
YPEL3,,N/A,N/A,N/A,0,0,0,0,0,0.0,0.0,0.0,0.0,0.0,0.0,0.0
LACTB2,,N/A,N/A,N/A,0,0,0,0,0,0.0,0.0,0.0,0.0,0.0,0.0,0.0
MAFK,,N/A,N/A,N/A,0,0,0,0,0,0.0,0.0,0.0,0.0,0.0,0.0,0.0
CGRRF1,,N/A,N/A,N/A,0,0,0,0,0,0.0,0.0,0.0,0.0,0.0,0.0,0.0
SLC30A5,,N/A,N/A,N/A,0,0,0,0,0,0.0,0.0,0.0,0.0,0.0,0.0,0.0
TTLL12,,N/A,N/A,N/A,0,0,0,0,0,0.0,0.0,0.0,0.0,0.0,0.0,0.0
RDH13,,N/A,N/A,N/A,0,0,0,0,0,0.0,0.0,0.0,0.0,0.0,0.0,0.0
ASF1B,,N/A,N/A,N/A,0,0,0,0,0,0.0,0.0,0.0,0.0,0.0,0.0,0.0
FAM98B,,N/A,N/A,N/A,0,0,0,0,0,0.0,0.0,0.0,0.0,0.0,0.0,0.0
C1orf174,,N/A,N/A,N/A,0,0,0,0,0,0.0,0.0,0.0,0.0,0.0,0.0,0.0
FASTKD3,,N/A,N/A,N/A,0,0,0,0,0,0.0,0.0,0.0,0.0,0.0,0.0,0.0
IGSF8,,N/A,N/A,N/A,0,0,0,0,0,0.0,0.0,0.0,0.0,0.0,0.0,0.0
GPBP1L1,,N/A,N/A,N/A,0,0,0,0,0,0.0,0.0,0.0,0.0,0.0,0.0,0.0
NR2F6,,N/A,N/A,N/A,0,0,0,0,0,0.0,0.0,0.0,0.0,0.0,0.0,0.0
TMEM175,,N/A,N/A,N/A,0,0,0,0,0,0.0,0.0,0.0,0.0,0.0,0.0,0.0
SRGAP1,,N/A,N/A,N/A,0,0,0,0,0,0.0,0.0,0.0,0.0,0.0,0.0,0.0
NUDT7,,N/A,N/A,N/A,0,0,0,0,0,0.0,0.0,0.0,0.0,0.0,0.0,0.0
TTC33,,N/A,N/A,N/A,0,0,0,0,0,0.0,0.0,0.0,0.0,0.0,0.0,0.0
ARV1,,N/A,N/A,N/A,0,0,0,0,0,0.0,0.0,0.0,0.0,0.0,0.0,0.0
PDZD11,,N/A,N/A,N/A,0,0,0,0,0,0.0,0.0,0.0,0.0,0.0,0.0,0.0
NRIP3,,N/A,N/A,N/A,0,0,0,0,0,0.0,0.0,0.0,0.0,0.0,0.0,0.0
MAPKAP1,,N/A,N/A,N/A,0,0,0,0,0,0.0,0.0,0.0,0.0,0.0,0.0,0.0
MIPEP,,N/A,N/A,N/A,0,0,0,0,0,0.0,0.0,0.0,0.0,0.0,0.0,0.0
VPS13D,,N/A,N/A,N/A,0,0,0,0,0,0.0,0.0,0.0,0.0,0.0,0.0,0.0
PEX16,,N/A,N/A,N/A,0,0,0,0,0,0.0,0.0,0.0,0.0,0.0,0.0,0.0
LPCAT2,,N/A,N/A,N/A,0,0,0,0,0,0.0,0.0,0.0,0.0,0.0,0.0,0.0
MAN2B2,,N/A,N/A,N/A,0,0,0,0,0,0.0,0.0,0.0,0.0,0.0,0.0,0.0
SNRPA1,,N/A,N/A,N/A,0,0,0,0,0,0.0,0.0,0.0,0.0,0.0,0.0,0.0
SASH1,,N/A,N/A,N/A,0,0,0,0,0,0.0,0.0,0.0,0.0,0.0,0.0,0.0
DNAJC27-AS1,,N/A,N/A,N/A,0,0,0,0,0,0.0,0.0,0.0,0.0,0.0,0.0,0.0
GALNT11,,N/A,N/A,N/A,0,0,0,0,0,0.0,0.0,0.0,0.0,0.0,0.0,0.0
MRPS28,,N/A,N/A,N/A,0,0,0,0,0,0.0,0.0,0.0,0.0,0.0,0.0,0.0
DTYMK,,N/A,N/A,N/A,0,0,0,0,0,0.0,0.0,0.0,0.0,0.0,0.0,0.0
CEBPD,,N/A,N/A,N/A,0,0,0,0,0,0.0,0.0,0.0,0.0,0.0,0.0,0.0
ATP6V1B2,,N/A,N/A,N/A,0,0,0,0,0,0.0,0.0,0.0,0.0,0.0,0.0,0.0
PHLDB2,,N/A,N/A,N/A,0,0,0,0,0,0.0,0.0,0.0,0.0,0.0,0.0,0.0
ERCC6L2,,N/A,N/A,N/A,0,0,0,0,0,0.0,0.0,0.0,0.0,0.0,0.0,0.0
DLG1,,N/A,N/A,N/A,0,0,0,0,0,0.0,0.0,0.0,0.0,0.0,0.0,0.0
FAM3A,,N/A,N/A,N/A,0,0,0,0,0,0.0,0.0,0.0,0.0,0.0,0.0,0.0
PPP2CA,,N/A,N/A,N/A,0,0,0,0,0,0.0,0.0,0.0,0.0,0.0,0.0,0.0
TRIM23,,N/A,N/A,N/A,0,0,0,0,0,0.0,0.0,0.0,0.0,0.0,0.0,0.0
CNDP1,,N/A,N/A,N/A,0,0,0,0,0,0.0,0.0,0.0,0.0,0.0,0.0,0.0
SPAG7,,N/A,N/A,N/A,0,0,0,0,0,0.0,0.0,0.0,0.0,0.0,0.0,0.0
ATP6AP1L,,N/A,N/A,N/A,0,0,0,0,0,0.0,0.0,0.0,0.0,0.0,0.0,0.0
GPBP1,,N/A,N/A,N/A,0,0,0,0,0,0.0,0.0,0.0,0.0,0.0,0.0,0.0
TMEM50A,,N/A,N/A,N/A,0,0,0,0,0,0.0,0.0,0.0,0.0,0.0,0.0,0.0
DDX11,,N/A,N/A,N/A,0,0,0,0,0,0.0,0.0,0.0,0.0,0.0,0.0,0.0
DOCK5,,N/A,N/A,N/A,0,0,0,0,0,0.0,0.0,0.0,0.0,0.0,0.0,0.0
FUCA1,,N/A,N/A,N/A,0,0,0,0,0,0.0,0.0,0.0,0.0,0.0,0.0,0.0
ZNF562,,N/A,N/A,N/A,0,0,0,0,0,0.0,0.0,0.0,0.0,0.0,0.0,0.0
PPP1R2,,N/A,N/A,N/A,0,0,0,0,0,0.0,0.0,0.0,0.0,0.0,0.0,0.0
FABP5,,N/A,N/A,N/A,0,0,0,0,0,0.0,0.0,0.0,0.0,0.0,0.0,0.0
PRICKLE1,,N/A,N/A,N/A,0,0,0,0,0,0.0,0.0,0.0,0.0,0.0,0.0,0.0
GTSE1,,N/A,N/A,N/A,0,0,0,0,0,0.0,0.0,0.0,0.0,0.0,0.0,0.0
DPP9,,N/A,N/A,N/A,0,0,0,0,0,0.0,0.0,0.0,0.0,0.0,0.0,0.0
FAF2,,N/A,N/A,N/A,0,0,0,0,0,0.0,0.0,0.0,0.0,0.0,0.0,0.0
ENTPD4,,N/A,N/A,N/A,0,0,0,0,0,0.0,0.0,0.0,0.0,0.0,0.0,0.0
EAF1,,N/A,N/A,N/A,0,0,0,0,0,0.0,0.0,0.0,0.0,0.0,0.0,0.0
PDCL3,,N/A,N/A,N/A,0,0,0,0,0,0.0,0.0,0.0,0.0,0.0,0.0,0.0
TCEA3,,N/A,N/A,N/A,0,0,0,0,0,0.0,0.0,0.0,0.0,0.0,0.0,0.0
SPATA6,,N/A,N/A,N/A,0,0,0,0,0,0.0,0.0,0.0,0.0,0.0,0.0,0.0
PTGES3,,N/A,N/A,N/A,0,0,0,0,0,0.0,0.0,0.0,0.0,0.0,0.0,0.0
ATG2A,,N/A,N/A,N/A,0,0,0,0,0,0.0,0.0,0.0,0.0,0.0,0.0,0.0
ATMIN,,N/A,N/A,N/A,0,0,0,0,0,0.0,0.0,0.0,0.0,0.0,0.0,0.0
SLC30A4,,N/A,N/A,N/A,0,0,0,0,0,0.0,0.0,0.0,0.0,0.0,0.0,0.0
TMEM232,,N/A,N/A,N/A,0,0,0,0,0,0.0,0.0,0.0,0.0,0.0,0.0,0.0
COQ6,,N/A,N/A,N/A,0,0,0,0,0,0.0,0.0,0.0,0.0,0.0,0.0,0.0
C8orf76,,N/A,N/A,N/A,0,0,0,0,0,0.0,0.0,0.0,0.0,0.0,0.0,0.0
CSTB,,N/A,N/A,N/A,0,0,0,0,0,0.0,0.0,0.0,0.0,0.0,0.0,0.0
MAP3K2,,N/A,N/A,N/A,0,0,0,0,0,0.0,0.0,0.0,0.0,0.0,0.0,0.0
R3HDM1,,N/A,N/A,N/A,0,0,0,0,0,0.0,0.0,0.0,0.0,0.0,0.0,0.0
DECR1,,N/A,N/A,N/A,0,0,0,0,0,0.0,0.0,0.0,0.0,0.0,0.0,0.0
ZNF708,,N/A,N/A,N/A,0,0,0,0,0,0.0,0.0,0.0,0.0,0.0,0.0,0.0
IGSF6,,N/A,N/A,N/A,0,0,0,0,0,0.0,0.0,0.0,0.0,0.0,0.0,0.0
BANP,,N/A,N/A,N/A,0,0,0,0,0,0.0,0.0,0.0,0.0,0.0,0.0,0.0
ANKS6,,N/A,N/A,N/A,0,0,0,0,0,0.0,0.0,0.0,0.0,0.0,0.0,0.0
SIGIRR,,N/A,N/A,N/A,0,0,0,0,0,0.0,0.0,0.0,0.0,0.0,0.0,0.0
SCAMP5,,N/A,N/A,N/A,0,0,0,0,0,0.0,0.0,0.0,0.0,0.0,0.0,0.0
ASB9,,N/A,N/A,N/A,0,0,0,0,0,0.0,0.0,0.0,0.0,0.0,0.0,0.0
WWC1,,N/A,N/A,N/A,0,0,0,0,0,0.0,0.0,0.0,0.0,0.0,0.0,0.0
YIF1A,,N/A,N/A,N/A,0,0,0,0,0,0.0,0.0,0.0,0.0,0.0,0.0,0.0
SOWAHC,,N/A,N/A,N/A,0,0,0,0,0,0.0,0.0,0.0,0.0,0.0,0.0,0.0
DHRS4-AS1,,N/A,N/A,N/A,0,0,0,0,0,0.0,0.0,0.0,0.0,0.0,0.0,0.0
GPRC5C,,N/A,N/A,N/A,0,0,0,0,0,0.0,0.0,0.0,0.0,0.0,0.0,0.0
YEATS2,,N/A,N/A,N/A,0,0,0,0,0,0.0,0.0,0.0,0.0,0.0,0.0,0.0
LYST,,N/A,N/A,N/A,0,0,0,0,0,0.0,0.0,0.0,0.0,0.0,0.0,0.0
GK5,,N/A,N/A,N/A,0,0,0,0,0,0.0,0.0,0.0,0.0,0.0,0.0,0.0
NECAP2,,N/A,N/A,N/A,0,0,0,0,0,0.0,0.0,0.0,0.0,0.0,0.0,0.0
NEDD4L,,N/A,N/A,N/A,0,0,0,0,0,0.0,0.0,0.0,0.0,0.0,0.0,0.0
CPNE5,,N/A,N/A,N/A,0,0,0,0,0,0.0,0.0,0.0,0.0,0.0,0.0,0.0
NSMCE2,,N/A,N/A,N/A,0,0,0,0,0,0.0,0.0,0.0,0.0,0.0,0.0,0.0
MIIP,,N/A,N/A,N/A,0,0,0,0,0,0.0,0.0,0.0,0.0,0.0,0.0,0.0
CANX,,N/A,N/A,N/A,0,0,0,0,0,0.0,0.0,0.0,0.0,0.0,0.0,0.0
HABP4,,N/A,N/A,N/A,0,0,0,0,0,0.0,0.0,0.0,0.0,0.0,0.0,0.0
LSM11,,N/A,N/A,N/A,0,0,0,0,0,0.0,0.0,0.0,0.0,0.0,0.0,0.0
EIF3I,,N/A,N/A,N/A,0,0,0,0,0,0.0,0.0,0.0,0.0,0.0,0.0,0.0
GREB1L,,N/A,N/A,N/A,0,0,0,0,0,0.0,0.0,0.0,0.0,0.0,0.0,0.0
LYPLA2,,N/A,N/A,N/A,0,0,0,0,0,0.0,0.0,0.0,0.0,0.0,0.0,0.0
ZNF583,,N/A,N/A,N/A,0,0,0,0,0,0.0,0.0,0.0,0.0,0.0,0.0,0.0
MAP7D3,,N/A,N/A,N/A,0,0,0,0,0,0.0,0.0,0.0,0.0,0.0,0.0,0.0
IRAK1BP1,,N/A,N/A,N/A,0,0,0,0,0,0.0,0.0,0.0,0.0,0.0,0.0,0.0
DGKA,,N/A,N/A,N/A,0,0,0,0,0,0.0,0.0,0.0,0.0,0.0,0.0,0.0
RASSF3,,N/A,N/A,N/A,0,0,0,0,0,0.0,0.0,0.0,0.0,0.0,0.0,0.0
ZNF516,,N/A,N/A,N/A,0,0,0,0,0,0.0,0.0,0.0,0.0,0.0,0.0,0.0
PHLDA1,,N/A,N/A,N/A,0,0,0,0,0,0.0,0.0,0.0,0.0,0.0,0.0,0.0
ZBTB49,,N/A,N/A,N/A,0,0,0,0,0,0.0,0.0,0.0,0.0,0.0,0.0,0.0
FAF1,,N/A,N/A,N/A,0,0,0,0,0,0.0,0.0,0.0,0.0,0.0,0.0,0.0
UBE2W,,N/A,N/A,N/A,0,0,0,0,0,0.0,0.0,0.0,0.0,0.0,0.0,0.0
SLC23A2,,N/A,N/A,N/A,0,0,0,0,0,0.0,0.0,0.0,0.0,0.0,0.0,0.0
CHRAC1,,N/A,N/A,N/A,0,0,0,0,0,0.0,0.0,0.0,0.0,0.0,0.0,0.0
ATP2B4,,N/A,N/A,N/A,0,0,0,0,0,0.0,0.0,0.0,0.0,0.0,0.0,0.0
BOLA2,,N/A,N/A,N/A,0,0,0,0,0,0.0,0.0,0.0,0.0,0.0,0.0,0.0
NUP43,,N/A,N/A,N/A,0,0,0,0,0,0.0,0.0,0.0,0.0,0.0,0.0,0.0
PEPD,,N/A,N/A,N/A,0,0,0,0,0,0.0,0.0,0.0,0.0,0.0,0.0,0.0
DAZAP2,,N/A,N/A,N/A,0,0,0,0,0,0.0,0.0,0.0,0.0,0.0,0.0,0.0
INPPL1,,N/A,N/A,N/A,0,0,0,0,0,0.0,0.0,0.0,0.0,0.0,0.0,0.0
DICER1-AS1,,N/A,N/A,N/A,0,0,0,0,0,0.0,0.0,0.0,0.0,0.0,0.0,0.0
TRIAP1,,N/A,N/A,N/A,0,0,0,0,0,0.0,0.0,0.0,0.0,0.0,0.0,0.0
PRSS3,,N/A,N/A,N/A,0,0,0,0,0,0.0,0.0,0.0,0.0,0.0,0.0,0.0
MYOF,,N/A,N/A,N/A,0,0,0,0,0,0.0,0.0,0.0,0.0,0.0,0.0,0.0
CERCAM,,N/A,N/A,N/A,0,0,0,0,0,0.0,0.0,0.0,0.0,0.0,0.0,0.0
THEM4,,N/A,N/A,N/A,0,0,0,0,0,0.0,0.0,0.0,0.0,0.0,0.0,0.0
ZNF677,,N/A,N/A,N/A,0,0,0,0,0,0.0,0.0,0.0,0.0,0.0,0.0,0.0
GSAP,,N/A,N/A,N/A,0,0,0,0,0,0.0,0.0,0.0,0.0,0.0,0.0,0.0
KIAA0753,,N/A,N/A,N/A,0,0,0,0,0,0.0,0.0,0.0,0.0,0.0,0.0,0.0
DCP1A,,N/A,N/A,N/A,0,0,0,0,0,0.0,0.0,0.0,0.0,0.0,0.0,0.0
VCPKMT,,N/A,N/A,N/A,0,0,0,0,0,0.0,0.0,0.0,0.0,0.0,0.0,0.0
WDR36,,N/A,N/A,N/A,0,0,0,0,0,0.0,0.0,0.0,0.0,0.0,0.0,0.0
STX3,,N/A,N/A,N/A,0,0,0,0,0,0.0,0.0,0.0,0.0,0.0,0.0,0.0
RANGAP1,,N/A,N/A,N/A,0,0,0,0,0,0.0,0.0,0.0,0.0,0.0,0.0,0.0
NME1,,N/A,N/A,N/A,0,0,0,0,0,0.0,0.0,0.0,0.0,0.0,0.0,0.0
TGIF2,,N/A,N/A,N/A,0,0,0,0,0,0.0,0.0,0.0,0.0,0.0,0.0,0.0
BRICD5,,N/A,N/A,N/A,0,0,0,0,0,0.0,0.0,0.0,0.0,0.0,0.0,0.0
LRFN3,,N/A,N/A,N/A,0,0,0,0,0,0.0,0.0,0.0,0.0,0.0,0.0,0.0
DGKQ,,N/A,N/A,N/A,0,0,0,0,0,0.0,0.0,0.0,0.0,0.0,0.0,0.0
SRP68,,N/A,N/A,N/A,0,0,0,0,0,0.0,0.0,0.0,0.0,0.0,0.0,0.0
ARIH2OS,,N/A,N/A,N/A,0,0,0,0,0,0.0,0.0,0.0,0.0,0.0,0.0,0.0
MTA3,,N/A,N/A,N/A,0,0,0,0,0,0.0,0.0,0.0,0.0,0.0,0.0,0.0
HIF1AN,,N/A,N/A,N/A,0,0,0,0,0,0.0,0.0,0.0,0.0,0.0,0.0,0.0
MAP2K5,,N/A,N/A,N/A,0,0,0,0,0,0.0,0.0,0.0,0.0,0.0,0.0,0.0
RTP4,,N/A,N/A,N/A,0,0,0,0,0,0.0,0.0,0.0,0.0,0.0,0.0,0.0
ZNF621,,N/A,N/A,N/A,0,0,0,0,0,0.0,0.0,0.0,0.0,0.0,0.0,0.0
MRPL30,,N/A,N/A,N/A,0,0,0,0,0,0.0,0.0,0.0,0.0,0.0,0.0,0.0
FARSA,,N/A,N/A,N/A,0,0,0,0,0,0.0,0.0,0.0,0.0,0.0,0.0,0.0
SDCBP,,N/A,N/A,N/A,0,0,0,0,0,0.0,0.0,0.0,0.0,0.0,0.0,0.0
RPL13,,N/A,N/A,N/A,0,0,0,0,0,0.0,0.0,0.0,0.0,0.0,0.0,0.0
BHLHE41,,N/A,N/A,N/A,0,0,0,0,0,0.0,0.0,0.0,0.0,0.0,0.0,0.0
TIMM8B,,N/A,N/A,N/A,0,0,0,0,0,0.0,0.0,0.0,0.0,0.0,0.0,0.0
MAD1L1,,N/A,N/A,N/A,0,0,0,0,0,0.0,0.0,0.0,0.0,0.0,0.0,0.0
HNRNPM,,N/A,N/A,N/A,0,0,0,0,0,0.0,0.0,0.0,0.0,0.0,0.0,0.0
EXOC8,,N/A,N/A,N/A,0,0,0,0,0,0.0,0.0,0.0,0.0,0.0,0.0,0.0
SGTB,,N/A,N/A,N/A,0,0,0,0,0,0.0,0.0,0.0,0.0,0.0,0.0,0.0
PRELID2,,N/A,N/A,N/A,0,0,0,0,0,0.0,0.0,0.0,0.0,0.0,0.0,0.0
CTDNEP1,,N/A,N/A,N/A,0,0,0,0,0,0.0,0.0,0.0,0.0,0.0,0.0,0.0
LCP2,,N/A,N/A,N/A,0,0,0,0,0,0.0,0.0,0.0,0.0,0.0,0.0,0.0
TMEM62,,N/A,N/A,N/A,0,0,0,0,0,0.0,0.0,0.0,0.0,0.0,0.0,0.0
TMEM192,,N/A,N/A,N/A,0,0,0,0,0,0.0,0.0,0.0,0.0,0.0,0.0,0.0
TAF10,,N/A,N/A,N/A,0,0,0,0,0,0.0,0.0,0.0,0.0,0.0,0.0,0.0
GMCL1,,N/A,N/A,N/A,0,0,0,0,0,0.0,0.0,0.0,0.0,0.0,0.0,0.0
YWHAH,,N/A,N/A,N/A,0,0,0,0,0,0.0,0.0,0.0,0.0,0.0,0.0,0.0
SLC25A15,,N/A,N/A,N/A,0,0,0,0,0,0.0,0.0,0.0,0.0,0.0,0.0,0.0
NOC3L,,N/A,N/A,N/A,0,0,0,0,0,0.0,0.0,0.0,0.0,0.0,0.0,0.0
ZNF491,,N/A,N/A,N/A,0,0,0,0,0,0.0,0.0,0.0,0.0,0.0,0.0,0.0
LRP10,,N/A,N/A,N/A,0,0,0,0,0,0.0,0.0,0.0,0.0,0.0,0.0,0.0
RPS11,,N/A,N/A,N/A,0,0,0,0,0,0.0,0.0,0.0,0.0,0.0,0.0,0.0
GNB2,,N/A,N/A,N/A,0,0,0,0,0,0.0,0.0,0.0,0.0,0.0,0.0,0.0
G3BP2,,N/A,N/A,N/A,0,0,0,0,0,0.0,0.0,0.0,0.0,0.0,0.0,0.0
RACGAP1,,N/A,N/A,N/A,0,0,0,0,0,0.0,0.0,0.0,0.0,0.0,0.0,0.0
PTPN9,,N/A,N/A,N/A,0,0,0,0,0,0.0,0.0,0.0,0.0,0.0,0.0,0.0
ZNF615,,N/A,N/A,N/A,0,0,0,0,0,0.0,0.0,0.0,0.0,0.0,0.0,0.0
TULP3,,N/A,N/A,N/A,0,0,0,0,0,0.0,0.0,0.0,0.0,0.0,0.0,0.0
ZNF419,,N/A,N/A,N/A,0,0,0,0,0,0.0,0.0,0.0,0.0,0.0,0.0,0.0
YIPF4,,N/A,N/A,N/A,0,0,0,0,0,0.0,0.0,0.0,0.0,0.0,0.0,0.0
WDR81,,N/A,N/A,N/A,0,0,0,0,0,0.0,0.0,0.0,0.0,0.0,0.0,0.0
NUDT2,,N/A,N/A,N/A,0,0,0,0,0,0.0,0.0,0.0,0.0,0.0,0.0,0.0
BTBD3,,N/A,N/A,N/A,0,0,0,0,0,0.0,0.0,0.0,0.0,0.0,0.0,0.0
MAP4K2,,N/A,N/A,N/A,0,0,0,0,0,0.0,0.0,0.0,0.0,0.0,0.0,0.0
PPP5C,,N/A,N/A,N/A,0,0,0,0,0,0.0,0.0,0.0,0.0,0.0,0.0,0.0
ABHD6,,N/A,N/A,N/A,0,0,0,0,0,0.0,0.0,0.0,0.0,0.0,0.0,0.0
HMBOX1,,N/A,N/A,N/A,0,0,0,0,0,0.0,0.0,0.0,0.0,0.0,0.0,0.0
TTTY14,,N/A,N/A,N/A,0,0,0,0,0,0.0,0.0,0.0,0.0,0.0,0.0,0.0
MYO3B,,N/A,N/A,N/A,0,0,0,0,0,0.0,0.0,0.0,0.0,0.0,0.0,0.0
XPR1,,N/A,N/A,N/A,0,0,0,0,0,0.0,0.0,0.0,0.0,0.0,0.0,0.0
RPRD1B,,N/A,N/A,N/A,0,0,0,0,0,0.0,0.0,0.0,0.0,0.0,0.0,0.0
STK19,,N/A,N/A,N/A,0,0,0,0,0,0.0,0.0,0.0,0.0,0.0,0.0,0.0
PRDM11,,N/A,N/A,N/A,0,0,0,0,0,0.0,0.0,0.0,0.0,0.0,0.0,0.0
TRIM58,,N/A,N/A,N/A,0,0,0,0,0,0.0,0.0,0.0,0.0,0.0,0.0,0.0
MAPRE2,,N/A,N/A,N/A,0,0,0,0,0,0.0,0.0,0.0,0.0,0.0,0.0,0.0
ZNF175,,N/A,N/A,N/A,0,0,0,0,0,0.0,0.0,0.0,0.0,0.0,0.0,0.0
ACSF3,,N/A,N/A,N/A,0,0,0,0,0,0.0,0.0,0.0,0.0,0.0,0.0,0.0
GALNT12,,N/A,N/A,N/A,0,0,0,0,0,0.0,0.0,0.0,0.0,0.0,0.0,0.0
EFCAB5,,N/A,N/A,N/A,0,0,0,0,0,0.0,0.0,0.0,0.0,0.0,0.0,0.0
PNISR,,N/A,N/A,N/A,0,0,0,0,0,0.0,0.0,0.0,0.0,0.0,0.0,0.0
USP45,,N/A,N/A,N/A,0,0,0,0,0,0.0,0.0,0.0,0.0,0.0,0.0,0.0
MDN1,,N/A,N/A,N/A,0,0,0,0,0,0.0,0.0,0.0,0.0,0.0,0.0,0.0
CALM3,,N/A,N/A,N/A,0,0,0,0,0,0.0,0.0,0.0,0.0,0.0,0.0,0.0
NOL9,,N/A,N/A,N/A,0,0,0,0,0,0.0,0.0,0.0,0.0,0.0,0.0,0.0
ACP2,,N/A,N/A,N/A,0,0,0,0,0,0.0,0.0,0.0,0.0,0.0,0.0,0.0
GPR160,,N/A,N/A,N/A,0,0,0,0,0,0.0,0.0,0.0,0.0,0.0,0.0,0.0
LNX1,,N/A,N/A,N/A,0,0,0,0,0,0.0,0.0,0.0,0.0,0.0,0.0,0.0
KLHDC3,,N/A,N/A,N/A,0,0,0,0,0,0.0,0.0,0.0,0.0,0.0,0.0,0.0
DENR,,N/A,N/A,N/A,0,0,0,0,0,0.0,0.0,0.0,0.0,0.0,0.0,0.0
TM9SF2,,N/A,N/A,N/A,0,0,0,0,0,0.0,0.0,0.0,0.0,0.0,0.0,0.0
EVA1B,,N/A,N/A,N/A,0,0,0,0,0,0.0,0.0,0.0,0.0,0.0,0.0,0.0
TSEN2,,N/A,N/A,N/A,0,0,0,0,0,0.0,0.0,0.0,0.0,0.0,0.0,0.0
RBM8A,,N/A,N/A,N/A,0,0,0,0,0,0.0,0.0,0.0,0.0,0.0,0.0,0.0
ALDH4A1,,N/A,N/A,N/A,0,0,0,0,0,0.0,0.0,0.0,0.0,0.0,0.0,0.0
APEX2,,N/A,N/A,N/A,0,0,0,0,0,0.0,0.0,0.0,0.0,0.0,0.0,0.0
HSP90B1,,N/A,N/A,N/A,0,0,0,0,0,0.0,0.0,0.0,0.0,0.0,0.0,0.0
LAMTOR3,,N/A,N/A,N/A,0,0,0,0,0,0.0,0.0,0.0,0.0,0.0,0.0,0.0
MTMR4,,N/A,N/A,N/A,0,0,0,0,0,0.0,0.0,0.0,0.0,0.0,0.0,0.0
STK35,,N/A,N/A,N/A,0,0,0,0,0,0.0,0.0,0.0,0.0,0.0,0.0,0.0
RAB2A,,N/A,N/A,N/A,0,0,0,0,0,0.0,0.0,0.0,0.0,0.0,0.0,0.0
ZBTB11,,N/A,N/A,N/A,0,0,0,0,0,0.0,0.0,0.0,0.0,0.0,0.0,0.0
CENPK,,N/A,N/A,N/A,0,0,0,0,0,0.0,0.0,0.0,0.0,0.0,0.0,0.0
CLIC2,,N/A,N/A,N/A,0,0,0,0,0,0.0,0.0,0.0,0.0,0.0,0.0,0.0
GAK,,N/A,N/A,N/A,0,0,0,0,0,0.0,0.0,0.0,0.0,0.0,0.0,0.0
SZRD1,,N/A,N/A,N/A,0,0,0,0,0,0.0,0.0,0.0,0.0,0.0,0.0,0.0
LGALS1,,N/A,N/A,N/A,0,0,0,0,0,0.0,0.0,0.0,0.0,0.0,0.0,0.0
CD2BP2,,N/A,N/A,N/A,0,0,0,0,0,0.0,0.0,0.0,0.0,0.0,0.0,0.0
SPRED1,,N/A,N/A,N/A,0,0,0,0,0,0.0,0.0,0.0,0.0,0.0,0.0,0.0
KCTD3,,N/A,N/A,N/A,0,0,0,0,0,0.0,0.0,0.0,0.0,0.0,0.0,0.0
RNF170,,N/A,N/A,N/A,0,0,0,0,0,0.0,0.0,0.0,0.0,0.0,0.0,0.0
ABCA6,,N/A,N/A,N/A,0,0,0,0,0,0.0,0.0,0.0,0.0,0.0,0.0,0.0
USP7,,N/A,N/A,N/A,0,0,0,0,0,0.0,0.0,0.0,0.0,0.0,0.0,0.0
RAB27B,,N/A,N/A,N/A,0,0,0,0,0,0.0,0.0,0.0,0.0,0.0,0.0,0.0
RGL4,,N/A,N/A,N/A,0,0,0,0,0,0.0,0.0,0.0,0.0,0.0,0.0,0.0
U2AF2,,N/A,N/A,N/A,0,0,0,0,0,0.0,0.0,0.0,0.0,0.0,0.0,0.0
LAPTM4B,,N/A,N/A,N/A,0,0,0,0,0,0.0,0.0,0.0,0.0,0.0,0.0,0.0
NEK10,,N/A,N/A,N/A,0,0,0,0,0,0.0,0.0,0.0,0.0,0.0,0.0,0.0
NUDT3,,N/A,N/A,N/A,0,0,0,0,0,0.0,0.0,0.0,0.0,0.0,0.0,0.0
IFT57,,N/A,N/A,N/A,0,0,0,0,0,0.0,0.0,0.0,0.0,0.0,0.0,0.0
DUSP11,,N/A,N/A,N/A,0,0,0,0,0,0.0,0.0,0.0,0.0,0.0,0.0,0.0
TMEM121,,N/A,N/A,N/A,0,0,0,0,0,0.0,0.0,0.0,0.0,0.0,0.0,0.0
ZNF280B,,N/A,N/A,N/A,0,0,0,0,0,0.0,0.0,0.0,0.0,0.0,0.0,0.0
CHCHD3,,N/A,N/A,N/A,0,0,0,0,0,0.0,0.0,0.0,0.0,0.0,0.0,0.0
R3HCC1,,N/A,N/A,N/A,0,0,0,0,0,0.0,0.0,0.0,0.0,0.0,0.0,0.0
C7orf50,,N/A,N/A,N/A,0,0,0,0,0,0.0,0.0,0.0,0.0,0.0,0.0,0.0
USP34,,N/A,N/A,N/A,0,0,0,0,0,0.0,0.0,0.0,0.0,0.0,0.0,0.0
PCAT1,,N/A,N/A,N/A,0,0,0,0,0,0.0,0.0,0.0,0.0,0.0,0.0,0.0
TP53BP2,,N/A,N/A,N/A,0,0,0,0,0,0.0,0.0,0.0,0.0,0.0,0.0,0.0
SEC61G,,N/A,N/A,N/A,0,0,0,0,0,0.0,0.0,0.0,0.0,0.0,0.0,0.0
NT5C3B,,N/A,N/A,N/A,0,0,0,0,0,0.0,0.0,0.0,0.0,0.0,0.0,0.0
NHLRC3,,N/A,N/A,N/A,0,0,0,0,0,0.0,0.0,0.0,0.0,0.0,0.0,0.0
VPS35,,N/A,N/A,N/A,0,0,0,0,0,0.0,0.0,0.0,0.0,0.0,0.0,0.0
NBPF9,,N/A,N/A,N/A,0,0,0,0,0,0.0,0.0,0.0,0.0,0.0,0.0,0.0
SPDYE3,,N/A,N/A,N/A,0,0,0,0,0,0.0,0.0,0.0,0.0,0.0,0.0,0.0
MRPL55,,N/A,N/A,N/A,0,0,0,0,0,0.0,0.0,0.0,0.0,0.0,0.0,0.0
TBC1D22B,,N/A,N/A,N/A,0,0,0,0,0,0.0,0.0,0.0,0.0,0.0,0.0,0.0
SIL1,,N/A,N/A,N/A,0,0,0,0,0,0.0,0.0,0.0,0.0,0.0,0.0,0.0
ZSCAN25,,N/A,N/A,N/A,0,0,0,0,0,0.0,0.0,0.0,0.0,0.0,0.0,0.0
TMUB1,,N/A,N/A,N/A,0,0,0,0,0,0.0,0.0,0.0,0.0,0.0,0.0,0.0
SLC41A2,,N/A,N/A,N/A,0,0,0,0,0,0.0,0.0,0.0,0.0,0.0,0.0,0.0
FASTK,,N/A,N/A,N/A,0,0,0,0,0,0.0,0.0,0.0,0.0,0.0,0.0,0.0
SCYL3,,N/A,N/A,N/A,0,0,0,0,0,0.0,0.0,0.0,0.0,0.0,0.0,0.0
STXBP5-AS1,,N/A,N/A,N/A,0,0,0,0,0,0.0,0.0,0.0,0.0,0.0,0.0,0.0
PSMC5,,N/A,N/A,N/A,0,0,0,0,0,0.0,0.0,0.0,0.0,0.0,0.0,0.0
REEP6,,N/A,N/A,N/A,0,0,0,0,0,0.0,0.0,0.0,0.0,0.0,0.0,0.0
TMLHE-AS1,,N/A,N/A,N/A,0,0,0,0,0,0.0,0.0,0.0,0.0,0.0,0.0,0.0
STIP1,,N/A,N/A,N/A,0,0,0,0,0,0.0,0.0,0.0,0.0,0.0,0.0,0.0
EIF5A2,,N/A,N/A,N/A,0,0,0,0,0,0.0,0.0,0.0,0.0,0.0,0.0,0.0
ERMAP,,N/A,N/A,N/A,0,0,0,0,0,0.0,0.0,0.0,0.0,0.0,0.0,0.0
PLEKHH3,,N/A,N/A,N/A,0,0,0,0,0,0.0,0.0,0.0,0.0,0.0,0.0,0.0
PDSS2,,N/A,N/A,N/A,0,0,0,0,0,0.0,0.0,0.0,0.0,0.0,0.0,0.0
CEP41,,N/A,N/A,N/A,0,0,0,0,0,0.0,0.0,0.0,0.0,0.0,0.0,0.0
HIVEP3,,N/A,N/A,N/A,0,0,0,0,0,0.0,0.0,0.0,0.0,0.0,0.0,0.0
PLEKHA3,,N/A,N/A,N/A,0,0,0,0,0,0.0,0.0,0.0,0.0,0.0,0.0,0.0
PDLIM5,,N/A,N/A,N/A,0,0,0,0,0,0.0,0.0,0.0,0.0,0.0,0.0,0.0
NADK2,,N/A,N/A,N/A,0,0,0,0,0,0.0,0.0,0.0,0.0,0.0,0.0,0.0
MOB1B,,N/A,N/A,N/A,0,0,0,0,0,0.0,0.0,0.0,0.0,0.0,0.0,0.0
CPVL,,N/A,N/A,N/A,0,0,0,0,0,0.0,0.0,0.0,0.0,0.0,0.0,0.0
WDR6,,N/A,N/A,N/A,0,0,0,0,0,0.0,0.0,0.0,0.0,0.0,0.0,0.0
RAB34,,N/A,N/A,N/A,0,0,0,0,0,0.0,0.0,0.0,0.0,0.0,0.0,0.0
JDP2,,N/A,N/A,N/A,0,0,0,0,0,0.0,0.0,0.0,0.0,0.0,0.0,0.0
NT5DC1,,N/A,N/A,N/A,0,0,0,0,0,0.0,0.0,0.0,0.0,0.0,0.0,0.0
ARMC1,,N/A,N/A,N/A,0,0,0,0,0,0.0,0.0,0.0,0.0,0.0,0.0,0.0
RWDD3,,N/A,N/A,N/A,0,0,0,0,0,0.0,0.0,0.0,0.0,0.0,0.0,0.0
TMEM104,,N/A,N/A,N/A,0,0,0,0,0,0.0,0.0,0.0,0.0,0.0,0.0,0.0
PLD2,,N/A,N/A,N/A,0,0,0,0,0,0.0,0.0,0.0,0.0,0.0,0.0,0.0
C1orf198,,N/A,N/A,N/A,0,0,0,0,0,0.0,0.0,0.0,0.0,0.0,0.0,0.0
MROH1,,N/A,N/A,N/A,0,0,0,0,0,0.0,0.0,0.0,0.0,0.0,0.0,0.0
ST3GAL6,,N/A,N/A,N/A,0,0,0,0,0,0.0,0.0,0.0,0.0,0.0,0.0,0.0
DTX3L,,N/A,N/A,N/A,0,0,0,0,0,0.0,0.0,0.0,0.0,0.0,0.0,0.0
PUSL1,,N/A,N/A,N/A,0,0,0,0,0,0.0,0.0,0.0,0.0,0.0,0.0,0.0
HECA,,N/A,N/A,N/A,0,0,0,0,0,0.0,0.0,0.0,0.0,0.0,0.0,0.0
KIFAP3,,N/A,N/A,N/A,0,0,0,0,0,0.0,0.0,0.0,0.0,0.0,0.0,0.0
SLC43A1,,N/A,N/A,N/A,0,0,0,0,0,0.0,0.0,0.0,0.0,0.0,0.0,0.0
NTPCR,,N/A,N/A,N/A,0,0,0,0,0,0.0,0.0,0.0,0.0,0.0,0.0,0.0
ARF1,,N/A,N/A,N/A,0,0,0,0,0,0.0,0.0,0.0,0.0,0.0,0.0,0.0
TRAK1,,N/A,N/A,N/A,0,0,0,0,0,0.0,0.0,0.0,0.0,0.0,0.0,0.0
MRPS18B,,N/A,N/A,N/A,0,0,0,0,0,0.0,0.0,0.0,0.0,0.0,0.0,0.0
ATXN1,,N/A,N/A,N/A,0,0,0,0,0,0.0,0.0,0.0,0.0,0.0,0.0,0.0
TPPP,,N/A,N/A,N/A,0,0,0,0,0,0.0,0.0,0.0,0.0,0.0,0.0,0.0
GIGYF2,,N/A,N/A,N/A,0,0,0,0,0,0.0,0.0,0.0,0.0,0.0,0.0,0.0
AGAP2-AS1,,N/A,N/A,N/A,0,0,0,0,0,0.0,0.0,0.0,0.0,0.0,0.0,0.0
ANKRD42,,N/A,N/A,N/A,0,0,0,0,0,0.0,0.0,0.0,0.0,0.0,0.0,0.0
NFIB,,N/A,N/A,N/A,0,0,0,0,0,0.0,0.0,0.0,0.0,0.0,0.0,0.0
GCSH,,N/A,N/A,N/A,0,0,0,0,0,0.0,0.0,0.0,0.0,0.0,0.0,0.0
TMEM154,,N/A,N/A,N/A,0,0,0,0,0,0.0,0.0,0.0,0.0,0.0,0.0,0.0
GLOD4,,N/A,N/A,N/A,0,0,0,0,0,0.0,0.0,0.0,0.0,0.0,0.0,0.0
DCTN2,,N/A,N/A,N/A,0,0,0,0,0,0.0,0.0,0.0,0.0,0.0,0.0,0.0
BCO2,,N/A,N/A,N/A,0,0,0,0,0,0.0,0.0,0.0,0.0,0.0,0.0,0.0
ARHGAP25,,N/A,N/A,N/A,0,0,0,0,0,0.0,0.0,0.0,0.0,0.0,0.0,0.0
NNT-AS1,,N/A,N/A,N/A,0,0,0,0,0,0.0,0.0,0.0,0.0,0.0,0.0,0.0
GNG11,,N/A,N/A,N/A,0,0,0,0,0,0.0,0.0,0.0,0.0,0.0,0.0,0.0
SERPINH1,,N/A,N/A,N/A,0,0,0,0,0,0.0,0.0,0.0,0.0,0.0,0.0,0.0
ADAM19,,N/A,N/A,N/A,0,0,0,0,0,0.0,0.0,0.0,0.0,0.0,0.0,0.0
ISCA1,,N/A,N/A,N/A,0,0,0,0,0,0.0,0.0,0.0,0.0,0.0,0.0,0.0
LPCAT3,,N/A,N/A,N/A,0,0,0,0,0,0.0,0.0,0.0,0.0,0.0,0.0,0.0
SLC25A13,,N/A,N/A,N/A,0,0,0,0,0,0.0,0.0,0.0,0.0,0.0,0.0,0.0
PHYHD1,,N/A,N/A,N/A,0,0,0,0,0,0.0,0.0,0.0,0.0,0.0,0.0,0.0
ZNF446,,N/A,N/A,N/A,0,0,0,0,0,0.0,0.0,0.0,0.0,0.0,0.0,0.0
PTK6,,N/A,N/A,N/A,0,0,0,0,0,0.0,0.0,0.0,0.0,0.0,0.0,0.0
ZBTB1,,N/A,N/A,N/A,0,0,0,0,0,0.0,0.0,0.0,0.0,0.0,0.0,0.0
RPN1,,N/A,N/A,N/A,0,0,0,0,0,0.0,0.0,0.0,0.0,0.0,0.0,0.0
RECQL4,,N/A,N/A,N/A,0,0,0,0,0,0.0,0.0,0.0,0.0,0.0,0.0,0.0
SLC9A7,,N/A,N/A,N/A,0,0,0,0,0,0.0,0.0,0.0,0.0,0.0,0.0,0.0
BRD1,,N/A,N/A,N/A,0,0,0,0,0,0.0,0.0,0.0,0.0,0.0,0.0,0.0
FOXP4,,N/A,N/A,N/A,0,0,0,0,0,0.0,0.0,0.0,0.0,0.0,0.0,0.0
KCTD12,,N/A,N/A,N/A,0,0,0,0,0,0.0,0.0,0.0,0.0,0.0,0.0,0.0
MAPK8IP3,,N/A,N/A,N/A,0,0,0,0,0,0.0,0.0,0.0,0.0,0.0,0.0,0.0
LSM14A,,N/A,N/A,N/A,0,0,0,0,0,0.0,0.0,0.0,0.0,0.0,0.0,0.0
SPRED3,,N/A,N/A,N/A,0,0,0,0,0,0.0,0.0,0.0,0.0,0.0,0.0,0.0
TTC31,,N/A,N/A,N/A,0,0,0,0,0,0.0,0.0,0.0,0.0,0.0,0.0,0.0
UTRN,,N/A,N/A,N/A,0,0,0,0,0,0.0,0.0,0.0,0.0,0.0,0.0,0.0
ZNF778,,N/A,N/A,N/A,0,0,0,0,0,0.0,0.0,0.0,0.0,0.0,0.0,0.0
SLC5A6,,N/A,N/A,N/A,0,0,0,0,0,0.0,0.0,0.0,0.0,0.0,0.0,0.0
DBN1,,N/A,N/A,N/A,0,0,0,0,0,0.0,0.0,0.0,0.0,0.0,0.0,0.0
KCNE1,,N/A,N/A,N/A,0,0,0,0,0,0.0,0.0,0.0,0.0,0.0,0.0,0.0
LYG1,,N/A,N/A,N/A,0,0,0,0,0,0.0,0.0,0.0,0.0,0.0,0.0,0.0
TMEM231,,N/A,N/A,N/A,0,0,0,0,0,0.0,0.0,0.0,0.0,0.0,0.0,0.0
NOL7,,N/A,N/A,N/A,0,0,0,0,0,0.0,0.0,0.0,0.0,0.0,0.0,0.0
NEIL3,,N/A,N/A,N/A,0,0,0,0,0,0.0,0.0,0.0,0.0,0.0,0.0,0.0
SCRN2,,N/A,N/A,N/A,0,0,0,0,0,0.0,0.0,0.0,0.0,0.0,0.0,0.0
WDR37,,N/A,N/A,N/A,0,0,0,0,0,0.0,0.0,0.0,0.0,0.0,0.0,0.0
GNL1,,N/A,N/A,N/A,0,0,0,0,0,0.0,0.0,0.0,0.0,0.0,0.0,0.0
UBN2,,N/A,N/A,N/A,0,0,0,0,0,0.0,0.0,0.0,0.0,0.0,0.0,0.0
MTHFD2,,N/A,N/A,N/A,0,0,0,0,0,0.0,0.0,0.0,0.0,0.0,0.0,0.0
SMAP2,,N/A,N/A,N/A,0,0,0,0,0,0.0,0.0,0.0,0.0,0.0,0.0,0.0
SENP5,,N/A,N/A,N/A,0,0,0,0,0,0.0,0.0,0.0,0.0,0.0,0.0,0.0
CLASP1,,N/A,N/A,N/A,0,0,0,0,0,0.0,0.0,0.0,0.0,0.0,0.0,0.0
NCBP1,,N/A,N/A,N/A,0,0,0,0,0,0.0,0.0,0.0,0.0,0.0,0.0,0.0
KCMF1,,N/A,N/A,N/A,0,0,0,0,0,0.0,0.0,0.0,0.0,0.0,0.0,0.0
B3GNT5,,N/A,N/A,N/A,0,0,0,0,0,0.0,0.0,0.0,0.0,0.0,0.0,0.0
SMIM10,,N/A,N/A,N/A,0,0,0,0,0,0.0,0.0,0.0,0.0,0.0,0.0,0.0
NBPF12,,N/A,N/A,N/A,0,0,0,0,0,0.0,0.0,0.0,0.0,0.0,0.0,0.0
UBAC2-AS1,,N/A,N/A,N/A,0,0,0,0,0,0.0,0.0,0.0,0.0,0.0,0.0,0.0
ITPKB,,N/A,N/A,N/A,0,0,0,0,0,0.0,0.0,0.0,0.0,0.0,0.0,0.0
FAAH2,,N/A,N/A,N/A,0,0,0,0,0,0.0,0.0,0.0,0.0,0.0,0.0,0.0
TMEM222,,N/A,N/A,N/A,0,0,0,0,0,0.0,0.0,0.0,0.0,0.0,0.0,0.0
ATP11C,,N/A,N/A,N/A,0,0,0,0,0,0.0,0.0,0.0,0.0,0.0,0.0,0.0
TMX3,,N/A,N/A,N/A,0,0,0,0,0,0.0,0.0,0.0,0.0,0.0,0.0,0.0
ZNF41,,N/A,N/A,N/A,0,0,0,0,0,0.0,0.0,0.0,0.0,0.0,0.0,0.0
SNIP1,,N/A,N/A,N/A,0,0,0,0,0,0.0,0.0,0.0,0.0,0.0,0.0,0.0
E2F8,,N/A,N/A,N/A,0,0,0,0,0,0.0,0.0,0.0,0.0,0.0,0.0,0.0
FKBPL,,N/A,N/A,N/A,0,0,0,0,0,0.0,0.0,0.0,0.0,0.0,0.0,0.0
ATP6V0A2,,N/A,N/A,N/A,0,0,0,0,0,0.0,0.0,0.0,0.0,0.0,0.0,0.0
MARK3,,N/A,N/A,N/A,0,0,0,0,0,0.0,0.0,0.0,0.0,0.0,0.0,0.0
STAG3,,N/A,N/A,N/A,0,0,0,0,0,0.0,0.0,0.0,0.0,0.0,0.0,0.0
KLF10,,N/A,N/A,N/A,0,0,0,0,0,0.0,0.0,0.0,0.0,0.0,0.0,0.0
METTL7A,,N/A,N/A,N/A,0,0,0,0,0,0.0,0.0,0.0,0.0,0.0,0.0,0.0
RNF115,,N/A,N/A,N/A,0,0,0,0,0,0.0,0.0,0.0,0.0,0.0,0.0,0.0
REEP3,,N/A,N/A,N/A,0,0,0,0,0,0.0,0.0,0.0,0.0,0.0,0.0,0.0
MED4,,N/A,N/A,N/A,0,0,0,0,0,0.0,0.0,0.0,0.0,0.0,0.0,0.0
SDHAF1,,N/A,N/A,N/A,0,0,0,0,0,0.0,0.0,0.0,0.0,0.0,0.0,0.0
TVP23C,,N/A,N/A,N/A,0,0,0,0,0,0.0,0.0,0.0,0.0,0.0,0.0,0.0
APPL1,,N/A,N/A,N/A,0,0,0,0,0,0.0,0.0,0.0,0.0,0.0,0.0,0.0
TRMT6,,N/A,N/A,N/A,0,0,0,0,0,0.0,0.0,0.0,0.0,0.0,0.0,0.0
GPR82,,N/A,N/A,N/A,0,0,0,0,0,0.0,0.0,0.0,0.0,0.0,0.0,0.0
TBL2,,N/A,N/A,N/A,0,0,0,0,0,0.0,0.0,0.0,0.0,0.0,0.0,0.0
XRRA1,,N/A,N/A,N/A,0,0,0,0,0,0.0,0.0,0.0,0.0,0.0,0.0,0.0
ARL2,,N/A,N/A,N/A,0,0,0,0,0,0.0,0.0,0.0,0.0,0.0,0.0,0.0
CASC8,,N/A,N/A,N/A,0,0,0,0,0,0.0,0.0,0.0,0.0,0.0,0.0,0.0
MOXD1,,N/A,N/A,N/A,0,0,0,0,0,0.0,0.0,0.0,0.0,0.0,0.0,0.0
MARCKSL1,,N/A,N/A,N/A,0,0,0,0,0,0.0,0.0,0.0,0.0,0.0,0.0,0.0
ENTPD1-AS1,,N/A,N/A,N/A,0,0,0,0,0,0.0,0.0,0.0,0.0,0.0,0.0,0.0
ANKLE2,,N/A,N/A,N/A,0,0,0,0,0,0.0,0.0,0.0,0.0,0.0,0.0,0.0
ZNF652,,N/A,N/A,N/A,0,0,0,0,0,0.0,0.0,0.0,0.0,0.0,0.0,0.0
LXN,,N/A,N/A,N/A,0,0,0,0,0,0.0,0.0,0.0,0.0,0.0,0.0,0.0
TTC21A,,N/A,N/A,N/A,0,0,0,0,0,0.0,0.0,0.0,0.0,0.0,0.0,0.0
MIA3,,N/A,N/A,N/A,0,0,0,0,0,0.0,0.0,0.0,0.0,0.0,0.0,0.0
HMGB3,,N/A,N/A,N/A,0,0,0,0,0,0.0,0.0,0.0,0.0,0.0,0.0,0.0
POU6F1,,N/A,N/A,N/A,0,0,0,0,0,0.0,0.0,0.0,0.0,0.0,0.0,0.0
CMSS1,,N/A,N/A,N/A,0,0,0,0,0,0.0,0.0,0.0,0.0,0.0,0.0,0.0
RPA2,,N/A,N/A,N/A,0,0,0,0,0,0.0,0.0,0.0,0.0,0.0,0.0,0.0
MAP4K3,,N/A,N/A,N/A,0,0,0,0,0,0.0,0.0,0.0,0.0,0.0,0.0,0.0
SETD7,,N/A,N/A,N/A,0,0,0,0,0,0.0,0.0,0.0,0.0,0.0,0.0,0.0
LETM1,,N/A,N/A,N/A,0,0,0,0,0,0.0,0.0,0.0,0.0,0.0,0.0,0.0
HENMT1,,N/A,N/A,N/A,0,0,0,0,0,0.0,0.0,0.0,0.0,0.0,0.0,0.0
TSEN15,,N/A,N/A,N/A,0,0,0,0,0,0.0,0.0,0.0,0.0,0.0,0.0,0.0
ATAD2B,,N/A,N/A,N/A,0,0,0,0,0,0.0,0.0,0.0,0.0,0.0,0.0,0.0
FZD5,,N/A,N/A,N/A,0,0,0,0,0,0.0,0.0,0.0,0.0,0.0,0.0,0.0
MBD6,,N/A,N/A,N/A,0,0,0,0,0,0.0,0.0,0.0,0.0,0.0,0.0,0.0
CALM2,,N/A,N/A,N/A,0,0,0,0,0,0.0,0.0,0.0,0.0,0.0,0.0,0.0
MEF2C,,N/A,N/A,N/A,0,0,0,0,0,0.0,0.0,0.0,0.0,0.0,0.0,0.0
SLC15A4,,N/A,N/A,N/A,0,0,0,0,0,0.0,0.0,0.0,0.0,0.0,0.0,0.0
ZDHHC5,,N/A,N/A,N/A,0,0,0,0,0,0.0,0.0,0.0,0.0,0.0,0.0,0.0
INTS9,,N/A,N/A,N/A,0,0,0,0,0,0.0,0.0,0.0,0.0,0.0,0.0,0.0
HINFP,,N/A,N/A,N/A,0,0,0,0,0,0.0,0.0,0.0,0.0,0.0,0.0,0.0
USP51,,N/A,N/A,N/A,0,0,0,0,0,0.0,0.0,0.0,0.0,0.0,0.0,0.0
WDR11,,N/A,N/A,N/A,0,0,0,0,0,0.0,0.0,0.0,0.0,0.0,0.0,0.0
PSMG2,,N/A,N/A,N/A,0,0,0,0,0,0.0,0.0,0.0,0.0,0.0,0.0,0.0
UBE3D,,N/A,N/A,N/A,0,0,0,0,0,0.0,0.0,0.0,0.0,0.0,0.0,0.0
SYT6,,N/A,N/A,N/A,0,0,0,0,0,0.0,0.0,0.0,0.0,0.0,0.0,0.0
ZNF565,,N/A,N/A,N/A,0,0,0,0,0,0.0,0.0,0.0,0.0,0.0,0.0,0.0
ANO10,,N/A,N/A,N/A,0,0,0,0,0,0.0,0.0,0.0,0.0,0.0,0.0,0.0
ZNF449,,N/A,N/A,N/A,0,0,0,0,0,0.0,0.0,0.0,0.0,0.0,0.0,0.0
SLC45A4,,N/A,N/A,N/A,0,0,0,0,0,0.0,0.0,0.0,0.0,0.0,0.0,0.0
ARL15,,N/A,N/A,N/A,0,0,0,0,0,0.0,0.0,0.0,0.0,0.0,0.0,0.0
TTF1,,N/A,N/A,N/A,0,0,0,0,0,0.0,0.0,0.0,0.0,0.0,0.0,0.0
ZNF25,,N/A,N/A,N/A,0,0,0,0,0,0.0,0.0,0.0,0.0,0.0,0.0,0.0
TBC1D13,,N/A,N/A,N/A,0,0,0,0,0,0.0,0.0,0.0,0.0,0.0,0.0,0.0
ENO1,,N/A,N/A,N/A,0,0,0,0,0,0.0,0.0,0.0,0.0,0.0,0.0,0.0
MRPS36,,N/A,N/A,N/A,0,0,0,0,0,0.0,0.0,0.0,0.0,0.0,0.0,0.0
PDS5B,,N/A,N/A,N/A,0,0,0,0,0,0.0,0.0,0.0,0.0,0.0,0.0,0.0
S100A11,,N/A,N/A,N/A,0,0,0,0,0,0.0,0.0,0.0,0.0,0.0,0.0,0.0
IGF2R,,N/A,N/A,N/A,0,0,0,0,0,0.0,0.0,0.0,0.0,0.0,0.0,0.0
GAS7,,N/A,N/A,N/A,0,0,0,0,0,0.0,0.0,0.0,0.0,0.0,0.0,0.0
GCC2,,N/A,N/A,N/A,0,0,0,0,0,0.0,0.0,0.0,0.0,0.0,0.0,0.0
TMEM45A,,N/A,N/A,N/A,0,0,0,0,0,0.0,0.0,0.0,0.0,0.0,0.0,0.0
ERP44,,N/A,N/A,N/A,0,0,0,0,0,0.0,0.0,0.0,0.0,0.0,0.0,0.0
FAM117A,,N/A,N/A,N/A,0,0,0,0,0,0.0,0.0,0.0,0.0,0.0,0.0,0.0
PDCD4,,N/A,N/A,N/A,0,0,0,0,0,0.0,0.0,0.0,0.0,0.0,0.0,0.0
PIN4,,N/A,N/A,N/A,0,0,0,0,0,0.0,0.0,0.0,0.0,0.0,0.0,0.0
RAB4B,,N/A,N/A,N/A,0,0,0,0,0,0.0,0.0,0.0,0.0,0.0,0.0,0.0
ZNF626,,N/A,N/A,N/A,0,0,0,0,0,0.0,0.0,0.0,0.0,0.0,0.0,0.0
KDM4A-AS1,,N/A,N/A,N/A,0,0,0,0,0,0.0,0.0,0.0,0.0,0.0,0.0,0.0
EML3,,N/A,N/A,N/A,0,0,0,0,0,0.0,0.0,0.0,0.0,0.0,0.0,0.0
TSTD3,,N/A,N/A,N/A,0,0,0,0,0,0.0,0.0,0.0,0.0,0.0,0.0,0.0
CELSR1,,N/A,N/A,N/A,0,0,0,0,0,0.0,0.0,0.0,0.0,0.0,0.0,0.0
LY6E,,N/A,N/A,N/A,0,0,0,0,0,0.0,0.0,0.0,0.0,0.0,0.0,0.0
ALG2,,N/A,N/A,N/A,0,0,0,0,0,0.0,0.0,0.0,0.0,0.0,0.0,0.0
CCDC47,,N/A,N/A,N/A,0,0,0,0,0,0.0,0.0,0.0,0.0,0.0,0.0,0.0
DISP1,,N/A,N/A,N/A,0,0,0,0,0,0.0,0.0,0.0,0.0,0.0,0.0,0.0
MAST4,,N/A,N/A,N/A,0,0,0,0,0,0.0,0.0,0.0,0.0,0.0,0.0,0.0
CLEC16A,,N/A,N/A,N/A,0,0,0,0,0,0.0,0.0,0.0,0.0,0.0,0.0,0.0
ATP8A1,,N/A,N/A,N/A,0,0,0,0,0,0.0,0.0,0.0,0.0,0.0,0.0,0.0
SLC5A3,,N/A,N/A,N/A,0,0,0,0,0,0.0,0.0,0.0,0.0,0.0,0.0,0.0
DDRGK1,,N/A,N/A,N/A,0,0,0,0,0,0.0,0.0,0.0,0.0,0.0,0.0,0.0
FAM110C,,N/A,N/A,N/A,0,0,0,0,0,0.0,0.0,0.0,0.0,0.0,0.0,0.0
ZNF440,,N/A,N/A,N/A,0,0,0,0,0,0.0,0.0,0.0,0.0,0.0,0.0,0.0
CSDE1,,N/A,N/A,N/A,0,0,0,0,0,0.0,0.0,0.0,0.0,0.0,0.0,0.0
COPB2,,N/A,N/A,N/A,0,0,0,0,0,0.0,0.0,0.0,0.0,0.0,0.0,0.0
NMT2,,N/A,N/A,N/A,0,0,0,0,0,0.0,0.0,0.0,0.0,0.0,0.0,0.0
TOB1,,N/A,N/A,N/A,0,0,0,0,0,0.0,0.0,0.0,0.0,0.0,0.0,0.0
ACTB,,N/A,N/A,N/A,0,0,0,0,0,0.0,0.0,0.0,0.0,0.0,0.0,0.0
CCDC106,,N/A,N/A,N/A,0,0,0,0,0,0.0,0.0,0.0,0.0,0.0,0.0,0.0
ASPHD2,,N/A,N/A,N/A,0,0,0,0,0,0.0,0.0,0.0,0.0,0.0,0.0,0.0
SPTY2D1,,N/A,N/A,N/A,0,0,0,0,0,0.0,0.0,0.0,0.0,0.0,0.0,0.0
TSHZ2,,N/A,N/A,N/A,0,0,0,0,0,0.0,0.0,0.0,0.0,0.0,0.0,0.0
NLRX1,,N/A,N/A,N/A,0,0,0,0,0,0.0,0.0,0.0,0.0,0.0,0.0,0.0
NUDT17,,N/A,N/A,N/A,0,0,0,0,0,0.0,0.0,0.0,0.0,0.0,0.0,0.0
SLC35D1,,N/A,N/A,N/A,0,0,0,0,0,0.0,0.0,0.0,0.0,0.0,0.0,0.0
MAFG,,N/A,N/A,N/A,0,0,0,0,0,0.0,0.0,0.0,0.0,0.0,0.0,0.0
CC2D1B,,N/A,N/A,N/A,0,0,0,0,0,0.0,0.0,0.0,0.0,0.0,0.0,0.0
RRP1B,,N/A,N/A,N/A,0,0,0,0,0,0.0,0.0,0.0,0.0,0.0,0.0,0.0
DVL2,,N/A,N/A,N/A,0,0,0,0,0,0.0,0.0,0.0,0.0,0.0,0.0,0.0
ZNF684,,N/A,N/A,N/A,0,0,0,0,0,0.0,0.0,0.0,0.0,0.0,0.0,0.0
DHX40,,N/A,N/A,N/A,0,0,0,0,0,0.0,0.0,0.0,0.0,0.0,0.0,0.0
DIP2B,,N/A,N/A,N/A,0,0,0,0,0,0.0,0.0,0.0,0.0,0.0,0.0,0.0
ZNF343,,N/A,N/A,N/A,0,0,0,0,0,0.0,0.0,0.0,0.0,0.0,0.0,0.0
FXYD7,,N/A,N/A,N/A,0,0,0,0,0,0.0,0.0,0.0,0.0,0.0,0.0,0.0
HERC5,,N/A,N/A,N/A,0,0,0,0,0,0.0,0.0,0.0,0.0,0.0,0.0,0.0
TGFBR2,,N/A,N/A,N/A,0,0,0,0,0,0.0,0.0,0.0,0.0,0.0,0.0,0.0
MAMLD1,,N/A,N/A,N/A,0,0,0,0,0,0.0,0.0,0.0,0.0,0.0,0.0,0.0
IFNGR1,,N/A,N/A,N/A,0,0,0,0,0,0.0,0.0,0.0,0.0,0.0,0.0,0.0
NOM1,,N/A,N/A,N/A,0,0,0,0,0,0.0,0.0,0.0,0.0,0.0,0.0,0.0
DNASE2,,N/A,N/A,N/A,0,0,0,0,0,0.0,0.0,0.0,0.0,0.0,0.0,0.0
USP32,,N/A,N/A,N/A,0,0,0,0,0,0.0,0.0,0.0,0.0,0.0,0.0,0.0
SPATA6L,,N/A,N/A,N/A,0,0,0,0,0,0.0,0.0,0.0,0.0,0.0,0.0,0.0
PPCDC,,N/A,N/A,N/A,0,0,0,0,0,0.0,0.0,0.0,0.0,0.0,0.0,0.0
LRRC39,,N/A,N/A,N/A,0,0,0,0,0,0.0,0.0,0.0,0.0,0.0,0.0,0.0
TRANK1,,N/A,N/A,N/A,0,0,0,0,0,0.0,0.0,0.0,0.0,0.0,0.0,0.0
GTF3A,,N/A,N/A,N/A,0,0,0,0,0,0.0,0.0,0.0,0.0,0.0,0.0,0.0
LYPLA1,,N/A,N/A,N/A,0,0,0,0,0,0.0,0.0,0.0,0.0,0.0,0.0,0.0
OSBPL8,,N/A,N/A,N/A,0,0,0,0,0,0.0,0.0,0.0,0.0,0.0,0.0,0.0
KRBA1,,N/A,N/A,N/A,0,0,0,0,0,0.0,0.0,0.0,0.0,0.0,0.0,0.0
ACTR1B,,N/A,N/A,N/A,0,0,0,0,0,0.0,0.0,0.0,0.0,0.0,0.0,0.0
SHQ1,,N/A,N/A,N/A,0,0,0,0,0,0.0,0.0,0.0,0.0,0.0,0.0,0.0
GPN1,,N/A,N/A,N/A,0,0,0,0,0,0.0,0.0,0.0,0.0,0.0,0.0,0.0
RAB10,,N/A,N/A,N/A,0,0,0,0,0,0.0,0.0,0.0,0.0,0.0,0.0,0.0
CHID1,,N/A,N/A,N/A,0,0,0,0,0,0.0,0.0,0.0,0.0,0.0,0.0,0.0
UBN1,,N/A,N/A,N/A,0,0,0,0,0,0.0,0.0,0.0,0.0,0.0,0.0,0.0
E2F1,,N/A,N/A,N/A,0,0,0,0,0,0.0,0.0,0.0,0.0,0.0,0.0,0.0
EBF4,,N/A,N/A,N/A,0,0,0,0,0,0.0,0.0,0.0,0.0,0.0,0.0,0.0
NAPA-AS1,,N/A,N/A,N/A,0,0,0,0,0,0.0,0.0,0.0,0.0,0.0,0.0,0.0
APPL2,,N/A,N/A,N/A,0,0,0,0,0,0.0,0.0,0.0,0.0,0.0,0.0,0.0
MORC3,,N/A,N/A,N/A,0,0,0,0,0,0.0,0.0,0.0,0.0,0.0,0.0,0.0
EXOG,,N/A,N/A,N/A,0,0,0,0,0,0.0,0.0,0.0,0.0,0.0,0.0,0.0
CACNB3,,N/A,N/A,N/A,0,0,0,0,0,0.0,0.0,0.0,0.0,0.0,0.0,0.0
TMEM140,,N/A,N/A,N/A,0,0,0,0,0,0.0,0.0,0.0,0.0,0.0,0.0,0.0
PEBP1,,N/A,N/A,N/A,0,0,0,0,0,0.0,0.0,0.0,0.0,0.0,0.0,0.0
COMMD7,,N/A,N/A,N/A,0,0,0,0,0,0.0,0.0,0.0,0.0,0.0,0.0,0.0
ZNF37A,,N/A,N/A,N/A,0,0,0,0,0,0.0,0.0,0.0,0.0,0.0,0.0,0.0
AGBL5,,N/A,N/A,N/A,0,0,0,0,0,0.0,0.0,0.0,0.0,0.0,0.0,0.0
CAPRIN1,,N/A,N/A,N/A,0,0,0,0,0,0.0,0.0,0.0,0.0,0.0,0.0,0.0
TEX22,,N/A,N/A,N/A,0,0,0,0,0,0.0,0.0,0.0,0.0,0.0,0.0,0.0
TM7SF3,,N/A,N/A,N/A,0,0,0,0,0,0.0,0.0,0.0,0.0,0.0,0.0,0.0
RAB2B,,N/A,N/A,N/A,0,0,0,0,0,0.0,0.0,0.0,0.0,0.0,0.0,0.0
CEP104,,N/A,N/A,N/A,0,0,0,0,0,0.0,0.0,0.0,0.0,0.0,0.0,0.0
GAS2L3,,N/A,N/A,N/A,0,0,0,0,0,0.0,0.0,0.0,0.0,0.0,0.0,0.0
THOP1,,N/A,N/A,N/A,0,0,0,0,0,0.0,0.0,0.0,0.0,0.0,0.0,0.0
MFSD9,,N/A,N/A,N/A,0,0,0,0,0,0.0,0.0,0.0,0.0,0.0,0.0,0.0
KAT7,,N/A,N/A,N/A,0,0,0,0,0,0.0,0.0,0.0,0.0,0.0,0.0,0.0
GGNBP2,,N/A,N/A,N/A,0,0,0,0,0,0.0,0.0,0.0,0.0,0.0,0.0,0.0
GRM7,,N/A,N/A,N/A,0,0,0,0,0,0.0,0.0,0.0,0.0,0.0,0.0,0.0
AATF,,N/A,N/A,N/A,0,0,0,0,0,0.0,0.0,0.0,0.0,0.0,0.0,0.0
TRMT2B,,N/A,N/A,N/A,0,0,0,0,0,0.0,0.0,0.0,0.0,0.0,0.0,0.0
HMG20A,,N/A,N/A,N/A,0,0,0,0,0,0.0,0.0,0.0,0.0,0.0,0.0,0.0
ITGB3BP,,N/A,N/A,N/A,0,0,0,0,0,0.0,0.0,0.0,0.0,0.0,0.0,0.0
UBE2K,,N/A,N/A,N/A,0,0,0,0,0,0.0,0.0,0.0,0.0,0.0,0.0,0.0
RAB5C,,N/A,N/A,N/A,0,0,0,0,0,0.0,0.0,0.0,0.0,0.0,0.0,0.0
TMEM170A,,N/A,N/A,N/A,0,0,0,0,0,0.0,0.0,0.0,0.0,0.0,0.0,0.0
HSDL1,,N/A,N/A,N/A,0,0,0,0,0,0.0,0.0,0.0,0.0,0.0,0.0,0.0
TAB3,,N/A,N/A,N/A,0,0,0,0,0,0.0,0.0,0.0,0.0,0.0,0.0,0.0
THSD1,,N/A,N/A,N/A,0,0,0,0,0,0.0,0.0,0.0,0.0,0.0,0.0,0.0
TMEM11,,N/A,N/A,N/A,0,0,0,0,0,0.0,0.0,0.0,0.0,0.0,0.0,0.0
FAM219A,,N/A,N/A,N/A,0,0,0,0,0,0.0,0.0,0.0,0.0,0.0,0.0,0.0
PYROXD1,,N/A,N/A,N/A,0,0,0,0,0,0.0,0.0,0.0,0.0,0.0,0.0,0.0
SLC39A10,,N/A,N/A,N/A,0,0,0,0,0,0.0,0.0,0.0,0.0,0.0,0.0,0.0
SLC25A40,,N/A,N/A,N/A,0,0,0,0,0,0.0,0.0,0.0,0.0,0.0,0.0,0.0
RCBTB1,,N/A,N/A,N/A,0,0,0,0,0,0.0,0.0,0.0,0.0,0.0,0.0,0.0
ESRRA,,N/A,N/A,N/A,0,0,0,0,0,0.0,0.0,0.0,0.0,0.0,0.0,0.0
CMBL,,N/A,N/A,N/A,0,0,0,0,0,0.0,0.0,0.0,0.0,0.0,0.0,0.0
RPGRIP1L,,N/A,N/A,N/A,0,0,0,0,0,0.0,0.0,0.0,0.0,0.0,0.0,0.0
PAPSS2,,N/A,N/A,N/A,0,0,0,0,0,0.0,0.0,0.0,0.0,0.0,0.0,0.0
NRSN2,,N/A,N/A,N/A,0,0,0,0,0,0.0,0.0,0.0,0.0,0.0,0.0,0.0
CMTM3,,N/A,N/A,N/A,0,0,0,0,0,0.0,0.0,0.0,0.0,0.0,0.0,0.0
ESYT1,,N/A,N/A,N/A,0,0,0,0,0,0.0,0.0,0.0,0.0,0.0,0.0,0.0
PLLP,,N/A,N/A,N/A,0,0,0,0,0,0.0,0.0,0.0,0.0,0.0,0.0,0.0
HPSE2,,N/A,N/A,N/A,0,0,0,0,0,0.0,0.0,0.0,0.0,0.0,0.0,0.0
MYH7B,,N/A,N/A,N/A,0,0,0,0,0,0.0,0.0,0.0,0.0,0.0,0.0,0.0
IRF2BP1,,N/A,N/A,N/A,0,0,0,0,0,0.0,0.0,0.0,0.0,0.0,0.0,0.0
TGS1,,N/A,N/A,N/A,0,0,0,0,0,0.0,0.0,0.0,0.0,0.0,0.0,0.0
CYB5A,,N/A,N/A,N/A,0,0,0,0,0,0.0,0.0,0.0,0.0,0.0,0.0,0.0
DYNC1I2,,N/A,N/A,N/A,0,0,0,0,0,0.0,0.0,0.0,0.0,0.0,0.0,0.0
NREP,,N/A,N/A,N/A,0,0,0,0,0,0.0,0.0,0.0,0.0,0.0,0.0,0.0
TOPORS,,N/A,N/A,N/A,0,0,0,0,0,0.0,0.0,0.0,0.0,0.0,0.0,0.0
C16orf46,,N/A,N/A,N/A,0,0,0,0,0,0.0,0.0,0.0,0.0,0.0,0.0,0.0
ZNF775,,N/A,N/A,N/A,0,0,0,0,0,0.0,0.0,0.0,0.0,0.0,0.0,0.0
NOP10,,N/A,N/A,N/A,0,0,0,0,0,0.0,0.0,0.0,0.0,0.0,0.0,0.0
CRB3,,N/A,N/A,N/A,0,0,0,0,0,0.0,0.0,0.0,0.0,0.0,0.0,0.0
IQCK,,N/A,N/A,N/A,0,0,0,0,0,0.0,0.0,0.0,0.0,0.0,0.0,0.0
COG6,,N/A,N/A,N/A,0,0,0,0,0,0.0,0.0,0.0,0.0,0.0,0.0,0.0
RPL31,,N/A,N/A,N/A,0,0,0,0,0,0.0,0.0,0.0,0.0,0.0,0.0,0.0
CTBP1,,N/A,N/A,N/A,0,0,0,0,0,0.0,0.0,0.0,0.0,0.0,0.0,0.0
TFPT,,N/A,N/A,N/A,0,0,0,0,0,0.0,0.0,0.0,0.0,0.0,0.0,0.0
MTX2,,N/A,N/A,N/A,0,0,0,0,0,0.0,0.0,0.0,0.0,0.0,0.0,0.0
PTPRS,,N/A,N/A,N/A,0,0,0,0,0,0.0,0.0,0.0,0.0,0.0,0.0,0.0
ZFP14,,N/A,N/A,N/A,0,0,0,0,0,0.0,0.0,0.0,0.0,0.0,0.0,0.0
ZNF598,,N/A,N/A,N/A,0,0,0,0,0,0.0,0.0,0.0,0.0,0.0,0.0,0.0
GPATCH3,,N/A,N/A,N/A,0,0,0,0,0,0.0,0.0,0.0,0.0,0.0,0.0,0.0
C2orf88,,N/A,N/A,N/A,0,0,0,0,0,0.0,0.0,0.0,0.0,0.0,0.0,0.0
TAOK3,,N/A,N/A,N/A,0,0,0,0,0,0.0,0.0,0.0,0.0,0.0,0.0,0.0
MAP3K1,,N/A,N/A,N/A,0,0,0,0,0,0.0,0.0,0.0,0.0,0.0,0.0,0.0
GMPPB,,N/A,N/A,N/A,0,0,0,0,0,0.0,0.0,0.0,0.0,0.0,0.0,0.0
HSF2BP,,N/A,N/A,N/A,0,0,0,0,0,0.0,0.0,0.0,0.0,0.0,0.0,0.0
AAMP,,N/A,N/A,N/A,0,0,0,0,0,0.0,0.0,0.0,0.0,0.0,0.0,0.0
DEF8,,N/A,N/A,N/A,0,0,0,0,0,0.0,0.0,0.0,0.0,0.0,0.0,0.0
HARS2,,N/A,N/A,N/A,0,0,0,0,0,0.0,0.0,0.0,0.0,0.0,0.0,0.0
TUBA8,,N/A,N/A,N/A,0,0,0,0,0,0.0,0.0,0.0,0.0,0.0,0.0,0.0
USO1,,N/A,N/A,N/A,0,0,0,0,0,0.0,0.0,0.0,0.0,0.0,0.0,0.0
SLC16A7,,N/A,N/A,N/A,0,0,0,0,0,0.0,0.0,0.0,0.0,0.0,0.0,0.0
LINC01003,,N/A,N/A,N/A,0,0,0,0,0,0.0,0.0,0.0,0.0,0.0,0.0,0.0
ASH2L,,N/A,N/A,N/A,0,0,0,0,0,0.0,0.0,0.0,0.0,0.0,0.0,0.0
WIZ,,N/A,N/A,N/A,0,0,0,0,0,0.0,0.0,0.0,0.0,0.0,0.0,0.0
DTX4,,N/A,N/A,N/A,0,0,0,0,0,0.0,0.0,0.0,0.0,0.0,0.0,0.0
HIPK3,,N/A,N/A,N/A,0,0,0,0,0,0.0,0.0,0.0,0.0,0.0,0.0,0.0
ZDHHC6,,N/A,N/A,N/A,0,0,0,0,0,0.0,0.0,0.0,0.0,0.0,0.0,0.0
TBC1D2B,,N/A,N/A,N/A,0,0,0,0,0,0.0,0.0,0.0,0.0,0.0,0.0,0.0
MRPS35,,N/A,N/A,N/A,0,0,0,0,0,0.0,0.0,0.0,0.0,0.0,0.0,0.0
PTAR1,,N/A,N/A,N/A,0,0,0,0,0,0.0,0.0,0.0,0.0,0.0,0.0,0.0
RPL30,,N/A,N/A,N/A,0,0,0,0,0,0.0,0.0,0.0,0.0,0.0,0.0,0.0
PCBD2,,N/A,N/A,N/A,0,0,0,0,0,0.0,0.0,0.0,0.0,0.0,0.0,0.0
ZDHHC8,,N/A,N/A,N/A,0,0,0,0,0,0.0,0.0,0.0,0.0,0.0,0.0,0.0
RALGAPA1,,N/A,N/A,N/A,0,0,0,0,0,0.0,0.0,0.0,0.0,0.0,0.0,0.0
TJP2,,N/A,N/A,N/A,0,0,0,0,0,0.0,0.0,0.0,0.0,0.0,0.0,0.0
ZNF35,,N/A,N/A,N/A,0,0,0,0,0,0.0,0.0,0.0,0.0,0.0,0.0,0.0
YY1AP1,,N/A,N/A,N/A,0,0,0,0,0,0.0,0.0,0.0,0.0,0.0,0.0,0.0
C11orf96,,N/A,N/A,N/A,0,0,0,0,0,0.0,0.0,0.0,0.0,0.0,0.0,0.0
GDPD5,,N/A,N/A,N/A,0,0,0,0,0,0.0,0.0,0.0,0.0,0.0,0.0,0.0
ZDHHC12,,N/A,N/A,N/A,0,0,0,0,0,0.0,0.0,0.0,0.0,0.0,0.0,0.0
CREG1,,N/A,N/A,N/A,0,0,0,0,0,0.0,0.0,0.0,0.0,0.0,0.0,0.0
MSRB3,,N/A,N/A,N/A,0,0,0,0,0,0.0,0.0,0.0,0.0,0.0,0.0,0.0
BZW2,,N/A,N/A,N/A,0,0,0,0,0,0.0,0.0,0.0,0.0,0.0,0.0,0.0
KLHL17,,N/A,N/A,N/A,0,0,0,0,0,0.0,0.0,0.0,0.0,0.0,0.0,0.0
GAB2,,N/A,N/A,N/A,0,0,0,0,0,0.0,0.0,0.0,0.0,0.0,0.0,0.0
BET1L,,N/A,N/A,N/A,0,0,0,0,0,0.0,0.0,0.0,0.0,0.0,0.0,0.0
RNF19A,,N/A,N/A,N/A,0,0,0,0,0,0.0,0.0,0.0,0.0,0.0,0.0,0.0
TRAPPC3,,N/A,N/A,N/A,0,0,0,0,0,0.0,0.0,0.0,0.0,0.0,0.0,0.0
APC2,,N/A,N/A,N/A,0,0,0,0,0,0.0,0.0,0.0,0.0,0.0,0.0,0.0
SHKBP1,,N/A,N/A,N/A,0,0,0,0,0,0.0,0.0,0.0,0.0,0.0,0.0,0.0
CRYZL1,,N/A,N/A,N/A,0,0,0,0,0,0.0,0.0,0.0,0.0,0.0,0.0,0.0
GTF3C4,,N/A,N/A,N/A,0,0,0,0,0,0.0,0.0,0.0,0.0,0.0,0.0,0.0
SLC12A4,,N/A,N/A,N/A,0,0,0,0,0,0.0,0.0,0.0,0.0,0.0,0.0,0.0
DYNLT1,,N/A,N/A,N/A,0,0,0,0,0,0.0,0.0,0.0,0.0,0.0,0.0,0.0
KIAA1522,,N/A,N/A,N/A,0,0,0,0,0,0.0,0.0,0.0,0.0,0.0,0.0,0.0
ZBTB18,,N/A,N/A,N/A,0,0,0,0,0,0.0,0.0,0.0,0.0,0.0,0.0,0.0
UBR3,,N/A,N/A,N/A,0,0,0,0,0,0.0,0.0,0.0,0.0,0.0,0.0,0.0
PPP4R2,,N/A,N/A,N/A,0,0,0,0,0,0.0,0.0,0.0,0.0,0.0,0.0,0.0
SMTN,,N/A,N/A,N/A,0,0,0,0,0,0.0,0.0,0.0,0.0,0.0,0.0,0.0
COL13A1,,N/A,N/A,N/A,0,0,0,0,0,0.0,0.0,0.0,0.0,0.0,0.0,0.0
RBM26-AS1,,N/A,N/A,N/A,0,0,0,0,0,0.0,0.0,0.0,0.0,0.0,0.0,0.0
AP1AR,,N/A,N/A,N/A,0,0,0,0,0,0.0,0.0,0.0,0.0,0.0,0.0,0.0
C4orf46,,N/A,N/A,N/A,0,0,0,0,0,0.0,0.0,0.0,0.0,0.0,0.0,0.0
LRIG2,,N/A,N/A,N/A,0,0,0,0,0,0.0,0.0,0.0,0.0,0.0,0.0,0.0
MRPS34,,N/A,N/A,N/A,0,0,0,0,0,0.0,0.0,0.0,0.0,0.0,0.0,0.0
PAQR3,,N/A,N/A,N/A,0,0,0,0,0,0.0,0.0,0.0,0.0,0.0,0.0,0.0
DSN1,,N/A,N/A,N/A,0,0,0,0,0,0.0,0.0,0.0,0.0,0.0,0.0,0.0
AMACR,,N/A,N/A,N/A,0,0,0,0,0,0.0,0.0,0.0,0.0,0.0,0.0,0.0
PITPNA-AS1,,N/A,N/A,N/A,0,0,0,0,0,0.0,0.0,0.0,0.0,0.0,0.0,0.0
GIPC1,,N/A,N/A,N/A,0,0,0,0,0,0.0,0.0,0.0,0.0,0.0,0.0,0.0
UNC13B,,N/A,N/A,N/A,0,0,0,0,0,0.0,0.0,0.0,0.0,0.0,0.0,0.0
ZBTB5,,N/A,N/A,N/A,0,0,0,0,0,0.0,0.0,0.0,0.0,0.0,0.0,0.0
MAP2K7,,N/A,N/A,N/A,0,0,0,0,0,0.0,0.0,0.0,0.0,0.0,0.0,0.0
SPTBN1,,N/A,N/A,N/A,0,0,0,0,0,0.0,0.0,0.0,0.0,0.0,0.0,0.0
KIAA1671,,N/A,N/A,N/A,0,0,0,0,0,0.0,0.0,0.0,0.0,0.0,0.0,0.0
RNF213,,N/A,N/A,N/A,0,0,0,0,0,0.0,0.0,0.0,0.0,0.0,0.0,0.0
IL12RB2,,N/A,N/A,N/A,0,0,0,0,0,0.0,0.0,0.0,0.0,0.0,0.0,0.0
TBCEL,,N/A,N/A,N/A,0,0,0,0,0,0.0,0.0,0.0,0.0,0.0,0.0,0.0
LENG8-AS1,,N/A,N/A,N/A,0,0,0,0,0,0.0,0.0,0.0,0.0,0.0,0.0,0.0
TRNT1,,N/A,N/A,N/A,0,0,0,0,0,0.0,0.0,0.0,0.0,0.0,0.0,0.0
EFCAB13,,N/A,N/A,N/A,0,0,0,0,0,0.0,0.0,0.0,0.0,0.0,0.0,0.0
PYCR2,,N/A,N/A,N/A,0,0,0,0,0,0.0,0.0,0.0,0.0,0.0,0.0,0.0
REXO4,,N/A,N/A,N/A,0,0,0,0,0,0.0,0.0,0.0,0.0,0.0,0.0,0.0
DBF4,,N/A,N/A,N/A,0,0,0,0,0,0.0,0.0,0.0,0.0,0.0,0.0,0.0
UBE2F,,N/A,N/A,N/A,0,0,0,0,0,0.0,0.0,0.0,0.0,0.0,0.0,0.0
ST7L,,N/A,N/A,N/A,0,0,0,0,0,0.0,0.0,0.0,0.0,0.0,0.0,0.0
CBX7,,N/A,N/A,N/A,0,0,0,0,0,0.0,0.0,0.0,0.0,0.0,0.0,0.0
EPB41L2,,N/A,N/A,N/A,0,0,0,0,0,0.0,0.0,0.0,0.0,0.0,0.0,0.0
IFITM2,,N/A,N/A,N/A,0,0,0,0,0,0.0,0.0,0.0,0.0,0.0,0.0,0.0
KIF23,,N/A,N/A,N/A,0,0,0,0,0,0.0,0.0,0.0,0.0,0.0,0.0,0.0
RAB3D,,N/A,N/A,N/A,0,0,0,0,0,0.0,0.0,0.0,0.0,0.0,0.0,0.0
FBN2,,N/A,N/A,N/A,0,0,0,0,0,0.0,0.0,0.0,0.0,0.0,0.0,0.0
CAPRIN2,,N/A,N/A,N/A,0,0,0,0,0,0.0,0.0,0.0,0.0,0.0,0.0,0.0
ALDH7A1,,N/A,N/A,N/A,0,0,0,0,0,0.0,0.0,0.0,0.0,0.0,0.0,0.0
THOC3,,N/A,N/A,N/A,0,0,0,0,0,0.0,0.0,0.0,0.0,0.0,0.0,0.0
DDX3Y,,N/A,N/A,N/A,0,0,0,0,0,0.0,0.0,0.0,0.0,0.0,0.0,0.0
DTWD2,,N/A,N/A,N/A,0,0,0,0,0,0.0,0.0,0.0,0.0,0.0,0.0,0.0
BNIP3L,,N/A,N/A,N/A,0,0,0,0,0,0.0,0.0,0.0,0.0,0.0,0.0,0.0
SND1,,N/A,N/A,N/A,0,0,0,0,0,0.0,0.0,0.0,0.0,0.0,0.0,0.0
KIAA1958,,N/A,N/A,N/A,0,0,0,0,0,0.0,0.0,0.0,0.0,0.0,0.0,0.0
COMMD2,,N/A,N/A,N/A,0,0,0,0,0,0.0,0.0,0.0,0.0,0.0,0.0,0.0
CEP152,,N/A,N/A,N/A,0,0,0,0,0,0.0,0.0,0.0,0.0,0.0,0.0,0.0
NFIC,,N/A,N/A,N/A,0,0,0,0,0,0.0,0.0,0.0,0.0,0.0,0.0,0.0
MFAP3,,N/A,N/A,N/A,0,0,0,0,0,0.0,0.0,0.0,0.0,0.0,0.0,0.0
MMP19,,N/A,N/A,N/A,0,0,0,0,0,0.0,0.0,0.0,0.0,0.0,0.0,0.0
PTPRJ,,N/A,N/A,N/A,0,0,0,0,0,0.0,0.0,0.0,0.0,0.0,0.0,0.0
FUOM,,N/A,N/A,N/A,0,0,0,0,0,0.0,0.0,0.0,0.0,0.0,0.0,0.0
MAST3,,N/A,N/A,N/A,0,0,0,0,0,0.0,0.0,0.0,0.0,0.0,0.0,0.0
ZNF836,,N/A,N/A,N/A,0,0,0,0,0,0.0,0.0,0.0,0.0,0.0,0.0,0.0
MIF4GD,,N/A,N/A,N/A,0,0,0,0,0,0.0,0.0,0.0,0.0,0.0,0.0,0.0
CELSR2,,N/A,N/A,N/A,0,0,0,0,0,0.0,0.0,0.0,0.0,0.0,0.0,0.0
BOP1,,N/A,N/A,N/A,0,0,0,0,0,0.0,0.0,0.0,0.0,0.0,0.0,0.0
LRFN4,,N/A,N/A,N/A,0,0,0,0,0,0.0,0.0,0.0,0.0,0.0,0.0,0.0
BUB1,,N/A,N/A,N/A,0,0,0,0,0,0.0,0.0,0.0,0.0,0.0,0.0,0.0
MRPL16,,N/A,N/A,N/A,0,0,0,0,0,0.0,0.0,0.0,0.0,0.0,0.0,0.0
EP400,,N/A,N/A,N/A,0,0,0,0,0,0.0,0.0,0.0,0.0,0.0,0.0,0.0
AP5S1,,N/A,N/A,N/A,0,0,0,0,0,0.0,0.0,0.0,0.0,0.0,0.0,0.0
PPP2R2D,,N/A,N/A,N/A,0,0,0,0,0,0.0,0.0,0.0,0.0,0.0,0.0,0.0
SOCS2,,N/A,N/A,N/A,0,0,0,0,0,0.0,0.0,0.0,0.0,0.0,0.0,0.0
RPS26,,N/A,N/A,N/A,0,0,0,0,0,0.0,0.0,0.0,0.0,0.0,0.0,0.0
AP4S1,,N/A,N/A,N/A,0,0,0,0,0,0.0,0.0,0.0,0.0,0.0,0.0,0.0
ERGIC3,,N/A,N/A,N/A,0,0,0,0,0,0.0,0.0,0.0,0.0,0.0,0.0,0.0
ITM2C,,N/A,N/A,N/A,0,0,0,0,0,0.0,0.0,0.0,0.0,0.0,0.0,0.0
GALNT6,,N/A,N/A,N/A,0,0,0,0,0,0.0,0.0,0.0,0.0,0.0,0.0,0.0
SCNN1D,,N/A,N/A,N/A,0,0,0,0,0,0.0,0.0,0.0,0.0,0.0,0.0,0.0
ARHGAP6,,N/A,N/A,N/A,0,0,0,0,0,0.0,0.0,0.0,0.0,0.0,0.0,0.0
DCUN1D4,,N/A,N/A,N/A,0,0,0,0,0,0.0,0.0,0.0,0.0,0.0,0.0,0.0
PPP2R5B,,N/A,N/A,N/A,0,0,0,0,0,0.0,0.0,0.0,0.0,0.0,0.0,0.0
TBC1D10A,,N/A,N/A,N/A,0,0,0,0,0,0.0,0.0,0.0,0.0,0.0,0.0,0.0
CTU1,,N/A,N/A,N/A,0,0,0,0,0,0.0,0.0,0.0,0.0,0.0,0.0,0.0
OARD1,,N/A,N/A,N/A,0,0,0,0,0,0.0,0.0,0.0,0.0,0.0,0.0,0.0
WDR89,,N/A,N/A,N/A,0,0,0,0,0,0.0,0.0,0.0,0.0,0.0,0.0,0.0
RPS6KA2,,N/A,N/A,N/A,0,0,0,0,0,0.0,0.0,0.0,0.0,0.0,0.0,0.0
ARL17B,,N/A,N/A,N/A,0,0,0,0,0,0.0,0.0,0.0,0.0,0.0,0.0,0.0
SYTL3,,N/A,N/A,N/A,0,0,0,0,0,0.0,0.0,0.0,0.0,0.0,0.0,0.0
KLHDC4,,N/A,N/A,N/A,0,0,0,0,0,0.0,0.0,0.0,0.0,0.0,0.0,0.0
ST13,,N/A,N/A,N/A,0,0,0,0,0,0.0,0.0,0.0,0.0,0.0,0.0,0.0
NOP2,,N/A,N/A,N/A,0,0,0,0,0,0.0,0.0,0.0,0.0,0.0,0.0,0.0
ABHD11,,N/A,N/A,N/A,0,0,0,0,0,0.0,0.0,0.0,0.0,0.0,0.0,0.0
EFTUD2,,N/A,N/A,N/A,0,0,0,0,0,0.0,0.0,0.0,0.0,0.0,0.0,0.0
AKAP1,,N/A,N/A,N/A,0,0,0,0,0,0.0,0.0,0.0,0.0,0.0,0.0,0.0
ZNF569,,N/A,N/A,N/A,0,0,0,0,0,0.0,0.0,0.0,0.0,0.0,0.0,0.0
KDELR3,,N/A,N/A,N/A,0,0,0,0,0,0.0,0.0,0.0,0.0,0.0,0.0,0.0
DHX16,,N/A,N/A,N/A,0,0,0,0,0,0.0,0.0,0.0,0.0,0.0,0.0,0.0
GSTO2,,N/A,N/A,N/A,0,0,0,0,0,0.0,0.0,0.0,0.0,0.0,0.0,0.0
ZBTB32,,N/A,N/A,N/A,0,0,0,0,0,0.0,0.0,0.0,0.0,0.0,0.0,0.0
NUDT6,,N/A,N/A,N/A,0,0,0,0,0,0.0,0.0,0.0,0.0,0.0,0.0,0.0
ANGEL1,,N/A,N/A,N/A,0,0,0,0,0,0.0,0.0,0.0,0.0,0.0,0.0,0.0
ATG4B,,N/A,N/A,N/A,0,0,0,0,0,0.0,0.0,0.0,0.0,0.0,0.0,0.0
PEBP4,,N/A,N/A,N/A,0,0,0,0,0,0.0,0.0,0.0,0.0,0.0,0.0,0.0
RAVER1,,N/A,N/A,N/A,0,0,0,0,0,0.0,0.0,0.0,0.0,0.0,0.0,0.0
AQR,,N/A,N/A,N/A,0,0,0,0,0,0.0,0.0,0.0,0.0,0.0,0.0,0.0
PCK2,,N/A,N/A,N/A,0,0,0,0,0,0.0,0.0,0.0,0.0,0.0,0.0,0.0
FN3KRP,,N/A,N/A,N/A,0,0,0,0,0,0.0,0.0,0.0,0.0,0.0,0.0,0.0
TMEM161B,,N/A,N/A,N/A,0,0,0,0,0,0.0,0.0,0.0,0.0,0.0,0.0,0.0
MUS81,,N/A,N/A,N/A,0,0,0,0,0,0.0,0.0,0.0,0.0,0.0,0.0,0.0
NRROS,,N/A,N/A,N/A,0,0,0,0,0,0.0,0.0,0.0,0.0,0.0,0.0,0.0
INTS3,,N/A,N/A,N/A,0,0,0,0,0,0.0,0.0,0.0,0.0,0.0,0.0,0.0
KXD1,,N/A,N/A,N/A,0,0,0,0,0,0.0,0.0,0.0,0.0,0.0,0.0,0.0
PUM2,,N/A,N/A,N/A,0,0,0,0,0,0.0,0.0,0.0,0.0,0.0,0.0,0.0
HSD17B12,,N/A,N/A,N/A,0,0,0,0,0,0.0,0.0,0.0,0.0,0.0,0.0,0.0
CALU,,N/A,N/A,N/A,0,0,0,0,0,0.0,0.0,0.0,0.0,0.0,0.0,0.0
PDIA4,,N/A,N/A,N/A,0,0,0,0,0,0.0,0.0,0.0,0.0,0.0,0.0,0.0
MARCKS,,N/A,N/A,N/A,0,0,0,0,0,0.0,0.0,0.0,0.0,0.0,0.0,0.0
QRSL1,,N/A,N/A,N/A,0,0,0,0,0,0.0,0.0,0.0,0.0,0.0,0.0,0.0
SGK3,,N/A,N/A,N/A,0,0,0,0,0,0.0,0.0,0.0,0.0,0.0,0.0,0.0
STX6,,N/A,N/A,N/A,0,0,0,0,0,0.0,0.0,0.0,0.0,0.0,0.0,0.0
EARS2,,N/A,N/A,N/A,0,0,0,0,0,0.0,0.0,0.0,0.0,0.0,0.0,0.0
NFE2L1,,N/A,N/A,N/A,0,0,0,0,0,0.0,0.0,0.0,0.0,0.0,0.0,0.0
TMED8,,N/A,N/A,N/A,0,0,0,0,0,0.0,0.0,0.0,0.0,0.0,0.0,0.0
ZNF354B,,N/A,N/A,N/A,0,0,0,0,0,0.0,0.0,0.0,0.0,0.0,0.0,0.0
ZNF665,,N/A,N/A,N/A,0,0,0,0,0,0.0,0.0,0.0,0.0,0.0,0.0,0.0
OSTF1,,N/A,N/A,N/A,0,0,0,0,0,0.0,0.0,0.0,0.0,0.0,0.0,0.0
LTBR,,N/A,N/A,N/A,0,0,0,0,0,0.0,0.0,0.0,0.0,0.0,0.0,0.0
NFAT5,,N/A,N/A,N/A,0,0,0,0,0,0.0,0.0,0.0,0.0,0.0,0.0,0.0
KNSTRN,,N/A,N/A,N/A,0,0,0,0,0,0.0,0.0,0.0,0.0,0.0,0.0,0.0
C7orf31,,N/A,N/A,N/A,0,0,0,0,0,0.0,0.0,0.0,0.0,0.0,0.0,0.0
ANKRD11,,N/A,N/A,N/A,0,0,0,0,0,0.0,0.0,0.0,0.0,0.0,0.0,0.0
ATP6V1C1,,N/A,N/A,N/A,0,0,0,0,0,0.0,0.0,0.0,0.0,0.0,0.0,0.0
VAV2,,N/A,N/A,N/A,0,0,0,0,0,0.0,0.0,0.0,0.0,0.0,0.0,0.0
NOP56,,N/A,N/A,N/A,0,0,0,0,0,0.0,0.0,0.0,0.0,0.0,0.0,0.0
PAQR7,,N/A,N/A,N/A,0,0,0,0,0,0.0,0.0,0.0,0.0,0.0,0.0,0.0
RNASEH2B,,N/A,N/A,N/A,0,0,0,0,0,0.0,0.0,0.0,0.0,0.0,0.0,0.0
TRMT61B,,N/A,N/A,N/A,0,0,0,0,0,0.0,0.0,0.0,0.0,0.0,0.0,0.0
MYSM1,,N/A,N/A,N/A,0,0,0,0,0,0.0,0.0,0.0,0.0,0.0,0.0,0.0
ATP2A1,,N/A,N/A,N/A,0,0,0,0,0,0.0,0.0,0.0,0.0,0.0,0.0,0.0
NR2C2AP,,N/A,N/A,N/A,0,0,0,0,0,0.0,0.0,0.0,0.0,0.0,0.0,0.0
PARP8,,N/A,N/A,N/A,0,0,0,0,0,0.0,0.0,0.0,0.0,0.0,0.0,0.0
FBXO22,,N/A,N/A,N/A,0,0,0,0,0,0.0,0.0,0.0,0.0,0.0,0.0,0.0
BZW1,,N/A,N/A,N/A,0,0,0,0,0,0.0,0.0,0.0,0.0,0.0,0.0,0.0
BCAP31,,N/A,N/A,N/A,0,0,0,0,0,0.0,0.0,0.0,0.0,0.0,0.0,0.0
SPAG1,,N/A,N/A,N/A,0,0,0,0,0,0.0,0.0,0.0,0.0,0.0,0.0,0.0
PISD,,N/A,N/A,N/A,0,0,0,0,0,0.0,0.0,0.0,0.0,0.0,0.0,0.0
RFXANK,,N/A,N/A,N/A,0,0,0,0,0,0.0,0.0,0.0,0.0,0.0,0.0,0.0
HOMER2,,N/A,N/A,N/A,0,0,0,0,0,0.0,0.0,0.0,0.0,0.0,0.0,0.0
IFITM3,,N/A,N/A,N/A,0,0,0,0,0,0.0,0.0,0.0,0.0,0.0,0.0,0.0
ZFYVE28,,N/A,N/A,N/A,0,0,0,0,0,0.0,0.0,0.0,0.0,0.0,0.0,0.0
BROX,,N/A,N/A,N/A,0,0,0,0,0,0.0,0.0,0.0,0.0,0.0,0.0,0.0
ZFAND2A,,N/A,N/A,N/A,0,0,0,0,0,0.0,0.0,0.0,0.0,0.0,0.0,0.0
SLC9A1,,N/A,N/A,N/A,0,0,0,0,0,0.0,0.0,0.0,0.0,0.0,0.0,0.0
BCL2L2,,N/A,N/A,N/A,0,0,0,0,0,0.0,0.0,0.0,0.0,0.0,0.0,0.0
TTLL11,,N/A,N/A,N/A,0,0,0,0,0,0.0,0.0,0.0,0.0,0.0,0.0,0.0
BPNT1,,N/A,N/A,N/A,0,0,0,0,0,0.0,0.0,0.0,0.0,0.0,0.0,0.0
NUDT13,,N/A,N/A,N/A,0,0,0,0,0,0.0,0.0,0.0,0.0,0.0,0.0,0.0
RPL34,,N/A,N/A,N/A,0,0,0,0,0,0.0,0.0,0.0,0.0,0.0,0.0,0.0
LIX1L,,N/A,N/A,N/A,0,0,0,0,0,0.0,0.0,0.0,0.0,0.0,0.0,0.0
GNA15,,N/A,N/A,N/A,0,0,0,0,0,0.0,0.0,0.0,0.0,0.0,0.0,0.0
IL11RA,,N/A,N/A,N/A,0,0,0,0,0,0.0,0.0,0.0,0.0,0.0,0.0,0.0
SLC10A7,,N/A,N/A,N/A,0,0,0,0,0,0.0,0.0,0.0,0.0,0.0,0.0,0.0
HOXB4,,N/A,N/A,N/A,0,0,0,0,0,0.0,0.0,0.0,0.0,0.0,0.0,0.0
ADARB1,,N/A,N/A,N/A,0,0,0,0,0,0.0,0.0,0.0,0.0,0.0,0.0,0.0
UTP6,,N/A,N/A,N/A,0,0,0,0,0,0.0,0.0,0.0,0.0,0.0,0.0,0.0
TFB1M,,N/A,N/A,N/A,0,0,0,0,0,0.0,0.0,0.0,0.0,0.0,0.0,0.0
JMJD1C,,N/A,N/A,N/A,0,0,0,0,0,0.0,0.0,0.0,0.0,0.0,0.0,0.0
KCTD10,,N/A,N/A,N/A,0,0,0,0,0,0.0,0.0,0.0,0.0,0.0,0.0,0.0
MRPS16,,N/A,N/A,N/A,0,0,0,0,0,0.0,0.0,0.0,0.0,0.0,0.0,0.0
KIF3C,,N/A,N/A,N/A,0,0,0,0,0,0.0,0.0,0.0,0.0,0.0,0.0,0.0
TMEM178B,,N/A,N/A,N/A,0,0,0,0,0,0.0,0.0,0.0,0.0,0.0,0.0,0.0
SNRPA,,N/A,N/A,N/A,0,0,0,0,0,0.0,0.0,0.0,0.0,0.0,0.0,0.0
ABHD17A,,N/A,N/A,N/A,0,0,0,0,0,0.0,0.0,0.0,0.0,0.0,0.0,0.0
PIKFYVE,,N/A,N/A,N/A,0,0,0,0,0,0.0,0.0,0.0,0.0,0.0,0.0,0.0
MSH3,,N/A,N/A,N/A,0,0,0,0,0,0.0,0.0,0.0,0.0,0.0,0.0,0.0
GNAI2,,N/A,N/A,N/A,0,0,0,0,0,0.0,0.0,0.0,0.0,0.0,0.0,0.0
MRPL13,,N/A,N/A,N/A,0,0,0,0,0,0.0,0.0,0.0,0.0,0.0,0.0,0.0
SNRPF,,N/A,N/A,N/A,0,0,0,0,0,0.0,0.0,0.0,0.0,0.0,0.0,0.0
MLXIP,,N/A,N/A,N/A,0,0,0,0,0,0.0,0.0,0.0,0.0,0.0,0.0,0.0
TEX261,,N/A,N/A,N/A,0,0,0,0,0,0.0,0.0,0.0,0.0,0.0,0.0,0.0
ZNF398,,N/A,N/A,N/A,0,0,0,0,0,0.0,0.0,0.0,0.0,0.0,0.0,0.0
DNAJC13,,N/A,N/A,N/A,0,0,0,0,0,0.0,0.0,0.0,0.0,0.0,0.0,0.0
HOMEZ,,N/A,N/A,N/A,0,0,0,0,0,0.0,0.0,0.0,0.0,0.0,0.0,0.0
GBE1,,N/A,N/A,N/A,0,0,0,0,0,0.0,0.0,0.0,0.0,0.0,0.0,0.0
AFF4,,N/A,N/A,N/A,0,0,0,0,0,0.0,0.0,0.0,0.0,0.0,0.0,0.0
ITGA1,,N/A,N/A,N/A,0,0,0,0,0,0.0,0.0,0.0,0.0,0.0,0.0,0.0
WDR33,,N/A,N/A,N/A,0,0,0,0,0,0.0,0.0,0.0,0.0,0.0,0.0,0.0
FXYD6,,N/A,N/A,N/A,0,0,0,0,0,0.0,0.0,0.0,0.0,0.0,0.0,0.0
ZNF507,,N/A,N/A,N/A,0,0,0,0,0,0.0,0.0,0.0,0.0,0.0,0.0,0.0
RGS19,,N/A,N/A,N/A,0,0,0,0,0,0.0,0.0,0.0,0.0,0.0,0.0,0.0
RASSF5,,N/A,N/A,N/A,0,0,0,0,0,0.0,0.0,0.0,0.0,0.0,0.0,0.0
RERE,,N/A,N/A,N/A,0,0,0,0,0,0.0,0.0,0.0,0.0,0.0,0.0,0.0
MTRF1L,,N/A,N/A,N/A,0,0,0,0,0,0.0,0.0,0.0,0.0,0.0,0.0,0.0
KLHL12,,N/A,N/A,N/A,0,0,0,0,0,0.0,0.0,0.0,0.0,0.0,0.0,0.0
ABCB7,,N/A,N/A,N/A,0,0,0,0,0,0.0,0.0,0.0,0.0,0.0,0.0,0.0
SDE2,,N/A,N/A,N/A,0,0,0,0,0,0.0,0.0,0.0,0.0,0.0,0.0,0.0
FERMT3,,N/A,N/A,N/A,0,0,0,0,0,0.0,0.0,0.0,0.0,0.0,0.0,0.0
GTF2E2,,N/A,N/A,N/A,0,0,0,0,0,0.0,0.0,0.0,0.0,0.0,0.0,0.0
PLD1,,N/A,N/A,N/A,0,0,0,0,0,0.0,0.0,0.0,0.0,0.0,0.0,0.0
ZNF346,,N/A,N/A,N/A,0,0,0,0,0,0.0,0.0,0.0,0.0,0.0,0.0,0.0
FBXL8,,N/A,N/A,N/A,0,0,0,0,0,0.0,0.0,0.0,0.0,0.0,0.0,0.0
FBXO2,,N/A,N/A,N/A,0,0,0,0,0,0.0,0.0,0.0,0.0,0.0,0.0,0.0
ZC3H18,,N/A,N/A,N/A,0,0,0,0,0,0.0,0.0,0.0,0.0,0.0,0.0,0.0
OPN3,,N/A,N/A,N/A,0,0,0,0,0,0.0,0.0,0.0,0.0,0.0,0.0,0.0
CCNT2,,N/A,N/A,N/A,0,0,0,0,0,0.0,0.0,0.0,0.0,0.0,0.0,0.0
PEX11A,,N/A,N/A,N/A,0,0,0,0,0,0.0,0.0,0.0,0.0,0.0,0.0,0.0
ZNF202,,N/A,N/A,N/A,0,0,0,0,0,0.0,0.0,0.0,0.0,0.0,0.0,0.0
IQGAP3,,N/A,N/A,N/A,0,0,0,0,0,0.0,0.0,0.0,0.0,0.0,0.0,0.0
TPD52L2,,N/A,N/A,N/A,0,0,0,0,0,0.0,0.0,0.0,0.0,0.0,0.0,0.0
NOMO2,,N/A,N/A,N/A,0,0,0,0,0,0.0,0.0,0.0,0.0,0.0,0.0,0.0
DCP2,,N/A,N/A,N/A,0,0,0,0,0,0.0,0.0,0.0,0.0,0.0,0.0,0.0
SCAF8,,N/A,N/A,N/A,0,0,0,0,0,0.0,0.0,0.0,0.0,0.0,0.0,0.0
MOCS3,,N/A,N/A,N/A,0,0,0,0,0,0.0,0.0,0.0,0.0,0.0,0.0,0.0
RINT1,,N/A,N/A,N/A,0,0,0,0,0,0.0,0.0,0.0,0.0,0.0,0.0,0.0
AGTRAP,,N/A,N/A,N/A,0,0,0,0,0,0.0,0.0,0.0,0.0,0.0,0.0,0.0
TMEM165,,N/A,N/A,N/A,0,0,0,0,0,0.0,0.0,0.0,0.0,0.0,0.0,0.0
ZNF212,,N/A,N/A,N/A,0,0,0,0,0,0.0,0.0,0.0,0.0,0.0,0.0,0.0
NRBP2,,N/A,N/A,N/A,0,0,0,0,0,0.0,0.0,0.0,0.0,0.0,0.0,0.0
C1orf43,,N/A,N/A,N/A,0,0,0,0,0,0.0,0.0,0.0,0.0,0.0,0.0,0.0
MAP3K7,,N/A,N/A,N/A,0,0,0,0,0,0.0,0.0,0.0,0.0,0.0,0.0,0.0
HMCES,,N/A,N/A,N/A,0,0,0,0,0,0.0,0.0,0.0,0.0,0.0,0.0,0.0
RBM45,,N/A,N/A,N/A,0,0,0,0,0,0.0,0.0,0.0,0.0,0.0,0.0,0.0
TAF6,,N/A,N/A,N/A,0,0,0,0,0,0.0,0.0,0.0,0.0,0.0,0.0,0.0
COMMD10,,N/A,N/A,N/A,0,0,0,0,0,0.0,0.0,0.0,0.0,0.0,0.0,0.0
BEX4,,N/A,N/A,N/A,0,0,0,0,0,0.0,0.0,0.0,0.0,0.0,0.0,0.0
GLG1,,N/A,N/A,N/A,0,0,0,0,0,0.0,0.0,0.0,0.0,0.0,0.0,0.0
KLHL6,,N/A,N/A,N/A,0,0,0,0,0,0.0,0.0,0.0,0.0,0.0,0.0,0.0
GPR153,,N/A,N/A,N/A,0,0,0,0,0,0.0,0.0,0.0,0.0,0.0,0.0,0.0
NAA25,,N/A,N/A,N/A,0,0,0,0,0,0.0,0.0,0.0,0.0,0.0,0.0,0.0
CAPZA1,,N/A,N/A,N/A,0,0,0,0,0,0.0,0.0,0.0,0.0,0.0,0.0,0.0
TRAF5,,N/A,N/A,N/A,0,0,0,0,0,0.0,0.0,0.0,0.0,0.0,0.0,0.0
HECTD3,,N/A,N/A,N/A,0,0,0,0,0,0.0,0.0,0.0,0.0,0.0,0.0,0.0
PTCD1,,N/A,N/A,N/A,0,0,0,0,0,0.0,0.0,0.0,0.0,0.0,0.0,0.0
NPRL2,,N/A,N/A,N/A,0,0,0,0,0,0.0,0.0,0.0,0.0,0.0,0.0,0.0
SRCIN1,,N/A,N/A,N/A,0,0,0,0,0,0.0,0.0,0.0,0.0,0.0,0.0,0.0
PARN,,N/A,N/A,N/A,0,0,0,0,0,0.0,0.0,0.0,0.0,0.0,0.0,0.0
DCLK2,,N/A,N/A,N/A,0,0,0,0,0,0.0,0.0,0.0,0.0,0.0,0.0,0.0
KIFC1,,N/A,N/A,N/A,0,0,0,0,0,0.0,0.0,0.0,0.0,0.0,0.0,0.0
ASB7,,N/A,N/A,N/A,0,0,0,0,0,0.0,0.0,0.0,0.0,0.0,0.0,0.0
NBPF10,,N/A,N/A,N/A,0,0,0,0,0,0.0,0.0,0.0,0.0,0.0,0.0,0.0
RYBP,,N/A,N/A,N/A,0,0,0,0,0,0.0,0.0,0.0,0.0,0.0,0.0,0.0
GABPB1,,N/A,N/A,N/A,0,0,0,0,0,0.0,0.0,0.0,0.0,0.0,0.0,0.0
ZSWIM4,,N/A,N/A,N/A,0,0,0,0,0,0.0,0.0,0.0,0.0,0.0,0.0,0.0
SLC26A6,,N/A,N/A,N/A,0,0,0,0,0,0.0,0.0,0.0,0.0,0.0,0.0,0.0
LRRIQ3,,N/A,N/A,N/A,0,0,0,0,0,0.0,0.0,0.0,0.0,0.0,0.0,0.0
PARD3B,,N/A,N/A,N/A,0,0,0,0,0,0.0,0.0,0.0,0.0,0.0,0.0,0.0
IQCG,,N/A,N/A,N/A,0,0,0,0,0,0.0,0.0,0.0,0.0,0.0,0.0,0.0
ACOX1,,N/A,N/A,N/A,0,0,0,0,0,0.0,0.0,0.0,0.0,0.0,0.0,0.0
CASC3,,N/A,N/A,N/A,0,0,0,0,0,0.0,0.0,0.0,0.0,0.0,0.0,0.0
HNRNPA0,,N/A,N/A,N/A,0,0,0,0,0,0.0,0.0,0.0,0.0,0.0,0.0,0.0
MRRF,,N/A,N/A,N/A,0,0,0,0,0,0.0,0.0,0.0,0.0,0.0,0.0,0.0
COASY,,N/A,N/A,N/A,0,0,0,0,0,0.0,0.0,0.0,0.0,0.0,0.0,0.0
PRMT7,,N/A,N/A,N/A,0,0,0,0,0,0.0,0.0,0.0,0.0,0.0,0.0,0.0
RASGEF1B,,N/A,N/A,N/A,0,0,0,0,0,0.0,0.0,0.0,0.0,0.0,0.0,0.0
SCN1B,,N/A,N/A,N/A,0,0,0,0,0,0.0,0.0,0.0,0.0,0.0,0.0,0.0
TRIM27,,N/A,N/A,N/A,0,0,0,0,0,0.0,0.0,0.0,0.0,0.0,0.0,0.0
NECAB3,,N/A,N/A,N/A,0,0,0,0,0,0.0,0.0,0.0,0.0,0.0,0.0,0.0
TRMT112,,N/A,N/A,N/A,0,0,0,0,0,0.0,0.0,0.0,0.0,0.0,0.0,0.0
GSN-AS1,,N/A,N/A,N/A,0,0,0,0,0,0.0,0.0,0.0,0.0,0.0,0.0,0.0
TRIM38,,N/A,N/A,N/A,0,0,0,0,0,0.0,0.0,0.0,0.0,0.0,0.0,0.0
DCHS1,,N/A,N/A,N/A,0,0,0,0,0,0.0,0.0,0.0,0.0,0.0,0.0,0.0
CALCOCO2,,N/A,N/A,N/A,0,0,0,0,0,0.0,0.0,0.0,0.0,0.0,0.0,0.0
CD99L2,,N/A,N/A,N/A,0,0,0,0,0,0.0,0.0,0.0,0.0,0.0,0.0,0.0
DEDD,,N/A,N/A,N/A,0,0,0,0,0,0.0,0.0,0.0,0.0,0.0,0.0,0.0
XPO4,,N/A,N/A,N/A,0,0,0,0,0,0.0,0.0,0.0,0.0,0.0,0.0,0.0
ZNF682,,N/A,N/A,N/A,0,0,0,0,0,0.0,0.0,0.0,0.0,0.0,0.0,0.0
MYLK-AS1,,N/A,N/A,N/A,0,0,0,0,0,0.0,0.0,0.0,0.0,0.0,0.0,0.0
RNPC3,,N/A,N/A,N/A,0,0,0,0,0,0.0,0.0,0.0,0.0,0.0,0.0,0.0
ZNF646,,N/A,N/A,N/A,0,0,0,0,0,0.0,0.0,0.0,0.0,0.0,0.0,0.0
PIGV,,N/A,N/A,N/A,0,0,0,0,0,0.0,0.0,0.0,0.0,0.0,0.0,0.0
DPH1,,N/A,N/A,N/A,0,0,0,0,0,0.0,0.0,0.0,0.0,0.0,0.0,0.0
AAMDC,,N/A,N/A,N/A,0,0,0,0,0,0.0,0.0,0.0,0.0,0.0,0.0,0.0
PDE8B,,N/A,N/A,N/A,0,0,0,0,0,0.0,0.0,0.0,0.0,0.0,0.0,0.0
HOXC10,,N/A,N/A,N/A,0,0,0,0,0,0.0,0.0,0.0,0.0,0.0,0.0,0.0
CAMK2D,,N/A,N/A,N/A,0,0,0,0,0,0.0,0.0,0.0,0.0,0.0,0.0,0.0
FLII,,N/A,N/A,N/A,0,0,0,0,0,0.0,0.0,0.0,0.0,0.0,0.0,0.0
MRPS21,,N/A,N/A,N/A,0,0,0,0,0,0.0,0.0,0.0,0.0,0.0,0.0,0.0
ZNF34,,N/A,N/A,N/A,0,0,0,0,0,0.0,0.0,0.0,0.0,0.0,0.0,0.0
POP7,,N/A,N/A,N/A,0,0,0,0,0,0.0,0.0,0.0,0.0,0.0,0.0,0.0
TIMM23,,N/A,N/A,N/A,0,0,0,0,0,0.0,0.0,0.0,0.0,0.0,0.0,0.0
SLIT2,,N/A,N/A,N/A,0,0,0,0,0,0.0,0.0,0.0,0.0,0.0,0.0,0.0
RPUSD2,,N/A,N/A,N/A,0,0,0,0,0,0.0,0.0,0.0,0.0,0.0,0.0,0.0
ZNF852,,N/A,N/A,N/A,0,0,0,0,0,0.0,0.0,0.0,0.0,0.0,0.0,0.0
ZNF605,,N/A,N/A,N/A,0,0,0,0,0,0.0,0.0,0.0,0.0,0.0,0.0,0.0
DRAM1,,N/A,N/A,N/A,0,0,0,0,0,0.0,0.0,0.0,0.0,0.0,0.0,0.0
ARL6IP1,,N/A,N/A,N/A,0,0,0,0,0,0.0,0.0,0.0,0.0,0.0,0.0,0.0
NRN1,,N/A,N/A,N/A,0,0,0,0,0,0.0,0.0,0.0,0.0,0.0,0.0,0.0
ALG9,,N/A,N/A,N/A,0,0,0,0,0,0.0,0.0,0.0,0.0,0.0,0.0,0.0
ATXN7,,N/A,N/A,N/A,0,0,0,0,0,0.0,0.0,0.0,0.0,0.0,0.0,0.0
ABCC10,,N/A,N/A,N/A,0,0,0,0,0,0.0,0.0,0.0,0.0,0.0,0.0,0.0
PPM1A,,N/A,N/A,N/A,0,0,0,0,0,0.0,0.0,0.0,0.0,0.0,0.0,0.0
ZNF345,,N/A,N/A,N/A,0,0,0,0,0,0.0,0.0,0.0,0.0,0.0,0.0,0.0
DCAF12,,N/A,N/A,N/A,0,0,0,0,0,0.0,0.0,0.0,0.0,0.0,0.0,0.0
ZMIZ1-AS1,,N/A,N/A,N/A,0,0,0,0,0,0.0,0.0,0.0,0.0,0.0,0.0,0.0
NRDE2,,N/A,N/A,N/A,0,0,0,0,0,0.0,0.0,0.0,0.0,0.0,0.0,0.0
FNBP1L,,N/A,N/A,N/A,0,0,0,0,0,0.0,0.0,0.0,0.0,0.0,0.0,0.0
ZNF546,,N/A,N/A,N/A,0,0,0,0,0,0.0,0.0,0.0,0.0,0.0,0.0,0.0
DHX33,,N/A,N/A,N/A,0,0,0,0,0,0.0,0.0,0.0,0.0,0.0,0.0,0.0
RTN2,,N/A,N/A,N/A,0,0,0,0,0,0.0,0.0,0.0,0.0,0.0,0.0,0.0
BNIP2,,N/A,N/A,N/A,0,0,0,0,0,0.0,0.0,0.0,0.0,0.0,0.0,0.0
UBA2,,N/A,N/A,N/A,0,0,0,0,0,0.0,0.0,0.0,0.0,0.0,0.0,0.0
ACVR1B,,N/A,N/A,N/A,0,0,0,0,0,0.0,0.0,0.0,0.0,0.0,0.0,0.0
DYRK2,,N/A,N/A,N/A,0,0,0,0,0,0.0,0.0,0.0,0.0,0.0,0.0,0.0
CDT1,,N/A,N/A,N/A,0,0,0,0,0,0.0,0.0,0.0,0.0,0.0,0.0,0.0
RBBP8,,N/A,N/A,N/A,0,0,0,0,0,0.0,0.0,0.0,0.0,0.0,0.0,0.0
PGAP3,,N/A,N/A,N/A,0,0,0,0,0,0.0,0.0,0.0,0.0,0.0,0.0,0.0
PLEKHG5,,N/A,N/A,N/A,0,0,0,0,0,0.0,0.0,0.0,0.0,0.0,0.0,0.0
RPL10,,N/A,N/A,N/A,0,0,0,0,0,0.0,0.0,0.0,0.0,0.0,0.0,0.0
ABLIM1,,N/A,N/A,N/A,0,0,0,0,0,0.0,0.0,0.0,0.0,0.0,0.0,0.0
CENPO,,N/A,N/A,N/A,0,0,0,0,0,0.0,0.0,0.0,0.0,0.0,0.0,0.0
LCMT2,,N/A,N/A,N/A,0,0,0,0,0,0.0,0.0,0.0,0.0,0.0,0.0,0.0
ISYNA1,,N/A,N/A,N/A,0,0,0,0,0,0.0,0.0,0.0,0.0,0.0,0.0,0.0
ZFAND3,,N/A,N/A,N/A,0,0,0,0,0,0.0,0.0,0.0,0.0,0.0,0.0,0.0
PLA2G15,,N/A,N/A,N/A,0,0,0,0,0,0.0,0.0,0.0,0.0,0.0,0.0,0.0
STRBP,,N/A,N/A,N/A,0,0,0,0,0,0.0,0.0,0.0,0.0,0.0,0.0,0.0
ZNF747,,N/A,N/A,N/A,0,0,0,0,0,0.0,0.0,0.0,0.0,0.0,0.0,0.0
COLGALT2,,N/A,N/A,N/A,0,0,0,0,0,0.0,0.0,0.0,0.0,0.0,0.0,0.0
POLA2,,N/A,N/A,N/A,0,0,0,0,0,0.0,0.0,0.0,0.0,0.0,0.0,0.0
PHACTR2,,N/A,N/A,N/A,0,0,0,0,0,0.0,0.0,0.0,0.0,0.0,0.0,0.0
CNOT1,,N/A,N/A,N/A,0,0,0,0,0,0.0,0.0,0.0,0.0,0.0,0.0,0.0
TMEM9B,,N/A,N/A,N/A,0,0,0,0,0,0.0,0.0,0.0,0.0,0.0,0.0,0.0
VRK2,,N/A,N/A,N/A,0,0,0,0,0,0.0,0.0,0.0,0.0,0.0,0.0,0.0
SEL1L3,,N/A,N/A,N/A,0,0,0,0,0,0.0,0.0,0.0,0.0,0.0,0.0,0.0
IQSEC2,,N/A,N/A,N/A,0,0,0,0,0,0.0,0.0,0.0,0.0,0.0,0.0,0.0
MORF4L1,,N/A,N/A,N/A,0,0,0,0,0,0.0,0.0,0.0,0.0,0.0,0.0,0.0
COPS6,,N/A,N/A,N/A,0,0,0,0,0,0.0,0.0,0.0,0.0,0.0,0.0,0.0
RUNDC3B,,N/A,N/A,N/A,0,0,0,0,0,0.0,0.0,0.0,0.0,0.0,0.0,0.0
TIGD5,,N/A,N/A,N/A,0,0,0,0,0,0.0,0.0,0.0,0.0,0.0,0.0,0.0
ZBTB45,,N/A,N/A,N/A,0,0,0,0,0,0.0,0.0,0.0,0.0,0.0,0.0,0.0
EPB41L4A,,N/A,N/A,N/A,0,0,0,0,0,0.0,0.0,0.0,0.0,0.0,0.0,0.0
ACTR3B,,N/A,N/A,N/A,0,0,0,0,0,0.0,0.0,0.0,0.0,0.0,0.0,0.0
CDK11B,,N/A,N/A,N/A,0,0,0,0,0,0.0,0.0,0.0,0.0,0.0,0.0,0.0
SWT1,,N/A,N/A,N/A,0,0,0,0,0,0.0,0.0,0.0,0.0,0.0,0.0,0.0
ZKSCAN4,,N/A,N/A,N/A,0,0,0,0,0,0.0,0.0,0.0,0.0,0.0,0.0,0.0
ZNF350,,N/A,N/A,N/A,0,0,0,0,0,0.0,0.0,0.0,0.0,0.0,0.0,0.0
STXBP4,,N/A,N/A,N/A,0,0,0,0,0,0.0,0.0,0.0,0.0,0.0,0.0,0.0
CYBRD1,,N/A,N/A,N/A,0,0,0,0,0,0.0,0.0,0.0,0.0,0.0,0.0,0.0
ANKRD13A,,N/A,N/A,N/A,0,0,0,0,0,0.0,0.0,0.0,0.0,0.0,0.0,0.0
P2RY11,,N/A,N/A,N/A,0,0,0,0,0,0.0,0.0,0.0,0.0,0.0,0.0,0.0
FAM133B,,N/A,N/A,N/A,0,0,0,0,0,0.0,0.0,0.0,0.0,0.0,0.0,0.0
PSMC4,,N/A,N/A,N/A,0,0,0,0,0,0.0,0.0,0.0,0.0,0.0,0.0,0.0
SLC12A2,,N/A,N/A,N/A,0,0,0,0,0,0.0,0.0,0.0,0.0,0.0,0.0,0.0
SMARCD1,,N/A,N/A,N/A,0,0,0,0,0,0.0,0.0,0.0,0.0,0.0,0.0,0.0
FRMD4B,,N/A,N/A,N/A,0,0,0,0,0,0.0,0.0,0.0,0.0,0.0,0.0,0.0
SH3D19,,N/A,N/A,N/A,0,0,0,0,0,0.0,0.0,0.0,0.0,0.0,0.0,0.0
EHMT2,,N/A,N/A,N/A,0,0,0,0,0,0.0,0.0,0.0,0.0,0.0,0.0,0.0
ZNF772,,N/A,N/A,N/A,0,0,0,0,0,0.0,0.0,0.0,0.0,0.0,0.0,0.0
CASP7,,N/A,N/A,N/A,0,0,0,0,0,0.0,0.0,0.0,0.0,0.0,0.0,0.0
PWWP2B,,N/A,N/A,N/A,0,0,0,0,0,0.0,0.0,0.0,0.0,0.0,0.0,0.0
TUBGCP5,,N/A,N/A,N/A,0,0,0,0,0,0.0,0.0,0.0,0.0,0.0,0.0,0.0
MTMR10,,N/A,N/A,N/A,0,0,0,0,0,0.0,0.0,0.0,0.0,0.0,0.0,0.0
RENBP,,N/A,N/A,N/A,0,0,0,0,0,0.0,0.0,0.0,0.0,0.0,0.0,0.0
CSRP2,,N/A,N/A,N/A,0,0,0,0,0,0.0,0.0,0.0,0.0,0.0,0.0,0.0
EMILIN2,,N/A,N/A,N/A,0,0,0,0,0,0.0,0.0,0.0,0.0,0.0,0.0,0.0
KCTD21,,N/A,N/A,N/A,0,0,0,0,0,0.0,0.0,0.0,0.0,0.0,0.0,0.0
PPP1R9A,,N/A,N/A,N/A,0,0,0,0,0,0.0,0.0,0.0,0.0,0.0,0.0,0.0
LIN7C,,N/A,N/A,N/A,0,0,0,0,0,0.0,0.0,0.0,0.0,0.0,0.0,0.0
SPCS1,,N/A,N/A,N/A,0,0,0,0,0,0.0,0.0,0.0,0.0,0.0,0.0,0.0
ZNF766,,N/A,N/A,N/A,0,0,0,0,0,0.0,0.0,0.0,0.0,0.0,0.0,0.0
NBEA,,N/A,N/A,N/A,0,0,0,0,0,0.0,0.0,0.0,0.0,0.0,0.0,0.0
TMEM41B,,N/A,N/A,N/A,0,0,0,0,0,0.0,0.0,0.0,0.0,0.0,0.0,0.0
BAZ2B,,N/A,N/A,N/A,0,0,0,0,0,0.0,0.0,0.0,0.0,0.0,0.0,0.0
GLCE,,N/A,N/A,N/A,0,0,0,0,0,0.0,0.0,0.0,0.0,0.0,0.0,0.0
FZD6,,N/A,N/A,N/A,0,0,0,0,0,0.0,0.0,0.0,0.0,0.0,0.0,0.0
ZNF154,,N/A,N/A,N/A,0,0,0,0,0,0.0,0.0,0.0,0.0,0.0,0.0,0.0
TFAP2E,,N/A,N/A,N/A,0,0,0,0,0,0.0,0.0,0.0,0.0,0.0,0.0,0.0
PAPSS1,,N/A,N/A,N/A,0,0,0,0,0,0.0,0.0,0.0,0.0,0.0,0.0,0.0
ADAMTS16,,N/A,N/A,N/A,0,0,0,0,0,0.0,0.0,0.0,0.0,0.0,0.0,0.0
MAP9,,N/A,N/A,N/A,0,0,0,0,0,0.0,0.0,0.0,0.0,0.0,0.0,0.0
TDRD3,,N/A,N/A,N/A,0,0,0,0,0,0.0,0.0,0.0,0.0,0.0,0.0,0.0
NCKAP5,,N/A,N/A,N/A,0,0,0,0,0,0.0,0.0,0.0,0.0,0.0,0.0,0.0
CASD1,,N/A,N/A,N/A,0,0,0,0,0,0.0,0.0,0.0,0.0,0.0,0.0,0.0
TM9SF4,,N/A,N/A,N/A,0,0,0,0,0,0.0,0.0,0.0,0.0,0.0,0.0,0.0
RABAC1,,N/A,N/A,N/A,0,0,0,0,0,0.0,0.0,0.0,0.0,0.0,0.0,0.0
VRK1,,N/A,N/A,N/A,0,0,0,0,0,0.0,0.0,0.0,0.0,0.0,0.0,0.0
RNF144B,,N/A,N/A,N/A,0,0,0,0,0,0.0,0.0,0.0,0.0,0.0,0.0,0.0
MRPL49,,N/A,N/A,N/A,0,0,0,0,0,0.0,0.0,0.0,0.0,0.0,0.0,0.0
ALS2,,N/A,N/A,N/A,0,0,0,0,0,0.0,0.0,0.0,0.0,0.0,0.0,0.0
CHCHD7,,N/A,N/A,N/A,0,0,0,0,0,0.0,0.0,0.0,0.0,0.0,0.0,0.0
YKT6,,N/A,N/A,N/A,0,0,0,0,0,0.0,0.0,0.0,0.0,0.0,0.0,0.0
SYNE3,,N/A,N/A,N/A,0,0,0,0,0,0.0,0.0,0.0,0.0,0.0,0.0,0.0
ZNF254,,N/A,N/A,N/A,0,0,0,0,0,0.0,0.0,0.0,0.0,0.0,0.0,0.0
TMEM116,,N/A,N/A,N/A,0,0,0,0,0,0.0,0.0,0.0,0.0,0.0,0.0,0.0
PMPCA,,N/A,N/A,N/A,0,0,0,0,0,0.0,0.0,0.0,0.0,0.0,0.0,0.0
PTPN7,,N/A,N/A,N/A,0,0,0,0,0,0.0,0.0,0.0,0.0,0.0,0.0,0.0
TAX1BP3,,N/A,N/A,N/A,0,0,0,0,0,0.0,0.0,0.0,0.0,0.0,0.0,0.0
LYRM9,,N/A,N/A,N/A,0,0,0,0,0,0.0,0.0,0.0,0.0,0.0,0.0,0.0
FIGNL1,,N/A,N/A,N/A,0,0,0,0,0,0.0,0.0,0.0,0.0,0.0,0.0,0.0
GCAT,,N/A,N/A,N/A,0,0,0,0,0,0.0,0.0,0.0,0.0,0.0,0.0,0.0
SEC61A1,,N/A,N/A,N/A,0,0,0,0,0,0.0,0.0,0.0,0.0,0.0,0.0,0.0
FBXW8,,N/A,N/A,N/A,0,0,0,0,0,0.0,0.0,0.0,0.0,0.0,0.0,0.0
DARS2,,N/A,N/A,N/A,0,0,0,0,0,0.0,0.0,0.0,0.0,0.0,0.0,0.0
AACS,,N/A,N/A,N/A,0,0,0,0,0,0.0,0.0,0.0,0.0,0.0,0.0,0.0
FAM120C,,N/A,N/A,N/A,0,0,0,0,0,0.0,0.0,0.0,0.0,0.0,0.0,0.0
CCDC85B,,N/A,N/A,N/A,0,0,0,0,0,0.0,0.0,0.0,0.0,0.0,0.0,0.0
VIPAS39,,N/A,N/A,N/A,0,0,0,0,0,0.0,0.0,0.0,0.0,0.0,0.0,0.0
VCPIP1,,N/A,N/A,N/A,0,0,0,0,0,0.0,0.0,0.0,0.0,0.0,0.0,0.0
CDHR3,,N/A,N/A,N/A,0,0,0,0,0,0.0,0.0,0.0,0.0,0.0,0.0,0.0
DDX60L,,N/A,N/A,N/A,0,0,0,0,0,0.0,0.0,0.0,0.0,0.0,0.0,0.0
ACOT13,,N/A,N/A,N/A,0,0,0,0,0,0.0,0.0,0.0,0.0,0.0,0.0,0.0
C1orf109,,N/A,N/A,N/A,0,0,0,0,0,0.0,0.0,0.0,0.0,0.0,0.0,0.0
EPB41L3,,N/A,N/A,N/A,0,0,0,0,0,0.0,0.0,0.0,0.0,0.0,0.0,0.0
ZNF235,,N/A,N/A,N/A,0,0,0,0,0,0.0,0.0,0.0,0.0,0.0,0.0,0.0
TBCE,,N/A,N/A,N/A,0,0,0,0,0,0.0,0.0,0.0,0.0,0.0,0.0,0.0
USP53,,N/A,N/A,N/A,0,0,0,0,0,0.0,0.0,0.0,0.0,0.0,0.0,0.0
RMDN2,,N/A,N/A,N/A,0,0,0,0,0,0.0,0.0,0.0,0.0,0.0,0.0,0.0
ZNF611,,N/A,N/A,N/A,0,0,0,0,0,0.0,0.0,0.0,0.0,0.0,0.0,0.0
NAALADL2,,N/A,N/A,N/A,0,0,0,0,0,0.0,0.0,0.0,0.0,0.0,0.0,0.0
EID2B,,N/A,N/A,N/A,0,0,0,0,0,0.0,0.0,0.0,0.0,0.0,0.0,0.0
PRRC1,,N/A,N/A,N/A,0,0,0,0,0,0.0,0.0,0.0,0.0,0.0,0.0,0.0
HEBP1,,N/A,N/A,N/A,0,0,0,0,0,0.0,0.0,0.0,0.0,0.0,0.0,0.0
TMEM44-AS1,,N/A,N/A,N/A,0,0,0,0,0,0.0,0.0,0.0,0.0,0.0,0.0,0.0
ZNF526,,N/A,N/A,N/A,0,0,0,0,0,0.0,0.0,0.0,0.0,0.0,0.0,0.0
SLC35E3,,N/A,N/A,N/A,0,0,0,0,0,0.0,0.0,0.0,0.0,0.0,0.0,0.0
INPP4B,,N/A,N/A,N/A,0,0,0,0,0,0.0,0.0,0.0,0.0,0.0,0.0,0.0
HLA-DMB,,N/A,N/A,N/A,0,0,0,0,0,0.0,0.0,0.0,0.0,0.0,0.0,0.0
TSEN54,,N/A,N/A,N/A,0,0,0,0,0,0.0,0.0,0.0,0.0,0.0,0.0,0.0
EPB41L5,,N/A,N/A,N/A,0,0,0,0,0,0.0,0.0,0.0,0.0,0.0,0.0,0.0
SSBP3,,N/A,N/A,N/A,0,0,0,0,0,0.0,0.0,0.0,0.0,0.0,0.0,0.0
ZNF497,,N/A,N/A,N/A,0,0,0,0,0,0.0,0.0,0.0,0.0,0.0,0.0,0.0
FBXL14,,N/A,N/A,N/A,0,0,0,0,0,0.0,0.0,0.0,0.0,0.0,0.0,0.0
FBXO27,,N/A,N/A,N/A,0,0,0,0,0,0.0,0.0,0.0,0.0,0.0,0.0,0.0
MRPL28,,N/A,N/A,N/A,0,0,0,0,0,0.0,0.0,0.0,0.0,0.0,0.0,0.0
IFNLR1,,N/A,N/A,N/A,0,0,0,0,0,0.0,0.0,0.0,0.0,0.0,0.0,0.0
SLC46A1,,N/A,N/A,N/A,0,0,0,0,0,0.0,0.0,0.0,0.0,0.0,0.0,0.0
LOXL3,,N/A,N/A,N/A,0,0,0,0,0,0.0,0.0,0.0,0.0,0.0,0.0,0.0
MIEN1,,N/A,N/A,N/A,0,0,0,0,0,0.0,0.0,0.0,0.0,0.0,0.0,0.0
PTDSS1,,N/A,N/A,N/A,0,0,0,0,0,0.0,0.0,0.0,0.0,0.0,0.0,0.0
FAM182B,,N/A,N/A,N/A,0,0,0,0,0,0.0,0.0,0.0,0.0,0.0,0.0,0.0
MRPL43,,N/A,N/A,N/A,0,0,0,0,0,0.0,0.0,0.0,0.0,0.0,0.0,0.0
C14orf93,,N/A,N/A,N/A,0,0,0,0,0,0.0,0.0,0.0,0.0,0.0,0.0,0.0
RTKN,,N/A,N/A,N/A,0,0,0,0,0,0.0,0.0,0.0,0.0,0.0,0.0,0.0
HERPUD2,,N/A,N/A,N/A,0,0,0,0,0,0.0,0.0,0.0,0.0,0.0,0.0,0.0
NINJ1,,N/A,N/A,N/A,0,0,0,0,0,0.0,0.0,0.0,0.0,0.0,0.0,0.0
MEF2C-AS1,,N/A,N/A,N/A,0,0,0,0,0,0.0,0.0,0.0,0.0,0.0,0.0,0.0
DVL3,,N/A,N/A,N/A,0,0,0,0,0,0.0,0.0,0.0,0.0,0.0,0.0,0.0
CHMP1B,,N/A,N/A,N/A,0,0,0,0,0,0.0,0.0,0.0,0.0,0.0,0.0,0.0
ZNF622,,N/A,N/A,N/A,0,0,0,0,0,0.0,0.0,0.0,0.0,0.0,0.0,0.0
CREBL2,,N/A,N/A,N/A,0,0,0,0,0,0.0,0.0,0.0,0.0,0.0,0.0,0.0
ADI1,,N/A,N/A,N/A,0,0,0,0,0,0.0,0.0,0.0,0.0,0.0,0.0,0.0
METTL23,,N/A,N/A,N/A,0,0,0,0,0,0.0,0.0,0.0,0.0,0.0,0.0,0.0
ZNF320,,N/A,N/A,N/A,0,0,0,0,0,0.0,0.0,0.0,0.0,0.0,0.0,0.0
TALDO1,,N/A,N/A,N/A,0,0,0,0,0,0.0,0.0,0.0,0.0,0.0,0.0,0.0
MRPL45,,N/A,N/A,N/A,0,0,0,0,0,0.0,0.0,0.0,0.0,0.0,0.0,0.0
TSEN34,,N/A,N/A,N/A,0,0,0,0,0,0.0,0.0,0.0,0.0,0.0,0.0,0.0
JAM2,,N/A,N/A,N/A,0,0,0,0,0,0.0,0.0,0.0,0.0,0.0,0.0,0.0
POLR2D,,N/A,N/A,N/A,0,0,0,0,0,0.0,0.0,0.0,0.0,0.0,0.0,0.0
CDC40,,N/A,N/A,N/A,0,0,0,0,0,0.0,0.0,0.0,0.0,0.0,0.0,0.0
EGR3,,N/A,N/A,N/A,0,0,0,0,0,0.0,0.0,0.0,0.0,0.0,0.0,0.0
UBQLN4,,N/A,N/A,N/A,0,0,0,0,0,0.0,0.0,0.0,0.0,0.0,0.0,0.0
CASP4,,N/A,N/A,N/A,0,0,0,0,0,0.0,0.0,0.0,0.0,0.0,0.0,0.0
NXT1,,N/A,N/A,N/A,0,0,0,0,0,0.0,0.0,0.0,0.0,0.0,0.0,0.0
ARGLU1,,N/A,N/A,N/A,0,0,0,0,0,0.0,0.0,0.0,0.0,0.0,0.0,0.0
ACYP2,,N/A,N/A,N/A,0,0,0,0,0,0.0,0.0,0.0,0.0,0.0,0.0,0.0
IPO4,,N/A,N/A,N/A,0,0,0,0,0,0.0,0.0,0.0,0.0,0.0,0.0,0.0
RBBP7,,N/A,N/A,N/A,0,0,0,0,0,0.0,0.0,0.0,0.0,0.0,0.0,0.0
SPOCK1,,N/A,N/A,N/A,0,0,0,0,0,0.0,0.0,0.0,0.0,0.0,0.0,0.0
EID1,,N/A,N/A,N/A,0,0,0,0,0,0.0,0.0,0.0,0.0,0.0,0.0,0.0
SLC22A23,,N/A,N/A,N/A,0,0,0,0,0,0.0,0.0,0.0,0.0,0.0,0.0,0.0
MCOLN2,,N/A,N/A,N/A,0,0,0,0,0,0.0,0.0,0.0,0.0,0.0,0.0,0.0
COX4I1,,N/A,N/A,N/A,0,0,0,0,0,0.0,0.0,0.0,0.0,0.0,0.0,0.0
ZNF564,,N/A,N/A,N/A,0,0,0,0,0,0.0,0.0,0.0,0.0,0.0,0.0,0.0
EFNA5,,N/A,N/A,N/A,0,0,0,0,0,0.0,0.0,0.0,0.0,0.0,0.0,0.0
FSTL4,,N/A,N/A,N/A,0,0,0,0,0,0.0,0.0,0.0,0.0,0.0,0.0,0.0
ORC1,,N/A,N/A,N/A,0,0,0,0,0,0.0,0.0,0.0,0.0,0.0,0.0,0.0
TBC1D16,,N/A,N/A,N/A,0,0,0,0,0,0.0,0.0,0.0,0.0,0.0,0.0,0.0
PLA2G6,,N/A,N/A,N/A,0,0,0,0,0,0.0,0.0,0.0,0.0,0.0,0.0,0.0
PROSER2,,N/A,N/A,N/A,0,0,0,0,0,0.0,0.0,0.0,0.0,0.0,0.0,0.0
SLC23A3,,N/A,N/A,N/A,0,0,0,0,0,0.0,0.0,0.0,0.0,0.0,0.0,0.0
CHD9,,N/A,N/A,N/A,0,0,0,0,0,0.0,0.0,0.0,0.0,0.0,0.0,0.0
TRAFD1,,N/A,N/A,N/A,0,0,0,0,0,0.0,0.0,0.0,0.0,0.0,0.0,0.0
ASRGL1,,N/A,N/A,N/A,0,0,0,0,0,0.0,0.0,0.0,0.0,0.0,0.0,0.0
CYB561A3,,N/A,N/A,N/A,0,0,0,0,0,0.0,0.0,0.0,0.0,0.0,0.0,0.0
GPR107,,N/A,N/A,N/A,0,0,0,0,0,0.0,0.0,0.0,0.0,0.0,0.0,0.0
VPS28,,N/A,N/A,N/A,0,0,0,0,0,0.0,0.0,0.0,0.0,0.0,0.0,0.0
IRX5,,N/A,N/A,N/A,0,0,0,0,0,0.0,0.0,0.0,0.0,0.0,0.0,0.0
FRA10AC1,,N/A,N/A,N/A,0,0,0,0,0,0.0,0.0,0.0,0.0,0.0,0.0,0.0
SC5D,,N/A,N/A,N/A,0,0,0,0,0,0.0,0.0,0.0,0.0,0.0,0.0,0.0
SDF2,,N/A,N/A,N/A,0,0,0,0,0,0.0,0.0,0.0,0.0,0.0,0.0,0.0
CFL1,,N/A,N/A,N/A,0,0,0,0,0,0.0,0.0,0.0,0.0,0.0,0.0,0.0
SERPINB6,,N/A,N/A,N/A,0,0,0,0,0,0.0,0.0,0.0,0.0,0.0,0.0,0.0
CYP20A1,,N/A,N/A,N/A,0,0,0,0,0,0.0,0.0,0.0,0.0,0.0,0.0,0.0
COX16,,N/A,N/A,N/A,0,0,0,0,0,0.0,0.0,0.0,0.0,0.0,0.0,0.0
FBXW5,,N/A,N/A,N/A,0,0,0,0,0,0.0,0.0,0.0,0.0,0.0,0.0,0.0
NMNAT3,,N/A,N/A,N/A,0,0,0,0,0,0.0,0.0,0.0,0.0,0.0,0.0,0.0
FAM136A,,N/A,N/A,N/A,0,0,0,0,0,0.0,0.0,0.0,0.0,0.0,0.0,0.0
CSNK1D,,N/A,N/A,N/A,0,0,0,0,0,0.0,0.0,0.0,0.0,0.0,0.0,0.0
HSD17B14,,N/A,N/A,N/A,0,0,0,0,0,0.0,0.0,0.0,0.0,0.0,0.0,0.0
FLYWCH2,,N/A,N/A,N/A,0,0,0,0,0,0.0,0.0,0.0,0.0,0.0,0.0,0.0
RFX1,,N/A,N/A,N/A,0,0,0,0,0,0.0,0.0,0.0,0.0,0.0,0.0,0.0
SPRYD4,,N/A,N/A,N/A,0,0,0,0,0,0.0,0.0,0.0,0.0,0.0,0.0,0.0
HIBCH,,N/A,N/A,N/A,0,0,0,0,0,0.0,0.0,0.0,0.0,0.0,0.0,0.0
POLR2K,,N/A,N/A,N/A,0,0,0,0,0,0.0,0.0,0.0,0.0,0.0,0.0,0.0
DET1,,N/A,N/A,N/A,0,0,0,0,0,0.0,0.0,0.0,0.0,0.0,0.0,0.0
FSIP2,,N/A,N/A,N/A,0,0,0,0,0,0.0,0.0,0.0,0.0,0.0,0.0,0.0
RFC5,,N/A,N/A,N/A,0,0,0,0,0,0.0,0.0,0.0,0.0,0.0,0.0,0.0
HSPBP1,,N/A,N/A,N/A,0,0,0,0,0,0.0,0.0,0.0,0.0,0.0,0.0,0.0
ABLIM2,,N/A,N/A,N/A,0,0,0,0,0,0.0,0.0,0.0,0.0,0.0,0.0,0.0
DGCR8,,N/A,N/A,N/A,0,0,0,0,0,0.0,0.0,0.0,0.0,0.0,0.0,0.0
USP49,,N/A,N/A,N/A,0,0,0,0,0,0.0,0.0,0.0,0.0,0.0,0.0,0.0
MFSD2B,,N/A,N/A,N/A,0,0,0,0,0,0.0,0.0,0.0,0.0,0.0,0.0,0.0
VBP1,,N/A,N/A,N/A,0,0,0,0,0,0.0,0.0,0.0,0.0,0.0,0.0,0.0
TRAPPC5,,N/A,N/A,N/A,0,0,0,0,0,0.0,0.0,0.0,0.0,0.0,0.0,0.0
RHBDL2,,N/A,N/A,N/A,0,0,0,0,0,0.0,0.0,0.0,0.0,0.0,0.0,0.0
TRIP10,,N/A,N/A,N/A,0,0,0,0,0,0.0,0.0,0.0,0.0,0.0,0.0,0.0
TAF9B,,N/A,N/A,N/A,0,0,0,0,0,0.0,0.0,0.0,0.0,0.0,0.0,0.0
MCRS1,,N/A,N/A,N/A,0,0,0,0,0,0.0,0.0,0.0,0.0,0.0,0.0,0.0
PLA2G4A,,N/A,N/A,N/A,0,0,0,0,0,0.0,0.0,0.0,0.0,0.0,0.0,0.0
SHROOM1,,N/A,N/A,N/A,0,0,0,0,0,0.0,0.0,0.0,0.0,0.0,0.0,0.0
GDPGP1,,N/A,N/A,N/A,0,0,0,0,0,0.0,0.0,0.0,0.0,0.0,0.0,0.0
BRIX1,,N/A,N/A,N/A,0,0,0,0,0,0.0,0.0,0.0,0.0,0.0,0.0,0.0
NDUFS8,,N/A,N/A,N/A,0,0,0,0,0,0.0,0.0,0.0,0.0,0.0,0.0,0.0
PPP2R2B,,N/A,N/A,N/A,0,0,0,0,0,0.0,0.0,0.0,0.0,0.0,0.0,0.0
RBM48,,N/A,N/A,N/A,0,0,0,0,0,0.0,0.0,0.0,0.0,0.0,0.0,0.0
SH2B3,,N/A,N/A,N/A,0,0,0,0,0,0.0,0.0,0.0,0.0,0.0,0.0,0.0
PAFAH2,,N/A,N/A,N/A,0,0,0,0,0,0.0,0.0,0.0,0.0,0.0,0.0,0.0
DNM3,,N/A,N/A,N/A,0,0,0,0,0,0.0,0.0,0.0,0.0,0.0,0.0,0.0
TATDN3,,N/A,N/A,N/A,0,0,0,0,0,0.0,0.0,0.0,0.0,0.0,0.0,0.0
NFATC2IP,,N/A,N/A,N/A,0,0,0,0,0,0.0,0.0,0.0,0.0,0.0,0.0,0.0
EVPL,,N/A,N/A,N/A,0,0,0,0,0,0.0,0.0,0.0,0.0,0.0,0.0,0.0
AGO2,,N/A,N/A,N/A,0,0,0,0,0,0.0,0.0,0.0,0.0,0.0,0.0,0.0
EME2,,N/A,N/A,N/A,0,0,0,0,0,0.0,0.0,0.0,0.0,0.0,0.0,0.0
CDK13,,N/A,N/A,N/A,0,0,0,0,0,0.0,0.0,0.0,0.0,0.0,0.0,0.0
NCAPG2,,N/A,N/A,N/A,0,0,0,0,0,0.0,0.0,0.0,0.0,0.0,0.0,0.0
ECM1,,N/A,N/A,N/A,0,0,0,0,0,0.0,0.0,0.0,0.0,0.0,0.0,0.0
EIF3M,,N/A,N/A,N/A,0,0,0,0,0,0.0,0.0,0.0,0.0,0.0,0.0,0.0
KLF7,,N/A,N/A,N/A,0,0,0,0,0,0.0,0.0,0.0,0.0,0.0,0.0,0.0
PLEKHO2,,N/A,N/A,N/A,0,0,0,0,0,0.0,0.0,0.0,0.0,0.0,0.0,0.0
SRRM2,,N/A,N/A,N/A,0,0,0,0,0,0.0,0.0,0.0,0.0,0.0,0.0,0.0
NRIP2,,N/A,N/A,N/A,0,0,0,0,0,0.0,0.0,0.0,0.0,0.0,0.0,0.0
RPS21,,N/A,N/A,N/A,0,0,0,0,0,0.0,0.0,0.0,0.0,0.0,0.0,0.0
CLUAP1,,N/A,N/A,N/A,0,0,0,0,0,0.0,0.0,0.0,0.0,0.0,0.0,0.0
RNF2,,N/A,N/A,N/A,0,0,0,0,0,0.0,0.0,0.0,0.0,0.0,0.0,0.0
RNF26,,N/A,N/A,N/A,0,0,0,0,0,0.0,0.0,0.0,0.0,0.0,0.0,0.0
TAPT1,,N/A,N/A,N/A,0,0,0,0,0,0.0,0.0,0.0,0.0,0.0,0.0,0.0
ATG4A,,N/A,N/A,N/A,0,0,0,0,0,0.0,0.0,0.0,0.0,0.0,0.0,0.0
FNDC3A,,N/A,N/A,N/A,0,0,0,0,0,0.0,0.0,0.0,0.0,0.0,0.0,0.0
ZNF93,,N/A,N/A,N/A,0,0,0,0,0,0.0,0.0,0.0,0.0,0.0,0.0,0.0
GTF2H3,,N/A,N/A,N/A,0,0,0,0,0,0.0,0.0,0.0,0.0,0.0,0.0,0.0
ETV3,,N/A,N/A,N/A,0,0,0,0,0,0.0,0.0,0.0,0.0,0.0,0.0,0.0
MTFR2,,N/A,N/A,N/A,0,0,0,0,0,0.0,0.0,0.0,0.0,0.0,0.0,0.0
FBXO3,,N/A,N/A,N/A,0,0,0,0,0,0.0,0.0,0.0,0.0,0.0,0.0,0.0
SNX9,,N/A,N/A,N/A,0,0,0,0,0,0.0,0.0,0.0,0.0,0.0,0.0,0.0
FUCA2,,N/A,N/A,N/A,0,0,0,0,0,0.0,0.0,0.0,0.0,0.0,0.0,0.0
TTPAL,,N/A,N/A,N/A,0,0,0,0,0,0.0,0.0,0.0,0.0,0.0,0.0,0.0
NDUFA5,,N/A,N/A,N/A,0,0,0,0,0,0.0,0.0,0.0,0.0,0.0,0.0,0.0
ENDOG,,N/A,N/A,N/A,0,0,0,0,0,0.0,0.0,0.0,0.0,0.0,0.0,0.0
ZNF444,,N/A,N/A,N/A,0,0,0,0,0,0.0,0.0,0.0,0.0,0.0,0.0,0.0
SFXN1,,N/A,N/A,N/A,0,0,0,0,0,0.0,0.0,0.0,0.0,0.0,0.0,0.0
TMTC2,,N/A,N/A,N/A,0,0,0,0,0,0.0,0.0,0.0,0.0,0.0,0.0,0.0
GOLT1B,,N/A,N/A,N/A,0,0,0,0,0,0.0,0.0,0.0,0.0,0.0,0.0,0.0
PYCR1,,N/A,N/A,N/A,0,0,0,0,0,0.0,0.0,0.0,0.0,0.0,0.0,0.0
SETD4,,N/A,N/A,N/A,0,0,0,0,0,0.0,0.0,0.0,0.0,0.0,0.0,0.0
ZBTB6,,N/A,N/A,N/A,0,0,0,0,0,0.0,0.0,0.0,0.0,0.0,0.0,0.0
UTY,,N/A,N/A,N/A,0,0,0,0,0,0.0,0.0,0.0,0.0,0.0,0.0,0.0
RBL2,,N/A,N/A,N/A,0,0,0,0,0,0.0,0.0,0.0,0.0,0.0,0.0,0.0
GLYR1,,N/A,N/A,N/A,0,0,0,0,0,0.0,0.0,0.0,0.0,0.0,0.0,0.0
NOL3,,N/A,N/A,N/A,0,0,0,0,0,0.0,0.0,0.0,0.0,0.0,0.0,0.0
ZNRF2,,N/A,N/A,N/A,0,0,0,0,0,0.0,0.0,0.0,0.0,0.0,0.0,0.0
RCC2,,N/A,N/A,N/A,0,0,0,0,0,0.0,0.0,0.0,0.0,0.0,0.0,0.0
ITGA9,,N/A,N/A,N/A,0,0,0,0,0,0.0,0.0,0.0,0.0,0.0,0.0,0.0
SECISBP2L,,N/A,N/A,N/A,0,0,0,0,0,0.0,0.0,0.0,0.0,0.0,0.0,0.0
ZNF17,,N/A,N/A,N/A,0,0,0,0,0,0.0,0.0,0.0,0.0,0.0,0.0,0.0
HMGA1,,N/A,N/A,N/A,0,0,0,0,0,0.0,0.0,0.0,0.0,0.0,0.0,0.0
AKIRIN1,,N/A,N/A,N/A,0,0,0,0,0,0.0,0.0,0.0,0.0,0.0,0.0,0.0
SLC44A2,,N/A,N/A,N/A,0,0,0,0,0,0.0,0.0,0.0,0.0,0.0,0.0,0.0
GABPB2,,N/A,N/A,N/A,0,0,0,0,0,0.0,0.0,0.0,0.0,0.0,0.0,0.0
ZNF594,,N/A,N/A,N/A,0,0,0,0,0,0.0,0.0,0.0,0.0,0.0,0.0,0.0
CHMP6,,N/A,N/A,N/A,0,0,0,0,0,0.0,0.0,0.0,0.0,0.0,0.0,0.0
EVI5L,,N/A,N/A,N/A,0,0,0,0,0,0.0,0.0,0.0,0.0,0.0,0.0,0.0
TRIM17,,N/A,N/A,N/A,0,0,0,0,0,0.0,0.0,0.0,0.0,0.0,0.0,0.0
SLC39A7,,N/A,N/A,N/A,0,0,0,0,0,0.0,0.0,0.0,0.0,0.0,0.0,0.0
SGSM3,,N/A,N/A,N/A,0,0,0,0,0,0.0,0.0,0.0,0.0,0.0,0.0,0.0
C4orf3,,N/A,N/A,N/A,0,0,0,0,0,0.0,0.0,0.0,0.0,0.0,0.0,0.0
STK17B,,N/A,N/A,N/A,0,0,0,0,0,0.0,0.0,0.0,0.0,0.0,0.0,0.0
P4HTM,,N/A,N/A,N/A,0,0,0,0,0,0.0,0.0,0.0,0.0,0.0,0.0,0.0
TTLL5,,N/A,N/A,N/A,0,0,0,0,0,0.0,0.0,0.0,0.0,0.0,0.0,0.0
YIPF6,,N/A,N/A,N/A,0,0,0,0,0,0.0,0.0,0.0,0.0,0.0,0.0,0.0
THRAP3,,N/A,N/A,N/A,0,0,0,0,0,0.0,0.0,0.0,0.0,0.0,0.0,0.0
MANEA,,N/A,N/A,N/A,0,0,0,0,0,0.0,0.0,0.0,0.0,0.0,0.0,0.0
C1orf216,,N/A,N/A,N/A,0,0,0,0,0,0.0,0.0,0.0,0.0,0.0,0.0,0.0
SLC25A42,,N/A,N/A,N/A,0,0,0,0,0,0.0,0.0,0.0,0.0,0.0,0.0,0.0
SYNPO,,N/A,N/A,N/A,0,0,0,0,0,0.0,0.0,0.0,0.0,0.0,0.0,0.0
CCDC97,,N/A,N/A,N/A,0,0,0,0,0,0.0,0.0,0.0,0.0,0.0,0.0,0.0
DHRS12,,N/A,N/A,N/A,0,0,0,0,0,0.0,0.0,0.0,0.0,0.0,0.0,0.0
PDLIM1,,N/A,N/A,N/A,0,0,0,0,0,0.0,0.0,0.0,0.0,0.0,0.0,0.0
HK1,,N/A,N/A,N/A,0,0,0,0,0,0.0,0.0,0.0,0.0,0.0,0.0,0.0
MCM9,,N/A,N/A,N/A,0,0,0,0,0,0.0,0.0,0.0,0.0,0.0,0.0,0.0
CARD16,,N/A,N/A,N/A,0,0,0,0,0,0.0,0.0,0.0,0.0,0.0,0.0,0.0
BDH2,,N/A,N/A,N/A,0,0,0,0,0,0.0,0.0,0.0,0.0,0.0,0.0,0.0
DHRS7B,,N/A,N/A,N/A,0,0,0,0,0,0.0,0.0,0.0,0.0,0.0,0.0,0.0
HADH,,N/A,N/A,N/A,0,0,0,0,0,0.0,0.0,0.0,0.0,0.0,0.0,0.0
ELMO3,,N/A,N/A,N/A,0,0,0,0,0,0.0,0.0,0.0,0.0,0.0,0.0,0.0
FOXJ3,,N/A,N/A,N/A,0,0,0,0,0,0.0,0.0,0.0,0.0,0.0,0.0,0.0
UBIAD1,,N/A,N/A,N/A,0,0,0,0,0,0.0,0.0,0.0,0.0,0.0,0.0,0.0
MCM5,,N/A,N/A,N/A,0,0,0,0,0,0.0,0.0,0.0,0.0,0.0,0.0,0.0
CAPN10,,N/A,N/A,N/A,0,0,0,0,0,0.0,0.0,0.0,0.0,0.0,0.0,0.0
CAPG,,N/A,N/A,N/A,0,0,0,0,0,0.0,0.0,0.0,0.0,0.0,0.0,0.0
GORASP1,,N/A,N/A,N/A,0,0,0,0,0,0.0,0.0,0.0,0.0,0.0,0.0,0.0
PRPF4,,N/A,N/A,N/A,0,0,0,0,0,0.0,0.0,0.0,0.0,0.0,0.0,0.0
SPATC1L,,N/A,N/A,N/A,0,0,0,0,0,0.0,0.0,0.0,0.0,0.0,0.0,0.0
LGI4,,N/A,N/A,N/A,0,0,0,0,0,0.0,0.0,0.0,0.0,0.0,0.0,0.0
EDEM1,,N/A,N/A,N/A,0,0,0,0,0,0.0,0.0,0.0,0.0,0.0,0.0,0.0
PRPSAP1,,N/A,N/A,N/A,0,0,0,0,0,0.0,0.0,0.0,0.0,0.0,0.0,0.0
INTS7,,N/A,N/A,N/A,0,0,0,0,0,0.0,0.0,0.0,0.0,0.0,0.0,0.0
PRPF40B,,N/A,N/A,N/A,0,0,0,0,0,0.0,0.0,0.0,0.0,0.0,0.0,0.0
PAK6,,N/A,N/A,N/A,0,0,0,0,0,0.0,0.0,0.0,0.0,0.0,0.0,0.0
PLEKHB1,,N/A,N/A,N/A,0,0,0,0,0,0.0,0.0,0.0,0.0,0.0,0.0,0.0
OSBPL2,,N/A,N/A,N/A,0,0,0,0,0,0.0,0.0,0.0,0.0,0.0,0.0,0.0
HCFC1R1,,N/A,N/A,N/A,0,0,0,0,0,0.0,0.0,0.0,0.0,0.0,0.0,0.0
TNK1,,N/A,N/A,N/A,0,0,0,0,0,0.0,0.0,0.0,0.0,0.0,0.0,0.0
LMTK3,,N/A,N/A,N/A,0,0,0,0,0,0.0,0.0,0.0,0.0,0.0,0.0,0.0
ATP6V0D1,,N/A,N/A,N/A,0,0,0,0,0,0.0,0.0,0.0,0.0,0.0,0.0,0.0
CYB5R2,,N/A,N/A,N/A,0,0,0,0,0,0.0,0.0,0.0,0.0,0.0,0.0,0.0
C9orf153,,N/A,N/A,N/A,0,0,0,0,0,0.0,0.0,0.0,0.0,0.0,0.0,0.0
DDX49,,N/A,N/A,N/A,0,0,0,0,0,0.0,0.0,0.0,0.0,0.0,0.0,0.0
WDR4,,N/A,N/A,N/A,0,0,0,0,0,0.0,0.0,0.0,0.0,0.0,0.0,0.0
VAMP1,,N/A,N/A,N/A,0,0,0,0,0,0.0,0.0,0.0,0.0,0.0,0.0,0.0
UBR7,,N/A,N/A,N/A,0,0,0,0,0,0.0,0.0,0.0,0.0,0.0,0.0,0.0
NDST2,,N/A,N/A,N/A,0,0,0,0,0,0.0,0.0,0.0,0.0,0.0,0.0,0.0
MRPS9,,N/A,N/A,N/A,0,0,0,0,0,0.0,0.0,0.0,0.0,0.0,0.0,0.0
PTGFRN,,N/A,N/A,N/A,0,0,0,0,0,0.0,0.0,0.0,0.0,0.0,0.0,0.0
FAM120B,,N/A,N/A,N/A,0,0,0,0,0,0.0,0.0,0.0,0.0,0.0,0.0,0.0
NAB2,,N/A,N/A,N/A,0,0,0,0,0,0.0,0.0,0.0,0.0,0.0,0.0,0.0
USP15,,N/A,N/A,N/A,0,0,0,0,0,0.0,0.0,0.0,0.0,0.0,0.0,0.0
APLP2,,N/A,N/A,N/A,0,0,0,0,0,0.0,0.0,0.0,0.0,0.0,0.0,0.0
LSM10,,N/A,N/A,N/A,0,0,0,0,0,0.0,0.0,0.0,0.0,0.0,0.0,0.0
USP11,,N/A,N/A,N/A,0,0,0,0,0,0.0,0.0,0.0,0.0,0.0,0.0,0.0
ZNF624,,N/A,N/A,N/A,0,0,0,0,0,0.0,0.0,0.0,0.0,0.0,0.0,0.0
DMGDH,,N/A,N/A,N/A,0,0,0,0,0,0.0,0.0,0.0,0.0,0.0,0.0,0.0
TSC22D2,,N/A,N/A,N/A,0,0,0,0,0,0.0,0.0,0.0,0.0,0.0,0.0,0.0
VMP1,,N/A,N/A,N/A,0,0,0,0,0,0.0,0.0,0.0,0.0,0.0,0.0,0.0
ESRP2,,N/A,N/A,N/A,0,0,0,0,0,0.0,0.0,0.0,0.0,0.0,0.0,0.0
PIGB,,N/A,N/A,N/A,0,0,0,0,0,0.0,0.0,0.0,0.0,0.0,0.0,0.0
EFCAB7,,N/A,N/A,N/A,0,0,0,0,0,0.0,0.0,0.0,0.0,0.0,0.0,0.0
MED22,,N/A,N/A,N/A,0,0,0,0,0,0.0,0.0,0.0,0.0,0.0,0.0,0.0
EXD3,,N/A,N/A,N/A,0,0,0,0,0,0.0,0.0,0.0,0.0,0.0,0.0,0.0
AP4B1-AS1,,N/A,N/A,N/A,0,0,0,0,0,0.0,0.0,0.0,0.0,0.0,0.0,0.0
VDAC2,,N/A,N/A,N/A,0,0,0,0,0,0.0,0.0,0.0,0.0,0.0,0.0,0.0
MYO9A,,N/A,N/A,N/A,0,0,0,0,0,0.0,0.0,0.0,0.0,0.0,0.0,0.0
LINC01004,,N/A,N/A,N/A,0,0,0,0,0,0.0,0.0,0.0,0.0,0.0,0.0,0.0
GTF2H2C,,N/A,N/A,N/A,0,0,0,0,0,0.0,0.0,0.0,0.0,0.0,0.0,0.0
TPST2,,N/A,N/A,N/A,0,0,0,0,0,0.0,0.0,0.0,0.0,0.0,0.0,0.0
STAM2,,N/A,N/A,N/A,0,0,0,0,0,0.0,0.0,0.0,0.0,0.0,0.0,0.0
CORO7,,N/A,N/A,N/A,0,0,0,0,0,0.0,0.0,0.0,0.0,0.0,0.0,0.0
ZFP30,,N/A,N/A,N/A,0,0,0,0,0,0.0,0.0,0.0,0.0,0.0,0.0,0.0
ENOSF1,,N/A,N/A,N/A,0,0,0,0,0,0.0,0.0,0.0,0.0,0.0,0.0,0.0
ZFP64,,N/A,N/A,N/A,0,0,0,0,0,0.0,0.0,0.0,0.0,0.0,0.0,0.0
UBE2R2,,N/A,N/A,N/A,0,0,0,0,0,0.0,0.0,0.0,0.0,0.0,0.0,0.0
GLMN,,N/A,N/A,N/A,0,0,0,0,0,0.0,0.0,0.0,0.0,0.0,0.0,0.0
STPG1,,N/A,N/A,N/A,0,0,0,0,0,0.0,0.0,0.0,0.0,0.0,0.0,0.0
ZNF30,,N/A,N/A,N/A,0,0,0,0,0,0.0,0.0,0.0,0.0,0.0,0.0,0.0
PPP2R5C,,N/A,N/A,N/A,0,0,0,0,0,0.0,0.0,0.0,0.0,0.0,0.0,0.0
NME3,,N/A,N/A,N/A,0,0,0,0,0,0.0,0.0,0.0,0.0,0.0,0.0,0.0
SRBD1,,N/A,N/A,N/A,0,0,0,0,0,0.0,0.0,0.0,0.0,0.0,0.0,0.0
HPCAL1,,N/A,N/A,N/A,0,0,0,0,0,0.0,0.0,0.0,0.0,0.0,0.0,0.0
IFT140,,N/A,N/A,N/A,0,0,0,0,0,0.0,0.0,0.0,0.0,0.0,0.0,0.0
FAM111B,,N/A,N/A,N/A,0,0,0,0,0,0.0,0.0,0.0,0.0,0.0,0.0,0.0
ABCA10,,N/A,N/A,N/A,0,0,0,0,0,0.0,0.0,0.0,0.0,0.0,0.0,0.0
BAZ1B,,N/A,N/A,N/A,0,0,0,0,0,0.0,0.0,0.0,0.0,0.0,0.0,0.0
MMP15,,N/A,N/A,N/A,0,0,0,0,0,0.0,0.0,0.0,0.0,0.0,0.0,0.0
JPX,,N/A,N/A,N/A,0,0,0,0,0,0.0,0.0,0.0,0.0,0.0,0.0,0.0
CPEB4,,N/A,N/A,N/A,0,0,0,0,0,0.0,0.0,0.0,0.0,0.0,0.0,0.0
CBX5,,N/A,N/A,N/A,0,0,0,0,0,0.0,0.0,0.0,0.0,0.0,0.0,0.0
ZNF736,,N/A,N/A,N/A,0,0,0,0,0,0.0,0.0,0.0,0.0,0.0,0.0,0.0
MYCBP,,N/A,N/A,N/A,0,0,0,0,0,0.0,0.0,0.0,0.0,0.0,0.0,0.0
OTUD3,,N/A,N/A,N/A,0,0,0,0,0,0.0,0.0,0.0,0.0,0.0,0.0,0.0
NDUFB1,,N/A,N/A,N/A,0,0,0,0,0,0.0,0.0,0.0,0.0,0.0,0.0,0.0
ABCA3,,N/A,N/A,N/A,0,0,0,0,0,0.0,0.0,0.0,0.0,0.0,0.0,0.0
TPRA1,,N/A,N/A,N/A,0,0,0,0,0,0.0,0.0,0.0,0.0,0.0,0.0,0.0
LINC01001,,N/A,N/A,N/A,0,0,0,0,0,0.0,0.0,0.0,0.0,0.0,0.0,0.0
EPB41,,N/A,N/A,N/A,0,0,0,0,0,0.0,0.0,0.0,0.0,0.0,0.0,0.0
OCIAD2,,N/A,N/A,N/A,0,0,0,0,0,0.0,0.0,0.0,0.0,0.0,0.0,0.0
NPTXR,,N/A,N/A,N/A,0,0,0,0,0,0.0,0.0,0.0,0.0,0.0,0.0,0.0
NEURL4,,N/A,N/A,N/A,0,0,0,0,0,0.0,0.0,0.0,0.0,0.0,0.0,0.0
MRPS24,,N/A,N/A,N/A,0,0,0,0,0,0.0,0.0,0.0,0.0,0.0,0.0,0.0
TTC26,,N/A,N/A,N/A,0,0,0,0,0,0.0,0.0,0.0,0.0,0.0,0.0,0.0
G2E3,,N/A,N/A,N/A,0,0,0,0,0,0.0,0.0,0.0,0.0,0.0,0.0,0.0
CKS1B,,N/A,N/A,N/A,0,0,0,0,0,0.0,0.0,0.0,0.0,0.0,0.0,0.0
GADD45B,,N/A,N/A,N/A,0,0,0,0,0,0.0,0.0,0.0,0.0,0.0,0.0,0.0
TMEM260,,N/A,N/A,N/A,0,0,0,0,0,0.0,0.0,0.0,0.0,0.0,0.0,0.0
DFFA,,N/A,N/A,N/A,0,0,0,0,0,0.0,0.0,0.0,0.0,0.0,0.0,0.0
UBOX5,,N/A,N/A,N/A,0,0,0,0,0,0.0,0.0,0.0,0.0,0.0,0.0,0.0
ZNRF3,,N/A,N/A,N/A,0,0,0,0,0,0.0,0.0,0.0,0.0,0.0,0.0,0.0
TGOLN2,,N/A,N/A,N/A,0,0,0,0,0,0.0,0.0,0.0,0.0,0.0,0.0,0.0
SETX,,N/A,N/A,N/A,0,0,0,0,0,0.0,0.0,0.0,0.0,0.0,0.0,0.0
OCLN,,N/A,N/A,N/A,0,0,0,0,0,0.0,0.0,0.0,0.0,0.0,0.0,0.0
ZNF780B,,N/A,N/A,N/A,0,0,0,0,0,0.0,0.0,0.0,0.0,0.0,0.0,0.0
PSMA7,,N/A,N/A,N/A,0,0,0,0,0,0.0,0.0,0.0,0.0,0.0,0.0,0.0
INF2,,N/A,N/A,N/A,0,0,0,0,0,0.0,0.0,0.0,0.0,0.0,0.0,0.0
NDUFB3,,N/A,N/A,N/A,0,0,0,0,0,0.0,0.0,0.0,0.0,0.0,0.0,0.0
TARBP2,,N/A,N/A,N/A,0,0,0,0,0,0.0,0.0,0.0,0.0,0.0,0.0,0.0
TXNDC17,,N/A,N/A,N/A,0,0,0,0,0,0.0,0.0,0.0,0.0,0.0,0.0,0.0
TFCP2,,N/A,N/A,N/A,0,0,0,0,0,0.0,0.0,0.0,0.0,0.0,0.0,0.0
NME6,,N/A,N/A,N/A,0,0,0,0,0,0.0,0.0,0.0,0.0,0.0,0.0,0.0
FAM50A,,N/A,N/A,N/A,0,0,0,0,0,0.0,0.0,0.0,0.0,0.0,0.0,0.0
TNPO3,,N/A,N/A,N/A,0,0,0,0,0,0.0,0.0,0.0,0.0,0.0,0.0,0.0
AMZ1,,N/A,N/A,N/A,0,0,0,0,0,0.0,0.0,0.0,0.0,0.0,0.0,0.0
TTC23,,N/A,N/A,N/A,0,0,0,0,0,0.0,0.0,0.0,0.0,0.0,0.0,0.0
TRMT1,,N/A,N/A,N/A,0,0,0,0,0,0.0,0.0,0.0,0.0,0.0,0.0,0.0
KRR1,,N/A,N/A,N/A,0,0,0,0,0,0.0,0.0,0.0,0.0,0.0,0.0,0.0
TMC8,,N/A,N/A,N/A,0,0,0,0,0,0.0,0.0,0.0,0.0,0.0,0.0,0.0
ZC2HC1C,,N/A,N/A,N/A,0,0,0,0,0,0.0,0.0,0.0,0.0,0.0,0.0,0.0
PET100,,N/A,N/A,N/A,0,0,0,0,0,0.0,0.0,0.0,0.0,0.0,0.0,0.0
HDDC3,,N/A,N/A,N/A,0,0,0,0,0,0.0,0.0,0.0,0.0,0.0,0.0,0.0
METTL14,,N/A,N/A,N/A,0,0,0,0,0,0.0,0.0,0.0,0.0,0.0,0.0,0.0
CEP120,,N/A,N/A,N/A,0,0,0,0,0,0.0,0.0,0.0,0.0,0.0,0.0,0.0
PPP1R9B,,N/A,N/A,N/A,0,0,0,0,0,0.0,0.0,0.0,0.0,0.0,0.0,0.0
PRKRA,,N/A,N/A,N/A,0,0,0,0,0,0.0,0.0,0.0,0.0,0.0,0.0,0.0
AGFG1,,N/A,N/A,N/A,0,0,0,0,0,0.0,0.0,0.0,0.0,0.0,0.0,0.0
ARHGAP32,,N/A,N/A,N/A,0,0,0,0,0,0.0,0.0,0.0,0.0,0.0,0.0,0.0
SLC25A25,,N/A,N/A,N/A,0,0,0,0,0,0.0,0.0,0.0,0.0,0.0,0.0,0.0
BBS9,,N/A,N/A,N/A,0,0,0,0,0,0.0,0.0,0.0,0.0,0.0,0.0,0.0
BCCIP,,N/A,N/A,N/A,0,0,0,0,0,0.0,0.0,0.0,0.0,0.0,0.0,0.0
CDCA3,,N/A,N/A,N/A,0,0,0,0,0,0.0,0.0,0.0,0.0,0.0,0.0,0.0
SUCO,,N/A,N/A,N/A,0,0,0,0,0,0.0,0.0,0.0,0.0,0.0,0.0,0.0
RAB9A,,N/A,N/A,N/A,0,0,0,0,0,0.0,0.0,0.0,0.0,0.0,0.0,0.0
TRAM2-AS1,,N/A,N/A,N/A,0,0,0,0,0,0.0,0.0,0.0,0.0,0.0,0.0,0.0
UNC119,,N/A,N/A,N/A,0,0,0,0,0,0.0,0.0,0.0,0.0,0.0,0.0,0.0
ZNF22,,N/A,N/A,N/A,0,0,0,0,0,0.0,0.0,0.0,0.0,0.0,0.0,0.0
CCNL1,,N/A,N/A,N/A,0,0,0,0,0,0.0,0.0,0.0,0.0,0.0,0.0,0.0
RGL2,,N/A,N/A,N/A,0,0,0,0,0,0.0,0.0,0.0,0.0,0.0,0.0,0.0
TMEM41A,,N/A,N/A,N/A,0,0,0,0,0,0.0,0.0,0.0,0.0,0.0,0.0,0.0
ZEB2-AS1,,N/A,N/A,N/A,0,0,0,0,0,0.0,0.0,0.0,0.0,0.0,0.0,0.0
ZMAT2,,N/A,N/A,N/A,0,0,0,0,0,0.0,0.0,0.0,0.0,0.0,0.0,0.0
NDUFB10,,N/A,N/A,N/A,0,0,0,0,0,0.0,0.0,0.0,0.0,0.0,0.0,0.0
ZNF821,,N/A,N/A,N/A,0,0,0,0,0,0.0,0.0,0.0,0.0,0.0,0.0,0.0
GCH1,,N/A,N/A,N/A,0,0,0,0,0,0.0,0.0,0.0,0.0,0.0,0.0,0.0
VAMP3,,N/A,N/A,N/A,0,0,0,0,0,0.0,0.0,0.0,0.0,0.0,0.0,0.0
WSB2,,N/A,N/A,N/A,0,0,0,0,0,0.0,0.0,0.0,0.0,0.0,0.0,0.0
CISD3,,N/A,N/A,N/A,0,0,0,0,0,0.0,0.0,0.0,0.0,0.0,0.0,0.0
CDK10,,N/A,N/A,N/A,0,0,0,0,0,0.0,0.0,0.0,0.0,0.0,0.0,0.0
PFKFB4,,N/A,N/A,N/A,0,0,0,0,0,0.0,0.0,0.0,0.0,0.0,0.0,0.0
GRAMD1C,,N/A,N/A,N/A,0,0,0,0,0,0.0,0.0,0.0,0.0,0.0,0.0,0.0
PDZD2,,N/A,N/A,N/A,0,0,0,0,0,0.0,0.0,0.0,0.0,0.0,0.0,0.0
GNB4,,N/A,N/A,N/A,0,0,0,0,0,0.0,0.0,0.0,0.0,0.0,0.0,0.0
MBLAC2,,N/A,N/A,N/A,0,0,0,0,0,0.0,0.0,0.0,0.0,0.0,0.0,0.0
ERAP2,,N/A,N/A,N/A,0,0,0,0,0,0.0,0.0,0.0,0.0,0.0,0.0,0.0
TTYH1,,N/A,N/A,N/A,0,0,0,0,0,0.0,0.0,0.0,0.0,0.0,0.0,0.0
COG1,,N/A,N/A,N/A,0,0,0,0,0,0.0,0.0,0.0,0.0,0.0,0.0,0.0
FXR1,,N/A,N/A,N/A,0,0,0,0,0,0.0,0.0,0.0,0.0,0.0,0.0,0.0
EVI5,,N/A,N/A,N/A,0,0,0,0,0,0.0,0.0,0.0,0.0,0.0,0.0,0.0
CDKN3,,N/A,N/A,N/A,0,0,0,0,0,0.0,0.0,0.0,0.0,0.0,0.0,0.0
SAC3D1,,N/A,N/A,N/A,0,0,0,0,0,0.0,0.0,0.0,0.0,0.0,0.0,0.0
TMOD2,,N/A,N/A,N/A,0,0,0,0,0,0.0,0.0,0.0,0.0,0.0,0.0,0.0
RCOR1,,N/A,N/A,N/A,0,0,0,0,0,0.0,0.0,0.0,0.0,0.0,0.0,0.0
C1S,,N/A,N/A,N/A,0,0,0,0,0,0.0,0.0,0.0,0.0,0.0,0.0,0.0
OBSCN,,N/A,N/A,N/A,0,0,0,0,0,0.0,0.0,0.0,0.0,0.0,0.0,0.0
DOHH,,N/A,N/A,N/A,0,0,0,0,0,0.0,0.0,0.0,0.0,0.0,0.0,0.0
SLAIN2,,N/A,N/A,N/A,0,0,0,0,0,0.0,0.0,0.0,0.0,0.0,0.0,0.0
NUMBL,,N/A,N/A,N/A,0,0,0,0,0,0.0,0.0,0.0,0.0,0.0,0.0,0.0
SERTAD2,,N/A,N/A,N/A,0,0,0,0,0,0.0,0.0,0.0,0.0,0.0,0.0,0.0
PGRMC1,,N/A,N/A,N/A,0,0,0,0,0,0.0,0.0,0.0,0.0,0.0,0.0,0.0
CCM2,,N/A,N/A,N/A,0,0,0,0,0,0.0,0.0,0.0,0.0,0.0,0.0,0.0
ZNF667,,N/A,N/A,N/A,0,0,0,0,0,0.0,0.0,0.0,0.0,0.0,0.0,0.0
TBL1XR1,,N/A,N/A,N/A,0,0,0,0,0,0.0,0.0,0.0,0.0,0.0,0.0,0.0
EXOSC6,,N/A,N/A,N/A,0,0,0,0,0,0.0,0.0,0.0,0.0,0.0,0.0,0.0
ZNF384,,N/A,N/A,N/A,0,0,0,0,0,0.0,0.0,0.0,0.0,0.0,0.0,0.0
PAXBP1-AS1,,N/A,N/A,N/A,0,0,0,0,0,0.0,0.0,0.0,0.0,0.0,0.0,0.0
DCAF15,,N/A,N/A,N/A,0,0,0,0,0,0.0,0.0,0.0,0.0,0.0,0.0,0.0
HMGN3,,N/A,N/A,N/A,0,0,0,0,0,0.0,0.0,0.0,0.0,0.0,0.0,0.0
DRAP1,,N/A,N/A,N/A,0,0,0,0,0,0.0,0.0,0.0,0.0,0.0,0.0,0.0
PFKM,,N/A,N/A,N/A,0,0,0,0,0,0.0,0.0,0.0,0.0,0.0,0.0,0.0
HOTAIRM1,,N/A,N/A,N/A,0,0,0,0,0,0.0,0.0,0.0,0.0,0.0,0.0,0.0
ST6GALNAC1,,N/A,N/A,N/A,0,0,0,0,0,0.0,0.0,0.0,0.0,0.0,0.0,0.0
RIMKLB,,N/A,N/A,N/A,0,0,0,0,0,0.0,0.0,0.0,0.0,0.0,0.0,0.0
ZNF776,,N/A,N/A,N/A,0,0,0,0,0,0.0,0.0,0.0,0.0,0.0,0.0,0.0
LARS2,,N/A,N/A,N/A,0,0,0,0,0,0.0,0.0,0.0,0.0,0.0,0.0,0.0
PSENEN,,N/A,N/A,N/A,0,0,0,0,0,0.0,0.0,0.0,0.0,0.0,0.0,0.0
ZNF83,,N/A,N/A,N/A,0,0,0,0,0,0.0,0.0,0.0,0.0,0.0,0.0,0.0
ATG2B,,N/A,N/A,N/A,0,0,0,0,0,0.0,0.0,0.0,0.0,0.0,0.0,0.0
CCDC92,,N/A,N/A,N/A,0,0,0,0,0,0.0,0.0,0.0,0.0,0.0,0.0,0.0
DNA2,,N/A,N/A,N/A,0,0,0,0,0,0.0,0.0,0.0,0.0,0.0,0.0,0.0
USP39,,N/A,N/A,N/A,0,0,0,0,0,0.0,0.0,0.0,0.0,0.0,0.0,0.0
IRAK2,,N/A,N/A,N/A,0,0,0,0,0,0.0,0.0,0.0,0.0,0.0,0.0,0.0
UFSP2,,N/A,N/A,N/A,0,0,0,0,0,0.0,0.0,0.0,0.0,0.0,0.0,0.0
PHKA2,,N/A,N/A,N/A,0,0,0,0,0,0.0,0.0,0.0,0.0,0.0,0.0,0.0
CLEC2D,,N/A,N/A,N/A,0,0,0,0,0,0.0,0.0,0.0,0.0,0.0,0.0,0.0
GLRX,,N/A,N/A,N/A,0,0,0,0,0,0.0,0.0,0.0,0.0,0.0,0.0,0.0
MYO6,,N/A,N/A,N/A,0,0,0,0,0,0.0,0.0,0.0,0.0,0.0,0.0,0.0
USP3-AS1,,N/A,N/A,N/A,0,0,0,0,0,0.0,0.0,0.0,0.0,0.0,0.0,0.0
ZNF823,,N/A,N/A,N/A,0,0,0,0,0,0.0,0.0,0.0,0.0,0.0,0.0,0.0
CCDC6,,N/A,N/A,N/A,0,0,0,0,0,0.0,0.0,0.0,0.0,0.0,0.0,0.0
TMEM126B,,N/A,N/A,N/A,0,0,0,0,0,0.0,0.0,0.0,0.0,0.0,0.0,0.0
ZNHIT1,,N/A,N/A,N/A,0,0,0,0,0,0.0,0.0,0.0,0.0,0.0,0.0,0.0
PTBP3,,N/A,N/A,N/A,0,0,0,0,0,0.0,0.0,0.0,0.0,0.0,0.0,0.0
THOC1,,N/A,N/A,N/A,0,0,0,0,0,0.0,0.0,0.0,0.0,0.0,0.0,0.0
KIF13B,,N/A,N/A,N/A,0,0,0,0,0,0.0,0.0,0.0,0.0,0.0,0.0,0.0
ARHGEF35,,N/A,N/A,N/A,0,0,0,0,0,0.0,0.0,0.0,0.0,0.0,0.0,0.0
TCAIM,,N/A,N/A,N/A,0,0,0,0,0,0.0,0.0,0.0,0.0,0.0,0.0,0.0
CATSPER2,,N/A,N/A,N/A,0,0,0,0,0,0.0,0.0,0.0,0.0,0.0,0.0,0.0
STARD4-AS1,,N/A,N/A,N/A,0,0,0,0,0,0.0,0.0,0.0,0.0,0.0,0.0,0.0
SLC38A5,,N/A,N/A,N/A,0,0,0,0,0,0.0,0.0,0.0,0.0,0.0,0.0,0.0
KIF2A,,N/A,N/A,N/A,0,0,0,0,0,0.0,0.0,0.0,0.0,0.0,0.0,0.0
FLYWCH1,,N/A,N/A,N/A,0,0,0,0,0,0.0,0.0,0.0,0.0,0.0,0.0,0.0
ORAI3,,N/A,N/A,N/A,0,0,0,0,0,0.0,0.0,0.0,0.0,0.0,0.0,0.0
ZNF324,,N/A,N/A,N/A,0,0,0,0,0,0.0,0.0,0.0,0.0,0.0,0.0,0.0
ZNF783,,N/A,N/A,N/A,0,0,0,0,0,0.0,0.0,0.0,0.0,0.0,0.0,0.0
STX17,,N/A,N/A,N/A,0,0,0,0,0,0.0,0.0,0.0,0.0,0.0,0.0,0.0
EMC8,,N/A,N/A,N/A,0,0,0,0,0,0.0,0.0,0.0,0.0,0.0,0.0,0.0
NEMF,,N/A,N/A,N/A,0,0,0,0,0,0.0,0.0,0.0,0.0,0.0,0.0,0.0
FTH1,,N/A,N/A,N/A,0,0,0,0,0,0.0,0.0,0.0,0.0,0.0,0.0,0.0
PAK1IP1,,N/A,N/A,N/A,0,0,0,0,0,0.0,0.0,0.0,0.0,0.0,0.0,0.0
TRMU,,N/A,N/A,N/A,0,0,0,0,0,0.0,0.0,0.0,0.0,0.0,0.0,0.0
DDX17,,N/A,N/A,N/A,0,0,0,0,0,0.0,0.0,0.0,0.0,0.0,0.0,0.0
B3GALNT1,,N/A,N/A,N/A,0,0,0,0,0,0.0,0.0,0.0,0.0,0.0,0.0,0.0
MAT2B,,N/A,N/A,N/A,0,0,0,0,0,0.0,0.0,0.0,0.0,0.0,0.0,0.0
UVRAG,,N/A,N/A,N/A,0,0,0,0,0,0.0,0.0,0.0,0.0,0.0,0.0,0.0
MED9,,N/A,N/A,N/A,0,0,0,0,0,0.0,0.0,0.0,0.0,0.0,0.0,0.0
RPLP2,,N/A,N/A,N/A,0,0,0,0,0,0.0,0.0,0.0,0.0,0.0,0.0,0.0
GLTP,,N/A,N/A,N/A,0,0,0,0,0,0.0,0.0,0.0,0.0,0.0,0.0,0.0
KLRB1,,N/A,N/A,N/A,0,0,0,0,0,0.0,0.0,0.0,0.0,0.0,0.0,0.0
CROT,,N/A,N/A,N/A,0,0,0,0,0,0.0,0.0,0.0,0.0,0.0,0.0,0.0
ARPC5,,N/A,N/A,N/A,0,0,0,0,0,0.0,0.0,0.0,0.0,0.0,0.0,0.0
LPAR6,,N/A,N/A,N/A,0,0,0,0,0,0.0,0.0,0.0,0.0,0.0,0.0,0.0
C1QTNF6,,N/A,N/A,N/A,0,0,0,0,0,0.0,0.0,0.0,0.0,0.0,0.0,0.0
FAM216A,,N/A,N/A,N/A,0,0,0,0,0,0.0,0.0,0.0,0.0,0.0,0.0,0.0
MCM3,,N/A,N/A,N/A,0,0,0,0,0,0.0,0.0,0.0,0.0,0.0,0.0,0.0
USP47,,N/A,N/A,N/A,0,0,0,0,0,0.0,0.0,0.0,0.0,0.0,0.0,0.0
RTN4IP1,,N/A,N/A,N/A,0,0,0,0,0,0.0,0.0,0.0,0.0,0.0,0.0,0.0
SAMD9,,N/A,N/A,N/A,0,0,0,0,0,0.0,0.0,0.0,0.0,0.0,0.0,0.0
SLC37A1,,N/A,N/A,N/A,0,0,0,0,0,0.0,0.0,0.0,0.0,0.0,0.0,0.0
ERMP1,,N/A,N/A,N/A,0,0,0,0,0,0.0,0.0,0.0,0.0,0.0,0.0,0.0
R3HDM2,,N/A,N/A,N/A,0,0,0,0,0,0.0,0.0,0.0,0.0,0.0,0.0,0.0
LENG9,,N/A,N/A,N/A,0,0,0,0,0,0.0,0.0,0.0,0.0,0.0,0.0,0.0
PLXNA2,,N/A,N/A,N/A,0,0,0,0,0,0.0,0.0,0.0,0.0,0.0,0.0,0.0
GNG5,,N/A,N/A,N/A,0,0,0,0,0,0.0,0.0,0.0,0.0,0.0,0.0,0.0
PDCD5,,N/A,N/A,N/A,0,0,0,0,0,0.0,0.0,0.0,0.0,0.0,0.0,0.0
PDK2,,N/A,N/A,N/A,0,0,0,0,0,0.0,0.0,0.0,0.0,0.0,0.0,0.0
METTL9,,N/A,N/A,N/A,0,0,0,0,0,0.0,0.0,0.0,0.0,0.0,0.0,0.0
ANKS3,,N/A,N/A,N/A,0,0,0,0,0,0.0,0.0,0.0,0.0,0.0,0.0,0.0
PMAIP1,,N/A,N/A,N/A,0,0,0,0,0,0.0,0.0,0.0,0.0,0.0,0.0,0.0
IFT122,,N/A,N/A,N/A,0,0,0,0,0,0.0,0.0,0.0,0.0,0.0,0.0,0.0
GRK5,,N/A,N/A,N/A,0,0,0,0,0,0.0,0.0,0.0,0.0,0.0,0.0,0.0
SIPA1L2,,N/A,N/A,N/A,0,0,0,0,0,0.0,0.0,0.0,0.0,0.0,0.0,0.0
BTF3,,N/A,N/A,N/A,0,0,0,0,0,0.0,0.0,0.0,0.0,0.0,0.0,0.0
CCDC142,,N/A,N/A,N/A,0,0,0,0,0,0.0,0.0,0.0,0.0,0.0,0.0,0.0
SMARCE1,,N/A,N/A,N/A,0,0,0,0,0,0.0,0.0,0.0,0.0,0.0,0.0,0.0
GAMT,,N/A,N/A,N/A,0,0,0,0,0,0.0,0.0,0.0,0.0,0.0,0.0,0.0
ZNF69,,N/A,N/A,N/A,0,0,0,0,0,0.0,0.0,0.0,0.0,0.0,0.0,0.0
RABGEF1,,N/A,N/A,N/A,0,0,0,0,0,0.0,0.0,0.0,0.0,0.0,0.0,0.0
ZNF438,,N/A,N/A,N/A,0,0,0,0,0,0.0,0.0,0.0,0.0,0.0,0.0,0.0
HSP90AA1,,N/A,N/A,N/A,0,0,0,0,0,0.0,0.0,0.0,0.0,0.0,0.0,0.0
CHD8,,N/A,N/A,N/A,0,0,0,0,0,0.0,0.0,0.0,0.0,0.0,0.0,0.0
TAF11,,N/A,N/A,N/A,0,0,0,0,0,0.0,0.0,0.0,0.0,0.0,0.0,0.0
RUFY1,,N/A,N/A,N/A,0,0,0,0,0,0.0,0.0,0.0,0.0,0.0,0.0,0.0
MYCBP2-AS1,,N/A,N/A,N/A,0,0,0,0,0,0.0,0.0,0.0,0.0,0.0,0.0,0.0
PPIL1,,N/A,N/A,N/A,0,0,0,0,0,0.0,0.0,0.0,0.0,0.0,0.0,0.0
KIFC2,,N/A,N/A,N/A,0,0,0,0,0,0.0,0.0,0.0,0.0,0.0,0.0,0.0
PDP2,,N/A,N/A,N/A,0,0,0,0,0,0.0,0.0,0.0,0.0,0.0,0.0,0.0
AP5B1,,N/A,N/A,N/A,0,0,0,0,0,0.0,0.0,0.0,0.0,0.0,0.0,0.0
SMG5,,N/A,N/A,N/A,0,0,0,0,0,0.0,0.0,0.0,0.0,0.0,0.0,0.0
NDFIP1,,N/A,N/A,N/A,0,0,0,0,0,0.0,0.0,0.0,0.0,0.0,0.0,0.0
RNF126,,N/A,N/A,N/A,0,0,0,0,0,0.0,0.0,0.0,0.0,0.0,0.0,0.0
PDE7B,,N/A,N/A,N/A,0,0,0,0,0,0.0,0.0,0.0,0.0,0.0,0.0,0.0
TRRAP,,N/A,N/A,N/A,0,0,0,0,0,0.0,0.0,0.0,0.0,0.0,0.0,0.0
ZMYND11,,N/A,N/A,N/A,0,0,0,0,0,0.0,0.0,0.0,0.0,0.0,0.0,0.0
USPL1,,N/A,N/A,N/A,0,0,0,0,0,0.0,0.0,0.0,0.0,0.0,0.0,0.0
DAPK2,,N/A,N/A,N/A,0,0,0,0,0,0.0,0.0,0.0,0.0,0.0,0.0,0.0
LANCL1,,N/A,N/A,N/A,0,0,0,0,0,0.0,0.0,0.0,0.0,0.0,0.0,0.0
MRPS10,,N/A,N/A,N/A,0,0,0,0,0,0.0,0.0,0.0,0.0,0.0,0.0,0.0
BRPF1,,N/A,N/A,N/A,0,0,0,0,0,0.0,0.0,0.0,0.0,0.0,0.0,0.0
IFT88,,N/A,N/A,N/A,0,0,0,0,0,0.0,0.0,0.0,0.0,0.0,0.0,0.0
SEZ6L2,,N/A,N/A,N/A,0,0,0,0,0,0.0,0.0,0.0,0.0,0.0,0.0,0.0
GLI4,,N/A,N/A,N/A,0,0,0,0,0,0.0,0.0,0.0,0.0,0.0,0.0,0.0
NDUFS2,,N/A,N/A,N/A,0,0,0,0,0,0.0,0.0,0.0,0.0,0.0,0.0,0.0
ZNF789,,N/A,N/A,N/A,0,0,0,0,0,0.0,0.0,0.0,0.0,0.0,0.0,0.0
TRIM22,,N/A,N/A,N/A,0,0,0,0,0,0.0,0.0,0.0,0.0,0.0,0.0,0.0
TBC1D14,,N/A,N/A,N/A,0,0,0,0,0,0.0,0.0,0.0,0.0,0.0,0.0,0.0
CNKSR3,,N/A,N/A,N/A,0,0,0,0,0,0.0,0.0,0.0,0.0,0.0,0.0,0.0
MTFMT,,N/A,N/A,N/A,0,0,0,0,0,0.0,0.0,0.0,0.0,0.0,0.0,0.0
STT3B,,N/A,N/A,N/A,0,0,0,0,0,0.0,0.0,0.0,0.0,0.0,0.0,0.0
RBP7,,N/A,N/A,N/A,0,0,0,0,0,0.0,0.0,0.0,0.0,0.0,0.0,0.0
ICAM3,,N/A,N/A,N/A,0,0,0,0,0,0.0,0.0,0.0,0.0,0.0,0.0,0.0
SGCE,,N/A,N/A,N/A,0,0,0,0,0,0.0,0.0,0.0,0.0,0.0,0.0,0.0
CRELD1,,N/A,N/A,N/A,0,0,0,0,0,0.0,0.0,0.0,0.0,0.0,0.0,0.0
ZNF486,,N/A,N/A,N/A,0,0,0,0,0,0.0,0.0,0.0,0.0,0.0,0.0,0.0
VTI1B,,N/A,N/A,N/A,0,0,0,0,0,0.0,0.0,0.0,0.0,0.0,0.0,0.0
SEC22C,,N/A,N/A,N/A,0,0,0,0,0,0.0,0.0,0.0,0.0,0.0,0.0,0.0
UBL4A,,N/A,N/A,N/A,0,0,0,0,0,0.0,0.0,0.0,0.0,0.0,0.0,0.0
NAV1,,N/A,N/A,N/A,0,0,0,0,0,0.0,0.0,0.0,0.0,0.0,0.0,0.0
ETNK1,,N/A,N/A,N/A,0,0,0,0,0,0.0,0.0,0.0,0.0,0.0,0.0,0.0
CAMTA2,,N/A,N/A,N/A,0,0,0,0,0,0.0,0.0,0.0,0.0,0.0,0.0,0.0
THUMPD1,,N/A,N/A,N/A,0,0,0,0,0,0.0,0.0,0.0,0.0,0.0,0.0,0.0
PGRMC2,,N/A,N/A,N/A,0,0,0,0,0,0.0,0.0,0.0,0.0,0.0,0.0,0.0
BUB1B,,N/A,N/A,N/A,0,0,0,0,0,0.0,0.0,0.0,0.0,0.0,0.0,0.0
NARS2,,N/A,N/A,N/A,0,0,0,0,0,0.0,0.0,0.0,0.0,0.0,0.0,0.0
RABEP1,,N/A,N/A,N/A,0,0,0,0,0,0.0,0.0,0.0,0.0,0.0,0.0,0.0
POMZP3,,N/A,N/A,N/A,0,0,0,0,0,0.0,0.0,0.0,0.0,0.0,0.0,0.0
KCTD2,,N/A,N/A,N/A,0,0,0,0,0,0.0,0.0,0.0,0.0,0.0,0.0,0.0
ALKBH7,,N/A,N/A,N/A,0,0,0,0,0,0.0,0.0,0.0,0.0,0.0,0.0,0.0
MYL6,,N/A,N/A,N/A,0,0,0,0,0,0.0,0.0,0.0,0.0,0.0,0.0,0.0
KLHL3,,N/A,N/A,N/A,0,0,0,0,0,0.0,0.0,0.0,0.0,0.0,0.0,0.0
GPR108,,N/A,N/A,N/A,0,0,0,0,0,0.0,0.0,0.0,0.0,0.0,0.0,0.0
TAX1BP1,,N/A,N/A,N/A,0,0,0,0,0,0.0,0.0,0.0,0.0,0.0,0.0,0.0
POMT1,,N/A,N/A,N/A,0,0,0,0,0,0.0,0.0,0.0,0.0,0.0,0.0,0.0
ASIP,,N/A,N/A,N/A,0,0,0,0,0,0.0,0.0,0.0,0.0,0.0,0.0,0.0
UQCRQ,,N/A,N/A,N/A,0,0,0,0,0,0.0,0.0,0.0,0.0,0.0,0.0,0.0
AP1M1,,N/A,N/A,N/A,0,0,0,0,0,0.0,0.0,0.0,0.0,0.0,0.0,0.0
VPS33A,,N/A,N/A,N/A,0,0,0,0,0,0.0,0.0,0.0,0.0,0.0,0.0,0.0
WBP2NL,,N/A,N/A,N/A,0,0,0,0,0,0.0,0.0,0.0,0.0,0.0,0.0,0.0
EIF4G1,,N/A,N/A,N/A,0,0,0,0,0,0.0,0.0,0.0,0.0,0.0,0.0,0.0
CD151,,N/A,N/A,N/A,0,0,0,0,0,0.0,0.0,0.0,0.0,0.0,0.0,0.0
PHF10,,N/A,N/A,N/A,0,0,0,0,0,0.0,0.0,0.0,0.0,0.0,0.0,0.0
NDUFA9,,N/A,N/A,N/A,0,0,0,0,0,0.0,0.0,0.0,0.0,0.0,0.0,0.0
MYO5A,,N/A,N/A,N/A,0,0,0,0,0,0.0,0.0,0.0,0.0,0.0,0.0,0.0
KRT1,,N/A,N/A,N/A,0,0,0,0,0,0.0,0.0,0.0,0.0,0.0,0.0,0.0
SEC31B,,N/A,N/A,N/A,0,0,0,0,0,0.0,0.0,0.0,0.0,0.0,0.0,0.0
ASTE1,,N/A,N/A,N/A,0,0,0,0,0,0.0,0.0,0.0,0.0,0.0,0.0,0.0
CBLB,,N/A,N/A,N/A,0,0,0,0,0,0.0,0.0,0.0,0.0,0.0,0.0,0.0
RCBTB2,,N/A,N/A,N/A,0,0,0,0,0,0.0,0.0,0.0,0.0,0.0,0.0,0.0
GOT2,,N/A,N/A,N/A,0,0,0,0,0,0.0,0.0,0.0,0.0,0.0,0.0,0.0
PGM5,,N/A,N/A,N/A,0,0,0,0,0,0.0,0.0,0.0,0.0,0.0,0.0,0.0
KCTD1,,N/A,N/A,N/A,0,0,0,0,0,0.0,0.0,0.0,0.0,0.0,0.0,0.0
TTC8,,N/A,N/A,N/A,0,0,0,0,0,0.0,0.0,0.0,0.0,0.0,0.0,0.0
KCTD21-AS1,,N/A,N/A,N/A,0,0,0,0,0,0.0,0.0,0.0,0.0,0.0,0.0,0.0
TNFAIP8L1,,N/A,N/A,N/A,0,0,0,0,0,0.0,0.0,0.0,0.0,0.0,0.0,0.0
YARS2,,N/A,N/A,N/A,0,0,0,0,0,0.0,0.0,0.0,0.0,0.0,0.0,0.0
DLGAP1-AS2,,N/A,N/A,N/A,0,0,0,0,0,0.0,0.0,0.0,0.0,0.0,0.0,0.0
NOC4L,,N/A,N/A,N/A,0,0,0,0,0,0.0,0.0,0.0,0.0,0.0,0.0,0.0
POLR2L,,N/A,N/A,N/A,0,0,0,0,0,0.0,0.0,0.0,0.0,0.0,0.0,0.0
LYPLAL1,,N/A,N/A,N/A,0,0,0,0,0,0.0,0.0,0.0,0.0,0.0,0.0,0.0
METTL6,,N/A,N/A,N/A,0,0,0,0,0,0.0,0.0,0.0,0.0,0.0,0.0,0.0
N4BP1,,N/A,N/A,N/A,0,0,0,0,0,0.0,0.0,0.0,0.0,0.0,0.0,0.0
ZCWPW2,,N/A,N/A,N/A,0,0,0,0,0,0.0,0.0,0.0,0.0,0.0,0.0,0.0
GTF2A1,,N/A,N/A,N/A,0,0,0,0,0,0.0,0.0,0.0,0.0,0.0,0.0,0.0
SLC35E4,,N/A,N/A,N/A,0,0,0,0,0,0.0,0.0,0.0,0.0,0.0,0.0,0.0
BCL2L14,,N/A,N/A,N/A,0,0,0,0,0,0.0,0.0,0.0,0.0,0.0,0.0,0.0
HMGB2,,N/A,N/A,N/A,0,0,0,0,0,0.0,0.0,0.0,0.0,0.0,0.0,0.0
DNHD1,,N/A,N/A,N/A,0,0,0,0,0,0.0,0.0,0.0,0.0,0.0,0.0,0.0
TMEM237,,N/A,N/A,N/A,0,0,0,0,0,0.0,0.0,0.0,0.0,0.0,0.0,0.0
NUBP2,,N/A,N/A,N/A,0,0,0,0,0,0.0,0.0,0.0,0.0,0.0,0.0,0.0
COLGALT1,,N/A,N/A,N/A,0,0,0,0,0,0.0,0.0,0.0,0.0,0.0,0.0,0.0
NSMCE4A,,N/A,N/A,N/A,0,0,0,0,0,0.0,0.0,0.0,0.0,0.0,0.0,0.0
AGAP9,,N/A,N/A,N/A,0,0,0,0,0,0.0,0.0,0.0,0.0,0.0,0.0,0.0
CAMK1D,,N/A,N/A,N/A,0,0,0,0,0,0.0,0.0,0.0,0.0,0.0,0.0,0.0
FNTB,,N/A,N/A,N/A,0,0,0,0,0,0.0,0.0,0.0,0.0,0.0,0.0,0.0
WDR59,,N/A,N/A,N/A,0,0,0,0,0,0.0,0.0,0.0,0.0,0.0,0.0,0.0
RNPS1,,N/A,N/A,N/A,0,0,0,0,0,0.0,0.0,0.0,0.0,0.0,0.0,0.0
B4GALT5,,N/A,N/A,N/A,0,0,0,0,0,0.0,0.0,0.0,0.0,0.0,0.0,0.0
PSMC6,,N/A,N/A,N/A,0,0,0,0,0,0.0,0.0,0.0,0.0,0.0,0.0,0.0
TAF1D,,N/A,N/A,N/A,0,0,0,0,0,0.0,0.0,0.0,0.0,0.0,0.0,0.0
MAP3K7CL,,N/A,N/A,N/A,0,0,0,0,0,0.0,0.0,0.0,0.0,0.0,0.0,0.0
CELF1,,N/A,N/A,N/A,0,0,0,0,0,0.0,0.0,0.0,0.0,0.0,0.0,0.0
RPL29,,N/A,N/A,N/A,0,0,0,0,0,0.0,0.0,0.0,0.0,0.0,0.0,0.0
SNAP23,,N/A,N/A,N/A,0,0,0,0,0,0.0,0.0,0.0,0.0,0.0,0.0,0.0
DYNLL1,,N/A,N/A,N/A,0,0,0,0,0,0.0,0.0,0.0,0.0,0.0,0.0,0.0
NCEH1,,N/A,N/A,N/A,0,0,0,0,0,0.0,0.0,0.0,0.0,0.0,0.0,0.0
SNRNP25,,N/A,N/A,N/A,0,0,0,0,0,0.0,0.0,0.0,0.0,0.0,0.0,0.0
CIRBP,,N/A,N/A,N/A,0,0,0,0,0,0.0,0.0,0.0,0.0,0.0,0.0,0.0
ABCB10,,N/A,N/A,N/A,0,0,0,0,0,0.0,0.0,0.0,0.0,0.0,0.0,0.0
IL13RA1,,N/A,N/A,N/A,0,0,0,0,0,0.0,0.0,0.0,0.0,0.0,0.0,0.0
UGP2,,N/A,N/A,N/A,0,0,0,0,0,0.0,0.0,0.0,0.0,0.0,0.0,0.0
DDX18,,N/A,N/A,N/A,0,0,0,0,0,0.0,0.0,0.0,0.0,0.0,0.0,0.0
ZNF697,,N/A,N/A,N/A,0,0,0,0,0,0.0,0.0,0.0,0.0,0.0,0.0,0.0
PRKD2,,N/A,N/A,N/A,0,0,0,0,0,0.0,0.0,0.0,0.0,0.0,0.0,0.0
SLC39A3,,N/A,N/A,N/A,0,0,0,0,0,0.0,0.0,0.0,0.0,0.0,0.0,0.0
ZNF358,,N/A,N/A,N/A,0,0,0,0,0,0.0,0.0,0.0,0.0,0.0,0.0,0.0
EFHD1,,N/A,N/A,N/A,0,0,0,0,0,0.0,0.0,0.0,0.0,0.0,0.0,0.0
C3orf14,,N/A,N/A,N/A,0,0,0,0,0,0.0,0.0,0.0,0.0,0.0,0.0,0.0
AP3B1,,N/A,N/A,N/A,0,0,0,0,0,0.0,0.0,0.0,0.0,0.0,0.0,0.0
PRKD3,,N/A,N/A,N/A,0,0,0,0,0,0.0,0.0,0.0,0.0,0.0,0.0,0.0
CCL28,,N/A,N/A,N/A,0,0,0,0,0,0.0,0.0,0.0,0.0,0.0,0.0,0.0
RTN4RL2,,N/A,N/A,N/A,0,0,0,0,0,0.0,0.0,0.0,0.0,0.0,0.0,0.0
ZW10,,N/A,N/A,N/A,0,0,0,0,0,0.0,0.0,0.0,0.0,0.0,0.0,0.0
GPR137B,,N/A,N/A,N/A,0,0,0,0,0,0.0,0.0,0.0,0.0,0.0,0.0,0.0
CBR3,,N/A,N/A,N/A,0,0,0,0,0,0.0,0.0,0.0,0.0,0.0,0.0,0.0
ZNF146,,N/A,N/A,N/A,0,0,0,0,0,0.0,0.0,0.0,0.0,0.0,0.0,0.0
SLC4A2,,N/A,N/A,N/A,0,0,0,0,0,0.0,0.0,0.0,0.0,0.0,0.0,0.0
CBX1,,N/A,N/A,N/A,0,0,0,0,0,0.0,0.0,0.0,0.0,0.0,0.0,0.0
PINLYP,,N/A,N/A,N/A,0,0,0,0,0,0.0,0.0,0.0,0.0,0.0,0.0,0.0
GPT2,,N/A,N/A,N/A,0,0,0,0,0,0.0,0.0,0.0,0.0,0.0,0.0,0.0
DDI2,,N/A,N/A,N/A,0,0,0,0,0,0.0,0.0,0.0,0.0,0.0,0.0,0.0
SSBP2,,N/A,N/A,N/A,0,0,0,0,0,0.0,0.0,0.0,0.0,0.0,0.0,0.0
SMG7,,N/A,N/A,N/A,0,0,0,0,0,0.0,0.0,0.0,0.0,0.0,0.0,0.0
BBS12,,N/A,N/A,N/A,0,0,0,0,0,0.0,0.0,0.0,0.0,0.0,0.0,0.0
NAA15,,N/A,N/A,N/A,0,0,0,0,0,0.0,0.0,0.0,0.0,0.0,0.0,0.0
TBC1D2,,N/A,N/A,N/A,0,0,0,0,0,0.0,0.0,0.0,0.0,0.0,0.0,0.0
ZNF263,,N/A,N/A,N/A,0,0,0,0,0,0.0,0.0,0.0,0.0,0.0,0.0,0.0
VARS2,,N/A,N/A,N/A,0,0,0,0,0,0.0,0.0,0.0,0.0,0.0,0.0,0.0
TMEM216,,N/A,N/A,N/A,0,0,0,0,0,0.0,0.0,0.0,0.0,0.0,0.0,0.0
MBTPS1,,N/A,N/A,N/A,0,0,0,0,0,0.0,0.0,0.0,0.0,0.0,0.0,0.0
HSPA1B,,N/A,N/A,N/A,0,0,0,0,0,0.0,0.0,0.0,0.0,0.0,0.0,0.0
GPAM,,N/A,N/A,N/A,0,0,0,0,0,0.0,0.0,0.0,0.0,0.0,0.0,0.0
SIDT2,,N/A,N/A,N/A,0,0,0,0,0,0.0,0.0,0.0,0.0,0.0,0.0,0.0
PMM1,,N/A,N/A,N/A,0,0,0,0,0,0.0,0.0,0.0,0.0,0.0,0.0,0.0
CCNE2,,N/A,N/A,N/A,0,0,0,0,0,0.0,0.0,0.0,0.0,0.0,0.0,0.0
FAM91A1,,N/A,N/A,N/A,0,0,0,0,0,0.0,0.0,0.0,0.0,0.0,0.0,0.0
SYAP1,,N/A,N/A,N/A,0,0,0,0,0,0.0,0.0,0.0,0.0,0.0,0.0,0.0
THOC6,,N/A,N/A,N/A,0,0,0,0,0,0.0,0.0,0.0,0.0,0.0,0.0,0.0
ELF1,,N/A,N/A,N/A,0,0,0,0,0,0.0,0.0,0.0,0.0,0.0,0.0,0.0
CDK19,,N/A,N/A,N/A,0,0,0,0,0,0.0,0.0,0.0,0.0,0.0,0.0,0.0
GPALPP1,,N/A,N/A,N/A,0,0,0,0,0,0.0,0.0,0.0,0.0,0.0,0.0,0.0
CBX6,,N/A,N/A,N/A,0,0,0,0,0,0.0,0.0,0.0,0.0,0.0,0.0,0.0
APBB1,,N/A,N/A,N/A,0,0,0,0,0,0.0,0.0,0.0,0.0,0.0,0.0,0.0
DNAH7,,N/A,N/A,N/A,0,0,0,0,0,0.0,0.0,0.0,0.0,0.0,0.0,0.0
TMEM50B,,N/A,N/A,N/A,0,0,0,0,0,0.0,0.0,0.0,0.0,0.0,0.0,0.0
NEK8,,N/A,N/A,N/A,0,0,0,0,0,0.0,0.0,0.0,0.0,0.0,0.0,0.0
LONRF3,,N/A,N/A,N/A,0,0,0,0,0,0.0,0.0,0.0,0.0,0.0,0.0,0.0
SFXN4,,N/A,N/A,N/A,0,0,0,0,0,0.0,0.0,0.0,0.0,0.0,0.0,0.0
MYO1F,,N/A,N/A,N/A,0,0,0,0,0,0.0,0.0,0.0,0.0,0.0,0.0,0.0
TSPAN9,,N/A,N/A,N/A,0,0,0,0,0,0.0,0.0,0.0,0.0,0.0,0.0,0.0
TXNL4B,,N/A,N/A,N/A,0,0,0,0,0,0.0,0.0,0.0,0.0,0.0,0.0,0.0
PPP2R1A,,N/A,N/A,N/A,0,0,0,0,0,0.0,0.0,0.0,0.0,0.0,0.0,0.0
SRRD,,N/A,N/A,N/A,0,0,0,0,0,0.0,0.0,0.0,0.0,0.0,0.0,0.0
SNX8,,N/A,N/A,N/A,0,0,0,0,0,0.0,0.0,0.0,0.0,0.0,0.0,0.0
MCEE,,N/A,N/A,N/A,0,0,0,0,0,0.0,0.0,0.0,0.0,0.0,0.0,0.0
GGPS1,,N/A,N/A,N/A,0,0,0,0,0,0.0,0.0,0.0,0.0,0.0,0.0,0.0
MOB2,,N/A,N/A,N/A,0,0,0,0,0,0.0,0.0,0.0,0.0,0.0,0.0,0.0
TIGD1,,N/A,N/A,N/A,0,0,0,0,0,0.0,0.0,0.0,0.0,0.0,0.0,0.0
MOB3C,,N/A,N/A,N/A,0,0,0,0,0,0.0,0.0,0.0,0.0,0.0,0.0,0.0
COX17,,N/A,N/A,N/A,0,0,0,0,0,0.0,0.0,0.0,0.0,0.0,0.0,0.0
BEND3,,N/A,N/A,N/A,0,0,0,0,0,0.0,0.0,0.0,0.0,0.0,0.0,0.0
ACVR2A,,N/A,N/A,N/A,0,0,0,0,0,0.0,0.0,0.0,0.0,0.0,0.0,0.0
PPP1R10,,N/A,N/A,N/A,0,0,0,0,0,0.0,0.0,0.0,0.0,0.0,0.0,0.0
CNFN,,N/A,N/A,N/A,0,0,0,0,0,0.0,0.0,0.0,0.0,0.0,0.0,0.0
BTN3A1,,N/A,N/A,N/A,0,0,0,0,0,0.0,0.0,0.0,0.0,0.0,0.0,0.0
IFT74,,N/A,N/A,N/A,0,0,0,0,0,0.0,0.0,0.0,0.0,0.0,0.0,0.0
LRRC27,,N/A,N/A,N/A,0,0,0,0,0,0.0,0.0,0.0,0.0,0.0,0.0,0.0
PALLD,,N/A,N/A,N/A,0,0,0,0,0,0.0,0.0,0.0,0.0,0.0,0.0,0.0
TFB2M,,N/A,N/A,N/A,0,0,0,0,0,0.0,0.0,0.0,0.0,0.0,0.0,0.0
SPCS3,,N/A,N/A,N/A,0,0,0,0,0,0.0,0.0,0.0,0.0,0.0,0.0,0.0
NUDT1,,N/A,N/A,N/A,0,0,0,0,0,0.0,0.0,0.0,0.0,0.0,0.0,0.0
SNED1,,N/A,N/A,N/A,0,0,0,0,0,0.0,0.0,0.0,0.0,0.0,0.0,0.0
B3GAT3,,N/A,N/A,N/A,0,0,0,0,0,0.0,0.0,0.0,0.0,0.0,0.0,0.0
OS9,,N/A,N/A,N/A,0,0,0,0,0,0.0,0.0,0.0,0.0,0.0,0.0,0.0
FBXL13,,N/A,N/A,N/A,0,0,0,0,0,0.0,0.0,0.0,0.0,0.0,0.0,0.0
ZNF625,,N/A,N/A,N/A,0,0,0,0,0,0.0,0.0,0.0,0.0,0.0,0.0,0.0
BRD7,,N/A,N/A,N/A,0,0,0,0,0,0.0,0.0,0.0,0.0,0.0,0.0,0.0
VASH1,,N/A,N/A,N/A,0,0,0,0,0,0.0,0.0,0.0,0.0,0.0,0.0,0.0
ATRN,,N/A,N/A,N/A,0,0,0,0,0,0.0,0.0,0.0,0.0,0.0,0.0,0.0
SPRY2,,N/A,N/A,N/A,0,0,0,0,0,0.0,0.0,0.0,0.0,0.0,0.0,0.0
MYBL2,,N/A,N/A,N/A,0,0,0,0,0,0.0,0.0,0.0,0.0,0.0,0.0,0.0
EFNB1,,N/A,N/A,N/A,0,0,0,0,0,0.0,0.0,0.0,0.0,0.0,0.0,0.0
CDKN2AIP,,N/A,N/A,N/A,0,0,0,0,0,0.0,0.0,0.0,0.0,0.0,0.0,0.0
SLC16A6,,N/A,N/A,N/A,0,0,0,0,0,0.0,0.0,0.0,0.0,0.0,0.0,0.0
TSC22D4,,N/A,N/A,N/A,0,0,0,0,0,0.0,0.0,0.0,0.0,0.0,0.0,0.0
MAGI3,,N/A,N/A,N/A,0,0,0,0,0,0.0,0.0,0.0,0.0,0.0,0.0,0.0
JAG1,,N/A,N/A,N/A,0,0,0,0,0,0.0,0.0,0.0,0.0,0.0,0.0,0.0
PIP5K1A,,N/A,N/A,N/A,0,0,0,0,0,0.0,0.0,0.0,0.0,0.0,0.0,0.0
GOSR1,,N/A,N/A,N/A,0,0,0,0,0,0.0,0.0,0.0,0.0,0.0,0.0,0.0
CEP89,,N/A,N/A,N/A,0,0,0,0,0,0.0,0.0,0.0,0.0,0.0,0.0,0.0
TBC1D1,,N/A,N/A,N/A,0,0,0,0,0,0.0,0.0,0.0,0.0,0.0,0.0,0.0
AP1M2,,N/A,N/A,N/A,0,0,0,0,0,0.0,0.0,0.0,0.0,0.0,0.0,0.0
RABL6,,N/A,N/A,N/A,0,0,0,0,0,0.0,0.0,0.0,0.0,0.0,0.0,0.0
TUT1,,N/A,N/A,N/A,0,0,0,0,0,0.0,0.0,0.0,0.0,0.0,0.0,0.0
SFT2D3,,N/A,N/A,N/A,0,0,0,0,0,0.0,0.0,0.0,0.0,0.0,0.0,0.0
TBPL1,,N/A,N/A,N/A,0,0,0,0,0,0.0,0.0,0.0,0.0,0.0,0.0,0.0
TRAPPC10,,N/A,N/A,N/A,0,0,0,0,0,0.0,0.0,0.0,0.0,0.0,0.0,0.0
PIGP,,N/A,N/A,N/A,0,0,0,0,0,0.0,0.0,0.0,0.0,0.0,0.0,0.0
RAB14,,N/A,N/A,N/A,0,0,0,0,0,0.0,0.0,0.0,0.0,0.0,0.0,0.0
RXRB,,N/A,N/A,N/A,0,0,0,0,0,0.0,0.0,0.0,0.0,0.0,0.0,0.0
CLN8,,N/A,N/A,N/A,0,0,0,0,0,0.0,0.0,0.0,0.0,0.0,0.0,0.0
TPRKB,,N/A,N/A,N/A,0,0,0,0,0,0.0,0.0,0.0,0.0,0.0,0.0,0.0
PRPF8,,N/A,N/A,N/A,0,0,0,0,0,0.0,0.0,0.0,0.0,0.0,0.0,0.0
FNBP1,,N/A,N/A,N/A,0,0,0,0,0,0.0,0.0,0.0,0.0,0.0,0.0,0.0
SEC24A,,N/A,N/A,N/A,0,0,0,0,0,0.0,0.0,0.0,0.0,0.0,0.0,0.0
RNF135,,N/A,N/A,N/A,0,0,0,0,0,0.0,0.0,0.0,0.0,0.0,0.0,0.0
IQGAP1,,N/A,N/A,N/A,0,0,0,0,0,0.0,0.0,0.0,0.0,0.0,0.0,0.0
SLC25A3,,N/A,N/A,N/A,0,0,0,0,0,0.0,0.0,0.0,0.0,0.0,0.0,0.0
FLOT2,,N/A,N/A,N/A,0,0,0,0,0,0.0,0.0,0.0,0.0,0.0,0.0,0.0
ERLIN1,,N/A,N/A,N/A,0,0,0,0,0,0.0,0.0,0.0,0.0,0.0,0.0,0.0
SRSF10,,N/A,N/A,N/A,0,0,0,0,0,0.0,0.0,0.0,0.0,0.0,0.0,0.0
LITAF,,N/A,N/A,N/A,0,0,0,0,0,0.0,0.0,0.0,0.0,0.0,0.0,0.0
EIF4G3,,N/A,N/A,N/A,0,0,0,0,0,0.0,0.0,0.0,0.0,0.0,0.0,0.0
CYB5B,,N/A,N/A,N/A,0,0,0,0,0,0.0,0.0,0.0,0.0,0.0,0.0,0.0
CEP350,,N/A,N/A,N/A,0,0,0,0,0,0.0,0.0,0.0,0.0,0.0,0.0,0.0
ZNF668,,N/A,N/A,N/A,0,0,0,0,0,0.0,0.0,0.0,0.0,0.0,0.0,0.0
MTMR14,,N/A,N/A,N/A,0,0,0,0,0,0.0,0.0,0.0,0.0,0.0,0.0,0.0
TUBG1,,N/A,N/A,N/A,0,0,0,0,0,0.0,0.0,0.0,0.0,0.0,0.0,0.0
MAP1B,,N/A,N/A,N/A,0,0,0,0,0,0.0,0.0,0.0,0.0,0.0,0.0,0.0
CD164,,N/A,N/A,N/A,0,0,0,0,0,0.0,0.0,0.0,0.0,0.0,0.0,0.0
CUL9,,N/A,N/A,N/A,0,0,0,0,0,0.0,0.0,0.0,0.0,0.0,0.0,0.0
PLSCR1,,N/A,N/A,N/A,0,0,0,0,0,0.0,0.0,0.0,0.0,0.0,0.0,0.0
ZNF264,,N/A,N/A,N/A,0,0,0,0,0,0.0,0.0,0.0,0.0,0.0,0.0,0.0
ATP1A1,,N/A,N/A,N/A,0,0,0,0,0,0.0,0.0,0.0,0.0,0.0,0.0,0.0
ZNF121,,N/A,N/A,N/A,0,0,0,0,0,0.0,0.0,0.0,0.0,0.0,0.0,0.0
KDM5D,,N/A,N/A,N/A,0,0,0,0,0,0.0,0.0,0.0,0.0,0.0,0.0,0.0
WDR5,,N/A,N/A,N/A,0,0,0,0,0,0.0,0.0,0.0,0.0,0.0,0.0,0.0
EIF3B,,N/A,N/A,N/A,0,0,0,0,0,0.0,0.0,0.0,0.0,0.0,0.0,0.0
PRKG1,,N/A,N/A,N/A,0,0,0,0,0,0.0,0.0,0.0,0.0,0.0,0.0,0.0
SPIN2A,,N/A,N/A,N/A,0,0,0,0,0,0.0,0.0,0.0,0.0,0.0,0.0,0.0
BCKDK,,N/A,N/A,N/A,0,0,0,0,0,0.0,0.0,0.0,0.0,0.0,0.0,0.0
ZNF888,,N/A,N/A,N/A,0,0,0,0,0,0.0,0.0,0.0,0.0,0.0,0.0,0.0
UBR2,,N/A,N/A,N/A,0,0,0,0,0,0.0,0.0,0.0,0.0,0.0,0.0,0.0
ANXA6,,N/A,N/A,N/A,0,0,0,0,0,0.0,0.0,0.0,0.0,0.0,0.0,0.0
ARL5B,,N/A,N/A,N/A,0,0,0,0,0,0.0,0.0,0.0,0.0,0.0,0.0,0.0
STX1A,,N/A,N/A,N/A,0,0,0,0,0,0.0,0.0,0.0,0.0,0.0,0.0,0.0
VAV3,,N/A,N/A,N/A,0,0,0,0,0,0.0,0.0,0.0,0.0,0.0,0.0,0.0
CCHCR1,,N/A,N/A,N/A,0,0,0,0,0,0.0,0.0,0.0,0.0,0.0,0.0,0.0
SNX19,,N/A,N/A,N/A,0,0,0,0,0,0.0,0.0,0.0,0.0,0.0,0.0,0.0
RC3H2,,N/A,N/A,N/A,0,0,0,0,0,0.0,0.0,0.0,0.0,0.0,0.0,0.0
RPUSD1,,N/A,N/A,N/A,0,0,0,0,0,0.0,0.0,0.0,0.0,0.0,0.0,0.0
CRMP1,,N/A,N/A,N/A,0,0,0,0,0,0.0,0.0,0.0,0.0,0.0,0.0,0.0
EFNA3,,N/A,N/A,N/A,0,0,0,0,0,0.0,0.0,0.0,0.0,0.0,0.0,0.0
NPIPB5,,N/A,N/A,N/A,0,0,0,0,0,0.0,0.0,0.0,0.0,0.0,0.0,0.0
SLC38A2,,N/A,N/A,N/A,0,0,0,0,0,0.0,0.0,0.0,0.0,0.0,0.0,0.0
NAP1L4,,N/A,N/A,N/A,0,0,0,0,0,0.0,0.0,0.0,0.0,0.0,0.0,0.0
TNFAIP8,,N/A,N/A,N/A,0,0,0,0,0,0.0,0.0,0.0,0.0,0.0,0.0,0.0
ATAD2,,N/A,N/A,N/A,0,0,0,0,0,0.0,0.0,0.0,0.0,0.0,0.0,0.0
SOAT1,,N/A,N/A,N/A,0,0,0,0,0,0.0,0.0,0.0,0.0,0.0,0.0,0.0
NABP1,,N/A,N/A,N/A,0,0,0,0,0,0.0,0.0,0.0,0.0,0.0,0.0,0.0
FOXP1,,N/A,N/A,N/A,0,0,0,0,0,0.0,0.0,0.0,0.0,0.0,0.0,0.0
RPS15,,N/A,N/A,N/A,0,0,0,0,0,0.0,0.0,0.0,0.0,0.0,0.0,0.0
TRIM2,,N/A,N/A,N/A,0,0,0,0,0,0.0,0.0,0.0,0.0,0.0,0.0,0.0
DENND1A,,N/A,N/A,N/A,0,0,0,0,0,0.0,0.0,0.0,0.0,0.0,0.0,0.0
ZC3H7B,,N/A,N/A,N/A,0,0,0,0,0,0.0,0.0,0.0,0.0,0.0,0.0,0.0
EIF2S2,,N/A,N/A,N/A,0,0,0,0,0,0.0,0.0,0.0,0.0,0.0,0.0,0.0
USP4,,N/A,N/A,N/A,0,0,0,0,0,0.0,0.0,0.0,0.0,0.0,0.0,0.0
ERGIC2,,N/A,N/A,N/A,0,0,0,0,0,0.0,0.0,0.0,0.0,0.0,0.0,0.0
UBXN11,,N/A,N/A,N/A,0,0,0,0,0,0.0,0.0,0.0,0.0,0.0,0.0,0.0
ZBTB25,,N/A,N/A,N/A,0,0,0,0,0,0.0,0.0,0.0,0.0,0.0,0.0,0.0
FAM200B,,N/A,N/A,N/A,0,0,0,0,0,0.0,0.0,0.0,0.0,0.0,0.0,0.0
MDFIC,,N/A,N/A,N/A,0,0,0,0,0,0.0,0.0,0.0,0.0,0.0,0.0,0.0
DAXX,,N/A,N/A,N/A,0,0,0,0,0,0.0,0.0,0.0,0.0,0.0,0.0,0.0
ZBTB43,,N/A,N/A,N/A,0,0,0,0,0,0.0,0.0,0.0,0.0,0.0,0.0,0.0
SNX24,,N/A,N/A,N/A,0,0,0,0,0,0.0,0.0,0.0,0.0,0.0,0.0,0.0
TRUB2,,N/A,N/A,N/A,0,0,0,0,0,0.0,0.0,0.0,0.0,0.0,0.0,0.0
SMIM19,,N/A,N/A,N/A,0,0,0,0,0,0.0,0.0,0.0,0.0,0.0,0.0,0.0
TMEM87A,,N/A,N/A,N/A,0,0,0,0,0,0.0,0.0,0.0,0.0,0.0,0.0,0.0
CCDC14,,N/A,N/A,N/A,0,0,0,0,0,0.0,0.0,0.0,0.0,0.0,0.0,0.0
PDCD6IP,,N/A,N/A,N/A,0,0,0,0,0,0.0,0.0,0.0,0.0,0.0,0.0,0.0
SUPT6H,,N/A,N/A,N/A,0,0,0,0,0,0.0,0.0,0.0,0.0,0.0,0.0,0.0
PELI2,,N/A,N/A,N/A,0,0,0,0,0,0.0,0.0,0.0,0.0,0.0,0.0,0.0
NBPF1,,N/A,N/A,N/A,0,0,0,0,0,0.0,0.0,0.0,0.0,0.0,0.0,0.0
CENPA,,N/A,N/A,N/A,0,0,0,0,0,0.0,0.0,0.0,0.0,0.0,0.0,0.0
NR6A1,,N/A,N/A,N/A,0,0,0,0,0,0.0,0.0,0.0,0.0,0.0,0.0,0.0
RPLP1,,N/A,N/A,N/A,0,0,0,0,0,0.0,0.0,0.0,0.0,0.0,0.0,0.0
C21orf58,,N/A,N/A,N/A,0,0,0,0,0,0.0,0.0,0.0,0.0,0.0,0.0,0.0
TTC28,,N/A,N/A,N/A,0,0,0,0,0,0.0,0.0,0.0,0.0,0.0,0.0,0.0
LDOC1,,N/A,N/A,N/A,0,0,0,0,0,0.0,0.0,0.0,0.0,0.0,0.0,0.0
ZNF280D,,N/A,N/A,N/A,0,0,0,0,0,0.0,0.0,0.0,0.0,0.0,0.0,0.0
MCF2L2,,N/A,N/A,N/A,0,0,0,0,0,0.0,0.0,0.0,0.0,0.0,0.0,0.0
ZNF558,,N/A,N/A,N/A,0,0,0,0,0,0.0,0.0,0.0,0.0,0.0,0.0,0.0
FLRT2,,N/A,N/A,N/A,0,0,0,0,0,0.0,0.0,0.0,0.0,0.0,0.0,0.0
IFI44L,,N/A,N/A,N/A,0,0,0,0,0,0.0,0.0,0.0,0.0,0.0,0.0,0.0
RSBN1L,,N/A,N/A,N/A,0,0,0,0,0,0.0,0.0,0.0,0.0,0.0,0.0,0.0
WDR77,,N/A,N/A,N/A,0,0,0,0,0,0.0,0.0,0.0,0.0,0.0,0.0,0.0
LIMK2,,N/A,N/A,N/A,0,0,0,0,0,0.0,0.0,0.0,0.0,0.0,0.0,0.0
ZNF197,,N/A,N/A,N/A,0,0,0,0,0,0.0,0.0,0.0,0.0,0.0,0.0,0.0
GSTO1,,N/A,N/A,N/A,0,0,0,0,0,0.0,0.0,0.0,0.0,0.0,0.0,0.0
TRIP4,,N/A,N/A,N/A,0,0,0,0,0,0.0,0.0,0.0,0.0,0.0,0.0,0.0
LINC00240,,N/A,N/A,N/A,0,0,0,0,0,0.0,0.0,0.0,0.0,0.0,0.0,0.0
SH3BP5,,N/A,N/A,N/A,0,0,0,0,0,0.0,0.0,0.0,0.0,0.0,0.0,0.0
ANGEL2,,N/A,N/A,N/A,0,0,0,0,0,0.0,0.0,0.0,0.0,0.0,0.0,0.0
TIFA,,N/A,N/A,N/A,0,0,0,0,0,0.0,0.0,0.0,0.0,0.0,0.0,0.0
PELP1,,N/A,N/A,N/A,0,0,0,0,0,0.0,0.0,0.0,0.0,0.0,0.0,0.0
ABHD4,,N/A,N/A,N/A,0,0,0,0,0,0.0,0.0,0.0,0.0,0.0,0.0,0.0
OGDH,,N/A,N/A,N/A,0,0,0,0,0,0.0,0.0,0.0,0.0,0.0,0.0,0.0
SURF2,,N/A,N/A,N/A,0,0,0,0,0,0.0,0.0,0.0,0.0,0.0,0.0,0.0
ANXA7,,N/A,N/A,N/A,0,0,0,0,0,0.0,0.0,0.0,0.0,0.0,0.0,0.0
SUPT3H,,N/A,N/A,N/A,0,0,0,0,0,0.0,0.0,0.0,0.0,0.0,0.0,0.0
MRPL53,,N/A,N/A,N/A,0,0,0,0,0,0.0,0.0,0.0,0.0,0.0,0.0,0.0
SFI1,,N/A,N/A,N/A,0,0,0,0,0,0.0,0.0,0.0,0.0,0.0,0.0,0.0
EIF1AD,,N/A,N/A,N/A,0,0,0,0,0,0.0,0.0,0.0,0.0,0.0,0.0,0.0
TTC14,,N/A,N/A,N/A,0,0,0,0,0,0.0,0.0,0.0,0.0,0.0,0.0,0.0
POLA1,,N/A,N/A,N/A,0,0,0,0,0,0.0,0.0,0.0,0.0,0.0,0.0,0.0
KLC4,,N/A,N/A,N/A,0,0,0,0,0,0.0,0.0,0.0,0.0,0.0,0.0,0.0
ZNF284,,N/A,N/A,N/A,0,0,0,0,0,0.0,0.0,0.0,0.0,0.0,0.0,0.0
TNFRSF21,,N/A,N/A,N/A,0,0,0,0,0,0.0,0.0,0.0,0.0,0.0,0.0,0.0
KLHL11,,N/A,N/A,N/A,0,0,0,0,0,0.0,0.0,0.0,0.0,0.0,0.0,0.0
SNHG15,,N/A,N/A,N/A,0,0,0,0,0,0.0,0.0,0.0,0.0,0.0,0.0,0.0
BBC3,,N/A,N/A,N/A,0,0,0,0,0,0.0,0.0,0.0,0.0,0.0,0.0,0.0
DSCC1,,N/A,N/A,N/A,0,0,0,0,0,0.0,0.0,0.0,0.0,0.0,0.0,0.0
AUNIP,,N/A,N/A,N/A,0,0,0,0,0,0.0,0.0,0.0,0.0,0.0,0.0,0.0
FAM199X,,N/A,N/A,N/A,0,0,0,0,0,0.0,0.0,0.0,0.0,0.0,0.0,0.0
TAF1C,,N/A,N/A,N/A,0,0,0,0,0,0.0,0.0,0.0,0.0,0.0,0.0,0.0
TPRG1L,,N/A,N/A,N/A,0,0,0,0,0,0.0,0.0,0.0,0.0,0.0,0.0,0.0
WIPI2,,N/A,N/A,N/A,0,0,0,0,0,0.0,0.0,0.0,0.0,0.0,0.0,0.0
SCYL2,,N/A,N/A,N/A,0,0,0,0,0,0.0,0.0,0.0,0.0,0.0,0.0,0.0
IQCC,,N/A,N/A,N/A,0,0,0,0,0,0.0,0.0,0.0,0.0,0.0,0.0,0.0
CIB1,,N/A,N/A,N/A,0,0,0,0,0,0.0,0.0,0.0,0.0,0.0,0.0,0.0
CENPL,,N/A,N/A,N/A,0,0,0,0,0,0.0,0.0,0.0,0.0,0.0,0.0,0.0
MPV17L2,,N/A,N/A,N/A,0,0,0,0,0,0.0,0.0,0.0,0.0,0.0,0.0,0.0
RIC8A,,N/A,N/A,N/A,0,0,0,0,0,0.0,0.0,0.0,0.0,0.0,0.0,0.0
ZNF655,,N/A,N/A,N/A,0,0,0,0,0,0.0,0.0,0.0,0.0,0.0,0.0,0.0
ACVR1C,,N/A,N/A,N/A,0,0,0,0,0,0.0,0.0,0.0,0.0,0.0,0.0,0.0
TUBA1A,,N/A,N/A,N/A,0,0,0,0,0,0.0,0.0,0.0,0.0,0.0,0.0,0.0
TSPYL1,,N/A,N/A,N/A,0,0,0,0,0,0.0,0.0,0.0,0.0,0.0,0.0,0.0
SMIM15,,N/A,N/A,N/A,0,0,0,0,0,0.0,0.0,0.0,0.0,0.0,0.0,0.0
CCSER2,,N/A,N/A,N/A,0,0,0,0,0,0.0,0.0,0.0,0.0,0.0,0.0,0.0
PEX5,,N/A,N/A,N/A,0,0,0,0,0,0.0,0.0,0.0,0.0,0.0,0.0,0.0
CCDC61,,N/A,N/A,N/A,0,0,0,0,0,0.0,0.0,0.0,0.0,0.0,0.0,0.0
ZNF7,,N/A,N/A,N/A,0,0,0,0,0,0.0,0.0,0.0,0.0,0.0,0.0,0.0
EDEM2,,N/A,N/A,N/A,0,0,0,0,0,0.0,0.0,0.0,0.0,0.0,0.0,0.0
SPIRE1,,N/A,N/A,N/A,0,0,0,0,0,0.0,0.0,0.0,0.0,0.0,0.0,0.0
GMEB2,,N/A,N/A,N/A,0,0,0,0,0,0.0,0.0,0.0,0.0,0.0,0.0,0.0
GNL2,,N/A,N/A,N/A,0,0,0,0,0,0.0,0.0,0.0,0.0,0.0,0.0,0.0
UVSSA,,N/A,N/A,N/A,0,0,0,0,0,0.0,0.0,0.0,0.0,0.0,0.0,0.0
CNOT11,,N/A,N/A,N/A,0,0,0,0,0,0.0,0.0,0.0,0.0,0.0,0.0,0.0
QSOX2,,N/A,N/A,N/A,0,0,0,0,0,0.0,0.0,0.0,0.0,0.0,0.0,0.0
ZNF628,,N/A,N/A,N/A,0,0,0,0,0,0.0,0.0,0.0,0.0,0.0,0.0,0.0
TUFT1,,N/A,N/A,N/A,0,0,0,0,0,0.0,0.0,0.0,0.0,0.0,0.0,0.0
GZF1,,N/A,N/A,N/A,0,0,0,0,0,0.0,0.0,0.0,0.0,0.0,0.0,0.0
CASC15,,N/A,N/A,N/A,0,0,0,0,0,0.0,0.0,0.0,0.0,0.0,0.0,0.0
EFR3A,,N/A,N/A,N/A,0,0,0,0,0,0.0,0.0,0.0,0.0,0.0,0.0,0.0
PLEKHA2,,N/A,N/A,N/A,0,0,0,0,0,0.0,0.0,0.0,0.0,0.0,0.0,0.0
TIMM17B,,N/A,N/A,N/A,0,0,0,0,0,0.0,0.0,0.0,0.0,0.0,0.0,0.0
ACADSB,,N/A,N/A,N/A,0,0,0,0,0,0.0,0.0,0.0,0.0,0.0,0.0,0.0
PLEKHA8,,N/A,N/A,N/A,0,0,0,0,0,0.0,0.0,0.0,0.0,0.0,0.0,0.0
TATDN1,,N/A,N/A,N/A,0,0,0,0,0,0.0,0.0,0.0,0.0,0.0,0.0,0.0
ITGB8,,N/A,N/A,N/A,0,0,0,0,0,0.0,0.0,0.0,0.0,0.0,0.0,0.0
RPP21,,N/A,N/A,N/A,0,0,0,0,0,0.0,0.0,0.0,0.0,0.0,0.0,0.0
WWC2,,N/A,N/A,N/A,0,0,0,0,0,0.0,0.0,0.0,0.0,0.0,0.0,0.0
RAP1GAP2,,N/A,N/A,N/A,0,0,0,0,0,0.0,0.0,0.0,0.0,0.0,0.0,0.0
ITPR2,,N/A,N/A,N/A,0,0,0,0,0,0.0,0.0,0.0,0.0,0.0,0.0,0.0
RRP9,,N/A,N/A,N/A,0,0,0,0,0,0.0,0.0,0.0,0.0,0.0,0.0,0.0
HAGH,,N/A,N/A,N/A,0,0,0,0,0,0.0,0.0,0.0,0.0,0.0,0.0,0.0
CEP57,,N/A,N/A,N/A,0,0,0,0,0,0.0,0.0,0.0,0.0,0.0,0.0,0.0
RBBP4,,N/A,N/A,N/A,0,0,0,0,0,0.0,0.0,0.0,0.0,0.0,0.0,0.0
PCSK6,,N/A,N/A,N/A,0,0,0,0,0,0.0,0.0,0.0,0.0,0.0,0.0,0.0
CCDC138,,N/A,N/A,N/A,0,0,0,0,0,0.0,0.0,0.0,0.0,0.0,0.0,0.0
CISD2,,N/A,N/A,N/A,0,0,0,0,0,0.0,0.0,0.0,0.0,0.0,0.0,0.0
POLD4,,N/A,N/A,N/A,0,0,0,0,0,0.0,0.0,0.0,0.0,0.0,0.0,0.0
BHLHE40,,N/A,N/A,N/A,0,0,0,0,0,0.0,0.0,0.0,0.0,0.0,0.0,0.0
DCAF6,,N/A,N/A,N/A,0,0,0,0,0,0.0,0.0,0.0,0.0,0.0,0.0,0.0
ZNF771,,N/A,N/A,N/A,0,0,0,0,0,0.0,0.0,0.0,0.0,0.0,0.0,0.0
ABCA5,,N/A,N/A,N/A,0,0,0,0,0,0.0,0.0,0.0,0.0,0.0,0.0,0.0
UQCRFS1,,N/A,N/A,N/A,0,0,0,0,0,0.0,0.0,0.0,0.0,0.0,0.0,0.0
CENPT,,N/A,N/A,N/A,0,0,0,0,0,0.0,0.0,0.0,0.0,0.0,0.0,0.0
SEC11C,,N/A,N/A,N/A,0,0,0,0,0,0.0,0.0,0.0,0.0,0.0,0.0,0.0
ADNP2,,N/A,N/A,N/A,0,0,0,0,0,0.0,0.0,0.0,0.0,0.0,0.0,0.0
PKN3,,N/A,N/A,N/A,0,0,0,0,0,0.0,0.0,0.0,0.0,0.0,0.0,0.0
UBA5,,N/A,N/A,N/A,0,0,0,0,0,0.0,0.0,0.0,0.0,0.0,0.0,0.0
SLC25A5,,N/A,N/A,N/A,0,0,0,0,0,0.0,0.0,0.0,0.0,0.0,0.0,0.0
C4orf48,,N/A,N/A,N/A,0,0,0,0,0,0.0,0.0,0.0,0.0,0.0,0.0,0.0
UBE2V1,,N/A,N/A,N/A,0,0,0,0,0,0.0,0.0,0.0,0.0,0.0,0.0,0.0
ZBTB48,,N/A,N/A,N/A,0,0,0,0,0,0.0,0.0,0.0,0.0,0.0,0.0,0.0
THBS3,,N/A,N/A,N/A,0,0,0,0,0,0.0,0.0,0.0,0.0,0.0,0.0,0.0
CCDC115,,N/A,N/A,N/A,0,0,0,0,0,0.0,0.0,0.0,0.0,0.0,0.0,0.0
SRSF5,,N/A,N/A,N/A,0,0,0,0,0,0.0,0.0,0.0,0.0,0.0,0.0,0.0
IDH3A,,N/A,N/A,N/A,0,0,0,0,0,0.0,0.0,0.0,0.0,0.0,0.0,0.0
SIRT5,,N/A,N/A,N/A,0,0,0,0,0,0.0,0.0,0.0,0.0,0.0,0.0,0.0
GNPAT,,N/A,N/A,N/A,0,0,0,0,0,0.0,0.0,0.0,0.0,0.0,0.0,0.0
MMS19,,N/A,N/A,N/A,0,0,0,0,0,0.0,0.0,0.0,0.0,0.0,0.0,0.0
CUL1,,N/A,N/A,N/A,0,0,0,0,0,0.0,0.0,0.0,0.0,0.0,0.0,0.0
ANKRD37,,N/A,N/A,N/A,0,0,0,0,0,0.0,0.0,0.0,0.0,0.0,0.0,0.0
TOR1A,,N/A,N/A,N/A,0,0,0,0,0,0.0,0.0,0.0,0.0,0.0,0.0,0.0
KTI12,,N/A,N/A,N/A,0,0,0,0,0,0.0,0.0,0.0,0.0,0.0,0.0,0.0
MEGF9,,N/A,N/A,N/A,0,0,0,0,0,0.0,0.0,0.0,0.0,0.0,0.0,0.0
MANEAL,,N/A,N/A,N/A,0,0,0,0,0,0.0,0.0,0.0,0.0,0.0,0.0,0.0
ZNF710,,N/A,N/A,N/A,0,0,0,0,0,0.0,0.0,0.0,0.0,0.0,0.0,0.0
SLC36A1,,N/A,N/A,N/A,0,0,0,0,0,0.0,0.0,0.0,0.0,0.0,0.0,0.0
NSMF,,N/A,N/A,N/A,0,0,0,0,0,0.0,0.0,0.0,0.0,0.0,0.0,0.0
EMG1,,N/A,N/A,N/A,0,0,0,0,0,0.0,0.0,0.0,0.0,0.0,0.0,0.0
VPS9D1-AS1,,N/A,N/A,N/A,0,0,0,0,0,0.0,0.0,0.0,0.0,0.0,0.0,0.0
SEC24B-AS1,,N/A,N/A,N/A,0,0,0,0,0,0.0,0.0,0.0,0.0,0.0,0.0,0.0
ZNF768,,N/A,N/A,N/A,0,0,0,0,0,0.0,0.0,0.0,0.0,0.0,0.0,0.0
ERCC6L,,N/A,N/A,N/A,0,0,0,0,0,0.0,0.0,0.0,0.0,0.0,0.0,0.0
WDR19,,N/A,N/A,N/A,0,0,0,0,0,0.0,0.0,0.0,0.0,0.0,0.0,0.0
NR1H2,,N/A,N/A,N/A,0,0,0,0,0,0.0,0.0,0.0,0.0,0.0,0.0,0.0
PRKAB1,,N/A,N/A,N/A,0,0,0,0,0,0.0,0.0,0.0,0.0,0.0,0.0,0.0
ZSCAN12,,N/A,N/A,N/A,0,0,0,0,0,0.0,0.0,0.0,0.0,0.0,0.0,0.0
APOBEC3F,,N/A,N/A,N/A,0,0,0,0,0,0.0,0.0,0.0,0.0,0.0,0.0,0.0
FYTTD1,,N/A,N/A,N/A,0,0,0,0,0,0.0,0.0,0.0,0.0,0.0,0.0,0.0
KCNQ5,,N/A,N/A,N/A,0,0,0,0,0,0.0,0.0,0.0,0.0,0.0,0.0,0.0
SPAG9,,N/A,N/A,N/A,0,0,0,0,0,0.0,0.0,0.0,0.0,0.0,0.0,0.0
NT5C3A,,N/A,N/A,N/A,0,0,0,0,0,0.0,0.0,0.0,0.0,0.0,0.0,0.0
ZNF620,,N/A,N/A,N/A,0,0,0,0,0,0.0,0.0,0.0,0.0,0.0,0.0,0.0
MEGF6,,N/A,N/A,N/A,0,0,0,0,0,0.0,0.0,0.0,0.0,0.0,0.0,0.0
OSBPL10-AS1,,N/A,N/A,N/A,0,0,0,0,0,0.0,0.0,0.0,0.0,0.0,0.0,0.0
IER5,,N/A,N/A,N/A,0,0,0,0,0,0.0,0.0,0.0,0.0,0.0,0.0,0.0
PARP10,,N/A,N/A,N/A,0,0,0,0,0,0.0,0.0,0.0,0.0,0.0,0.0,0.0
KTN1-AS1,,N/A,N/A,N/A,0,0,0,0,0,0.0,0.0,0.0,0.0,0.0,0.0,0.0
DIXDC1,,N/A,N/A,N/A,0,0,0,0,0,0.0,0.0,0.0,0.0,0.0,0.0,0.0
YRDC,,N/A,N/A,N/A,0,0,0,0,0,0.0,0.0,0.0,0.0,0.0,0.0,0.0
B4GALT4,,N/A,N/A,N/A,0,0,0,0,0,0.0,0.0,0.0,0.0,0.0,0.0,0.0
MOB3A,,N/A,N/A,N/A,0,0,0,0,0,0.0,0.0,0.0,0.0,0.0,0.0,0.0
SSU72,,N/A,N/A,N/A,0,0,0,0,0,0.0,0.0,0.0,0.0,0.0,0.0,0.0
AARS2,,N/A,N/A,N/A,0,0,0,0,0,0.0,0.0,0.0,0.0,0.0,0.0,0.0
CDC42EP1,,N/A,N/A,N/A,0,0,0,0,0,0.0,0.0,0.0,0.0,0.0,0.0,0.0
C16orf87,,N/A,N/A,N/A,0,0,0,0,0,0.0,0.0,0.0,0.0,0.0,0.0,0.0
SMG1,,N/A,N/A,N/A,0,0,0,0,0,0.0,0.0,0.0,0.0,0.0,0.0,0.0
ZNF799,,N/A,N/A,N/A,0,0,0,0,0,0.0,0.0,0.0,0.0,0.0,0.0,0.0
IQCB1,,N/A,N/A,N/A,0,0,0,0,0,0.0,0.0,0.0,0.0,0.0,0.0,0.0
AP3M2,,N/A,N/A,N/A,0,0,0,0,0,0.0,0.0,0.0,0.0,0.0,0.0,0.0
BLOC1S6,,N/A,N/A,N/A,0,0,0,0,0,0.0,0.0,0.0,0.0,0.0,0.0,0.0
JARID2,,N/A,N/A,N/A,0,0,0,0,0,0.0,0.0,0.0,0.0,0.0,0.0,0.0
TOM1L1,,N/A,N/A,N/A,0,0,0,0,0,0.0,0.0,0.0,0.0,0.0,0.0,0.0
FOXRED1,,N/A,N/A,N/A,0,0,0,0,0,0.0,0.0,0.0,0.0,0.0,0.0,0.0
R3HDM4,,N/A,N/A,N/A,0,0,0,0,0,0.0,0.0,0.0,0.0,0.0,0.0,0.0
PPDPF,,N/A,N/A,N/A,0,0,0,0,0,0.0,0.0,0.0,0.0,0.0,0.0,0.0
TM4SF19,,N/A,N/A,N/A,0,0,0,0,0,0.0,0.0,0.0,0.0,0.0,0.0,0.0
ALG5,,N/A,N/A,N/A,0,0,0,0,0,0.0,0.0,0.0,0.0,0.0,0.0,0.0
RNF41,,N/A,N/A,N/A,0,0,0,0,0,0.0,0.0,0.0,0.0,0.0,0.0,0.0
SLC43A3,,N/A,N/A,N/A,0,0,0,0,0,0.0,0.0,0.0,0.0,0.0,0.0,0.0
RASA3,,N/A,N/A,N/A,0,0,0,0,0,0.0,0.0,0.0,0.0,0.0,0.0,0.0
COQ10B,,N/A,N/A,N/A,0,0,0,0,0,0.0,0.0,0.0,0.0,0.0,0.0,0.0
ZNHIT2,,N/A,N/A,N/A,0,0,0,0,0,0.0,0.0,0.0,0.0,0.0,0.0,0.0
VANGL1,,N/A,N/A,N/A,0,0,0,0,0,0.0,0.0,0.0,0.0,0.0,0.0,0.0
FRS2,,N/A,N/A,N/A,0,0,0,0,0,0.0,0.0,0.0,0.0,0.0,0.0,0.0
DENND6B,,N/A,N/A,N/A,0,0,0,0,0,0.0,0.0,0.0,0.0,0.0,0.0,0.0
CHML,,N/A,N/A,N/A,0,0,0,0,0,0.0,0.0,0.0,0.0,0.0,0.0,0.0
DDX19B,,N/A,N/A,N/A,0,0,0,0,0,0.0,0.0,0.0,0.0,0.0,0.0,0.0
POU5F2,,N/A,N/A,N/A,0,0,0,0,0,0.0,0.0,0.0,0.0,0.0,0.0,0.0
ATP13A2,,N/A,N/A,N/A,0,0,0,0,0,0.0,0.0,0.0,0.0,0.0,0.0,0.0
SLC12A9,,N/A,N/A,N/A,0,0,0,0,0,0.0,0.0,0.0,0.0,0.0,0.0,0.0
BABAM1,,N/A,N/A,N/A,0,0,0,0,0,0.0,0.0,0.0,0.0,0.0,0.0,0.0
DDX43,,N/A,N/A,N/A,0,0,0,0,0,0.0,0.0,0.0,0.0,0.0,0.0,0.0
PPP1R37,,N/A,N/A,N/A,0,0,0,0,0,0.0,0.0,0.0,0.0,0.0,0.0,0.0
RSAD1,,N/A,N/A,N/A,0,0,0,0,0,0.0,0.0,0.0,0.0,0.0,0.0,0.0
NIPAL2,,N/A,N/A,N/A,0,0,0,0,0,0.0,0.0,0.0,0.0,0.0,0.0,0.0
CPXM1,,N/A,N/A,N/A,0,0,0,0,0,0.0,0.0,0.0,0.0,0.0,0.0,0.0
ATL2,,N/A,N/A,N/A,0,0,0,0,0,0.0,0.0,0.0,0.0,0.0,0.0,0.0
RHOQ,,N/A,N/A,N/A,0,0,0,0,0,0.0,0.0,0.0,0.0,0.0,0.0,0.0
ARL6IP5,,N/A,N/A,N/A,0,0,0,0,0,0.0,0.0,0.0,0.0,0.0,0.0,0.0
TUFM,,N/A,N/A,N/A,0,0,0,0,0,0.0,0.0,0.0,0.0,0.0,0.0,0.0
KANSL1L,,N/A,N/A,N/A,0,0,0,0,0,0.0,0.0,0.0,0.0,0.0,0.0,0.0
ATAD3B,,N/A,N/A,N/A,0,0,0,0,0,0.0,0.0,0.0,0.0,0.0,0.0,0.0
TTC39C,,N/A,N/A,N/A,0,0,0,0,0,0.0,0.0,0.0,0.0,0.0,0.0,0.0
ARHGAP26,,N/A,N/A,N/A,0,0,0,0,0,0.0,0.0,0.0,0.0,0.0,0.0,0.0
ACAP3,,N/A,N/A,N/A,0,0,0,0,0,0.0,0.0,0.0,0.0,0.0,0.0,0.0
ZBTB26,,N/A,N/A,N/A,0,0,0,0,0,0.0,0.0,0.0,0.0,0.0,0.0,0.0
VPS53,,N/A,N/A,N/A,0,0,0,0,0,0.0,0.0,0.0,0.0,0.0,0.0,0.0
STRADB,,N/A,N/A,N/A,0,0,0,0,0,0.0,0.0,0.0,0.0,0.0,0.0,0.0
TMEM64,,N/A,N/A,N/A,0,0,0,0,0,0.0,0.0,0.0,0.0,0.0,0.0,0.0
ATAD5,,N/A,N/A,N/A,0,0,0,0,0,0.0,0.0,0.0,0.0,0.0,0.0,0.0
ZSCAN32,,N/A,N/A,N/A,0,0,0,0,0,0.0,0.0,0.0,0.0,0.0,0.0,0.0
WNK1,,N/A,N/A,N/A,0,0,0,0,0,0.0,0.0,0.0,0.0,0.0,0.0,0.0
ZBTB38,,N/A,N/A,N/A,0,0,0,0,0,0.0,0.0,0.0,0.0,0.0,0.0,0.0
CACNB2,,N/A,N/A,N/A,0,0,0,0,0,0.0,0.0,0.0,0.0,0.0,0.0,0.0
CNPY3,,N/A,N/A,N/A,0,0,0,0,0,0.0,0.0,0.0,0.0,0.0,0.0,0.0
ZNF256,,N/A,N/A,N/A,0,0,0,0,0,0.0,0.0,0.0,0.0,0.0,0.0,0.0
USP13,,N/A,N/A,N/A,0,0,0,0,0,0.0,0.0,0.0,0.0,0.0,0.0,0.0
LIMK1,,N/A,N/A,N/A,0,0,0,0,0,0.0,0.0,0.0,0.0,0.0,0.0,0.0
GGA3,,N/A,N/A,N/A,0,0,0,0,0,0.0,0.0,0.0,0.0,0.0,0.0,0.0
NAIP,,N/A,N/A,N/A,0,0,0,0,0,0.0,0.0,0.0,0.0,0.0,0.0,0.0
GNA13,,N/A,N/A,N/A,0,0,0,0,0,0.0,0.0,0.0,0.0,0.0,0.0,0.0
SURF1,,N/A,N/A,N/A,0,0,0,0,0,0.0,0.0,0.0,0.0,0.0,0.0,0.0
ETF1,,N/A,N/A,N/A,0,0,0,0,0,0.0,0.0,0.0,0.0,0.0,0.0,0.0
EIF2S3,,N/A,N/A,N/A,0,0,0,0,0,0.0,0.0,0.0,0.0,0.0,0.0,0.0
KIAA0040,,N/A,N/A,N/A,0,0,0,0,0,0.0,0.0,0.0,0.0,0.0,0.0,0.0
RNF5,,N/A,N/A,N/A,0,0,0,0,0,0.0,0.0,0.0,0.0,0.0,0.0,0.0
UBE2Z,,N/A,N/A,N/A,0,0,0,0,0,0.0,0.0,0.0,0.0,0.0,0.0,0.0
SYCE1L,,N/A,N/A,N/A,0,0,0,0,0,0.0,0.0,0.0,0.0,0.0,0.0,0.0
RPL15,,N/A,N/A,N/A,0,0,0,0,0,0.0,0.0,0.0,0.0,0.0,0.0,0.0
ZNF573,,N/A,N/A,N/A,0,0,0,0,0,0.0,0.0,0.0,0.0,0.0,0.0,0.0
ZNF674-AS1,,N/A,N/A,N/A,0,0,0,0,0,0.0,0.0,0.0,0.0,0.0,0.0,0.0
TOP1MT,,N/A,N/A,N/A,0,0,0,0,0,0.0,0.0,0.0,0.0,0.0,0.0,0.0
TAOK2,,N/A,N/A,N/A,0,0,0,0,0,0.0,0.0,0.0,0.0,0.0,0.0,0.0
COMMD3,,N/A,N/A,N/A,0,0,0,0,0,0.0,0.0,0.0,0.0,0.0,0.0,0.0
ANKRD29,,N/A,N/A,N/A,0,0,0,0,0,0.0,0.0,0.0,0.0,0.0,0.0,0.0
KPNA3,,N/A,N/A,N/A,0,0,0,0,0,0.0,0.0,0.0,0.0,0.0,0.0,0.0
TMEM60,,N/A,N/A,N/A,0,0,0,0,0,0.0,0.0,0.0,0.0,0.0,0.0,0.0
SLC2A11,,N/A,N/A,N/A,0,0,0,0,0,0.0,0.0,0.0,0.0,0.0,0.0,0.0
GOLGA6L4,,N/A,N/A,N/A,0,0,0,0,0,0.0,0.0,0.0,0.0,0.0,0.0,0.0
RALGAPA2,,N/A,N/A,N/A,0,0,0,0,0,0.0,0.0,0.0,0.0,0.0,0.0,0.0
ELP3,,N/A,N/A,N/A,0,0,0,0,0,0.0,0.0,0.0,0.0,0.0,0.0,0.0
BOD1,,N/A,N/A,N/A,0,0,0,0,0,0.0,0.0,0.0,0.0,0.0,0.0,0.0
KMT2E,,N/A,N/A,N/A,0,0,0,0,0,0.0,0.0,0.0,0.0,0.0,0.0,0.0
PRDM2,,N/A,N/A,N/A,0,0,0,0,0,0.0,0.0,0.0,0.0,0.0,0.0,0.0
ARL16,,N/A,N/A,N/A,0,0,0,0,0,0.0,0.0,0.0,0.0,0.0,0.0,0.0
MAP1S,,N/A,N/A,N/A,0,0,0,0,0,0.0,0.0,0.0,0.0,0.0,0.0,0.0
SERF2,,N/A,N/A,N/A,0,0,0,0,0,0.0,0.0,0.0,0.0,0.0,0.0,0.0
MT1X,,N/A,N/A,N/A,0,0,0,0,0,0.0,0.0,0.0,0.0,0.0,0.0,0.0
RPL18A,,N/A,N/A,N/A,0,0,0,0,0,0.0,0.0,0.0,0.0,0.0,0.0,0.0
ARL2BP,,N/A,N/A,N/A,0,0,0,0,0,0.0,0.0,0.0,0.0,0.0,0.0,0.0
CEP170B,,N/A,N/A,N/A,0,0,0,0,0,0.0,0.0,0.0,0.0,0.0,0.0,0.0
MYO19,,N/A,N/A,N/A,0,0,0,0,0,0.0,0.0,0.0,0.0,0.0,0.0,0.0
AP5M1,,N/A,N/A,N/A,0,0,0,0,0,0.0,0.0,0.0,0.0,0.0,0.0,0.0
TBC1D24,,N/A,N/A,N/A,0,0,0,0,0,0.0,0.0,0.0,0.0,0.0,0.0,0.0
EYS,,N/A,N/A,N/A,0,0,0,0,0,0.0,0.0,0.0,0.0,0.0,0.0,0.0
FKBP4,,N/A,N/A,N/A,0,0,0,0,0,0.0,0.0,0.0,0.0,0.0,0.0,0.0
ALCAM,,N/A,N/A,N/A,0,0,0,0,0,0.0,0.0,0.0,0.0,0.0,0.0,0.0
USP14,,N/A,N/A,N/A,0,0,0,0,0,0.0,0.0,0.0,0.0,0.0,0.0,0.0
PEG10,,N/A,N/A,N/A,0,0,0,0,0,0.0,0.0,0.0,0.0,0.0,0.0,0.0
BMP1,,N/A,N/A,N/A,0,0,0,0,0,0.0,0.0,0.0,0.0,0.0,0.0,0.0
RNF149,,N/A,N/A,N/A,0,0,0,0,0,0.0,0.0,0.0,0.0,0.0,0.0,0.0
CARHSP1,,N/A,N/A,N/A,0,0,0,0,0,0.0,0.0,0.0,0.0,0.0,0.0,0.0
AKT3,,N/A,N/A,N/A,0,0,0,0,0,0.0,0.0,0.0,0.0,0.0,0.0,0.0
CENPN,,N/A,N/A,N/A,0,0,0,0,0,0.0,0.0,0.0,0.0,0.0,0.0,0.0
RASSF4,,N/A,N/A,N/A,0,0,0,0,0,0.0,0.0,0.0,0.0,0.0,0.0,0.0
SLC9A5,,N/A,N/A,N/A,0,0,0,0,0,0.0,0.0,0.0,0.0,0.0,0.0,0.0
IP6K1,,N/A,N/A,N/A,0,0,0,0,0,0.0,0.0,0.0,0.0,0.0,0.0,0.0
ZSCAN2,,N/A,N/A,N/A,0,0,0,0,0,0.0,0.0,0.0,0.0,0.0,0.0,0.0
TRIM3,,N/A,N/A,N/A,0,0,0,0,0,0.0,0.0,0.0,0.0,0.0,0.0,0.0
SEC61B,,N/A,N/A,N/A,0,0,0,0,0,0.0,0.0,0.0,0.0,0.0,0.0,0.0
PRKAR2B,,N/A,N/A,N/A,0,0,0,0,0,0.0,0.0,0.0,0.0,0.0,0.0,0.0
THAP2,,N/A,N/A,N/A,0,0,0,0,0,0.0,0.0,0.0,0.0,0.0,0.0,0.0
RUVBL1,,N/A,N/A,N/A,0,0,0,0,0,0.0,0.0,0.0,0.0,0.0,0.0,0.0
FAM3B,,N/A,N/A,N/A,0,0,0,0,0,0.0,0.0,0.0,0.0,0.0,0.0,0.0
RAB3B,,N/A,N/A,N/A,0,0,0,0,0,0.0,0.0,0.0,0.0,0.0,0.0,0.0
ABCF3,,N/A,N/A,N/A,0,0,0,0,0,0.0,0.0,0.0,0.0,0.0,0.0,0.0
SNAPC1,,N/A,N/A,N/A,0,0,0,0,0,0.0,0.0,0.0,0.0,0.0,0.0,0.0
AK5,,N/A,N/A,N/A,0,0,0,0,0,0.0,0.0,0.0,0.0,0.0,0.0,0.0
PHB2,,N/A,N/A,N/A,0,0,0,0,0,0.0,0.0,0.0,0.0,0.0,0.0,0.0
MESP1,,N/A,N/A,N/A,0,0,0,0,0,0.0,0.0,0.0,0.0,0.0,0.0,0.0
SLC25A35,,N/A,N/A,N/A,0,0,0,0,0,0.0,0.0,0.0,0.0,0.0,0.0,0.0
SEH1L,,N/A,N/A,N/A,0,0,0,0,0,0.0,0.0,0.0,0.0,0.0,0.0,0.0
CLSPN,,N/A,N/A,N/A,0,0,0,0,0,0.0,0.0,0.0,0.0,0.0,0.0,0.0
DISC1,,N/A,N/A,N/A,0,0,0,0,0,0.0,0.0,0.0,0.0,0.0,0.0,0.0
NT5C,,N/A,N/A,N/A,0,0,0,0,0,0.0,0.0,0.0,0.0,0.0,0.0,0.0
MRPL41,,N/A,N/A,N/A,0,0,0,0,0,0.0,0.0,0.0,0.0,0.0,0.0,0.0
TRIB3,,N/A,N/A,N/A,0,0,0,0,0,0.0,0.0,0.0,0.0,0.0,0.0,0.0
CBR1,,N/A,N/A,N/A,0,0,0,0,0,0.0,0.0,0.0,0.0,0.0,0.0,0.0
PKD2L2,,N/A,N/A,N/A,0,0,0,0,0,0.0,0.0,0.0,0.0,0.0,0.0,0.0
ZCCHC17,,N/A,N/A,N/A,0,0,0,0,0,0.0,0.0,0.0,0.0,0.0,0.0,0.0
GUF1,,N/A,N/A,N/A,0,0,0,0,0,0.0,0.0,0.0,0.0,0.0,0.0,0.0
SMARCD2,,N/A,N/A,N/A,0,0,0,0,0,0.0,0.0,0.0,0.0,0.0,0.0,0.0
ZNF529,,N/A,N/A,N/A,0,0,0,0,0,0.0,0.0,0.0,0.0,0.0,0.0,0.0
WNT5B,,N/A,N/A,N/A,0,0,0,0,0,0.0,0.0,0.0,0.0,0.0,0.0,0.0
ZNF408,,N/A,N/A,N/A,0,0,0,0,0,0.0,0.0,0.0,0.0,0.0,0.0,0.0
EXOSC5,,N/A,N/A,N/A,0,0,0,0,0,0.0,0.0,0.0,0.0,0.0,0.0,0.0
HNRNPA1L2,,N/A,N/A,N/A,0,0,0,0,0,0.0,0.0,0.0,0.0,0.0,0.0,0.0
TBC1D20,,N/A,N/A,N/A,0,0,0,0,0,0.0,0.0,0.0,0.0,0.0,0.0,0.0
PGS1,,N/A,N/A,N/A,0,0,0,0,0,0.0,0.0,0.0,0.0,0.0,0.0,0.0
HLA-DRA,,N/A,N/A,N/A,0,0,0,0,0,0.0,0.0,0.0,0.0,0.0,0.0,0.0
ANP32B,,N/A,N/A,N/A,0,0,0,0,0,0.0,0.0,0.0,0.0,0.0,0.0,0.0
PTP4A2,,N/A,N/A,N/A,0,0,0,0,0,0.0,0.0,0.0,0.0,0.0,0.0,0.0
MYO18A,,N/A,N/A,N/A,0,0,0,0,0,0.0,0.0,0.0,0.0,0.0,0.0,0.0
GMEB1,,N/A,N/A,N/A,0,0,0,0,0,0.0,0.0,0.0,0.0,0.0,0.0,0.0
BRWD3,,N/A,N/A,N/A,0,0,0,0,0,0.0,0.0,0.0,0.0,0.0,0.0,0.0
ZNF189,,N/A,N/A,N/A,0,0,0,0,0,0.0,0.0,0.0,0.0,0.0,0.0,0.0
ZNF324B,,N/A,N/A,N/A,0,0,0,0,0,0.0,0.0,0.0,0.0,0.0,0.0,0.0
DCBLD1,,N/A,N/A,N/A,0,0,0,0,0,0.0,0.0,0.0,0.0,0.0,0.0,0.0
FAM210B,,N/A,N/A,N/A,0,0,0,0,0,0.0,0.0,0.0,0.0,0.0,0.0,0.0
MSANTD2,,N/A,N/A,N/A,0,0,0,0,0,0.0,0.0,0.0,0.0,0.0,0.0,0.0
GMDS,,N/A,N/A,N/A,0,0,0,0,0,0.0,0.0,0.0,0.0,0.0,0.0,0.0
SMIM7,,N/A,N/A,N/A,0,0,0,0,0,0.0,0.0,0.0,0.0,0.0,0.0,0.0
RPS8,,N/A,N/A,N/A,0,0,0,0,0,0.0,0.0,0.0,0.0,0.0,0.0,0.0
MANBAL,,N/A,N/A,N/A,0,0,0,0,0,0.0,0.0,0.0,0.0,0.0,0.0,0.0
CCNC,,N/A,N/A,N/A,0,0,0,0,0,0.0,0.0,0.0,0.0,0.0,0.0,0.0
CTCF,,N/A,N/A,N/A,0,0,0,0,0,0.0,0.0,0.0,0.0,0.0,0.0,0.0
TTC27,,N/A,N/A,N/A,0,0,0,0,0,0.0,0.0,0.0,0.0,0.0,0.0,0.0
COX14,,N/A,N/A,N/A,0,0,0,0,0,0.0,0.0,0.0,0.0,0.0,0.0,0.0
ILF3,,N/A,N/A,N/A,0,0,0,0,0,0.0,0.0,0.0,0.0,0.0,0.0,0.0
PARPBP,,N/A,N/A,N/A,0,0,0,0,0,0.0,0.0,0.0,0.0,0.0,0.0,0.0
TMEM43,,N/A,N/A,N/A,0,0,0,0,0,0.0,0.0,0.0,0.0,0.0,0.0,0.0
GPR19,,N/A,N/A,N/A,0,0,0,0,0,0.0,0.0,0.0,0.0,0.0,0.0,0.0
CTNND1,,N/A,N/A,N/A,0,0,0,0,0,0.0,0.0,0.0,0.0,0.0,0.0,0.0
SHPK,,N/A,N/A,N/A,0,0,0,0,0,0.0,0.0,0.0,0.0,0.0,0.0,0.0
SLC35A4,,N/A,N/A,N/A,0,0,0,0,0,0.0,0.0,0.0,0.0,0.0,0.0,0.0
METTL5,,N/A,N/A,N/A,0,0,0,0,0,0.0,0.0,0.0,0.0,0.0,0.0,0.0
MUC20,,N/A,N/A,N/A,0,0,0,0,0,0.0,0.0,0.0,0.0,0.0,0.0,0.0
RHBDD2,,N/A,N/A,N/A,0,0,0,0,0,0.0,0.0,0.0,0.0,0.0,0.0,0.0
ANXA5,,N/A,N/A,N/A,0,0,0,0,0,0.0,0.0,0.0,0.0,0.0,0.0,0.0
NFATC2,,N/A,N/A,N/A,0,0,0,0,0,0.0,0.0,0.0,0.0,0.0,0.0,0.0
IRF9,,N/A,N/A,N/A,0,0,0,0,0,0.0,0.0,0.0,0.0,0.0,0.0,0.0
PSMD9,,N/A,N/A,N/A,0,0,0,0,0,0.0,0.0,0.0,0.0,0.0,0.0,0.0
GNL3L,,N/A,N/A,N/A,0,0,0,0,0,0.0,0.0,0.0,0.0,0.0,0.0,0.0
GPATCH2L,,N/A,N/A,N/A,0,0,0,0,0,0.0,0.0,0.0,0.0,0.0,0.0,0.0
RPA1,,N/A,N/A,N/A,0,0,0,0,0,0.0,0.0,0.0,0.0,0.0,0.0,0.0
BEND6,,N/A,N/A,N/A,0,0,0,0,0,0.0,0.0,0.0,0.0,0.0,0.0,0.0
ORC2,,N/A,N/A,N/A,0,0,0,0,0,0.0,0.0,0.0,0.0,0.0,0.0,0.0
CTTNBP2NL,,N/A,N/A,N/A,0,0,0,0,0,0.0,0.0,0.0,0.0,0.0,0.0,0.0
GALK2,,N/A,N/A,N/A,0,0,0,0,0,0.0,0.0,0.0,0.0,0.0,0.0,0.0
C5orf63,,N/A,N/A,N/A,0,0,0,0,0,0.0,0.0,0.0,0.0,0.0,0.0,0.0
ACSL3,,N/A,N/A,N/A,0,0,0,0,0,0.0,0.0,0.0,0.0,0.0,0.0,0.0
COPS4,,N/A,N/A,N/A,0,0,0,0,0,0.0,0.0,0.0,0.0,0.0,0.0,0.0
B3GAT2,,N/A,N/A,N/A,0,0,0,0,0,0.0,0.0,0.0,0.0,0.0,0.0,0.0
HLA-DQA1,,N/A,N/A,N/A,0,0,0,0,0,0.0,0.0,0.0,0.0,0.0,0.0,0.0
RPL27,,N/A,N/A,N/A,0,0,0,0,0,0.0,0.0,0.0,0.0,0.0,0.0,0.0
WDR47,,N/A,N/A,N/A,0,0,0,0,0,0.0,0.0,0.0,0.0,0.0,0.0,0.0
MSI2,,N/A,N/A,N/A,0,0,0,0,0,0.0,0.0,0.0,0.0,0.0,0.0,0.0
ZNF267,,N/A,N/A,N/A,0,0,0,0,0,0.0,0.0,0.0,0.0,0.0,0.0,0.0
C16orf95,,N/A,N/A,N/A,0,0,0,0,0,0.0,0.0,0.0,0.0,0.0,0.0,0.0
PPM1F,,N/A,N/A,N/A,0,0,0,0,0,0.0,0.0,0.0,0.0,0.0,0.0,0.0
VPS18,,N/A,N/A,N/A,0,0,0,0,0,0.0,0.0,0.0,0.0,0.0,0.0,0.0
RCAN1,,N/A,N/A,N/A,0,0,0,0,0,0.0,0.0,0.0,0.0,0.0,0.0,0.0
BOD1L1,,N/A,N/A,N/A,0,0,0,0,0,0.0,0.0,0.0,0.0,0.0,0.0,0.0
ZC3H11A,,N/A,N/A,N/A,0,0,0,0,0,0.0,0.0,0.0,0.0,0.0,0.0,0.0
CNOT8,,N/A,N/A,N/A,0,0,0,0,0,0.0,0.0,0.0,0.0,0.0,0.0,0.0
SLC35E2B,,N/A,N/A,N/A,0,0,0,0,0,0.0,0.0,0.0,0.0,0.0,0.0,0.0
POLR2M,,N/A,N/A,N/A,0,0,0,0,0,0.0,0.0,0.0,0.0,0.0,0.0,0.0
ZNF653,,N/A,N/A,N/A,0,0,0,0,0,0.0,0.0,0.0,0.0,0.0,0.0,0.0
ZNF77,,N/A,N/A,N/A,0,0,0,0,0,0.0,0.0,0.0,0.0,0.0,0.0,0.0
FAM178B,,N/A,N/A,N/A,0,0,0,0,0,0.0,0.0,0.0,0.0,0.0,0.0,0.0
MKNK2,,N/A,N/A,N/A,0,0,0,0,0,0.0,0.0,0.0,0.0,0.0,0.0,0.0
CHMP2B,,N/A,N/A,N/A,0,0,0,0,0,0.0,0.0,0.0,0.0,0.0,0.0,0.0
GFM2,,N/A,N/A,N/A,0,0,0,0,0,0.0,0.0,0.0,0.0,0.0,0.0,0.0
FAM43A,,N/A,N/A,N/A,0,0,0,0,0,0.0,0.0,0.0,0.0,0.0,0.0,0.0
SAMD8,,N/A,N/A,N/A,0,0,0,0,0,0.0,0.0,0.0,0.0,0.0,0.0,0.0
SYTL4,,N/A,N/A,N/A,0,0,0,0,0,0.0,0.0,0.0,0.0,0.0,0.0,0.0
TBX19,,N/A,N/A,N/A,0,0,0,0,0,0.0,0.0,0.0,0.0,0.0,0.0,0.0
PDGFD,,N/A,N/A,N/A,0,0,0,0,0,0.0,0.0,0.0,0.0,0.0,0.0,0.0
MUL1,,N/A,N/A,N/A,0,0,0,0,0,0.0,0.0,0.0,0.0,0.0,0.0,0.0
NSMCE1,,N/A,N/A,N/A,0,0,0,0,0,0.0,0.0,0.0,0.0,0.0,0.0,0.0
BRD8,,N/A,N/A,N/A,0,0,0,0,0,0.0,0.0,0.0,0.0,0.0,0.0,0.0
KIAA1143,,N/A,N/A,N/A,0,0,0,0,0,0.0,0.0,0.0,0.0,0.0,0.0,0.0
NFKBIE,,N/A,N/A,N/A,0,0,0,0,0,0.0,0.0,0.0,0.0,0.0,0.0,0.0
ZNF490,,N/A,N/A,N/A,0,0,0,0,0,0.0,0.0,0.0,0.0,0.0,0.0,0.0
MRPS27,,N/A,N/A,N/A,0,0,0,0,0,0.0,0.0,0.0,0.0,0.0,0.0,0.0
FERMT2,,N/A,N/A,N/A,0,0,0,0,0,0.0,0.0,0.0,0.0,0.0,0.0,0.0
AREL1,,N/A,N/A,N/A,0,0,0,0,0,0.0,0.0,0.0,0.0,0.0,0.0,0.0
WDR25,,N/A,N/A,N/A,0,0,0,0,0,0.0,0.0,0.0,0.0,0.0,0.0,0.0
VLDLR,,N/A,N/A,N/A,0,0,0,0,0,0.0,0.0,0.0,0.0,0.0,0.0,0.0
TRPC4AP,,N/A,N/A,N/A,0,0,0,0,0,0.0,0.0,0.0,0.0,0.0,0.0,0.0
GNPDA1,,N/A,N/A,N/A,0,0,0,0,0,0.0,0.0,0.0,0.0,0.0,0.0,0.0
SNUPN,,N/A,N/A,N/A,0,0,0,0,0,0.0,0.0,0.0,0.0,0.0,0.0,0.0
MED29,,N/A,N/A,N/A,0,0,0,0,0,0.0,0.0,0.0,0.0,0.0,0.0,0.0
DRG2,,N/A,N/A,N/A,0,0,0,0,0,0.0,0.0,0.0,0.0,0.0,0.0,0.0
TTI2,,N/A,N/A,N/A,0,0,0,0,0,0.0,0.0,0.0,0.0,0.0,0.0,0.0
C8orf82,,N/A,N/A,N/A,0,0,0,0,0,0.0,0.0,0.0,0.0,0.0,0.0,0.0
PARS2,,N/A,N/A,N/A,0,0,0,0,0,0.0,0.0,0.0,0.0,0.0,0.0,0.0
KCTD18,,N/A,N/A,N/A,0,0,0,0,0,0.0,0.0,0.0,0.0,0.0,0.0,0.0
PQBP1,,N/A,N/A,N/A,0,0,0,0,0,0.0,0.0,0.0,0.0,0.0,0.0,0.0
ZMYM3,,N/A,N/A,N/A,0,0,0,0,0,0.0,0.0,0.0,0.0,0.0,0.0,0.0
MCTP2,,N/A,N/A,N/A,0,0,0,0,0,0.0,0.0,0.0,0.0,0.0,0.0,0.0
SLC12A5,,N/A,N/A,N/A,0,0,0,0,0,0.0,0.0,0.0,0.0,0.0,0.0,0.0
ELF4,,N/A,N/A,N/A,0,0,0,0,0,0.0,0.0,0.0,0.0,0.0,0.0,0.0
ZNF441,,N/A,N/A,N/A,0,0,0,0,0,0.0,0.0,0.0,0.0,0.0,0.0,0.0
SKAP2,,N/A,N/A,N/A,0,0,0,0,0,0.0,0.0,0.0,0.0,0.0,0.0,0.0
SNHG9,,N/A,N/A,N/A,0,0,0,0,0,0.0,0.0,0.0,0.0,0.0,0.0,0.0
WDR45,,N/A,N/A,N/A,0,0,0,0,0,0.0,0.0,0.0,0.0,0.0,0.0,0.0
TUBA1C,,N/A,N/A,N/A,0,0,0,0,0,0.0,0.0,0.0,0.0,0.0,0.0,0.0
ZNF623,,N/A,N/A,N/A,0,0,0,0,0,0.0,0.0,0.0,0.0,0.0,0.0,0.0
ZNF496,,N/A,N/A,N/A,0,0,0,0,0,0.0,0.0,0.0,0.0,0.0,0.0,0.0
GSKIP,,N/A,N/A,N/A,0,0,0,0,0,0.0,0.0,0.0,0.0,0.0,0.0,0.0
C15orf39,,N/A,N/A,N/A,0,0,0,0,0,0.0,0.0,0.0,0.0,0.0,0.0,0.0
CMC4,,N/A,N/A,N/A,0,0,0,0,0,0.0,0.0,0.0,0.0,0.0,0.0,0.0
DPH3,,N/A,N/A,N/A,0,0,0,0,0,0.0,0.0,0.0,0.0,0.0,0.0,0.0
GNA12,,N/A,N/A,N/A,0,0,0,0,0,0.0,0.0,0.0,0.0,0.0,0.0,0.0
PRPS1,,N/A,N/A,N/A,0,0,0,0,0,0.0,0.0,0.0,0.0,0.0,0.0,0.0
ZFR2,,N/A,N/A,N/A,0,0,0,0,0,0.0,0.0,0.0,0.0,0.0,0.0,0.0
STAC3,,N/A,N/A,N/A,0,0,0,0,0,0.0,0.0,0.0,0.0,0.0,0.0,0.0
FCHSD1,,N/A,N/A,N/A,0,0,0,0,0,0.0,0.0,0.0,0.0,0.0,0.0,0.0
AKNA,,N/A,N/A,N/A,0,0,0,0,0,0.0,0.0,0.0,0.0,0.0,0.0,0.0
SPSB2,,N/A,N/A,N/A,0,0,0,0,0,0.0,0.0,0.0,0.0,0.0,0.0,0.0
GPRC5B,,N/A,N/A,N/A,0,0,0,0,0,0.0,0.0,0.0,0.0,0.0,0.0,0.0
GXYLT1,,N/A,N/A,N/A,0,0,0,0,0,0.0,0.0,0.0,0.0,0.0,0.0,0.0
ZFP62,,N/A,N/A,N/A,0,0,0,0,0,0.0,0.0,0.0,0.0,0.0,0.0,0.0
AKAP11,,N/A,N/A,N/A,0,0,0,0,0,0.0,0.0,0.0,0.0,0.0,0.0,0.0
TBC1D17,,N/A,N/A,N/A,0,0,0,0,0,0.0,0.0,0.0,0.0,0.0,0.0,0.0
PRPF38B,,N/A,N/A,N/A,0,0,0,0,0,0.0,0.0,0.0,0.0,0.0,0.0,0.0
PRRG4,,N/A,N/A,N/A,0,0,0,0,0,0.0,0.0,0.0,0.0,0.0,0.0,0.0
AGMAT,,N/A,N/A,N/A,0,0,0,0,0,0.0,0.0,0.0,0.0,0.0,0.0,0.0
PRDX6,,N/A,N/A,N/A,0,0,0,0,0,0.0,0.0,0.0,0.0,0.0,0.0,0.0
WBP11,,N/A,N/A,N/A,0,0,0,0,0,0.0,0.0,0.0,0.0,0.0,0.0,0.0
EXOSC3,,N/A,N/A,N/A,0,0,0,0,0,0.0,0.0,0.0,0.0,0.0,0.0,0.0
SGPL1,,N/A,N/A,N/A,0,0,0,0,0,0.0,0.0,0.0,0.0,0.0,0.0,0.0
GTF3C6,,N/A,N/A,N/A,0,0,0,0,0,0.0,0.0,0.0,0.0,0.0,0.0,0.0
CPEB2,,N/A,N/A,N/A,0,0,0,0,0,0.0,0.0,0.0,0.0,0.0,0.0,0.0
MAOB,,N/A,N/A,N/A,0,0,0,0,0,0.0,0.0,0.0,0.0,0.0,0.0,0.0
MAPK6,,N/A,N/A,N/A,0,0,0,0,0,0.0,0.0,0.0,0.0,0.0,0.0,0.0
METTL2B,,N/A,N/A,N/A,0,0,0,0,0,0.0,0.0,0.0,0.0,0.0,0.0,0.0
OSBPL5,,N/A,N/A,N/A,0,0,0,0,0,0.0,0.0,0.0,0.0,0.0,0.0,0.0
UBE2L6,,N/A,N/A,N/A,0,0,0,0,0,0.0,0.0,0.0,0.0,0.0,0.0,0.0
NME2,,N/A,N/A,N/A,0,0,0,0,0,0.0,0.0,0.0,0.0,0.0,0.0,0.0
PPWD1,,N/A,N/A,N/A,0,0,0,0,0,0.0,0.0,0.0,0.0,0.0,0.0,0.0
PDHB,,N/A,N/A,N/A,0,0,0,0,0,0.0,0.0,0.0,0.0,0.0,0.0,0.0
UBL5,,N/A,N/A,N/A,0,0,0,0,0,0.0,0.0,0.0,0.0,0.0,0.0,0.0
SH2D3A,,N/A,N/A,N/A,0,0,0,0,0,0.0,0.0,0.0,0.0,0.0,0.0,0.0
FAM89A,,N/A,N/A,N/A,0,0,0,0,0,0.0,0.0,0.0,0.0,0.0,0.0,0.0
GLYCTK,,N/A,N/A,N/A,0,0,0,0,0,0.0,0.0,0.0,0.0,0.0,0.0,0.0
ANAPC10,,N/A,N/A,N/A,0,0,0,0,0,0.0,0.0,0.0,0.0,0.0,0.0,0.0
MED24,,N/A,N/A,N/A,0,0,0,0,0,0.0,0.0,0.0,0.0,0.0,0.0,0.0
SNAPC2,,N/A,N/A,N/A,0,0,0,0,0,0.0,0.0,0.0,0.0,0.0,0.0,0.0
HECTD4,,N/A,N/A,N/A,0,0,0,0,0,0.0,0.0,0.0,0.0,0.0,0.0,0.0
CHST15,,N/A,N/A,N/A,0,0,0,0,0,0.0,0.0,0.0,0.0,0.0,0.0,0.0
TBCD,,N/A,N/A,N/A,0,0,0,0,0,0.0,0.0,0.0,0.0,0.0,0.0,0.0
AKAP13,,N/A,N/A,N/A,0,0,0,0,0,0.0,0.0,0.0,0.0,0.0,0.0,0.0
ZNF606,,N/A,N/A,N/A,0,0,0,0,0,0.0,0.0,0.0,0.0,0.0,0.0,0.0
PTPN2,,N/A,N/A,N/A,0,0,0,0,0,0.0,0.0,0.0,0.0,0.0,0.0,0.0
PFKFB2,,N/A,N/A,N/A,0,0,0,0,0,0.0,0.0,0.0,0.0,0.0,0.0,0.0
SLC9B1,,N/A,N/A,N/A,0,0,0,0,0,0.0,0.0,0.0,0.0,0.0,0.0,0.0
NDUFA3,,N/A,N/A,N/A,0,0,0,0,0,0.0,0.0,0.0,0.0,0.0,0.0,0.0
ACBD6,,N/A,N/A,N/A,0,0,0,0,0,0.0,0.0,0.0,0.0,0.0,0.0,0.0
DNAJC15,,N/A,N/A,N/A,0,0,0,0,0,0.0,0.0,0.0,0.0,0.0,0.0,0.0
MRPL17,,N/A,N/A,N/A,0,0,0,0,0,0.0,0.0,0.0,0.0,0.0,0.0,0.0
HNRNPUL2,,N/A,N/A,N/A,0,0,0,0,0,0.0,0.0,0.0,0.0,0.0,0.0,0.0
TSR1,,N/A,N/A,N/A,0,0,0,0,0,0.0,0.0,0.0,0.0,0.0,0.0,0.0
TRIM7,,N/A,N/A,N/A,0,0,0,0,0,0.0,0.0,0.0,0.0,0.0,0.0,0.0
SHCBP1,,N/A,N/A,N/A,0,0,0,0,0,0.0,0.0,0.0,0.0,0.0,0.0,0.0
AKR1A1,,N/A,N/A,N/A,0,0,0,0,0,0.0,0.0,0.0,0.0,0.0,0.0,0.0
CNEP1R1,,N/A,N/A,N/A,0,0,0,0,0,0.0,0.0,0.0,0.0,0.0,0.0,0.0
CCAR2,,N/A,N/A,N/A,0,0,0,0,0,0.0,0.0,0.0,0.0,0.0,0.0,0.0
PCDHGA10,,N/A,N/A,N/A,0,0,0,0,0,0.0,0.0,0.0,0.0,0.0,0.0,0.0
BCL7B,,N/A,N/A,N/A,0,0,0,0,0,0.0,0.0,0.0,0.0,0.0,0.0,0.0
PTPRA,,N/A,N/A,N/A,0,0,0,0,0,0.0,0.0,0.0,0.0,0.0,0.0,0.0
DDX23,,N/A,N/A,N/A,0,0,0,0,0,0.0,0.0,0.0,0.0,0.0,0.0,0.0
RANGRF,,N/A,N/A,N/A,0,0,0,0,0,0.0,0.0,0.0,0.0,0.0,0.0,0.0
EIF4EBP3,,N/A,N/A,N/A,0,0,0,0,0,0.0,0.0,0.0,0.0,0.0,0.0,0.0
ARL1,,N/A,N/A,N/A,0,0,0,0,0,0.0,0.0,0.0,0.0,0.0,0.0,0.0
DUS2,,N/A,N/A,N/A,0,0,0,0,0,0.0,0.0,0.0,0.0,0.0,0.0,0.0
FAM193A,,N/A,N/A,N/A,0,0,0,0,0,0.0,0.0,0.0,0.0,0.0,0.0,0.0
CAPN2,,N/A,N/A,N/A,0,0,0,0,0,0.0,0.0,0.0,0.0,0.0,0.0,0.0
LIN52,,N/A,N/A,N/A,0,0,0,0,0,0.0,0.0,0.0,0.0,0.0,0.0,0.0
KANSL2,,N/A,N/A,N/A,0,0,0,0,0,0.0,0.0,0.0,0.0,0.0,0.0,0.0
RNF214,,N/A,N/A,N/A,0,0,0,0,0,0.0,0.0,0.0,0.0,0.0,0.0,0.0
LARP7,,N/A,N/A,N/A,0,0,0,0,0,0.0,0.0,0.0,0.0,0.0,0.0,0.0
ASB6,,N/A,N/A,N/A,0,0,0,0,0,0.0,0.0,0.0,0.0,0.0,0.0,0.0
LAMTOR1,,N/A,N/A,N/A,0,0,0,0,0,0.0,0.0,0.0,0.0,0.0,0.0,0.0
GPS2,,N/A,N/A,N/A,0,0,0,0,0,0.0,0.0,0.0,0.0,0.0,0.0,0.0
SERP2,,N/A,N/A,N/A,0,0,0,0,0,0.0,0.0,0.0,0.0,0.0,0.0,0.0
RAD52,,N/A,N/A,N/A,0,0,0,0,0,0.0,0.0,0.0,0.0,0.0,0.0,0.0
EVC2,,N/A,N/A,N/A,0,0,0,0,0,0.0,0.0,0.0,0.0,0.0,0.0,0.0
PI4K2B,,N/A,N/A,N/A,0,0,0,0,0,0.0,0.0,0.0,0.0,0.0,0.0,0.0
ZNF585B,,N/A,N/A,N/A,0,0,0,0,0,0.0,0.0,0.0,0.0,0.0,0.0,0.0
FOSL1,,N/A,N/A,N/A,0,0,0,0,0,0.0,0.0,0.0,0.0,0.0,0.0,0.0
DGKG,,N/A,N/A,N/A,0,0,0,0,0,0.0,0.0,0.0,0.0,0.0,0.0,0.0
KIAA0513,,N/A,N/A,N/A,0,0,0,0,0,0.0,0.0,0.0,0.0,0.0,0.0,0.0
SDHAF2,,N/A,N/A,N/A,0,0,0,0,0,0.0,0.0,0.0,0.0,0.0,0.0,0.0
ATXN7L1,,N/A,N/A,N/A,0,0,0,0,0,0.0,0.0,0.0,0.0,0.0,0.0,0.0
ZHX3,,N/A,N/A,N/A,0,0,0,0,0,0.0,0.0,0.0,0.0,0.0,0.0,0.0
LTBP3,,N/A,N/A,N/A,0,0,0,0,0,0.0,0.0,0.0,0.0,0.0,0.0,0.0
ZFP1,,N/A,N/A,N/A,0,0,0,0,0,0.0,0.0,0.0,0.0,0.0,0.0,0.0
GSK3A,,N/A,N/A,N/A,0,0,0,0,0,0.0,0.0,0.0,0.0,0.0,0.0,0.0
GORAB,,N/A,N/A,N/A,0,0,0,0,0,0.0,0.0,0.0,0.0,0.0,0.0,0.0
RAB11FIP4,,N/A,N/A,N/A,0,0,0,0,0,0.0,0.0,0.0,0.0,0.0,0.0,0.0
PSIP1,,N/A,N/A,N/A,0,0,0,0,0,0.0,0.0,0.0,0.0,0.0,0.0,0.0
ALG10B,,N/A,N/A,N/A,0,0,0,0,0,0.0,0.0,0.0,0.0,0.0,0.0,0.0
DDA1,,N/A,N/A,N/A,0,0,0,0,0,0.0,0.0,0.0,0.0,0.0,0.0,0.0
CCP110,,N/A,N/A,N/A,0,0,0,0,0,0.0,0.0,0.0,0.0,0.0,0.0,0.0
FOXD1,,N/A,N/A,N/A,0,0,0,0,0,0.0,0.0,0.0,0.0,0.0,0.0,0.0
PRR3,,N/A,N/A,N/A,0,0,0,0,0,0.0,0.0,0.0,0.0,0.0,0.0,0.0
ZC3H10,,N/A,N/A,N/A,0,0,0,0,0,0.0,0.0,0.0,0.0,0.0,0.0,0.0
ANKRD27,,N/A,N/A,N/A,0,0,0,0,0,0.0,0.0,0.0,0.0,0.0,0.0,0.0
WWOX,,N/A,N/A,N/A,0,0,0,0,0,0.0,0.0,0.0,0.0,0.0,0.0,0.0
NLK,,N/A,N/A,N/A,0,0,0,0,0,0.0,0.0,0.0,0.0,0.0,0.0,0.0
TTC9C,,N/A,N/A,N/A,0,0,0,0,0,0.0,0.0,0.0,0.0,0.0,0.0,0.0
TTC32,,N/A,N/A,N/A,0,0,0,0,0,0.0,0.0,0.0,0.0,0.0,0.0,0.0
IL1R2,,N/A,N/A,N/A,0,0,0,0,0,0.0,0.0,0.0,0.0,0.0,0.0,0.0
COX20,,N/A,N/A,N/A,0,0,0,0,0,0.0,0.0,0.0,0.0,0.0,0.0,0.0
EXOSC10,,N/A,N/A,N/A,0,0,0,0,0,0.0,0.0,0.0,0.0,0.0,0.0,0.0
SMC2,,N/A,N/A,N/A,0,0,0,0,0,0.0,0.0,0.0,0.0,0.0,0.0,0.0
USP3,,N/A,N/A,N/A,0,0,0,0,0,0.0,0.0,0.0,0.0,0.0,0.0,0.0
CACNB4,,N/A,N/A,N/A,0,0,0,0,0,0.0,0.0,0.0,0.0,0.0,0.0,0.0
EID2,,N/A,N/A,N/A,0,0,0,0,0,0.0,0.0,0.0,0.0,0.0,0.0,0.0
GPATCH11,,N/A,N/A,N/A,0,0,0,0,0,0.0,0.0,0.0,0.0,0.0,0.0,0.0
EXOSC2,,N/A,N/A,N/A,0,0,0,0,0,0.0,0.0,0.0,0.0,0.0,0.0,0.0
GARNL3,,N/A,N/A,N/A,0,0,0,0,0,0.0,0.0,0.0,0.0,0.0,0.0,0.0
TRIP12,,N/A,N/A,N/A,0,0,0,0,0,0.0,0.0,0.0,0.0,0.0,0.0,0.0
RNF14,,N/A,N/A,N/A,0,0,0,0,0,0.0,0.0,0.0,0.0,0.0,0.0,0.0
MED19,,N/A,N/A,N/A,0,0,0,0,0,0.0,0.0,0.0,0.0,0.0,0.0,0.0
MAN1B1,,N/A,N/A,N/A,0,0,0,0,0,0.0,0.0,0.0,0.0,0.0,0.0,0.0
DPF3,,N/A,N/A,N/A,0,0,0,0,0,0.0,0.0,0.0,0.0,0.0,0.0,0.0
C1orf54,,N/A,N/A,N/A,0,0,0,0,0,0.0,0.0,0.0,0.0,0.0,0.0,0.0
IPO9-AS1,,N/A,N/A,N/A,0,0,0,0,0,0.0,0.0,0.0,0.0,0.0,0.0,0.0
FUBP3,,N/A,N/A,N/A,0,0,0,0,0,0.0,0.0,0.0,0.0,0.0,0.0,0.0
PCGF3,,N/A,N/A,N/A,0,0,0,0,0,0.0,0.0,0.0,0.0,0.0,0.0,0.0
CLASRP,,N/A,N/A,N/A,0,0,0,0,0,0.0,0.0,0.0,0.0,0.0,0.0,0.0
MLST8,,N/A,N/A,N/A,0,0,0,0,0,0.0,0.0,0.0,0.0,0.0,0.0,0.0
WDR41,,N/A,N/A,N/A,0,0,0,0,0,0.0,0.0,0.0,0.0,0.0,0.0,0.0
UBFD1,,N/A,N/A,N/A,0,0,0,0,0,0.0,0.0,0.0,0.0,0.0,0.0,0.0
NFKBIZ,,N/A,N/A,N/A,0,0,0,0,0,0.0,0.0,0.0,0.0,0.0,0.0,0.0
MARVELD1,,N/A,N/A,N/A,0,0,0,0,0,0.0,0.0,0.0,0.0,0.0,0.0,0.0
POLR1E,,N/A,N/A,N/A,0,0,0,0,0,0.0,0.0,0.0,0.0,0.0,0.0,0.0
SNX32,,N/A,N/A,N/A,0,0,0,0,0,0.0,0.0,0.0,0.0,0.0,0.0,0.0
IFRD2,,N/A,N/A,N/A,0,0,0,0,0,0.0,0.0,0.0,0.0,0.0,0.0,0.0
ACADS,,N/A,N/A,N/A,0,0,0,0,0,0.0,0.0,0.0,0.0,0.0,0.0,0.0
MOB1A,,N/A,N/A,N/A,0,0,0,0,0,0.0,0.0,0.0,0.0,0.0,0.0,0.0
POLD3,,N/A,N/A,N/A,0,0,0,0,0,0.0,0.0,0.0,0.0,0.0,0.0,0.0
ZNF330,,N/A,N/A,N/A,0,0,0,0,0,0.0,0.0,0.0,0.0,0.0,0.0,0.0
GBP1,,N/A,N/A,N/A,0,0,0,0,0,0.0,0.0,0.0,0.0,0.0,0.0,0.0
TRAPPC6A,,N/A,N/A,N/A,0,0,0,0,0,0.0,0.0,0.0,0.0,0.0,0.0,0.0
PDZK1,,N/A,N/A,N/A,0,0,0,0,0,0.0,0.0,0.0,0.0,0.0,0.0,0.0
CCDC93,,N/A,N/A,N/A,0,0,0,0,0,0.0,0.0,0.0,0.0,0.0,0.0,0.0
ELAC2,,N/A,N/A,N/A,0,0,0,0,0,0.0,0.0,0.0,0.0,0.0,0.0,0.0
WNT2B,,N/A,N/A,N/A,0,0,0,0,0,0.0,0.0,0.0,0.0,0.0,0.0,0.0
ZNF480,,N/A,N/A,N/A,0,0,0,0,0,0.0,0.0,0.0,0.0,0.0,0.0,0.0
RBFA,,N/A,N/A,N/A,0,0,0,0,0,0.0,0.0,0.0,0.0,0.0,0.0,0.0
SKA2,,N/A,N/A,N/A,0,0,0,0,0,0.0,0.0,0.0,0.0,0.0,0.0,0.0
SYT11,,N/A,N/A,N/A,0,0,0,0,0,0.0,0.0,0.0,0.0,0.0,0.0,0.0
ANKRD39,,N/A,N/A,N/A,0,0,0,0,0,0.0,0.0,0.0,0.0,0.0,0.0,0.0
TMPRSS13,,N/A,N/A,N/A,0,0,0,0,0,0.0,0.0,0.0,0.0,0.0,0.0,0.0
PRRT3-AS1,,N/A,N/A,N/A,0,0,0,0,0,0.0,0.0,0.0,0.0,0.0,0.0,0.0
ZNF664,,N/A,N/A,N/A,0,0,0,0,0,0.0,0.0,0.0,0.0,0.0,0.0,0.0
GOLGA8B,,N/A,N/A,N/A,0,0,0,0,0,0.0,0.0,0.0,0.0,0.0,0.0,0.0
KIF18B,,N/A,N/A,N/A,0,0,0,0,0,0.0,0.0,0.0,0.0,0.0,0.0,0.0
CPOX,,N/A,N/A,N/A,0,0,0,0,0,0.0,0.0,0.0,0.0,0.0,0.0,0.0
COA5,,N/A,N/A,N/A,0,0,0,0,0,0.0,0.0,0.0,0.0,0.0,0.0,0.0
TROAP,,N/A,N/A,N/A,0,0,0,0,0,0.0,0.0,0.0,0.0,0.0,0.0,0.0
CEP128,,N/A,N/A,N/A,0,0,0,0,0,0.0,0.0,0.0,0.0,0.0,0.0,0.0
PHF21A,,N/A,N/A,N/A,0,0,0,0,0,0.0,0.0,0.0,0.0,0.0,0.0,0.0
MEA1,,N/A,N/A,N/A,0,0,0,0,0,0.0,0.0,0.0,0.0,0.0,0.0,0.0
FRS3,,N/A,N/A,N/A,0,0,0,0,0,0.0,0.0,0.0,0.0,0.0,0.0,0.0
HECTD2,,N/A,N/A,N/A,0,0,0,0,0,0.0,0.0,0.0,0.0,0.0,0.0,0.0
SNHG12,,N/A,N/A,N/A,0,0,0,0,0,0.0,0.0,0.0,0.0,0.0,0.0,0.0
MBOAT1,,N/A,N/A,N/A,0,0,0,0,0,0.0,0.0,0.0,0.0,0.0,0.0,0.0
CLTB,,N/A,N/A,N/A,0,0,0,0,0,0.0,0.0,0.0,0.0,0.0,0.0,0.0
PIGK,,N/A,N/A,N/A,0,0,0,0,0,0.0,0.0,0.0,0.0,0.0,0.0,0.0
C9orf64,,N/A,N/A,N/A,0,0,0,0,0,0.0,0.0,0.0,0.0,0.0,0.0,0.0
MCPH1,,N/A,N/A,N/A,0,0,0,0,0,0.0,0.0,0.0,0.0,0.0,0.0,0.0
C1orf112,,N/A,N/A,N/A,0,0,0,0,0,0.0,0.0,0.0,0.0,0.0,0.0,0.0
SNRK,,N/A,N/A,N/A,0,0,0,0,0,0.0,0.0,0.0,0.0,0.0,0.0,0.0
LCP1,,N/A,N/A,N/A,0,0,0,0,0,0.0,0.0,0.0,0.0,0.0,0.0,0.0
JUP,,N/A,N/A,N/A,0,0,0,0,0,0.0,0.0,0.0,0.0,0.0,0.0,0.0
ZNF614,,N/A,N/A,N/A,0,0,0,0,0,0.0,0.0,0.0,0.0,0.0,0.0,0.0
RFTN1,,N/A,N/A,N/A,0,0,0,0,0,0.0,0.0,0.0,0.0,0.0,0.0,0.0
EIF1B,,N/A,N/A,N/A,0,0,0,0,0,0.0,0.0,0.0,0.0,0.0,0.0,0.0
ZCCHC7,,N/A,N/A,N/A,0,0,0,0,0,0.0,0.0,0.0,0.0,0.0,0.0,0.0
LMTK2,,N/A,N/A,N/A,0,0,0,0,0,0.0,0.0,0.0,0.0,0.0,0.0,0.0
SH3KBP1,,N/A,N/A,N/A,0,0,0,0,0,0.0,0.0,0.0,0.0,0.0,0.0,0.0
C18orf54,,N/A,N/A,N/A,0,0,0,0,0,0.0,0.0,0.0,0.0,0.0,0.0,0.0
SETD5,,N/A,N/A,N/A,0,0,0,0,0,0.0,0.0,0.0,0.0,0.0,0.0,0.0
LIN9,,N/A,N/A,N/A,0,0,0,0,0,0.0,0.0,0.0,0.0,0.0,0.0,0.0
DHRS3,,N/A,N/A,N/A,0,0,0,0,0,0.0,0.0,0.0,0.0,0.0,0.0,0.0
KCNIP2-AS1,,N/A,N/A,N/A,0,0,0,0,0,0.0,0.0,0.0,0.0,0.0,0.0,0.0
NDUFA4L2,,N/A,N/A,N/A,0,0,0,0,0,0.0,0.0,0.0,0.0,0.0,0.0,0.0
TESC,,N/A,N/A,N/A,0,0,0,0,0,0.0,0.0,0.0,0.0,0.0,0.0,0.0
LSAMP,,N/A,N/A,N/A,0,0,0,0,0,0.0,0.0,0.0,0.0,0.0,0.0,0.0
C2CD2,,N/A,N/A,N/A,0,0,0,0,0,0.0,0.0,0.0,0.0,0.0,0.0,0.0
MCOLN3,,N/A,N/A,N/A,0,0,0,0,0,0.0,0.0,0.0,0.0,0.0,0.0,0.0
LTB4R,,N/A,N/A,N/A,0,0,0,0,0,0.0,0.0,0.0,0.0,0.0,0.0,0.0
VRK3,,N/A,N/A,N/A,0,0,0,0,0,0.0,0.0,0.0,0.0,0.0,0.0,0.0
RGL3,,N/A,N/A,N/A,0,0,0,0,0,0.0,0.0,0.0,0.0,0.0,0.0,0.0
COQ7,,N/A,N/A,N/A,0,0,0,0,0,0.0,0.0,0.0,0.0,0.0,0.0,0.0
ANKHD1,,N/A,N/A,N/A,0,0,0,0,0,0.0,0.0,0.0,0.0,0.0,0.0,0.0
OCEL1,,N/A,N/A,N/A,0,0,0,0,0,0.0,0.0,0.0,0.0,0.0,0.0,0.0
AMOTL1,,N/A,N/A,N/A,0,0,0,0,0,0.0,0.0,0.0,0.0,0.0,0.0,0.0
TAF6L,,N/A,N/A,N/A,0,0,0,0,0,0.0,0.0,0.0,0.0,0.0,0.0,0.0
FXYD3,,N/A,N/A,N/A,0,0,0,0,0,0.0,0.0,0.0,0.0,0.0,0.0,0.0
NDUFAF1,,N/A,N/A,N/A,0,0,0,0,0,0.0,0.0,0.0,0.0,0.0,0.0,0.0
FBXO10,,N/A,N/A,N/A,0,0,0,0,0,0.0,0.0,0.0,0.0,0.0,0.0,0.0
CLSTN1,,N/A,N/A,N/A,0,0,0,0,0,0.0,0.0,0.0,0.0,0.0,0.0,0.0
MCTP1,,N/A,N/A,N/A,0,0,0,0,0,0.0,0.0,0.0,0.0,0.0,0.0,0.0
TAPT1-AS1,,N/A,N/A,N/A,0,0,0,0,0,0.0,0.0,0.0,0.0,0.0,0.0,0.0
NFKBID,,N/A,N/A,N/A,0,0,0,0,0,0.0,0.0,0.0,0.0,0.0,0.0,0.0
SNX14,,N/A,N/A,N/A,0,0,0,0,0,0.0,0.0,0.0,0.0,0.0,0.0,0.0
SARNP,,N/A,N/A,N/A,0,0,0,0,0,0.0,0.0,0.0,0.0,0.0,0.0,0.0
SLC7A5,,N/A,N/A,N/A,0,0,0,0,0,0.0,0.0,0.0,0.0,0.0,0.0,0.0
NUDT9,,N/A,N/A,N/A,0,0,0,0,0,0.0,0.0,0.0,0.0,0.0,0.0,0.0
RFX3,,N/A,N/A,N/A,0,0,0,0,0,0.0,0.0,0.0,0.0,0.0,0.0,0.0
UXT,,N/A,N/A,N/A,0,0,0,0,0,0.0,0.0,0.0,0.0,0.0,0.0,0.0
PDPK1,,N/A,N/A,N/A,0,0,0,0,0,0.0,0.0,0.0,0.0,0.0,0.0,0.0
ZNF726,,N/A,N/A,N/A,0,0,0,0,0,0.0,0.0,0.0,0.0,0.0,0.0,0.0
ATP1B3,,N/A,N/A,N/A,0,0,0,0,0,0.0,0.0,0.0,0.0,0.0,0.0,0.0
BCL11B,,N/A,N/A,N/A,0,0,0,0,0,0.0,0.0,0.0,0.0,0.0,0.0,0.0
YPEL1,,N/A,N/A,N/A,0,0,0,0,0,0.0,0.0,0.0,0.0,0.0,0.0,0.0
RB1CC1,,N/A,N/A,N/A,0,0,0,0,0,0.0,0.0,0.0,0.0,0.0,0.0,0.0
SCAPER,,N/A,N/A,N/A,0,0,0,0,0,0.0,0.0,0.0,0.0,0.0,0.0,0.0
SF3B3,,N/A,N/A,N/A,0,0,0,0,0,0.0,0.0,0.0,0.0,0.0,0.0,0.0
KDM5C,,N/A,N/A,N/A,0,0,0,0,0,0.0,0.0,0.0,0.0,0.0,0.0,0.0
CCDC18,,N/A,N/A,N/A,0,0,0,0,0,0.0,0.0,0.0,0.0,0.0,0.0,0.0
B4GALNT4,,N/A,N/A,N/A,0,0,0,0,0,0.0,0.0,0.0,0.0,0.0,0.0,0.0
CNTD1,,N/A,N/A,N/A,0,0,0,0,0,0.0,0.0,0.0,0.0,0.0,0.0,0.0
YOD1,,N/A,N/A,N/A,0,0,0,0,0,0.0,0.0,0.0,0.0,0.0,0.0,0.0
CATSPERG,,N/A,N/A,N/A,0,0,0,0,0,0.0,0.0,0.0,0.0,0.0,0.0,0.0
HOXB7,,N/A,N/A,N/A,0,0,0,0,0,0.0,0.0,0.0,0.0,0.0,0.0,0.0
ZNF777,,N/A,N/A,N/A,0,0,0,0,0,0.0,0.0,0.0,0.0,0.0,0.0,0.0
RNF103,,N/A,N/A,N/A,0,0,0,0,0,0.0,0.0,0.0,0.0,0.0,0.0,0.0
RREB1,,N/A,N/A,N/A,0,0,0,0,0,0.0,0.0,0.0,0.0,0.0,0.0,0.0
ZNF618,,N/A,N/A,N/A,0,0,0,0,0,0.0,0.0,0.0,0.0,0.0,0.0,0.0
RIOK1,,N/A,N/A,N/A,0,0,0,0,0,0.0,0.0,0.0,0.0,0.0,0.0,0.0
DPM2,,N/A,N/A,N/A,0,0,0,0,0,0.0,0.0,0.0,0.0,0.0,0.0,0.0
ZNF184,,N/A,N/A,N/A,0,0,0,0,0,0.0,0.0,0.0,0.0,0.0,0.0,0.0
MZT1,,N/A,N/A,N/A,0,0,0,0,0,0.0,0.0,0.0,0.0,0.0,0.0,0.0
POLR2J2,,N/A,N/A,N/A,0,0,0,0,0,0.0,0.0,0.0,0.0,0.0,0.0,0.0
HMGCL,,N/A,N/A,N/A,0,0,0,0,0,0.0,0.0,0.0,0.0,0.0,0.0,0.0
INPP5A,,N/A,N/A,N/A,0,0,0,0,0,0.0,0.0,0.0,0.0,0.0,0.0,0.0
BCAR1,,N/A,N/A,N/A,0,0,0,0,0,0.0,0.0,0.0,0.0,0.0,0.0,0.0
UBB,,N/A,N/A,N/A,0,0,0,0,0,0.0,0.0,0.0,0.0,0.0,0.0,0.0
KIAA0586,,N/A,N/A,N/A,0,0,0,0,0,0.0,0.0,0.0,0.0,0.0,0.0,0.0
ZNF846,,N/A,N/A,N/A,0,0,0,0,0,0.0,0.0,0.0,0.0,0.0,0.0,0.0
GBF1,,N/A,N/A,N/A,0,0,0,0,0,0.0,0.0,0.0,0.0,0.0,0.0,0.0
THNSL2,,N/A,N/A,N/A,0,0,0,0,0,0.0,0.0,0.0,0.0,0.0,0.0,0.0
ADAT2,,N/A,N/A,N/A,0,0,0,0,0,0.0,0.0,0.0,0.0,0.0,0.0,0.0
HSPA14,,N/A,N/A,N/A,0,0,0,0,0,0.0,0.0,0.0,0.0,0.0,0.0,0.0
SLC25A26,,N/A,N/A,N/A,0,0,0,0,0,0.0,0.0,0.0,0.0,0.0,0.0,0.0
ZBTB34,,N/A,N/A,N/A,0,0,0,0,0,0.0,0.0,0.0,0.0,0.0,0.0,0.0
RPS27L,,N/A,N/A,N/A,0,0,0,0,0,0.0,0.0,0.0,0.0,0.0,0.0,0.0
TSPAN31,,N/A,N/A,N/A,0,0,0,0,0,0.0,0.0,0.0,0.0,0.0,0.0,0.0
HMGN5,,N/A,N/A,N/A,0,0,0,0,0,0.0,0.0,0.0,0.0,0.0,0.0,0.0
RALGPS2,,N/A,N/A,N/A,0,0,0,0,0,0.0,0.0,0.0,0.0,0.0,0.0,0.0
ZBTB8OS,,N/A,N/A,N/A,0,0,0,0,0,0.0,0.0,0.0,0.0,0.0,0.0,0.0
ABHD3,,N/A,N/A,N/A,0,0,0,0,0,0.0,0.0,0.0,0.0,0.0,0.0,0.0
NACA2,,N/A,N/A,N/A,0,0,0,0,0,0.0,0.0,0.0,0.0,0.0,0.0,0.0
TIPIN,,N/A,N/A,N/A,0,0,0,0,0,0.0,0.0,0.0,0.0,0.0,0.0,0.0
TNFAIP2,,N/A,N/A,N/A,0,0,0,0,0,0.0,0.0,0.0,0.0,0.0,0.0,0.0
SRSF1,,N/A,N/A,N/A,0,0,0,0,0,0.0,0.0,0.0,0.0,0.0,0.0,0.0
PHLDB1,,N/A,N/A,N/A,0,0,0,0,0,0.0,0.0,0.0,0.0,0.0,0.0,0.0
CLTA,,N/A,N/A,N/A,0,0,0,0,0,0.0,0.0,0.0,0.0,0.0,0.0,0.0
DERL1,,N/A,N/A,N/A,0,0,0,0,0,0.0,0.0,0.0,0.0,0.0,0.0,0.0
ZBTB8A,,N/A,N/A,N/A,0,0,0,0,0,0.0,0.0,0.0,0.0,0.0,0.0,0.0
DDHD1,,N/A,N/A,N/A,0,0,0,0,0,0.0,0.0,0.0,0.0,0.0,0.0,0.0
TRMT44,,N/A,N/A,N/A,0,0,0,0,0,0.0,0.0,0.0,0.0,0.0,0.0,0.0
ARHGEF7,,N/A,N/A,N/A,0,0,0,0,0,0.0,0.0,0.0,0.0,0.0,0.0,0.0
B4GALT1,,N/A,N/A,N/A,0,0,0,0,0,0.0,0.0,0.0,0.0,0.0,0.0,0.0
ASB13,,N/A,N/A,N/A,0,0,0,0,0,0.0,0.0,0.0,0.0,0.0,0.0,0.0
FAM161B,,N/A,N/A,N/A,0,0,0,0,0,0.0,0.0,0.0,0.0,0.0,0.0,0.0
ARPC2,,N/A,N/A,N/A,0,0,0,0,0,0.0,0.0,0.0,0.0,0.0,0.0,0.0
RELL2,,N/A,N/A,N/A,0,0,0,0,0,0.0,0.0,0.0,0.0,0.0,0.0,0.0
COPS8,,N/A,N/A,N/A,0,0,0,0,0,0.0,0.0,0.0,0.0,0.0,0.0,0.0
NAGK,,N/A,N/A,N/A,0,0,0,0,0,0.0,0.0,0.0,0.0,0.0,0.0,0.0
ABCB8,,N/A,N/A,N/A,0,0,0,0,0,0.0,0.0,0.0,0.0,0.0,0.0,0.0
SPATS2,,N/A,N/A,N/A,0,0,0,0,0,0.0,0.0,0.0,0.0,0.0,0.0,0.0
KATNAL1,,N/A,N/A,N/A,0,0,0,0,0,0.0,0.0,0.0,0.0,0.0,0.0,0.0
ZRANB2,,N/A,N/A,N/A,0,0,0,0,0,0.0,0.0,0.0,0.0,0.0,0.0,0.0
SP110,,N/A,N/A,N/A,0,0,0,0,0,0.0,0.0,0.0,0.0,0.0,0.0,0.0
AGFG2,,N/A,N/A,N/A,0,0,0,0,0,0.0,0.0,0.0,0.0,0.0,0.0,0.0
ABHD17B,,N/A,N/A,N/A,0,0,0,0,0,0.0,0.0,0.0,0.0,0.0,0.0,0.0
RABGGTB,,N/A,N/A,N/A,0,0,0,0,0,0.0,0.0,0.0,0.0,0.0,0.0,0.0
NME7,,N/A,N/A,N/A,0,0,0,0,0,0.0,0.0,0.0,0.0,0.0,0.0,0.0
RAPGEFL1,,N/A,N/A,N/A,0,0,0,0,0,0.0,0.0,0.0,0.0,0.0,0.0,0.0
ENGASE,,N/A,N/A,N/A,0,0,0,0,0,0.0,0.0,0.0,0.0,0.0,0.0,0.0
SLU7,,N/A,N/A,N/A,0,0,0,0,0,0.0,0.0,0.0,0.0,0.0,0.0,0.0
ZNF12,,N/A,N/A,N/A,0,0,0,0,0,0.0,0.0,0.0,0.0,0.0,0.0,0.0
PCNP,,N/A,N/A,N/A,0,0,0,0,0,0.0,0.0,0.0,0.0,0.0,0.0,0.0
PSMD12,,N/A,N/A,N/A,0,0,0,0,0,0.0,0.0,0.0,0.0,0.0,0.0,0.0
BDP1,,N/A,N/A,N/A,0,0,0,0,0,0.0,0.0,0.0,0.0,0.0,0.0,0.0
SQLE,,N/A,N/A,N/A,0,0,0,0,0,0.0,0.0,0.0,0.0,0.0,0.0,0.0
BOLA2B,,N/A,N/A,N/A,0,0,0,0,0,0.0,0.0,0.0,0.0,0.0,0.0,0.0
ETV5,,N/A,N/A,N/A,0,0,0,0,0,0.0,0.0,0.0,0.0,0.0,0.0,0.0
NCKAP5L,,N/A,N/A,N/A,0,0,0,0,0,0.0,0.0,0.0,0.0,0.0,0.0,0.0
CNKSR1,,N/A,N/A,N/A,0,0,0,0,0,0.0,0.0,0.0,0.0,0.0,0.0,0.0
XPNPEP1,,N/A,N/A,N/A,0,0,0,0,0,0.0,0.0,0.0,0.0,0.0,0.0,0.0
HERC4,,N/A,N/A,N/A,0,0,0,0,0,0.0,0.0,0.0,0.0,0.0,0.0,0.0
ZNF700,,N/A,N/A,N/A,0,0,0,0,0,0.0,0.0,0.0,0.0,0.0,0.0,0.0
KAT8,,N/A,N/A,N/A,0,0,0,0,0,0.0,0.0,0.0,0.0,0.0,0.0,0.0
FYCO1,,N/A,N/A,N/A,0,0,0,0,0,0.0,0.0,0.0,0.0,0.0,0.0,0.0
FGFR1OP2,,N/A,N/A,N/A,0,0,0,0,0,0.0,0.0,0.0,0.0,0.0,0.0,0.0
LRRC42,,N/A,N/A,N/A,0,0,0,0,0,0.0,0.0,0.0,0.0,0.0,0.0,0.0
SLC25A1,,N/A,N/A,N/A,0,0,0,0,0,0.0,0.0,0.0,0.0,0.0,0.0,0.0
UBE2O,,N/A,N/A,N/A,0,0,0,0,0,0.0,0.0,0.0,0.0,0.0,0.0,0.0
DNAL1,,N/A,N/A,N/A,0,0,0,0,0,0.0,0.0,0.0,0.0,0.0,0.0,0.0
SH3BP4,,N/A,N/A,N/A,0,0,0,0,0,0.0,0.0,0.0,0.0,0.0,0.0,0.0
SCLT1,,N/A,N/A,N/A,0,0,0,0,0,0.0,0.0,0.0,0.0,0.0,0.0,0.0
PBXIP1,,N/A,N/A,N/A,0,0,0,0,0,0.0,0.0,0.0,0.0,0.0,0.0,0.0
WNK3,,N/A,N/A,N/A,0,0,0,0,0,0.0,0.0,0.0,0.0,0.0,0.0,0.0
IBTK,,N/A,N/A,N/A,0,0,0,0,0,0.0,0.0,0.0,0.0,0.0,0.0,0.0
VPS4B,,N/A,N/A,N/A,0,0,0,0,0,0.0,0.0,0.0,0.0,0.0,0.0,0.0
DNAJC11,,N/A,N/A,N/A,0,0,0,0,0,0.0,0.0,0.0,0.0,0.0,0.0,0.0
RAB11A,,N/A,N/A,N/A,0,0,0,0,0,0.0,0.0,0.0,0.0,0.0,0.0,0.0
ATP9A,,N/A,N/A,N/A,0,0,0,0,0,0.0,0.0,0.0,0.0,0.0,0.0,0.0
LRRN4CL,,N/A,N/A,N/A,0,0,0,0,0,0.0,0.0,0.0,0.0,0.0,0.0,0.0
MRPS2,,N/A,N/A,N/A,0,0,0,0,0,0.0,0.0,0.0,0.0,0.0,0.0,0.0
AUP1,,N/A,N/A,N/A,0,0,0,0,0,0.0,0.0,0.0,0.0,0.0,0.0,0.0
EIF1AY,,N/A,N/A,N/A,0,0,0,0,0,0.0,0.0,0.0,0.0,0.0,0.0,0.0
TEAD3,,N/A,N/A,N/A,0,0,0,0,0,0.0,0.0,0.0,0.0,0.0,0.0,0.0
HNRNPUL1,,N/A,N/A,N/A,0,0,0,0,0,0.0,0.0,0.0,0.0,0.0,0.0,0.0
AATK,,N/A,N/A,N/A,0,0,0,0,0,0.0,0.0,0.0,0.0,0.0,0.0,0.0
MCMDC2,,N/A,N/A,N/A,0,0,0,0,0,0.0,0.0,0.0,0.0,0.0,0.0,0.0
LENG1,,N/A,N/A,N/A,0,0,0,0,0,0.0,0.0,0.0,0.0,0.0,0.0,0.0
STARD10,,N/A,N/A,N/A,0,0,0,0,0,0.0,0.0,0.0,0.0,0.0,0.0,0.0
HACE1,,N/A,N/A,N/A,0,0,0,0,0,0.0,0.0,0.0,0.0,0.0,0.0,0.0
MKRN2,,N/A,N/A,N/A,0,0,0,0,0,0.0,0.0,0.0,0.0,0.0,0.0,0.0
ZNF292,,N/A,N/A,N/A,0,0,0,0,0,0.0,0.0,0.0,0.0,0.0,0.0,0.0
CIZ1,,N/A,N/A,N/A,0,0,0,0,0,0.0,0.0,0.0,0.0,0.0,0.0,0.0
SCP2,,N/A,N/A,N/A,0,0,0,0,0,0.0,0.0,0.0,0.0,0.0,0.0,0.0
TSIX,,N/A,N/A,N/A,0,0,0,0,0,0.0,0.0,0.0,0.0,0.0,0.0,0.0
LCLAT1,,N/A,N/A,N/A,0,0,0,0,0,0.0,0.0,0.0,0.0,0.0,0.0,0.0
MIEF2,,N/A,N/A,N/A,0,0,0,0,0,0.0,0.0,0.0,0.0,0.0,0.0,0.0
HSD17B4,,N/A,N/A,N/A,0,0,0,0,0,0.0,0.0,0.0,0.0,0.0,0.0,0.0
DCAKD,,N/A,N/A,N/A,0,0,0,0,0,0.0,0.0,0.0,0.0,0.0,0.0,0.0
OSGEP,,N/A,N/A,N/A,0,0,0,0,0,0.0,0.0,0.0,0.0,0.0,0.0,0.0
ZNF763,,N/A,N/A,N/A,0,0,0,0,0,0.0,0.0,0.0,0.0,0.0,0.0,0.0
KYNU,,N/A,N/A,N/A,0,0,0,0,0,0.0,0.0,0.0,0.0,0.0,0.0,0.0
UBQLN1,,N/A,N/A,N/A,0,0,0,0,0,0.0,0.0,0.0,0.0,0.0,0.0,0.0
ZNF275,,N/A,N/A,N/A,0,0,0,0,0,0.0,0.0,0.0,0.0,0.0,0.0,0.0
TUBB4B,,N/A,N/A,N/A,0,0,0,0,0,0.0,0.0,0.0,0.0,0.0,0.0,0.0
GRSF1,,N/A,N/A,N/A,0,0,0,0,0,0.0,0.0,0.0,0.0,0.0,0.0,0.0
VPS39,,N/A,N/A,N/A,0,0,0,0,0,0.0,0.0,0.0,0.0,0.0,0.0,0.0
SNHG8,,N/A,N/A,N/A,0,0,0,0,0,0.0,0.0,0.0,0.0,0.0,0.0,0.0
PRR14,,N/A,N/A,N/A,0,0,0,0,0,0.0,0.0,0.0,0.0,0.0,0.0,0.0
RAB30,,N/A,N/A,N/A,0,0,0,0,0,0.0,0.0,0.0,0.0,0.0,0.0,0.0
ZNF592,,N/A,N/A,N/A,0,0,0,0,0,0.0,0.0,0.0,0.0,0.0,0.0,0.0
SIPA1,,N/A,N/A,N/A,0,0,0,0,0,0.0,0.0,0.0,0.0,0.0,0.0,0.0
ZNF749,,N/A,N/A,N/A,0,0,0,0,0,0.0,0.0,0.0,0.0,0.0,0.0,0.0
CCDC13,,N/A,N/A,N/A,0,0,0,0,0,0.0,0.0,0.0,0.0,0.0,0.0,0.0
KLHL25,,N/A,N/A,N/A,0,0,0,0,0,0.0,0.0,0.0,0.0,0.0,0.0,0.0
AIFM2,,N/A,N/A,N/A,0,0,0,0,0,0.0,0.0,0.0,0.0,0.0,0.0,0.0
PAFAH1B2,,N/A,N/A,N/A,0,0,0,0,0,0.0,0.0,0.0,0.0,0.0,0.0,0.0
KMT2E-AS1,,N/A,N/A,N/A,0,0,0,0,0,0.0,0.0,0.0,0.0,0.0,0.0,0.0
LIPE-AS1,,N/A,N/A,N/A,0,0,0,0,0,0.0,0.0,0.0,0.0,0.0,0.0,0.0
TGDS,,N/A,N/A,N/A,0,0,0,0,0,0.0,0.0,0.0,0.0,0.0,0.0,0.0
OAS3,,N/A,N/A,N/A,0,0,0,0,0,0.0,0.0,0.0,0.0,0.0,0.0,0.0
NXT2,,N/A,N/A,N/A,0,0,0,0,0,0.0,0.0,0.0,0.0,0.0,0.0,0.0
EIF5,,N/A,N/A,N/A,0,0,0,0,0,0.0,0.0,0.0,0.0,0.0,0.0,0.0
PUS7,,N/A,N/A,N/A,0,0,0,0,0,0.0,0.0,0.0,0.0,0.0,0.0,0.0
PLXND1,,N/A,N/A,N/A,0,0,0,0,0,0.0,0.0,0.0,0.0,0.0,0.0,0.0
PRKX,,N/A,N/A,N/A,0,0,0,0,0,0.0,0.0,0.0,0.0,0.0,0.0,0.0
STK10,,N/A,N/A,N/A,0,0,0,0,0,0.0,0.0,0.0,0.0,0.0,0.0,0.0
NGDN,,N/A,N/A,N/A,0,0,0,0,0,0.0,0.0,0.0,0.0,0.0,0.0,0.0
THAP7-AS1,,N/A,N/A,N/A,0,0,0,0,0,0.0,0.0,0.0,0.0,0.0,0.0,0.0
CDKAL1,,N/A,N/A,N/A,0,0,0,0,0,0.0,0.0,0.0,0.0,0.0,0.0,0.0
TMED3,,N/A,N/A,N/A,0,0,0,0,0,0.0,0.0,0.0,0.0,0.0,0.0,0.0
DCLRE1A,,N/A,N/A,N/A,0,0,0,0,0,0.0,0.0,0.0,0.0,0.0,0.0,0.0
TUG1,,N/A,N/A,N/A,0,0,0,0,0,0.0,0.0,0.0,0.0,0.0,0.0,0.0
DSTN,,N/A,N/A,N/A,0,0,0,0,0,0.0,0.0,0.0,0.0,0.0,0.0,0.0
ZNF268,,N/A,N/A,N/A,0,0,0,0,0,0.0,0.0,0.0,0.0,0.0,0.0,0.0
PAIP2B,,N/A,N/A,N/A,0,0,0,0,0,0.0,0.0,0.0,0.0,0.0,0.0,0.0
RAB11FIP5,,N/A,N/A,N/A,0,0,0,0,0,0.0,0.0,0.0,0.0,0.0,0.0,0.0
SLC35A1,,N/A,N/A,N/A,0,0,0,0,0,0.0,0.0,0.0,0.0,0.0,0.0,0.0
MCAM,,N/A,N/A,N/A,0,0,0,0,0,0.0,0.0,0.0,0.0,0.0,0.0,0.0
CDC20,,N/A,N/A,N/A,0,0,0,0,0,0.0,0.0,0.0,0.0,0.0,0.0,0.0
NME4,,N/A,N/A,N/A,0,0,0,0,0,0.0,0.0,0.0,0.0,0.0,0.0,0.0
DBF4B,,N/A,N/A,N/A,0,0,0,0,0,0.0,0.0,0.0,0.0,0.0,0.0,0.0
ZNF805,,N/A,N/A,N/A,0,0,0,0,0,0.0,0.0,0.0,0.0,0.0,0.0,0.0
KIF2C,,N/A,N/A,N/A,0,0,0,0,0,0.0,0.0,0.0,0.0,0.0,0.0,0.0
KIF9,,N/A,N/A,N/A,0,0,0,0,0,0.0,0.0,0.0,0.0,0.0,0.0,0.0
ETFDH,,N/A,N/A,N/A,0,0,0,0,0,0.0,0.0,0.0,0.0,0.0,0.0,0.0
THAP4,,N/A,N/A,N/A,0,0,0,0,0,0.0,0.0,0.0,0.0,0.0,0.0,0.0
CCDC85C,,N/A,N/A,N/A,0,0,0,0,0,0.0,0.0,0.0,0.0,0.0,0.0,0.0
POFUT2,,N/A,N/A,N/A,0,0,0,0,0,0.0,0.0,0.0,0.0,0.0,0.0,0.0
TNPO1,,N/A,N/A,N/A,0,0,0,0,0,0.0,0.0,0.0,0.0,0.0,0.0,0.0
SKP1,,N/A,N/A,N/A,0,0,0,0,0,0.0,0.0,0.0,0.0,0.0,0.0,0.0
SUMO2,,N/A,N/A,N/A,0,0,0,0,0,0.0,0.0,0.0,0.0,0.0,0.0,0.0
SUV39H2,,N/A,N/A,N/A,0,0,0,0,0,0.0,0.0,0.0,0.0,0.0,0.0,0.0
NUP205,,N/A,N/A,N/A,0,0,0,0,0,0.0,0.0,0.0,0.0,0.0,0.0,0.0
WDR24,,N/A,N/A,N/A,0,0,0,0,0,0.0,0.0,0.0,0.0,0.0,0.0,0.0
ARMC6,,N/A,N/A,N/A,0,0,0,0,0,0.0,0.0,0.0,0.0,0.0,0.0,0.0
WDSUB1,,N/A,N/A,N/A,0,0,0,0,0,0.0,0.0,0.0,0.0,0.0,0.0,0.0
MACF1,,N/A,N/A,N/A,0,0,0,0,0,0.0,0.0,0.0,0.0,0.0,0.0,0.0
PRPF3,,N/A,N/A,N/A,0,0,0,0,0,0.0,0.0,0.0,0.0,0.0,0.0,0.0
ZNF689,,N/A,N/A,N/A,0,0,0,0,0,0.0,0.0,0.0,0.0,0.0,0.0,0.0
ZMYM4,,N/A,N/A,N/A,0,0,0,0,0,0.0,0.0,0.0,0.0,0.0,0.0,0.0
KIF15,,N/A,N/A,N/A,0,0,0,0,0,0.0,0.0,0.0,0.0,0.0,0.0,0.0
ZNF317,,N/A,N/A,N/A,0,0,0,0,0,0.0,0.0,0.0,0.0,0.0,0.0,0.0
HLTF,,N/A,N/A,N/A,0,0,0,0,0,0.0,0.0,0.0,0.0,0.0,0.0,0.0
CTNNBIP1,,N/A,N/A,N/A,0,0,0,0,0,0.0,0.0,0.0,0.0,0.0,0.0,0.0
ESCO2,,N/A,N/A,N/A,0,0,0,0,0,0.0,0.0,0.0,0.0,0.0,0.0,0.0
ZNF383,,N/A,N/A,N/A,0,0,0,0,0,0.0,0.0,0.0,0.0,0.0,0.0,0.0
HNRNPLL,,N/A,N/A,N/A,0,0,0,0,0,0.0,0.0,0.0,0.0,0.0,0.0,0.0
EIF2AK2,,N/A,N/A,N/A,0,0,0,0,0,0.0,0.0,0.0,0.0,0.0,0.0,0.0
ARID4A,,N/A,N/A,N/A,0,0,0,0,0,0.0,0.0,0.0,0.0,0.0,0.0,0.0
LPIN3,,N/A,N/A,N/A,0,0,0,0,0,0.0,0.0,0.0,0.0,0.0,0.0,0.0
NR2C1,,N/A,N/A,N/A,0,0,0,0,0,0.0,0.0,0.0,0.0,0.0,0.0,0.0
PPP6C,,N/A,N/A,N/A,0,0,0,0,0,0.0,0.0,0.0,0.0,0.0,0.0,0.0
XRCC5,,N/A,N/A,N/A,0,0,0,0,0,0.0,0.0,0.0,0.0,0.0,0.0,0.0
MRPS25,,N/A,N/A,N/A,0,0,0,0,0,0.0,0.0,0.0,0.0,0.0,0.0,0.0
THG1L,,N/A,N/A,N/A,0,0,0,0,0,0.0,0.0,0.0,0.0,0.0,0.0,0.0
FAM219B,,N/A,N/A,N/A,0,0,0,0,0,0.0,0.0,0.0,0.0,0.0,0.0,0.0
CHPF2,,N/A,N/A,N/A,0,0,0,0,0,0.0,0.0,0.0,0.0,0.0,0.0,0.0
ZNF845,,N/A,N/A,N/A,0,0,0,0,0,0.0,0.0,0.0,0.0,0.0,0.0,0.0
TAB1,,N/A,N/A,N/A,0,0,0,0,0,0.0,0.0,0.0,0.0,0.0,0.0,0.0
PDCD11,,N/A,N/A,N/A,0,0,0,0,0,0.0,0.0,0.0,0.0,0.0,0.0,0.0
TMEM128,,N/A,N/A,N/A,0,0,0,0,0,0.0,0.0,0.0,0.0,0.0,0.0,0.0
SRP72,,N/A,N/A,N/A,0,0,0,0,0,0.0,0.0,0.0,0.0,0.0,0.0,0.0
TRAF3,,N/A,N/A,N/A,0,0,0,0,0,0.0,0.0,0.0,0.0,0.0,0.0,0.0
ZMYM6,,N/A,N/A,N/A,0,0,0,0,0,0.0,0.0,0.0,0.0,0.0,0.0,0.0
RPP38,,N/A,N/A,N/A,0,0,0,0,0,0.0,0.0,0.0,0.0,0.0,0.0,0.0
HAP1,,N/A,N/A,N/A,0,0,0,0,0,0.0,0.0,0.0,0.0,0.0,0.0,0.0
SCAMP4,,N/A,N/A,N/A,0,0,0,0,0,0.0,0.0,0.0,0.0,0.0,0.0,0.0
BIN3,,N/A,N/A,N/A,0,0,0,0,0,0.0,0.0,0.0,0.0,0.0,0.0,0.0
RNF31,,N/A,N/A,N/A,0,0,0,0,0,0.0,0.0,0.0,0.0,0.0,0.0,0.0
EML6,,N/A,N/A,N/A,0,0,0,0,0,0.0,0.0,0.0,0.0,0.0,0.0,0.0
CSGALNACT2,,N/A,N/A,N/A,0,0,0,0,0,0.0,0.0,0.0,0.0,0.0,0.0,0.0
NIPAL3,,N/A,N/A,N/A,0,0,0,0,0,0.0,0.0,0.0,0.0,0.0,0.0,0.0
LARP4B,,N/A,N/A,N/A,0,0,0,0,0,0.0,0.0,0.0,0.0,0.0,0.0,0.0
NIT2,,N/A,N/A,N/A,0,0,0,0,0,0.0,0.0,0.0,0.0,0.0,0.0,0.0
CDC42SE2,,N/A,N/A,N/A,0,0,0,0,0,0.0,0.0,0.0,0.0,0.0,0.0,0.0
PRPF39,,N/A,N/A,N/A,0,0,0,0,0,0.0,0.0,0.0,0.0,0.0,0.0,0.0
PSMD6,,N/A,N/A,N/A,0,0,0,0,0,0.0,0.0,0.0,0.0,0.0,0.0,0.0
SBF2,,N/A,N/A,N/A,0,0,0,0,0,0.0,0.0,0.0,0.0,0.0,0.0,0.0
TMEM135,,N/A,N/A,N/A,0,0,0,0,0,0.0,0.0,0.0,0.0,0.0,0.0,0.0
YIPF1,,N/A,N/A,N/A,0,0,0,0,0,0.0,0.0,0.0,0.0,0.0,0.0,0.0
CNNM4,,N/A,N/A,N/A,0,0,0,0,0,0.0,0.0,0.0,0.0,0.0,0.0,0.0
CCT5,,N/A,N/A,N/A,0,0,0,0,0,0.0,0.0,0.0,0.0,0.0,0.0,0.0
B3GAT1,,N/A,N/A,N/A,0,0,0,0,0,0.0,0.0,0.0,0.0,0.0,0.0,0.0
BFSP1,,N/A,N/A,N/A,0,0,0,0,0,0.0,0.0,0.0,0.0,0.0,0.0,0.0
TCERG1,,N/A,N/A,N/A,0,0,0,0,0,0.0,0.0,0.0,0.0,0.0,0.0,0.0
YPEL5,,N/A,N/A,N/A,0,0,0,0,0,0.0,0.0,0.0,0.0,0.0,0.0,0.0
OXR1,,N/A,N/A,N/A,0,0,0,0,0,0.0,0.0,0.0,0.0,0.0,0.0,0.0
SNX11,,N/A,N/A,N/A,0,0,0,0,0,0.0,0.0,0.0,0.0,0.0,0.0,0.0
CAMK4,,N/A,N/A,N/A,0,0,0,0,0,0.0,0.0,0.0,0.0,0.0,0.0,0.0
WDR54,,N/A,N/A,N/A,0,0,0,0,0,0.0,0.0,0.0,0.0,0.0,0.0,0.0
ZNF354A,,N/A,N/A,N/A,0,0,0,0,0,0.0,0.0,0.0,0.0,0.0,0.0,0.0
ST6GALNAC3,,N/A,N/A,N/A,0,0,0,0,0,0.0,0.0,0.0,0.0,0.0,0.0,0.0
ALDH3B1,,N/A,N/A,N/A,0,0,0,0,0,0.0,0.0,0.0,0.0,0.0,0.0,0.0
ARMC2,,N/A,N/A,N/A,0,0,0,0,0,0.0,0.0,0.0,0.0,0.0,0.0,0.0
RMND5A,,N/A,N/A,N/A,0,0,0,0,0,0.0,0.0,0.0,0.0,0.0,0.0,0.0
TMEM80,,N/A,N/A,N/A,0,0,0,0,0,0.0,0.0,0.0,0.0,0.0,0.0,0.0
LRCH4,,N/A,N/A,N/A,0,0,0,0,0,0.0,0.0,0.0,0.0,0.0,0.0,0.0
RBM15,,N/A,N/A,N/A,0,0,0,0,0,0.0,0.0,0.0,0.0,0.0,0.0,0.0
OXCT1,,N/A,N/A,N/A,0,0,0,0,0,0.0,0.0,0.0,0.0,0.0,0.0,0.0
C2orf74,,N/A,N/A,N/A,0,0,0,0,0,0.0,0.0,0.0,0.0,0.0,0.0,0.0
NCDN,,N/A,N/A,N/A,0,0,0,0,0,0.0,0.0,0.0,0.0,0.0,0.0,0.0
TUBB2B,,N/A,N/A,N/A,0,0,0,0,0,0.0,0.0,0.0,0.0,0.0,0.0,0.0
TEP1,,N/A,N/A,N/A,0,0,0,0,0,0.0,0.0,0.0,0.0,0.0,0.0,0.0
DYNC1I1,,N/A,N/A,N/A,0,0,0,0,0,0.0,0.0,0.0,0.0,0.0,0.0,0.0
NKD1,,N/A,N/A,N/A,0,0,0,0,0,0.0,0.0,0.0,0.0,0.0,0.0,0.0
FAM174A,,N/A,N/A,N/A,0,0,0,0,0,0.0,0.0,0.0,0.0,0.0,0.0,0.0
CLASP2,,N/A,N/A,N/A,0,0,0,0,0,0.0,0.0,0.0,0.0,0.0,0.0,0.0
MANBA,,N/A,N/A,N/A,0,0,0,0,0,0.0,0.0,0.0,0.0,0.0,0.0,0.0
NCKIPSD,,N/A,N/A,N/A,0,0,0,0,0,0.0,0.0,0.0,0.0,0.0,0.0,0.0
LUC7L2,,N/A,N/A,N/A,0,0,0,0,0,0.0,0.0,0.0,0.0,0.0,0.0,0.0
NNMT,,N/A,N/A,N/A,0,0,0,0,0,0.0,0.0,0.0,0.0,0.0,0.0,0.0
TNRC6A,,N/A,N/A,N/A,0,0,0,0,0,0.0,0.0,0.0,0.0,0.0,0.0,0.0
ZNF225,,N/A,N/A,N/A,0,0,0,0,0,0.0,0.0,0.0,0.0,0.0,0.0,0.0
FAM83A,,N/A,N/A,N/A,0,0,0,0,0,0.0,0.0,0.0,0.0,0.0,0.0,0.0
CSTF3,,N/A,N/A,N/A,0,0,0,0,0,0.0,0.0,0.0,0.0,0.0,0.0,0.0
CMTM4,,N/A,N/A,N/A,0,0,0,0,0,0.0,0.0,0.0,0.0,0.0,0.0,0.0
TMED5,,N/A,N/A,N/A,0,0,0,0,0,0.0,0.0,0.0,0.0,0.0,0.0,0.0
ST8SIA1,,N/A,N/A,N/A,0,0,0,0,0,0.0,0.0,0.0,0.0,0.0,0.0,0.0
TRIQK,,N/A,N/A,N/A,0,0,0,0,0,0.0,0.0,0.0,0.0,0.0,0.0,0.0
PLCD4,,N/A,N/A,N/A,0,0,0,0,0,0.0,0.0,0.0,0.0,0.0,0.0,0.0
ME1,,N/A,N/A,N/A,0,0,0,0,0,0.0,0.0,0.0,0.0,0.0,0.0,0.0
APBB3,,N/A,N/A,N/A,0,0,0,0,0,0.0,0.0,0.0,0.0,0.0,0.0,0.0
NPIPB4,,N/A,N/A,N/A,0,0,0,0,0,0.0,0.0,0.0,0.0,0.0,0.0,0.0
CKS2,,N/A,N/A,N/A,0,0,0,0,0,0.0,0.0,0.0,0.0,0.0,0.0,0.0
ARHGAP5-AS1,,N/A,N/A,N/A,0,0,0,0,0,0.0,0.0,0.0,0.0,0.0,0.0,0.0
EMP3,,N/A,N/A,N/A,0,0,0,0,0,0.0,0.0,0.0,0.0,0.0,0.0,0.0
RAB3A,,N/A,N/A,N/A,0,0,0,0,0,0.0,0.0,0.0,0.0,0.0,0.0,0.0
SLC43A2,,N/A,N/A,N/A,0,0,0,0,0,0.0,0.0,0.0,0.0,0.0,0.0,0.0
ZYG11B,,N/A,N/A,N/A,0,0,0,0,0,0.0,0.0,0.0,0.0,0.0,0.0,0.0
SCIMP,,N/A,N/A,N/A,0,0,0,0,0,0.0,0.0,0.0,0.0,0.0,0.0,0.0
FARP2,,N/A,N/A,N/A,0,0,0,0,0,0.0,0.0,0.0,0.0,0.0,0.0,0.0
TMEM234,,N/A,N/A,N/A,0,0,0,0,0,0.0,0.0,0.0,0.0,0.0,0.0,0.0
FAM20C,,N/A,N/A,N/A,0,0,0,0,0,0.0,0.0,0.0,0.0,0.0,0.0,0.0
VAC14,,N/A,N/A,N/A,0,0,0,0,0,0.0,0.0,0.0,0.0,0.0,0.0,0.0
ABHD8,,N/A,N/A,N/A,0,0,0,0,0,0.0,0.0,0.0,0.0,0.0,0.0,0.0
SENP8,,N/A,N/A,N/A,0,0,0,0,0,0.0,0.0,0.0,0.0,0.0,0.0,0.0
ASPSCR1,,N/A,N/A,N/A,0,0,0,0,0,0.0,0.0,0.0,0.0,0.0,0.0,0.0
SPESP1,,N/A,N/A,N/A,0,0,0,0,0,0.0,0.0,0.0,0.0,0.0,0.0,0.0
NAT10,,N/A,N/A,N/A,0,0,0,0,0,0.0,0.0,0.0,0.0,0.0,0.0,0.0
NXPE3,,N/A,N/A,N/A,0,0,0,0,0,0.0,0.0,0.0,0.0,0.0,0.0,0.0
FBXO34,,N/A,N/A,N/A,0,0,0,0,0,0.0,0.0,0.0,0.0,0.0,0.0,0.0
YTHDF3,,N/A,N/A,N/A,0,0,0,0,0,0.0,0.0,0.0,0.0,0.0,0.0,0.0
SLC25A51,,N/A,N/A,N/A,0,0,0,0,0,0.0,0.0,0.0,0.0,0.0,0.0,0.0
GABARAPL1,,N/A,N/A,N/A,0,0,0,0,0,0.0,0.0,0.0,0.0,0.0,0.0,0.0
ATP8B1,,N/A,N/A,N/A,0,0,0,0,0,0.0,0.0,0.0,0.0,0.0,0.0,0.0
CROCC,,N/A,N/A,N/A,0,0,0,0,0,0.0,0.0,0.0,0.0,0.0,0.0,0.0
UPF1,,N/A,N/A,N/A,0,0,0,0,0,0.0,0.0,0.0,0.0,0.0,0.0,0.0
SYTL2,,N/A,N/A,N/A,0,0,0,0,0,0.0,0.0,0.0,0.0,0.0,0.0,0.0
FRG1,,N/A,N/A,N/A,0,0,0,0,0,0.0,0.0,0.0,0.0,0.0,0.0,0.0
PCYOX1L,,N/A,N/A,N/A,0,0,0,0,0,0.0,0.0,0.0,0.0,0.0,0.0,0.0
ZNF207,,N/A,N/A,N/A,0,0,0,0,0,0.0,0.0,0.0,0.0,0.0,0.0,0.0
ACAD8,,N/A,N/A,N/A,0,0,0,0,0,0.0,0.0,0.0,0.0,0.0,0.0,0.0
ACSL1,,N/A,N/A,N/A,0,0,0,0,0,0.0,0.0,0.0,0.0,0.0,0.0,0.0
ZNF557,,N/A,N/A,N/A,0,0,0,0,0,0.0,0.0,0.0,0.0,0.0,0.0,0.0
SNRPD3,,N/A,N/A,N/A,0,0,0,0,0,0.0,0.0,0.0,0.0,0.0,0.0,0.0
EFEMP2,,N/A,N/A,N/A,0,0,0,0,0,0.0,0.0,0.0,0.0,0.0,0.0,0.0
DIAPH3,,N/A,N/A,N/A,0,0,0,0,0,0.0,0.0,0.0,0.0,0.0,0.0,0.0
MITD1,,N/A,N/A,N/A,0,0,0,0,0,0.0,0.0,0.0,0.0,0.0,0.0,0.0
EMC6,,N/A,N/A,N/A,0,0,0,0,0,0.0,0.0,0.0,0.0,0.0,0.0,0.0
CDKL2,,N/A,N/A,N/A,0,0,0,0,0,0.0,0.0,0.0,0.0,0.0,0.0,0.0
KAT6B,,N/A,N/A,N/A,0,0,0,0,0,0.0,0.0,0.0,0.0,0.0,0.0,0.0
ATF5,,N/A,N/A,N/A,0,0,0,0,0,0.0,0.0,0.0,0.0,0.0,0.0,0.0
HAPLN3,,N/A,N/A,N/A,0,0,0,0,0,0.0,0.0,0.0,0.0,0.0,0.0,0.0
GMPPA,,N/A,N/A,N/A,0,0,0,0,0,0.0,0.0,0.0,0.0,0.0,0.0,0.0
SULT1A3,,N/A,N/A,N/A,0,0,0,0,0,0.0,0.0,0.0,0.0,0.0,0.0,0.0
MBD3,,N/A,N/A,N/A,0,0,0,0,0,0.0,0.0,0.0,0.0,0.0,0.0,0.0
LINC00944,,N/A,N/A,N/A,0,0,0,0,0,0.0,0.0,0.0,0.0,0.0,0.0,0.0
ERCC4,,N/A,N/A,N/A,0,0,0,0,0,0.0,0.0,0.0,0.0,0.0,0.0,0.0
SYCP3,,N/A,N/A,N/A,0,0,0,0,0,0.0,0.0,0.0,0.0,0.0,0.0,0.0
ATP8A2,,N/A,N/A,N/A,0,0,0,0,0,0.0,0.0,0.0,0.0,0.0,0.0,0.0
MAPKBP1,,N/A,N/A,N/A,0,0,0,0,0,0.0,0.0,0.0,0.0,0.0,0.0,0.0
NFYB,,N/A,N/A,N/A,0,0,0,0,0,0.0,0.0,0.0,0.0,0.0,0.0,0.0
TONSL,,N/A,N/A,N/A,0,0,0,0,0,0.0,0.0,0.0,0.0,0.0,0.0,0.0
SRPK2,,N/A,N/A,N/A,0,0,0,0,0,0.0,0.0,0.0,0.0,0.0,0.0,0.0
IFFO2,,N/A,N/A,N/A,0,0,0,0,0,0.0,0.0,0.0,0.0,0.0,0.0,0.0
MPHOSPH9,,N/A,N/A,N/A,0,0,0,0,0,0.0,0.0,0.0,0.0,0.0,0.0,0.0
ANKS1B,,N/A,N/A,N/A,0,0,0,0,0,0.0,0.0,0.0,0.0,0.0,0.0,0.0
C14orf119,,N/A,N/A,N/A,0,0,0,0,0,0.0,0.0,0.0,0.0,0.0,0.0,0.0
ING4,,N/A,N/A,N/A,0,0,0,0,0,0.0,0.0,0.0,0.0,0.0,0.0,0.0
DNAJC8,,N/A,N/A,N/A,0,0,0,0,0,0.0,0.0,0.0,0.0,0.0,0.0,0.0
ARPC3,,N/A,N/A,N/A,0,0,0,0,0,0.0,0.0,0.0,0.0,0.0,0.0,0.0
NUDT8,,N/A,N/A,N/A,0,0,0,0,0,0.0,0.0,0.0,0.0,0.0,0.0,0.0
C11orf71,,N/A,N/A,N/A,0,0,0,0,0,0.0,0.0,0.0,0.0,0.0,0.0,0.0
GNG7,,N/A,N/A,N/A,0,0,0,0,0,0.0,0.0,0.0,0.0,0.0,0.0,0.0
CDADC1,,N/A,N/A,N/A,0,0,0,0,0,0.0,0.0,0.0,0.0,0.0,0.0,0.0
GGA2,,N/A,N/A,N/A,0,0,0,0,0,0.0,0.0,0.0,0.0,0.0,0.0,0.0
BUD13,,N/A,N/A,N/A,0,0,0,0,0,0.0,0.0,0.0,0.0,0.0,0.0,0.0
FBXL3,,N/A,N/A,N/A,0,0,0,0,0,0.0,0.0,0.0,0.0,0.0,0.0,0.0
GFPT2,,N/A,N/A,N/A,0,0,0,0,0,0.0,0.0,0.0,0.0,0.0,0.0,0.0
ANKRD12,,N/A,N/A,N/A,0,0,0,0,0,0.0,0.0,0.0,0.0,0.0,0.0,0.0
RNF11,,N/A,N/A,N/A,0,0,0,0,0,0.0,0.0,0.0,0.0,0.0,0.0,0.0
NANOS1,,N/A,N/A,N/A,0,0,0,0,0,0.0,0.0,0.0,0.0,0.0,0.0,0.0
ATG9A,,N/A,N/A,N/A,0,0,0,0,0,0.0,0.0,0.0,0.0,0.0,0.0,0.0
PSMB8,,N/A,N/A,N/A,0,0,0,0,0,0.0,0.0,0.0,0.0,0.0,0.0,0.0
OTUD1,,N/A,N/A,N/A,0,0,0,0,0,0.0,0.0,0.0,0.0,0.0,0.0,0.0
HNRNPA2B1,,N/A,N/A,N/A,0,0,0,0,0,0.0,0.0,0.0,0.0,0.0,0.0,0.0
HM13,,N/A,N/A,N/A,0,0,0,0,0,0.0,0.0,0.0,0.0,0.0,0.0,0.0
ZZEF1,,N/A,N/A,N/A,0,0,0,0,0,0.0,0.0,0.0,0.0,0.0,0.0,0.0
CCDC34,,N/A,N/A,N/A,0,0,0,0,0,0.0,0.0,0.0,0.0,0.0,0.0,0.0
RBBP5,,N/A,N/A,N/A,0,0,0,0,0,0.0,0.0,0.0,0.0,0.0,0.0,0.0
TFDP2,,N/A,N/A,N/A,0,0,0,0,0,0.0,0.0,0.0,0.0,0.0,0.0,0.0
PRDX5,,N/A,N/A,N/A,0,0,0,0,0,0.0,0.0,0.0,0.0,0.0,0.0,0.0
FAM227A,,N/A,N/A,N/A,0,0,0,0,0,0.0,0.0,0.0,0.0,0.0,0.0,0.0
IRF4,,N/A,N/A,N/A,0,0,0,0,0,0.0,0.0,0.0,0.0,0.0,0.0,0.0
PNPLA6,,N/A,N/A,N/A,0,0,0,0,0,0.0,0.0,0.0,0.0,0.0,0.0,0.0
PICALM,,N/A,N/A,N/A,0,0,0,0,0,0.0,0.0,0.0,0.0,0.0,0.0,0.0
FBXO4,,N/A,N/A,N/A,0,0,0,0,0,0.0,0.0,0.0,0.0,0.0,0.0,0.0
MFAP3L,,N/A,N/A,N/A,0,0,0,0,0,0.0,0.0,0.0,0.0,0.0,0.0,0.0
PDCD2L,,N/A,N/A,N/A,0,0,0,0,0,0.0,0.0,0.0,0.0,0.0,0.0,0.0
DDX28,,N/A,N/A,N/A,0,0,0,0,0,0.0,0.0,0.0,0.0,0.0,0.0,0.0
FCHO2,,N/A,N/A,N/A,0,0,0,0,0,0.0,0.0,0.0,0.0,0.0,0.0,0.0
DYNC2H1,,N/A,N/A,N/A,0,0,0,0,0,0.0,0.0,0.0,0.0,0.0,0.0,0.0
ARHGAP10,,N/A,N/A,N/A,0,0,0,0,0,0.0,0.0,0.0,0.0,0.0,0.0,0.0
PPP3R1,,N/A,N/A,N/A,0,0,0,0,0,0.0,0.0,0.0,0.0,0.0,0.0,0.0
MTCP1,,N/A,N/A,N/A,0,0,0,0,0,0.0,0.0,0.0,0.0,0.0,0.0,0.0
VPS29,,N/A,N/A,N/A,0,0,0,0,0,0.0,0.0,0.0,0.0,0.0,0.0,0.0
MCM3AP-AS1,,N/A,N/A,N/A,0,0,0,0,0,0.0,0.0,0.0,0.0,0.0,0.0,0.0
DUSP18,,N/A,N/A,N/A,0,0,0,0,0,0.0,0.0,0.0,0.0,0.0,0.0,0.0
TMCO3,,N/A,N/A,N/A,0,0,0,0,0,0.0,0.0,0.0,0.0,0.0,0.0,0.0
DNTTIP1,,N/A,N/A,N/A,0,0,0,0,0,0.0,0.0,0.0,0.0,0.0,0.0,0.0
LRP6,,N/A,N/A,N/A,0,0,0,0,0,0.0,0.0,0.0,0.0,0.0,0.0,0.0
SHC1,,N/A,N/A,N/A,0,0,0,0,0,0.0,0.0,0.0,0.0,0.0,0.0,0.0
CNNM1,,N/A,N/A,N/A,0,0,0,0,0,0.0,0.0,0.0,0.0,0.0,0.0,0.0
FAM131A,,N/A,N/A,N/A,0,0,0,0,0,0.0,0.0,0.0,0.0,0.0,0.0,0.0
CAMKMT,,N/A,N/A,N/A,0,0,0,0,0,0.0,0.0,0.0,0.0,0.0,0.0,0.0
COG7,,N/A,N/A,N/A,0,0,0,0,0,0.0,0.0,0.0,0.0,0.0,0.0,0.0
RPAP1,,N/A,N/A,N/A,0,0,0,0,0,0.0,0.0,0.0,0.0,0.0,0.0,0.0
FAM169A,,N/A,N/A,N/A,0,0,0,0,0,0.0,0.0,0.0,0.0,0.0,0.0,0.0
ELK3,,N/A,N/A,N/A,0,0,0,0,0,0.0,0.0,0.0,0.0,0.0,0.0,0.0
SLC7A1,,N/A,N/A,N/A,0,0,0,0,0,0.0,0.0,0.0,0.0,0.0,0.0,0.0
DOCK2,,N/A,N/A,N/A,0,0,0,0,0,0.0,0.0,0.0,0.0,0.0,0.0,0.0
ALDH5A1,,N/A,N/A,N/A,0,0,0,0,0,0.0,0.0,0.0,0.0,0.0,0.0,0.0
SLC38A1,,N/A,N/A,N/A,0,0,0,0,0,0.0,0.0,0.0,0.0,0.0,0.0,0.0
POP4,,N/A,N/A,N/A,0,0,0,0,0,0.0,0.0,0.0,0.0,0.0,0.0,0.0
CALCRL,,N/A,N/A,N/A,0,0,0,0,0,0.0,0.0,0.0,0.0,0.0,0.0,0.0
MAP3K13,,N/A,N/A,N/A,0,0,0,0,0,0.0,0.0,0.0,0.0,0.0,0.0,0.0
PIGO,,N/A,N/A,N/A,0,0,0,0,0,0.0,0.0,0.0,0.0,0.0,0.0,0.0
MYEF2,,N/A,N/A,N/A,0,0,0,0,0,0.0,0.0,0.0,0.0,0.0,0.0,0.0
CNOT10,,N/A,N/A,N/A,0,0,0,0,0,0.0,0.0,0.0,0.0,0.0,0.0,0.0
MED11,,N/A,N/A,N/A,0,0,0,0,0,0.0,0.0,0.0,0.0,0.0,0.0,0.0
TMEM63B,,N/A,N/A,N/A,0,0,0,0,0,0.0,0.0,0.0,0.0,0.0,0.0,0.0
DEPTOR,,N/A,N/A,N/A,0,0,0,0,0,0.0,0.0,0.0,0.0,0.0,0.0,0.0
ZNF782,,N/A,N/A,N/A,0,0,0,0,0,0.0,0.0,0.0,0.0,0.0,0.0,0.0
TMBIM1,,N/A,N/A,N/A,0,0,0,0,0,0.0,0.0,0.0,0.0,0.0,0.0,0.0
TRAF3IP1,,N/A,N/A,N/A,0,0,0,0,0,0.0,0.0,0.0,0.0,0.0,0.0,0.0
CLCN2,,N/A,N/A,N/A,0,0,0,0,0,0.0,0.0,0.0,0.0,0.0,0.0,0.0
C9orf78,,N/A,N/A,N/A,0,0,0,0,0,0.0,0.0,0.0,0.0,0.0,0.0,0.0
BCS1L,,N/A,N/A,N/A,0,0,0,0,0,0.0,0.0,0.0,0.0,0.0,0.0,0.0
ALKBH8,,N/A,N/A,N/A,0,0,0,0,0,0.0,0.0,0.0,0.0,0.0,0.0,0.0
ECHDC2,,N/A,N/A,N/A,0,0,0,0,0,0.0,0.0,0.0,0.0,0.0,0.0,0.0
RAB3IP,,N/A,N/A,N/A,0,0,0,0,0,0.0,0.0,0.0,0.0,0.0,0.0,0.0
TUBGCP6,,N/A,N/A,N/A,0,0,0,0,0,0.0,0.0,0.0,0.0,0.0,0.0,0.0
CYB5D2,,N/A,N/A,N/A,0,0,0,0,0,0.0,0.0,0.0,0.0,0.0,0.0,0.0
DEPDC4,,N/A,N/A,N/A,0,0,0,0,0,0.0,0.0,0.0,0.0,0.0,0.0,0.0
BATF2,,N/A,N/A,N/A,0,0,0,0,0,0.0,0.0,0.0,0.0,0.0,0.0,0.0
CABLES1,,N/A,N/A,N/A,0,0,0,0,0,0.0,0.0,0.0,0.0,0.0,0.0,0.0
KIF1C,,N/A,N/A,N/A,0,0,0,0,0,0.0,0.0,0.0,0.0,0.0,0.0,0.0
GOLGA5,,N/A,N/A,N/A,0,0,0,0,0,0.0,0.0,0.0,0.0,0.0,0.0,0.0
GNPNAT1,,N/A,N/A,N/A,0,0,0,0,0,0.0,0.0,0.0,0.0,0.0,0.0,0.0
HSDL2,,N/A,N/A,N/A,0,0,0,0,0,0.0,0.0,0.0,0.0,0.0,0.0,0.0
REPS1,,N/A,N/A,N/A,0,0,0,0,0,0.0,0.0,0.0,0.0,0.0,0.0,0.0
ZSCAN22,,N/A,N/A,N/A,0,0,0,0,0,0.0,0.0,0.0,0.0,0.0,0.0,0.0
DAB1,,N/A,N/A,N/A,0,0,0,0,0,0.0,0.0,0.0,0.0,0.0,0.0,0.0
ZC2HC1A,,N/A,N/A,N/A,0,0,0,0,0,0.0,0.0,0.0,0.0,0.0,0.0,0.0
MDH2,,N/A,N/A,N/A,0,0,0,0,0,0.0,0.0,0.0,0.0,0.0,0.0,0.0
TMEM120B,,N/A,N/A,N/A,0,0,0,0,0,0.0,0.0,0.0,0.0,0.0,0.0,0.0
PLEKHG4,,N/A,N/A,N/A,0,0,0,0,0,0.0,0.0,0.0,0.0,0.0,0.0,0.0
RNF44,,N/A,N/A,N/A,0,0,0,0,0,0.0,0.0,0.0,0.0,0.0,0.0,0.0
MAP7D1,,N/A,N/A,N/A,0,0,0,0,0,0.0,0.0,0.0,0.0,0.0,0.0,0.0
PAAF1,,N/A,N/A,N/A,0,0,0,0,0,0.0,0.0,0.0,0.0,0.0,0.0,0.0
ZMAT1,,N/A,N/A,N/A,0,0,0,0,0,0.0,0.0,0.0,0.0,0.0,0.0,0.0
TCF19,,N/A,N/A,N/A,0,0,0,0,0,0.0,0.0,0.0,0.0,0.0,0.0,0.0
FAM53C,,N/A,N/A,N/A,0,0,0,0,0,0.0,0.0,0.0,0.0,0.0,0.0,0.0
RAMP1,,N/A,N/A,N/A,0,0,0,0,0,0.0,0.0,0.0,0.0,0.0,0.0,0.0
TEN1,,N/A,N/A,N/A,0,0,0,0,0,0.0,0.0,0.0,0.0,0.0,0.0,0.0
CTDSPL,,N/A,N/A,N/A,0,0,0,0,0,0.0,0.0,0.0,0.0,0.0,0.0,0.0
SPON2,,N/A,N/A,N/A,0,0,0,0,0,0.0,0.0,0.0,0.0,0.0,0.0,0.0
RAC3,,N/A,N/A,N/A,0,0,0,0,0,0.0,0.0,0.0,0.0,0.0,0.0,0.0
RHBDD3,,N/A,N/A,N/A,0,0,0,0,0,0.0,0.0,0.0,0.0,0.0,0.0,0.0
BCL3,,N/A,N/A,N/A,0,0,0,0,0,0.0,0.0,0.0,0.0,0.0,0.0,0.0
RHPN1,,N/A,N/A,N/A,0,0,0,0,0,0.0,0.0,0.0,0.0,0.0,0.0,0.0
FCHSD2,,N/A,N/A,N/A,0,0,0,0,0,0.0,0.0,0.0,0.0,0.0,0.0,0.0
ZNF445,,N/A,N/A,N/A,0,0,0,0,0,0.0,0.0,0.0,0.0,0.0,0.0,0.0
TXNL4A,,N/A,N/A,N/A,0,0,0,0,0,0.0,0.0,0.0,0.0,0.0,0.0,0.0
C10orf88,,N/A,N/A,N/A,0,0,0,0,0,0.0,0.0,0.0,0.0,0.0,0.0,0.0
ZNF417,,N/A,N/A,N/A,0,0,0,0,0,0.0,0.0,0.0,0.0,0.0,0.0,0.0
ZCCHC10,,N/A,N/A,N/A,0,0,0,0,0,0.0,0.0,0.0,0.0,0.0,0.0,0.0
PITPNA,,N/A,N/A,N/A,0,0,0,0,0,0.0,0.0,0.0,0.0,0.0,0.0,0.0
HLA-DPA1,,N/A,N/A,N/A,0,0,0,0,0,0.0,0.0,0.0,0.0,0.0,0.0,0.0
GOLGA8A,,N/A,N/A,N/A,0,0,0,0,0,0.0,0.0,0.0,0.0,0.0,0.0,0.0
NBEAL1,,N/A,N/A,N/A,0,0,0,0,0,0.0,0.0,0.0,0.0,0.0,0.0,0.0
SERINC3,,N/A,N/A,N/A,0,0,0,0,0,0.0,0.0,0.0,0.0,0.0,0.0,0.0
ANKRD44,,N/A,N/A,N/A,0,0,0,0,0,0.0,0.0,0.0,0.0,0.0,0.0,0.0
IPO5,,N/A,N/A,N/A,0,0,0,0,0,0.0,0.0,0.0,0.0,0.0,0.0,0.0
FBXO8,,N/A,N/A,N/A,0,0,0,0,0,0.0,0.0,0.0,0.0,0.0,0.0,0.0
MYH3,,N/A,N/A,N/A,0,0,0,0,0,0.0,0.0,0.0,0.0,0.0,0.0,0.0
TAF3,,N/A,N/A,N/A,0,0,0,0,0,0.0,0.0,0.0,0.0,0.0,0.0,0.0
RPS27A,,N/A,N/A,N/A,0,0,0,0,0,0.0,0.0,0.0,0.0,0.0,0.0,0.0
RUVBL2,,N/A,N/A,N/A,0,0,0,0,0,0.0,0.0,0.0,0.0,0.0,0.0,0.0
GOLIM4,,N/A,N/A,N/A,0,0,0,0,0,0.0,0.0,0.0,0.0,0.0,0.0,0.0
ABT1,,N/A,N/A,N/A,0,0,0,0,0,0.0,0.0,0.0,0.0,0.0,0.0,0.0
TWSG1,,N/A,N/A,N/A,0,0,0,0,0,0.0,0.0,0.0,0.0,0.0,0.0,0.0
FRMD4A,,N/A,N/A,N/A,0,0,0,0,0,0.0,0.0,0.0,0.0,0.0,0.0,0.0
BCAT2,,N/A,N/A,N/A,0,0,0,0,0,0.0,0.0,0.0,0.0,0.0,0.0,0.0
DLGAP4,,N/A,N/A,N/A,0,0,0,0,0,0.0,0.0,0.0,0.0,0.0,0.0,0.0
CNOT6L,,N/A,N/A,N/A,0,0,0,0,0,0.0,0.0,0.0,0.0,0.0,0.0,0.0
TYSND1,,N/A,N/A,N/A,0,0,0,0,0,0.0,0.0,0.0,0.0,0.0,0.0,0.0
TSC22D1,,N/A,N/A,N/A,0,0,0,0,0,0.0,0.0,0.0,0.0,0.0,0.0,0.0
GNG2,,N/A,N/A,N/A,0,0,0,0,0,0.0,0.0,0.0,0.0,0.0,0.0,0.0
SRP19,,N/A,N/A,N/A,0,0,0,0,0,0.0,0.0,0.0,0.0,0.0,0.0,0.0
TAF1A,,N/A,N/A,N/A,0,0,0,0,0,0.0,0.0,0.0,0.0,0.0,0.0,0.0
OLFM1,,N/A,N/A,N/A,0,0,0,0,0,0.0,0.0,0.0,0.0,0.0,0.0,0.0
ZNF71,,N/A,N/A,N/A,0,0,0,0,0,0.0,0.0,0.0,0.0,0.0,0.0,0.0
LRSAM1,,N/A,N/A,N/A,0,0,0,0,0,0.0,0.0,0.0,0.0,0.0,0.0,0.0
TP53I3,,N/A,N/A,N/A,0,0,0,0,0,0.0,0.0,0.0,0.0,0.0,0.0,0.0
ZSCAN9,,N/A,N/A,N/A,0,0,0,0,0,0.0,0.0,0.0,0.0,0.0,0.0,0.0
CEP63,,N/A,N/A,N/A,0,0,0,0,0,0.0,0.0,0.0,0.0,0.0,0.0,0.0
DYNC2LI1,,N/A,N/A,N/A,0,0,0,0,0,0.0,0.0,0.0,0.0,0.0,0.0,0.0
MACROD1,,N/A,N/A,N/A,0,0,0,0,0,0.0,0.0,0.0,0.0,0.0,0.0,0.0
SNX1,,N/A,N/A,N/A,0,0,0,0,0,0.0,0.0,0.0,0.0,0.0,0.0,0.0
LIMS1,,N/A,N/A,N/A,0,0,0,0,0,0.0,0.0,0.0,0.0,0.0,0.0,0.0
TPT1-AS1,,N/A,N/A,N/A,0,0,0,0,0,0.0,0.0,0.0,0.0,0.0,0.0,0.0
GPX4,,N/A,N/A,N/A,0,0,0,0,0,0.0,0.0,0.0,0.0,0.0,0.0,0.0
FAR2,,N/A,N/A,N/A,0,0,0,0,0,0.0,0.0,0.0,0.0,0.0,0.0,0.0
P2RY1,,N/A,N/A,N/A,0,0,0,0,0,0.0,0.0,0.0,0.0,0.0,0.0,0.0
IRGQ,,N/A,N/A,N/A,0,0,0,0,0,0.0,0.0,0.0,0.0,0.0,0.0,0.0
SNX17,,N/A,N/A,N/A,0,0,0,0,0,0.0,0.0,0.0,0.0,0.0,0.0,0.0
LINC00665,,N/A,N/A,N/A,0,0,0,0,0,0.0,0.0,0.0,0.0,0.0,0.0,0.0
MRPL11,,N/A,N/A,N/A,0,0,0,0,0,0.0,0.0,0.0,0.0,0.0,0.0,0.0
MFSD10,,N/A,N/A,N/A,0,0,0,0,0,0.0,0.0,0.0,0.0,0.0,0.0,0.0
PPRC1,,N/A,N/A,N/A,0,0,0,0,0,0.0,0.0,0.0,0.0,0.0,0.0,0.0
ARHGAP1,,N/A,N/A,N/A,0,0,0,0,0,0.0,0.0,0.0,0.0,0.0,0.0,0.0
HNRNPF,,N/A,N/A,N/A,0,0,0,0,0,0.0,0.0,0.0,0.0,0.0,0.0,0.0
ZFHX3,,N/A,N/A,N/A,0,0,0,0,0,0.0,0.0,0.0,0.0,0.0,0.0,0.0
PITPNC1,,N/A,N/A,N/A,0,0,0,0,0,0.0,0.0,0.0,0.0,0.0,0.0,0.0
COLEC12,,N/A,N/A,N/A,0,0,0,0,0,0.0,0.0,0.0,0.0,0.0,0.0,0.0
CC2D2A,,N/A,N/A,N/A,0,0,0,0,0,0.0,0.0,0.0,0.0,0.0,0.0,0.0
PPME1,,N/A,N/A,N/A,0,0,0,0,0,0.0,0.0,0.0,0.0,0.0,0.0,0.0
POLR3B,,N/A,N/A,N/A,0,0,0,0,0,0.0,0.0,0.0,0.0,0.0,0.0,0.0
MRPL23,,N/A,N/A,N/A,0,0,0,0,0,0.0,0.0,0.0,0.0,0.0,0.0,0.0
TADA2B,,N/A,N/A,N/A,0,0,0,0,0,0.0,0.0,0.0,0.0,0.0,0.0,0.0
SAMD4B,,N/A,N/A,N/A,0,0,0,0,0,0.0,0.0,0.0,0.0,0.0,0.0,0.0
UPRT,,N/A,N/A,N/A,0,0,0,0,0,0.0,0.0,0.0,0.0,0.0,0.0,0.0
ATP6AP2,,N/A,N/A,N/A,0,0,0,0,0,0.0,0.0,0.0,0.0,0.0,0.0,0.0
SEL1L,,N/A,N/A,N/A,0,0,0,0,0,0.0,0.0,0.0,0.0,0.0,0.0,0.0
DUSP6,,N/A,N/A,N/A,0,0,0,0,0,0.0,0.0,0.0,0.0,0.0,0.0,0.0
ELOVL1,,N/A,N/A,N/A,0,0,0,0,0,0.0,0.0,0.0,0.0,0.0,0.0,0.0
HHLA3,,N/A,N/A,N/A,0,0,0,0,0,0.0,0.0,0.0,0.0,0.0,0.0,0.0
DCAF16,,N/A,N/A,N/A,0,0,0,0,0,0.0,0.0,0.0,0.0,0.0,0.0,0.0
XAB2,,N/A,N/A,N/A,0,0,0,0,0,0.0,0.0,0.0,0.0,0.0,0.0,0.0
ZNF563,,N/A,N/A,N/A,0,0,0,0,0,0.0,0.0,0.0,0.0,0.0,0.0,0.0
SLC14A2,,N/A,N/A,N/A,0,0,0,0,0,0.0,0.0,0.0,0.0,0.0,0.0,0.0
DNAJC21,,N/A,N/A,N/A,0,0,0,0,0,0.0,0.0,0.0,0.0,0.0,0.0,0.0
RTF1,,N/A,N/A,N/A,0,0,0,0,0,0.0,0.0,0.0,0.0,0.0,0.0,0.0
AEBP2,,N/A,N/A,N/A,0,0,0,0,0,0.0,0.0,0.0,0.0,0.0,0.0,0.0
VAMP8,,N/A,N/A,N/A,0,0,0,0,0,0.0,0.0,0.0,0.0,0.0,0.0,0.0
CHKA,,N/A,N/A,N/A,0,0,0,0,0,0.0,0.0,0.0,0.0,0.0,0.0,0.0
MAD2L1BP,,N/A,N/A,N/A,0,0,0,0,0,0.0,0.0,0.0,0.0,0.0,0.0,0.0
CRLF3,,N/A,N/A,N/A,0,0,0,0,0,0.0,0.0,0.0,0.0,0.0,0.0,0.0
NDUFS3,,N/A,N/A,N/A,0,0,0,0,0,0.0,0.0,0.0,0.0,0.0,0.0,0.0
TGIF1,,N/A,N/A,N/A,0,0,0,0,0,0.0,0.0,0.0,0.0,0.0,0.0,0.0
GTF2IRD2,,N/A,N/A,N/A,0,0,0,0,0,0.0,0.0,0.0,0.0,0.0,0.0,0.0
ANAPC13,,N/A,N/A,N/A,0,0,0,0,0,0.0,0.0,0.0,0.0,0.0,0.0,0.0
SLC44A1,,N/A,N/A,N/A,0,0,0,0,0,0.0,0.0,0.0,0.0,0.0,0.0,0.0
MED1,,N/A,N/A,N/A,0,0,0,0,0,0.0,0.0,0.0,0.0,0.0,0.0,0.0
CENPW,,N/A,N/A,N/A,0,0,0,0,0,0.0,0.0,0.0,0.0,0.0,0.0,0.0
CDK20,,N/A,N/A,N/A,0,0,0,0,0,0.0,0.0,0.0,0.0,0.0,0.0,0.0
CSNK2B,,N/A,N/A,N/A,0,0,0,0,0,0.0,0.0,0.0,0.0,0.0,0.0,0.0
NDUFAF6,,N/A,N/A,N/A,0,0,0,0,0,0.0,0.0,0.0,0.0,0.0,0.0,0.0
TMLHE,,N/A,N/A,N/A,0,0,0,0,0,0.0,0.0,0.0,0.0,0.0,0.0,0.0
RPL26,,N/A,N/A,N/A,0,0,0,0,0,0.0,0.0,0.0,0.0,0.0,0.0,0.0
PHGDH,,N/A,N/A,N/A,0,0,0,0,0,0.0,0.0,0.0,0.0,0.0,0.0,0.0
PEF1,,N/A,N/A,N/A,0,0,0,0,0,0.0,0.0,0.0,0.0,0.0,0.0,0.0
YTHDC1,,N/A,N/A,N/A,0,0,0,0,0,0.0,0.0,0.0,0.0,0.0,0.0,0.0
WBP2,,N/A,N/A,N/A,0,0,0,0,0,0.0,0.0,0.0,0.0,0.0,0.0,0.0
TRIM13,,N/A,N/A,N/A,0,0,0,0,0,0.0,0.0,0.0,0.0,0.0,0.0,0.0
MEIS1,,N/A,N/A,N/A,0,0,0,0,0,0.0,0.0,0.0,0.0,0.0,0.0,0.0
PIBF1,,N/A,N/A,N/A,0,0,0,0,0,0.0,0.0,0.0,0.0,0.0,0.0,0.0
HCG25,,N/A,N/A,N/A,0,0,0,0,0,0.0,0.0,0.0,0.0,0.0,0.0,0.0
TPPP3,,N/A,N/A,N/A,0,0,0,0,0,0.0,0.0,0.0,0.0,0.0,0.0,0.0
BATF,,N/A,N/A,N/A,0,0,0,0,0,0.0,0.0,0.0,0.0,0.0,0.0,0.0
GREB1,,N/A,N/A,N/A,0,0,0,0,0,0.0,0.0,0.0,0.0,0.0,0.0,0.0
RABGAP1L,,N/A,N/A,N/A,0,0,0,0,0,0.0,0.0,0.0,0.0,0.0,0.0,0.0
VPS13A,,N/A,N/A,N/A,0,0,0,0,0,0.0,0.0,0.0,0.0,0.0,0.0,0.0
THAP8,,N/A,N/A,N/A,0,0,0,0,0,0.0,0.0,0.0,0.0,0.0,0.0,0.0
PPP2R5A,,N/A,N/A,N/A,0,0,0,0,0,0.0,0.0,0.0,0.0,0.0,0.0,0.0
SP140L,,N/A,N/A,N/A,0,0,0,0,0,0.0,0.0,0.0,0.0,0.0,0.0,0.0
GNG10,,N/A,N/A,N/A,0,0,0,0,0,0.0,0.0,0.0,0.0,0.0,0.0,0.0
HYPK,,N/A,N/A,N/A,0,0,0,0,0,0.0,0.0,0.0,0.0,0.0,0.0,0.0
ZNF675,,N/A,N/A,N/A,0,0,0,0,0,0.0,0.0,0.0,0.0,0.0,0.0,0.0
MXD3,,N/A,N/A,N/A,0,0,0,0,0,0.0,0.0,0.0,0.0,0.0,0.0,0.0
FIZ1,,N/A,N/A,N/A,0,0,0,0,0,0.0,0.0,0.0,0.0,0.0,0.0,0.0
ZNF589,,N/A,N/A,N/A,0,0,0,0,0,0.0,0.0,0.0,0.0,0.0,0.0,0.0
SOX4,,N/A,N/A,N/A,0,0,0,0,0,0.0,0.0,0.0,0.0,0.0,0.0,0.0
SYNGR2,,N/A,N/A,N/A,0,0,0,0,0,0.0,0.0,0.0,0.0,0.0,0.0,0.0
CRELD2,,N/A,N/A,N/A,0,0,0,0,0,0.0,0.0,0.0,0.0,0.0,0.0,0.0
KDELR1,,N/A,N/A,N/A,0,0,0,0,0,0.0,0.0,0.0,0.0,0.0,0.0,0.0
HDLBP,,N/A,N/A,N/A,0,0,0,0,0,0.0,0.0,0.0,0.0,0.0,0.0,0.0
NFU1,,N/A,N/A,N/A,0,0,0,0,0,0.0,0.0,0.0,0.0,0.0,0.0,0.0
UBXN6,,N/A,N/A,N/A,0,0,0,0,0,0.0,0.0,0.0,0.0,0.0,0.0,0.0
TCEANC2,,N/A,N/A,N/A,0,0,0,0,0,0.0,0.0,0.0,0.0,0.0,0.0,0.0
KATNB1,,N/A,N/A,N/A,0,0,0,0,0,0.0,0.0,0.0,0.0,0.0,0.0,0.0
TMEM204,,N/A,N/A,N/A,0,0,0,0,0,0.0,0.0,0.0,0.0,0.0,0.0,0.0
SLC11A2,,N/A,N/A,N/A,0,0,0,0,0,0.0,0.0,0.0,0.0,0.0,0.0,0.0
SLBP,,N/A,N/A,N/A,0,0,0,0,0,0.0,0.0,0.0,0.0,0.0,0.0,0.0
EIF4A3,,N/A,N/A,N/A,0,0,0,0,0,0.0,0.0,0.0,0.0,0.0,0.0,0.0
FPGS,,N/A,N/A,N/A,0,0,0,0,0,0.0,0.0,0.0,0.0,0.0,0.0,0.0
DHX30,,N/A,N/A,N/A,0,0,0,0,0,0.0,0.0,0.0,0.0,0.0,0.0,0.0
EIF3L,,N/A,N/A,N/A,0,0,0,0,0,0.0,0.0,0.0,0.0,0.0,0.0,0.0
DNTTIP2,,N/A,N/A,N/A,0,0,0,0,0,0.0,0.0,0.0,0.0,0.0,0.0,0.0
RPL14,,N/A,N/A,N/A,0,0,0,0,0,0.0,0.0,0.0,0.0,0.0,0.0,0.0
RAE1,,N/A,N/A,N/A,0,0,0,0,0,0.0,0.0,0.0,0.0,0.0,0.0,0.0
LSM7,,N/A,N/A,N/A,0,0,0,0,0,0.0,0.0,0.0,0.0,0.0,0.0,0.0
ZNF337,,N/A,N/A,N/A,0,0,0,0,0,0.0,0.0,0.0,0.0,0.0,0.0,0.0
GTPBP1,,N/A,N/A,N/A,0,0,0,0,0,0.0,0.0,0.0,0.0,0.0,0.0,0.0
GSTCD,,N/A,N/A,N/A,0,0,0,0,0,0.0,0.0,0.0,0.0,0.0,0.0,0.0
MCM8,,N/A,N/A,N/A,0,0,0,0,0,0.0,0.0,0.0,0.0,0.0,0.0,0.0
RFWD3,,N/A,N/A,N/A,0,0,0,0,0,0.0,0.0,0.0,0.0,0.0,0.0,0.0
INTS1,,N/A,N/A,N/A,0,0,0,0,0,0.0,0.0,0.0,0.0,0.0,0.0,0.0
LMO7,,N/A,N/A,N/A,0,0,0,0,0,0.0,0.0,0.0,0.0,0.0,0.0,0.0
EXOC6B,,N/A,N/A,N/A,0,0,0,0,0,0.0,0.0,0.0,0.0,0.0,0.0,0.0
HRH2,,N/A,N/A,N/A,0,0,0,0,0,0.0,0.0,0.0,0.0,0.0,0.0,0.0
KBTBD2,,N/A,N/A,N/A,0,0,0,0,0,0.0,0.0,0.0,0.0,0.0,0.0,0.0
CRISPLD1,,N/A,N/A,N/A,0,0,0,0,0,0.0,0.0,0.0,0.0,0.0,0.0,0.0
INO80D,,N/A,N/A,N/A,0,0,0,0,0,0.0,0.0,0.0,0.0,0.0,0.0,0.0
CMTR1,,N/A,N/A,N/A,0,0,0,0,0,0.0,0.0,0.0,0.0,0.0,0.0,0.0
HCG17,,N/A,N/A,N/A,0,0,0,0,0,0.0,0.0,0.0,0.0,0.0,0.0,0.0
PSMA2,,N/A,N/A,N/A,0,0,0,0,0,0.0,0.0,0.0,0.0,0.0,0.0,0.0
TMED4,,N/A,N/A,N/A,0,0,0,0,0,0.0,0.0,0.0,0.0,0.0,0.0,0.0
ZNRF3-AS1,,N/A,N/A,N/A,0,0,0,0,0,0.0,0.0,0.0,0.0,0.0,0.0,0.0
TRA2A,,N/A,N/A,N/A,0,0,0,0,0,0.0,0.0,0.0,0.0,0.0,0.0,0.0
RAMP2-AS1,,N/A,N/A,N/A,0,0,0,0,0,0.0,0.0,0.0,0.0,0.0,0.0,0.0
TMEM143,,N/A,N/A,N/A,0,0,0,0,0,0.0,0.0,0.0,0.0,0.0,0.0,0.0
ZNF841,,N/A,N/A,N/A,0,0,0,0,0,0.0,0.0,0.0,0.0,0.0,0.0,0.0
FOXK1,,N/A,N/A,N/A,0,0,0,0,0,0.0,0.0,0.0,0.0,0.0,0.0,0.0
RBM4,,N/A,N/A,N/A,0,0,0,0,0,0.0,0.0,0.0,0.0,0.0,0.0,0.0
KIAA1614,,N/A,N/A,N/A,0,0,0,0,0,0.0,0.0,0.0,0.0,0.0,0.0,0.0
CEP68,,N/A,N/A,N/A,0,0,0,0,0,0.0,0.0,0.0,0.0,0.0,0.0,0.0
PPP1R7,,N/A,N/A,N/A,0,0,0,0,0,0.0,0.0,0.0,0.0,0.0,0.0,0.0
BCDIN3D,,N/A,N/A,N/A,0,0,0,0,0,0.0,0.0,0.0,0.0,0.0,0.0,0.0
RNF38,,N/A,N/A,N/A,0,0,0,0,0,0.0,0.0,0.0,0.0,0.0,0.0,0.0
PIK3R3,,N/A,N/A,N/A,0,0,0,0,0,0.0,0.0,0.0,0.0,0.0,0.0,0.0
POLDIP3,,N/A,N/A,N/A,0,0,0,0,0,0.0,0.0,0.0,0.0,0.0,0.0,0.0
MOGS,,N/A,N/A,N/A,0,0,0,0,0,0.0,0.0,0.0,0.0,0.0,0.0,0.0
PDS5A,,N/A,N/A,N/A,0,0,0,0,0,0.0,0.0,0.0,0.0,0.0,0.0,0.0
ERV3-1,,N/A,N/A,N/A,0,0,0,0,0,0.0,0.0,0.0,0.0,0.0,0.0,0.0
TMEM220,,N/A,N/A,N/A,0,0,0,0,0,0.0,0.0,0.0,0.0,0.0,0.0,0.0
KDM3B,,N/A,N/A,N/A,0,0,0,0,0,0.0,0.0,0.0,0.0,0.0,0.0,0.0
TRAPPC13,,N/A,N/A,N/A,0,0,0,0,0,0.0,0.0,0.0,0.0,0.0,0.0,0.0
DNAJC30,,N/A,N/A,N/A,0,0,0,0,0,0.0,0.0,0.0,0.0,0.0,0.0,0.0
DOCK4,,N/A,N/A,N/A,0,0,0,0,0,0.0,0.0,0.0,0.0,0.0,0.0,0.0
SKA1,,N/A,N/A,N/A,0,0,0,0,0,0.0,0.0,0.0,0.0,0.0,0.0,0.0
NAA10,,N/A,N/A,N/A,0,0,0,0,0,0.0,0.0,0.0,0.0,0.0,0.0,0.0
CHCHD4,,N/A,N/A,N/A,0,0,0,0,0,0.0,0.0,0.0,0.0,0.0,0.0,0.0
ZNF362,,N/A,N/A,N/A,0,0,0,0,0,0.0,0.0,0.0,0.0,0.0,0.0,0.0
ZNF418,,N/A,N/A,N/A,0,0,0,0,0,0.0,0.0,0.0,0.0,0.0,0.0,0.0
TRIM66,,N/A,N/A,N/A,0,0,0,0,0,0.0,0.0,0.0,0.0,0.0,0.0,0.0
CUBN,,N/A,N/A,N/A,0,0,0,0,0,0.0,0.0,0.0,0.0,0.0,0.0,0.0
ITPRIPL2,,N/A,N/A,N/A,0,0,0,0,0,0.0,0.0,0.0,0.0,0.0,0.0,0.0
DKC1,,N/A,N/A,N/A,0,0,0,0,0,0.0,0.0,0.0,0.0,0.0,0.0,0.0
LYPD5,,N/A,N/A,N/A,0,0,0,0,0,0.0,0.0,0.0,0.0,0.0,0.0,0.0
FSD1L,,N/A,N/A,N/A,0,0,0,0,0,0.0,0.0,0.0,0.0,0.0,0.0,0.0
MRPS18A,,N/A,N/A,N/A,0,0,0,0,0,0.0,0.0,0.0,0.0,0.0,0.0,0.0
MRPL27,,N/A,N/A,N/A,0,0,0,0,0,0.0,0.0,0.0,0.0,0.0,0.0,0.0
EEA1,,N/A,N/A,N/A,0,0,0,0,0,0.0,0.0,0.0,0.0,0.0,0.0,0.0
GDAP2,,N/A,N/A,N/A,0,0,0,0,0,0.0,0.0,0.0,0.0,0.0,0.0,0.0
NARF,,N/A,N/A,N/A,0,0,0,0,0,0.0,0.0,0.0,0.0,0.0,0.0,0.0
MYO15B,,N/A,N/A,N/A,0,0,0,0,0,0.0,0.0,0.0,0.0,0.0,0.0,0.0
MMEL1,,N/A,N/A,N/A,0,0,0,0,0,0.0,0.0,0.0,0.0,0.0,0.0,0.0
UBTD1,,N/A,N/A,N/A,0,0,0,0,0,0.0,0.0,0.0,0.0,0.0,0.0,0.0
TMEM160,,N/A,N/A,N/A,0,0,0,0,0,0.0,0.0,0.0,0.0,0.0,0.0,0.0
UCHL5,,N/A,N/A,N/A,0,0,0,0,0,0.0,0.0,0.0,0.0,0.0,0.0,0.0
CHP1,,N/A,N/A,N/A,0,0,0,0,0,0.0,0.0,0.0,0.0,0.0,0.0,0.0
NIPSNAP3A,,N/A,N/A,N/A,0,0,0,0,0,0.0,0.0,0.0,0.0,0.0,0.0,0.0
ANKRD13C,,N/A,N/A,N/A,0,0,0,0,0,0.0,0.0,0.0,0.0,0.0,0.0,0.0
VSIG10,,N/A,N/A,N/A,0,0,0,0,0,0.0,0.0,0.0,0.0,0.0,0.0,0.0
JKAMP,,N/A,N/A,N/A,0,0,0,0,0,0.0,0.0,0.0,0.0,0.0,0.0,0.0
ELF2,,N/A,N/A,N/A,0,0,0,0,0,0.0,0.0,0.0,0.0,0.0,0.0,0.0
ATOH8,,N/A,N/A,N/A,0,0,0,0,0,0.0,0.0,0.0,0.0,0.0,0.0,0.0
HYI,,N/A,N/A,N/A,0,0,0,0,0,0.0,0.0,0.0,0.0,0.0,0.0,0.0
PPAT,,N/A,N/A,N/A,0,0,0,0,0,0.0,0.0,0.0,0.0,0.0,0.0,0.0
RRP1,,N/A,N/A,N/A,0,0,0,0,0,0.0,0.0,0.0,0.0,0.0,0.0,0.0
PELI3,,N/A,N/A,N/A,0,0,0,0,0,0.0,0.0,0.0,0.0,0.0,0.0,0.0
CSTF2,,N/A,N/A,N/A,0,0,0,0,0,0.0,0.0,0.0,0.0,0.0,0.0,0.0
FAM114A2,,N/A,N/A,N/A,0,0,0,0,0,0.0,0.0,0.0,0.0,0.0,0.0,0.0
ARL8B,,N/A,N/A,N/A,0,0,0,0,0,0.0,0.0,0.0,0.0,0.0,0.0,0.0
HPGD,,N/A,N/A,N/A,0,0,0,0,0,0.0,0.0,0.0,0.0,0.0,0.0,0.0
TP53I13,,N/A,N/A,N/A,0,0,0,0,0,0.0,0.0,0.0,0.0,0.0,0.0,0.0
ELMOD2,,N/A,N/A,N/A,0,0,0,0,0,0.0,0.0,0.0,0.0,0.0,0.0,0.0
GFOD1,,N/A,N/A,N/A,0,0,0,0,0,0.0,0.0,0.0,0.0,0.0,0.0,0.0
RPF2,,N/A,N/A,N/A,0,0,0,0,0,0.0,0.0,0.0,0.0,0.0,0.0,0.0
PHKB,,N/A,N/A,N/A,0,0,0,0,0,0.0,0.0,0.0,0.0,0.0,0.0,0.0
NINL,,N/A,N/A,N/A,0,0,0,0,0,0.0,0.0,0.0,0.0,0.0,0.0,0.0
CNN2,,N/A,N/A,N/A,0,0,0,0,0,0.0,0.0,0.0,0.0,0.0,0.0,0.0
CENPH,,N/A,N/A,N/A,0,0,0,0,0,0.0,0.0,0.0,0.0,0.0,0.0,0.0
SLFN5,,N/A,N/A,N/A,0,0,0,0,0,0.0,0.0,0.0,0.0,0.0,0.0,0.0
NELFB,,N/A,N/A,N/A,0,0,0,0,0,0.0,0.0,0.0,0.0,0.0,0.0,0.0
PGPEP1,,N/A,N/A,N/A,0,0,0,0,0,0.0,0.0,0.0,0.0,0.0,0.0,0.0
NR2C2,,N/A,N/A,N/A,0,0,0,0,0,0.0,0.0,0.0,0.0,0.0,0.0,0.0
KPNA2,,N/A,N/A,N/A,0,0,0,0,0,0.0,0.0,0.0,0.0,0.0,0.0,0.0
LRRTM2,,N/A,N/A,N/A,0,0,0,0,0,0.0,0.0,0.0,0.0,0.0,0.0,0.0
CDC16,,N/A,N/A,N/A,0,0,0,0,0,0.0,0.0,0.0,0.0,0.0,0.0,0.0
FRMD6,,N/A,N/A,N/A,0,0,0,0,0,0.0,0.0,0.0,0.0,0.0,0.0,0.0
PPP1CA,,N/A,N/A,N/A,0,0,0,0,0,0.0,0.0,0.0,0.0,0.0,0.0,0.0
CCDC59,,N/A,N/A,N/A,0,0,0,0,0,0.0,0.0,0.0,0.0,0.0,0.0,0.0
SPSB3,,N/A,N/A,N/A,0,0,0,0,0,0.0,0.0,0.0,0.0,0.0,0.0,0.0
CDC14B,,N/A,N/A,N/A,0,0,0,0,0,0.0,0.0,0.0,0.0,0.0,0.0,0.0
FDXR,,N/A,N/A,N/A,0,0,0,0,0,0.0,0.0,0.0,0.0,0.0,0.0,0.0
SNRPG,,N/A,N/A,N/A,0,0,0,0,0,0.0,0.0,0.0,0.0,0.0,0.0,0.0
HMGCS1,,N/A,N/A,N/A,0,0,0,0,0,0.0,0.0,0.0,0.0,0.0,0.0,0.0
ZNF773,,N/A,N/A,N/A,0,0,0,0,0,0.0,0.0,0.0,0.0,0.0,0.0,0.0
TSR2,,N/A,N/A,N/A,0,0,0,0,0,0.0,0.0,0.0,0.0,0.0,0.0,0.0
TPRN,,N/A,N/A,N/A,0,0,0,0,0,0.0,0.0,0.0,0.0,0.0,0.0,0.0
RNGTT,,N/A,N/A,N/A,0,0,0,0,0,0.0,0.0,0.0,0.0,0.0,0.0,0.0
TNS1,,N/A,N/A,N/A,0,0,0,0,0,0.0,0.0,0.0,0.0,0.0,0.0,0.0
SRSF6,,N/A,N/A,N/A,0,0,0,0,0,0.0,0.0,0.0,0.0,0.0,0.0,0.0
INO80E,,N/A,N/A,N/A,0,0,0,0,0,0.0,0.0,0.0,0.0,0.0,0.0,0.0
NMD3,,N/A,N/A,N/A,0,0,0,0,0,0.0,0.0,0.0,0.0,0.0,0.0,0.0
TMEM38B,,N/A,N/A,N/A,0,0,0,0,0,0.0,0.0,0.0,0.0,0.0,0.0,0.0
NUCB2,,N/A,N/A,N/A,0,0,0,0,0,0.0,0.0,0.0,0.0,0.0,0.0,0.0
STX7,,N/A,N/A,N/A,0,0,0,0,0,0.0,0.0,0.0,0.0,0.0,0.0,0.0
RBL1,,N/A,N/A,N/A,0,0,0,0,0,0.0,0.0,0.0,0.0,0.0,0.0,0.0
FKBP3,,N/A,N/A,N/A,0,0,0,0,0,0.0,0.0,0.0,0.0,0.0,0.0,0.0
H6PD,,N/A,N/A,N/A,0,0,0,0,0,0.0,0.0,0.0,0.0,0.0,0.0,0.0
USP46,,N/A,N/A,N/A,0,0,0,0,0,0.0,0.0,0.0,0.0,0.0,0.0,0.0
ADCY7,,N/A,N/A,N/A,0,0,0,0,0,0.0,0.0,0.0,0.0,0.0,0.0,0.0
SVIP,,N/A,N/A,N/A,0,0,0,0,0,0.0,0.0,0.0,0.0,0.0,0.0,0.0
SLC3A1,,N/A,N/A,N/A,0,0,0,0,0,0.0,0.0,0.0,0.0,0.0,0.0,0.0
LPIN2,,N/A,N/A,N/A,0,0,0,0,0,0.0,0.0,0.0,0.0,0.0,0.0,0.0
DDX31,,N/A,N/A,N/A,0,0,0,0,0,0.0,0.0,0.0,0.0,0.0,0.0,0.0
TULP4,,N/A,N/A,N/A,0,0,0,0,0,0.0,0.0,0.0,0.0,0.0,0.0,0.0
ZNF800,,N/A,N/A,N/A,0,0,0,0,0,0.0,0.0,0.0,0.0,0.0,0.0,0.0
GUSB,,N/A,N/A,N/A,0,0,0,0,0,0.0,0.0,0.0,0.0,0.0,0.0,0.0
ZDHHC3,,N/A,N/A,N/A,0,0,0,0,0,0.0,0.0,0.0,0.0,0.0,0.0,0.0
TMEM51,,N/A,N/A,N/A,0,0,0,0,0,0.0,0.0,0.0,0.0,0.0,0.0,0.0
TBC1D30,,N/A,N/A,N/A,0,0,0,0,0,0.0,0.0,0.0,0.0,0.0,0.0,0.0
SCMH1,,N/A,N/A,N/A,0,0,0,0,0,0.0,0.0,0.0,0.0,0.0,0.0,0.0
PTPRE,,N/A,N/A,N/A,0,0,0,0,0,0.0,0.0,0.0,0.0,0.0,0.0,0.0
CDC6,,N/A,N/A,N/A,0,0,0,0,0,0.0,0.0,0.0,0.0,0.0,0.0,0.0
SNAPIN,,N/A,N/A,N/A,0,0,0,0,0,0.0,0.0,0.0,0.0,0.0,0.0,0.0
GBP4,,N/A,N/A,N/A,0,0,0,0,0,0.0,0.0,0.0,0.0,0.0,0.0,0.0
SUN2,,N/A,N/A,N/A,0,0,0,0,0,0.0,0.0,0.0,0.0,0.0,0.0,0.0
KATNBL1,,N/A,N/A,N/A,0,0,0,0,0,0.0,0.0,0.0,0.0,0.0,0.0,0.0
ZNF512B,,N/A,N/A,N/A,0,0,0,0,0,0.0,0.0,0.0,0.0,0.0,0.0,0.0
UBE2D4,,N/A,N/A,N/A,0,0,0,0,0,0.0,0.0,0.0,0.0,0.0,0.0,0.0
TRIM52,,N/A,N/A,N/A,0,0,0,0,0,0.0,0.0,0.0,0.0,0.0,0.0,0.0
SNAPC4,,N/A,N/A,N/A,0,0,0,0,0,0.0,0.0,0.0,0.0,0.0,0.0,0.0
FEZ2,,N/A,N/A,N/A,0,0,0,0,0,0.0,0.0,0.0,0.0,0.0,0.0,0.0
MFAP1,,N/A,N/A,N/A,0,0,0,0,0,0.0,0.0,0.0,0.0,0.0,0.0,0.0
AKR1E2,,N/A,N/A,N/A,0,0,0,0,0,0.0,0.0,0.0,0.0,0.0,0.0,0.0
SS18L2,,N/A,N/A,N/A,0,0,0,0,0,0.0,0.0,0.0,0.0,0.0,0.0,0.0
RUFY2,,N/A,N/A,N/A,0,0,0,0,0,0.0,0.0,0.0,0.0,0.0,0.0,0.0
GOLM1,,N/A,N/A,N/A,0,0,0,0,0,0.0,0.0,0.0,0.0,0.0,0.0,0.0
DTD1,,N/A,N/A,N/A,0,0,0,0,0,0.0,0.0,0.0,0.0,0.0,0.0,0.0
PHF23,,N/A,N/A,N/A,0,0,0,0,0,0.0,0.0,0.0,0.0,0.0,0.0,0.0
ZSCAN16,,N/A,N/A,N/A,0,0,0,0,0,0.0,0.0,0.0,0.0,0.0,0.0,0.0
SEMA5A,,N/A,N/A,N/A,0,0,0,0,0,0.0,0.0,0.0,0.0,0.0,0.0,0.0
MEMO1,,N/A,N/A,N/A,0,0,0,0,0,0.0,0.0,0.0,0.0,0.0,0.0,0.0
LRRC69,,N/A,N/A,N/A,0,0,0,0,0,0.0,0.0,0.0,0.0,0.0,0.0,0.0
CRIPT,,N/A,N/A,N/A,0,0,0,0,0,0.0,0.0,0.0,0.0,0.0,0.0,0.0
PPP1R3E,,N/A,N/A,N/A,0,0,0,0,0,0.0,0.0,0.0,0.0,0.0,0.0,0.0
LTN1,,N/A,N/A,N/A,0,0,0,0,0,0.0,0.0,0.0,0.0,0.0,0.0,0.0
SETD3,,N/A,N/A,N/A,0,0,0,0,0,0.0,0.0,0.0,0.0,0.0,0.0,0.0
SMIM14,,N/A,N/A,N/A,0,0,0,0,0,0.0,0.0,0.0,0.0,0.0,0.0,0.0
HECTD1,,N/A,N/A,N/A,0,0,0,0,0,0.0,0.0,0.0,0.0,0.0,0.0,0.0
FAM110B,,N/A,N/A,N/A,0,0,0,0,0,0.0,0.0,0.0,0.0,0.0,0.0,0.0
MTG1,,N/A,N/A,N/A,0,0,0,0,0,0.0,0.0,0.0,0.0,0.0,0.0,0.0
MAGOHB,,N/A,N/A,N/A,0,0,0,0,0,0.0,0.0,0.0,0.0,0.0,0.0,0.0
ZNF518B,,N/A,N/A,N/A,0,0,0,0,0,0.0,0.0,0.0,0.0,0.0,0.0,0.0
EGFL7,,N/A,N/A,N/A,0,0,0,0,0,0.0,0.0,0.0,0.0,0.0,0.0,0.0
ITGA5,,N/A,N/A,N/A,0,0,0,0,0,0.0,0.0,0.0,0.0,0.0,0.0,0.0
SCPEP1,,N/A,N/A,N/A,0,0,0,0,0,0.0,0.0,0.0,0.0,0.0,0.0,0.0
MYO1E,,N/A,N/A,N/A,0,0,0,0,0,0.0,0.0,0.0,0.0,0.0,0.0,0.0
AGPAT3,,N/A,N/A,N/A,0,0,0,0,0,0.0,0.0,0.0,0.0,0.0,0.0,0.0
LIMD1-AS1,,N/A,N/A,N/A,0,0,0,0,0,0.0,0.0,0.0,0.0,0.0,0.0,0.0
RHOG,,N/A,N/A,N/A,0,0,0,0,0,0.0,0.0,0.0,0.0,0.0,0.0,0.0
SLTM,,N/A,N/A,N/A,0,0,0,0,0,0.0,0.0,0.0,0.0,0.0,0.0,0.0
CHPT1,,N/A,N/A,N/A,0,0,0,0,0,0.0,0.0,0.0,0.0,0.0,0.0,0.0
FBXL6,,N/A,N/A,N/A,0,0,0,0,0,0.0,0.0,0.0,0.0,0.0,0.0,0.0
HSD3B7,,N/A,N/A,N/A,0,0,0,0,0,0.0,0.0,0.0,0.0,0.0,0.0,0.0
HAUS1,,N/A,N/A,N/A,0,0,0,0,0,0.0,0.0,0.0,0.0,0.0,0.0,0.0
MAGEH1,,N/A,N/A,N/A,0,0,0,0,0,0.0,0.0,0.0,0.0,0.0,0.0,0.0
IQCE,,N/A,N/A,N/A,0,0,0,0,0,0.0,0.0,0.0,0.0,0.0,0.0,0.0
MNAT1,,N/A,N/A,N/A,0,0,0,0,0,0.0,0.0,0.0,0.0,0.0,0.0,0.0
ARHGAP19,,N/A,N/A,N/A,0,0,0,0,0,0.0,0.0,0.0,0.0,0.0,0.0,0.0
RAB7A,,N/A,N/A,N/A,0,0,0,0,0,0.0,0.0,0.0,0.0,0.0,0.0,0.0
QKI,,N/A,N/A,N/A,0,0,0,0,0,0.0,0.0,0.0,0.0,0.0,0.0,0.0
CCDC149,,N/A,N/A,N/A,0,0,0,0,0,0.0,0.0,0.0,0.0,0.0,0.0,0.0
POLDIP2,,N/A,N/A,N/A,0,0,0,0,0,0.0,0.0,0.0,0.0,0.0,0.0,0.0
KPNA4,,N/A,N/A,N/A,0,0,0,0,0,0.0,0.0,0.0,0.0,0.0,0.0,0.0
MIPOL1,,N/A,N/A,N/A,0,0,0,0,0,0.0,0.0,0.0,0.0,0.0,0.0,0.0
AP1S2,,N/A,N/A,N/A,0,0,0,0,0,0.0,0.0,0.0,0.0,0.0,0.0,0.0
ZNF124,,N/A,N/A,N/A,0,0,0,0,0,0.0,0.0,0.0,0.0,0.0,0.0,0.0
CDK5R1,,N/A,N/A,N/A,0,0,0,0,0,0.0,0.0,0.0,0.0,0.0,0.0,0.0
SLC25A30,,N/A,N/A,N/A,0,0,0,0,0,0.0,0.0,0.0,0.0,0.0,0.0,0.0
ECE2,,N/A,N/A,N/A,0,0,0,0,0,0.0,0.0,0.0,0.0,0.0,0.0,0.0
ZNF230,,N/A,N/A,N/A,0,0,0,0,0,0.0,0.0,0.0,0.0,0.0,0.0,0.0
FAM83H,,N/A,N/A,N/A,0,0,0,0,0,0.0,0.0,0.0,0.0,0.0,0.0,0.0
ANAPC7,,N/A,N/A,N/A,0,0,0,0,0,0.0,0.0,0.0,0.0,0.0,0.0,0.0
SNX6,,N/A,N/A,N/A,0,0,0,0,0,0.0,0.0,0.0,0.0,0.0,0.0,0.0
SEC14L1,,N/A,N/A,N/A,0,0,0,0,0,0.0,0.0,0.0,0.0,0.0,0.0,0.0
DNAJA1,,N/A,N/A,N/A,0,0,0,0,0,0.0,0.0,0.0,0.0,0.0,0.0,0.0
NFIL3,,N/A,N/A,N/A,0,0,0,0,0,0.0,0.0,0.0,0.0,0.0,0.0,0.0
PTPN18,,N/A,N/A,N/A,0,0,0,0,0,0.0,0.0,0.0,0.0,0.0,0.0,0.0
EGLN3,,N/A,N/A,N/A,0,0,0,0,0,0.0,0.0,0.0,0.0,0.0,0.0,0.0
POC1B,,N/A,N/A,N/A,0,0,0,0,0,0.0,0.0,0.0,0.0,0.0,0.0,0.0
SPDYA,,N/A,N/A,N/A,0,0,0,0,0,0.0,0.0,0.0,0.0,0.0,0.0,0.0
ZNF500,,N/A,N/A,N/A,0,0,0,0,0,0.0,0.0,0.0,0.0,0.0,0.0,0.0
TASP1,,N/A,N/A,N/A,0,0,0,0,0,0.0,0.0,0.0,0.0,0.0,0.0,0.0
UBE2D1,,N/A,N/A,N/A,0,0,0,0,0,0.0,0.0,0.0,0.0,0.0,0.0,0.0
SREK1IP1,,N/A,N/A,N/A,0,0,0,0,0,0.0,0.0,0.0,0.0,0.0,0.0,0.0
HBP1,,N/A,N/A,N/A,0,0,0,0,0,0.0,0.0,0.0,0.0,0.0,0.0,0.0
COMMD6,,N/A,N/A,N/A,0,0,0,0,0,0.0,0.0,0.0,0.0,0.0,0.0,0.0
LGALS8,,N/A,N/A,N/A,0,0,0,0,0,0.0,0.0,0.0,0.0,0.0,0.0,0.0
DDX55,,N/A,N/A,N/A,0,0,0,0,0,0.0,0.0,0.0,0.0,0.0,0.0,0.0
FAM161A,,N/A,N/A,N/A,0,0,0,0,0,0.0,0.0,0.0,0.0,0.0,0.0,0.0
PRKAR1B,,N/A,N/A,N/A,0,0,0,0,0,0.0,0.0,0.0,0.0,0.0,0.0,0.0
APH1A,,N/A,N/A,N/A,0,0,0,0,0,0.0,0.0,0.0,0.0,0.0,0.0,0.0
PRICKLE3,,N/A,N/A,N/A,0,0,0,0,0,0.0,0.0,0.0,0.0,0.0,0.0,0.0
ARHGAP24,,N/A,N/A,N/A,0,0,0,0,0,0.0,0.0,0.0,0.0,0.0,0.0,0.0
MXI1,,N/A,N/A,N/A,0,0,0,0,0,0.0,0.0,0.0,0.0,0.0,0.0,0.0
ANKZF1,,N/A,N/A,N/A,0,0,0,0,0,0.0,0.0,0.0,0.0,0.0,0.0,0.0
TMEM127,,N/A,N/A,N/A,0,0,0,0,0,0.0,0.0,0.0,0.0,0.0,0.0,0.0
BCAS4,,N/A,N/A,N/A,0,0,0,0,0,0.0,0.0,0.0,0.0,0.0,0.0,0.0
GM2A,,N/A,N/A,N/A,0,0,0,0,0,0.0,0.0,0.0,0.0,0.0,0.0,0.0
ZNF304,,N/A,N/A,N/A,0,0,0,0,0,0.0,0.0,0.0,0.0,0.0,0.0,0.0
ZNF277,,N/A,N/A,N/A,0,0,0,0,0,0.0,0.0,0.0,0.0,0.0,0.0,0.0
ZFP91,,N/A,N/A,N/A,0,0,0,0,0,0.0,0.0,0.0,0.0,0.0,0.0,0.0
ATF7IP,,N/A,N/A,N/A,0,0,0,0,0,0.0,0.0,0.0,0.0,0.0,0.0,0.0
SEC11A,,N/A,N/A,N/A,0,0,0,0,0,0.0,0.0,0.0,0.0,0.0,0.0,0.0
TDRKH,,N/A,N/A,N/A,0,0,0,0,0,0.0,0.0,0.0,0.0,0.0,0.0,0.0
SLC35C2,,N/A,N/A,N/A,0,0,0,0,0,0.0,0.0,0.0,0.0,0.0,0.0,0.0
TCF25,,N/A,N/A,N/A,0,0,0,0,0,0.0,0.0,0.0,0.0,0.0,0.0,0.0
GPRIN3,,N/A,N/A,N/A,0,0,0,0,0,0.0,0.0,0.0,0.0,0.0,0.0,0.0
TMEM254-AS1,,N/A,N/A,N/A,0,0,0,0,0,0.0,0.0,0.0,0.0,0.0,0.0,0.0
NR4A3,,N/A,N/A,N/A,0,0,0,0,0,0.0,0.0,0.0,0.0,0.0,0.0,0.0
VPS54,,N/A,N/A,N/A,0,0,0,0,0,0.0,0.0,0.0,0.0,0.0,0.0,0.0
ZNF695,,N/A,N/A,N/A,0,0,0,0,0,0.0,0.0,0.0,0.0,0.0,0.0,0.0
CPPED1,,N/A,N/A,N/A,0,0,0,0,0,0.0,0.0,0.0,0.0,0.0,0.0,0.0
RAB28,,N/A,N/A,N/A,0,0,0,0,0,0.0,0.0,0.0,0.0,0.0,0.0,0.0
HS1BP3,,N/A,N/A,N/A,0,0,0,0,0,0.0,0.0,0.0,0.0,0.0,0.0,0.0
UNC50,,N/A,N/A,N/A,0,0,0,0,0,0.0,0.0,0.0,0.0,0.0,0.0,0.0
FGFBP3,,N/A,N/A,N/A,0,0,0,0,0,0.0,0.0,0.0,0.0,0.0,0.0,0.0
CCNJL,,N/A,N/A,N/A,0,0,0,0,0,0.0,0.0,0.0,0.0,0.0,0.0,0.0
ABTB1,,N/A,N/A,N/A,0,0,0,0,0,0.0,0.0,0.0,0.0,0.0,0.0,0.0
SNX21,,N/A,N/A,N/A,0,0,0,0,0,0.0,0.0,0.0,0.0,0.0,0.0,0.0
POT1,,N/A,N/A,N/A,0,0,0,0,0,0.0,0.0,0.0,0.0,0.0,0.0,0.0
TRIP11,,N/A,N/A,N/A,0,0,0,0,0,0.0,0.0,0.0,0.0,0.0,0.0,0.0
RRM2,,N/A,N/A,N/A,0,0,0,0,0,0.0,0.0,0.0,0.0,0.0,0.0,0.0
PAFAH1B1,,N/A,N/A,N/A,0,0,0,0,0,0.0,0.0,0.0,0.0,0.0,0.0,0.0
CSAD,,N/A,N/A,N/A,0,0,0,0,0,0.0,0.0,0.0,0.0,0.0,0.0,0.0
FBXO42,,N/A,N/A,N/A,0,0,0,0,0,0.0,0.0,0.0,0.0,0.0,0.0,0.0
KDM4B,,N/A,N/A,N/A,0,0,0,0,0,0.0,0.0,0.0,0.0,0.0,0.0,0.0
KDM8,,N/A,N/A,N/A,0,0,0,0,0,0.0,0.0,0.0,0.0,0.0,0.0,0.0
TPM1,,N/A,N/A,N/A,0,0,0,0,0,0.0,0.0,0.0,0.0,0.0,0.0,0.0
WRAP73,,N/A,N/A,N/A,0,0,0,0,0,0.0,0.0,0.0,0.0,0.0,0.0,0.0
LINC00920,,N/A,N/A,N/A,0,0,0,0,0,0.0,0.0,0.0,0.0,0.0,0.0,0.0
NLE1,,N/A,N/A,N/A,0,0,0,0,0,0.0,0.0,0.0,0.0,0.0,0.0,0.0
TCFL5,,N/A,N/A,N/A,0,0,0,0,0,0.0,0.0,0.0,0.0,0.0,0.0,0.0
ZNF688,,N/A,N/A,N/A,0,0,0,0,0,0.0,0.0,0.0,0.0,0.0,0.0,0.0
PREX1,,N/A,N/A,N/A,0,0,0,0,0,0.0,0.0,0.0,0.0,0.0,0.0,0.0
BRAT1,,N/A,N/A,N/A,0,0,0,0,0,0.0,0.0,0.0,0.0,0.0,0.0,0.0
PRPF38A,,N/A,N/A,N/A,0,0,0,0,0,0.0,0.0,0.0,0.0,0.0,0.0,0.0
TSPAN14,,N/A,N/A,N/A,0,0,0,0,0,0.0,0.0,0.0,0.0,0.0,0.0,0.0
PTPRF,,N/A,N/A,N/A,0,0,0,0,0,0.0,0.0,0.0,0.0,0.0,0.0,0.0
IL17RE,,N/A,N/A,N/A,0,0,0,0,0,0.0,0.0,0.0,0.0,0.0,0.0,0.0
SLC18B1,,N/A,N/A,N/A,0,0,0,0,0,0.0,0.0,0.0,0.0,0.0,0.0,0.0
PSMB2,,N/A,N/A,N/A,0,0,0,0,0,0.0,0.0,0.0,0.0,0.0,0.0,0.0
ALS2CL,,N/A,N/A,N/A,0,0,0,0,0,0.0,0.0,0.0,0.0,0.0,0.0,0.0
CEP57L1,,N/A,N/A,N/A,0,0,0,0,0,0.0,0.0,0.0,0.0,0.0,0.0,0.0
FARP1,,N/A,N/A,N/A,0,0,0,0,0,0.0,0.0,0.0,0.0,0.0,0.0,0.0
PBX4,,N/A,N/A,N/A,0,0,0,0,0,0.0,0.0,0.0,0.0,0.0,0.0,0.0
FCER1G,,N/A,N/A,N/A,0,0,0,0,0,0.0,0.0,0.0,0.0,0.0,0.0,0.0
LYSMD2,,N/A,N/A,N/A,0,0,0,0,0,0.0,0.0,0.0,0.0,0.0,0.0,0.0
MPPED2,,N/A,N/A,N/A,0,0,0,0,0,0.0,0.0,0.0,0.0,0.0,0.0,0.0
RNF25,,N/A,N/A,N/A,0,0,0,0,0,0.0,0.0,0.0,0.0,0.0,0.0,0.0
DPM1,,N/A,N/A,N/A,0,0,0,0,0,0.0,0.0,0.0,0.0,0.0,0.0,0.0
ALDH6A1,,N/A,N/A,N/A,0,0,0,0,0,0.0,0.0,0.0,0.0,0.0,0.0,0.0
SHARPIN,,N/A,N/A,N/A,0,0,0,0,0,0.0,0.0,0.0,0.0,0.0,0.0,0.0
TFAP4,,N/A,N/A,N/A,0,0,0,0,0,0.0,0.0,0.0,0.0,0.0,0.0,0.0
SETD9,,N/A,N/A,N/A,0,0,0,0,0,0.0,0.0,0.0,0.0,0.0,0.0,0.0
ZNF780A,,N/A,N/A,N/A,0,0,0,0,0,0.0,0.0,0.0,0.0,0.0,0.0,0.0
MTUS1,,N/A,N/A,N/A,0,0,0,0,0,0.0,0.0,0.0,0.0,0.0,0.0,0.0
NUDT19,,N/A,N/A,N/A,0,0,0,0,0,0.0,0.0,0.0,0.0,0.0,0.0,0.0
PLXNB1,,N/A,N/A,N/A,0,0,0,0,0,0.0,0.0,0.0,0.0,0.0,0.0,0.0
DBR1,,N/A,N/A,N/A,0,0,0,0,0,0.0,0.0,0.0,0.0,0.0,0.0,0.0
DLST,,N/A,N/A,N/A,0,0,0,0,0,0.0,0.0,0.0,0.0,0.0,0.0,0.0
MYL12B,,N/A,N/A,N/A,0,0,0,0,0,0.0,0.0,0.0,0.0,0.0,0.0,0.0
TMEM19,,N/A,N/A,N/A,0,0,0,0,0,0.0,0.0,0.0,0.0,0.0,0.0,0.0
GTDC1,,N/A,N/A,N/A,0,0,0,0,0,0.0,0.0,0.0,0.0,0.0,0.0,0.0
CRLS1,,N/A,N/A,N/A,0,0,0,0,0,0.0,0.0,0.0,0.0,0.0,0.0,0.0
BRD9,,N/A,N/A,N/A,0,0,0,0,0,0.0,0.0,0.0,0.0,0.0,0.0,0.0
CNOT2,,N/A,N/A,N/A,0,0,0,0,0,0.0,0.0,0.0,0.0,0.0,0.0,0.0
SLC25A29,,N/A,N/A,N/A,0,0,0,0,0,0.0,0.0,0.0,0.0,0.0,0.0,0.0
TTYH3,,N/A,N/A,N/A,0,0,0,0,0,0.0,0.0,0.0,0.0,0.0,0.0,0.0
CMYA5,,N/A,N/A,N/A,0,0,0,0,0,0.0,0.0,0.0,0.0,0.0,0.0,0.0
ZDHHC17,,N/A,N/A,N/A,0,0,0,0,0,0.0,0.0,0.0,0.0,0.0,0.0,0.0
PLIN3,,N/A,N/A,N/A,0,0,0,0,0,0.0,0.0,0.0,0.0,0.0,0.0,0.0
CSNK1G3,,N/A,N/A,N/A,0,0,0,0,0,0.0,0.0,0.0,0.0,0.0,0.0,0.0
ILVBL,,N/A,N/A,N/A,0,0,0,0,0,0.0,0.0,0.0,0.0,0.0,0.0,0.0
ZNF662,,N/A,N/A,N/A,0,0,0,0,0,0.0,0.0,0.0,0.0,0.0,0.0,0.0
ZDHHC13,,N/A,N/A,N/A,0,0,0,0,0,0.0,0.0,0.0,0.0,0.0,0.0,0.0
MTHFD2L,,N/A,N/A,N/A,0,0,0,0,0,0.0,0.0,0.0,0.0,0.0,0.0,0.0
ATG4C,,N/A,N/A,N/A,0,0,0,0,0,0.0,0.0,0.0,0.0,0.0,0.0,0.0
MFSD11,,N/A,N/A,N/A,0,0,0,0,0,0.0,0.0,0.0,0.0,0.0,0.0,0.0
LRGUK,,N/A,N/A,N/A,0,0,0,0,0,0.0,0.0,0.0,0.0,0.0,0.0,0.0
MTMR3,,N/A,N/A,N/A,0,0,0,0,0,0.0,0.0,0.0,0.0,0.0,0.0,0.0
CLIP3,,N/A,N/A,N/A,0,0,0,0,0,0.0,0.0,0.0,0.0,0.0,0.0,0.0
FBXO5,,N/A,N/A,N/A,0,0,0,0,0,0.0,0.0,0.0,0.0,0.0,0.0,0.0
SLC2A10,,N/A,N/A,N/A,0,0,0,0,0,0.0,0.0,0.0,0.0,0.0,0.0,0.0
FOXO4,,N/A,N/A,N/A,0,0,0,0,0,0.0,0.0,0.0,0.0,0.0,0.0,0.0
LSM14B,,N/A,N/A,N/A,0,0,0,0,0,0.0,0.0,0.0,0.0,0.0,0.0,0.0
EIF2B4,,N/A,N/A,N/A,0,0,0,0,0,0.0,0.0,0.0,0.0,0.0,0.0,0.0
TMED1,,N/A,N/A,N/A,0,0,0,0,0,0.0,0.0,0.0,0.0,0.0,0.0,0.0
IFT52,,N/A,N/A,N/A,0,0,0,0,0,0.0,0.0,0.0,0.0,0.0,0.0,0.0
PRR7,,N/A,N/A,N/A,0,0,0,0,0,0.0,0.0,0.0,0.0,0.0,0.0,0.0
NSRP1,,N/A,N/A,N/A,0,0,0,0,0,0.0,0.0,0.0,0.0,0.0,0.0,0.0
SPRYD7,,N/A,N/A,N/A,0,0,0,0,0,0.0,0.0,0.0,0.0,0.0,0.0,0.0
SLC4A7,,N/A,N/A,N/A,0,0,0,0,0,0.0,0.0,0.0,0.0,0.0,0.0,0.0
EIF1AX,,N/A,N/A,N/A,0,0,0,0,0,0.0,0.0,0.0,0.0,0.0,0.0,0.0
TRAPPC4,,N/A,N/A,N/A,0,0,0,0,0,0.0,0.0,0.0,0.0,0.0,0.0,0.0
GOLGA3,,N/A,N/A,N/A,0,0,0,0,0,0.0,0.0,0.0,0.0,0.0,0.0,0.0
TXLNA,,N/A,N/A,N/A,0,0,0,0,0,0.0,0.0,0.0,0.0,0.0,0.0,0.0
ENO3,,N/A,N/A,N/A,0,0,0,0,0,0.0,0.0,0.0,0.0,0.0,0.0,0.0
EXOC7,,N/A,N/A,N/A,0,0,0,0,0,0.0,0.0,0.0,0.0,0.0,0.0,0.0
CDK2AP1,,N/A,N/A,N/A,0,0,0,0,0,0.0,0.0,0.0,0.0,0.0,0.0,0.0
POU3F1,,N/A,N/A,N/A,0,0,0,0,0,0.0,0.0,0.0,0.0,0.0,0.0,0.0
DDX19A,,N/A,N/A,N/A,0,0,0,0,0,0.0,0.0,0.0,0.0,0.0,0.0,0.0
NFKBIL1,,N/A,N/A,N/A,0,0,0,0,0,0.0,0.0,0.0,0.0,0.0,0.0,0.0
OSBP2,,N/A,N/A,N/A,0,0,0,0,0,0.0,0.0,0.0,0.0,0.0,0.0,0.0
SFSWAP,,N/A,N/A,N/A,0,0,0,0,0,0.0,0.0,0.0,0.0,0.0,0.0,0.0
CCDC102B,,N/A,N/A,N/A,0,0,0,0,0,0.0,0.0,0.0,0.0,0.0,0.0,0.0
TOB2,,N/A,N/A,N/A,0,0,0,0,0,0.0,0.0,0.0,0.0,0.0,0.0,0.0
PRMT2,,N/A,N/A,N/A,0,0,0,0,0,0.0,0.0,0.0,0.0,0.0,0.0,0.0
POC5,,N/A,N/A,N/A,0,0,0,0,0,0.0,0.0,0.0,0.0,0.0,0.0,0.0
KCNIP2,,N/A,N/A,N/A,0,0,0,0,0,0.0,0.0,0.0,0.0,0.0,0.0,0.0
ZFAND2B,,N/A,N/A,N/A,0,0,0,0,0,0.0,0.0,0.0,0.0,0.0,0.0,0.0
HTRA2,,N/A,N/A,N/A,0,0,0,0,0,0.0,0.0,0.0,0.0,0.0,0.0,0.0
ZNF525,,N/A,N/A,N/A,0,0,0,0,0,0.0,0.0,0.0,0.0,0.0,0.0,0.0
CAAP1,,N/A,N/A,N/A,0,0,0,0,0,0.0,0.0,0.0,0.0,0.0,0.0,0.0
CLPTM1L,,N/A,N/A,N/A,0,0,0,0,0,0.0,0.0,0.0,0.0,0.0,0.0,0.0
LSM1,,N/A,N/A,N/A,0,0,0,0,0,0.0,0.0,0.0,0.0,0.0,0.0,0.0
ADCY9,,N/A,N/A,N/A,0,0,0,0,0,0.0,0.0,0.0,0.0,0.0,0.0,0.0
ZNF699,,N/A,N/A,N/A,0,0,0,0,0,0.0,0.0,0.0,0.0,0.0,0.0,0.0
TNIP1,,N/A,N/A,N/A,0,0,0,0,0,0.0,0.0,0.0,0.0,0.0,0.0,0.0
SLC22A17,,N/A,N/A,N/A,0,0,0,0,0,0.0,0.0,0.0,0.0,0.0,0.0,0.0
RABL2A,,N/A,N/A,N/A,0,0,0,0,0,0.0,0.0,0.0,0.0,0.0,0.0,0.0
MRPS5,,N/A,N/A,N/A,0,0,0,0,0,0.0,0.0,0.0,0.0,0.0,0.0,0.0
STEAP3,,N/A,N/A,N/A,0,0,0,0,0,0.0,0.0,0.0,0.0,0.0,0.0,0.0
TBCK,,N/A,N/A,N/A,0,0,0,0,0,0.0,0.0,0.0,0.0,0.0,0.0,0.0
MANF,,N/A,N/A,N/A,0,0,0,0,0,0.0,0.0,0.0,0.0,0.0,0.0,0.0
INPP5E,,N/A,N/A,N/A,0,0,0,0,0,0.0,0.0,0.0,0.0,0.0,0.0,0.0
LINC00115,,N/A,N/A,N/A,0,0,0,0,0,0.0,0.0,0.0,0.0,0.0,0.0,0.0
UACA,,N/A,N/A,N/A,0,0,0,0,0,0.0,0.0,0.0,0.0,0.0,0.0,0.0
NELFE,,N/A,N/A,N/A,0,0,0,0,0,0.0,0.0,0.0,0.0,0.0,0.0,0.0
POLR1D,,N/A,N/A,N/A,0,0,0,0,0,0.0,0.0,0.0,0.0,0.0,0.0,0.0
FAM174B,,N/A,N/A,N/A,0,0,0,0,0,0.0,0.0,0.0,0.0,0.0,0.0,0.0
TRPM4,,N/A,N/A,N/A,0,0,0,0,0,0.0,0.0,0.0,0.0,0.0,0.0,0.0
FBXO6,,N/A,N/A,N/A,0,0,0,0,0,0.0,0.0,0.0,0.0,0.0,0.0,0.0
LYRM4,,N/A,N/A,N/A,0,0,0,0,0,0.0,0.0,0.0,0.0,0.0,0.0,0.0
PITHD1,,N/A,N/A,N/A,0,0,0,0,0,0.0,0.0,0.0,0.0,0.0,0.0,0.0
KLHL42,,N/A,N/A,N/A,0,0,0,0,0,0.0,0.0,0.0,0.0,0.0,0.0,0.0
PPP1R26,,N/A,N/A,N/A,0,0,0,0,0,0.0,0.0,0.0,0.0,0.0,0.0,0.0
XYLB,,N/A,N/A,N/A,0,0,0,0,0,0.0,0.0,0.0,0.0,0.0,0.0,0.0
CAMK1,,N/A,N/A,N/A,0,0,0,0,0,0.0,0.0,0.0,0.0,0.0,0.0,0.0
LDLRAD3,,N/A,N/A,N/A,0,0,0,0,0,0.0,0.0,0.0,0.0,0.0,0.0,0.0
KCTD15,,N/A,N/A,N/A,0,0,0,0,0,0.0,0.0,0.0,0.0,0.0,0.0,0.0
SYMPK,,N/A,N/A,N/A,0,0,0,0,0,0.0,0.0,0.0,0.0,0.0,0.0,0.0
SIN3A,,N/A,N/A,N/A,0,0,0,0,0,0.0,0.0,0.0,0.0,0.0,0.0,0.0
RAMP2,,N/A,N/A,N/A,0,0,0,0,0,0.0,0.0,0.0,0.0,0.0,0.0,0.0
PGAP1,,N/A,N/A,N/A,0,0,0,0,0,0.0,0.0,0.0,0.0,0.0,0.0,0.0
RHBDF2,,N/A,N/A,N/A,0,0,0,0,0,0.0,0.0,0.0,0.0,0.0,0.0,0.0
BMPR1A,,N/A,N/A,N/A,0,0,0,0,0,0.0,0.0,0.0,0.0,0.0,0.0,0.0
LPXN,,N/A,N/A,N/A,0,0,0,0,0,0.0,0.0,0.0,0.0,0.0,0.0,0.0
MSRA,,N/A,N/A,N/A,0,0,0,0,0,0.0,0.0,0.0,0.0,0.0,0.0,0.0
WARS2,,N/A,N/A,N/A,0,0,0,0,0,0.0,0.0,0.0,0.0,0.0,0.0,0.0
CCNYL1,,N/A,N/A,N/A,0,0,0,0,0,0.0,0.0,0.0,0.0,0.0,0.0,0.0
SEC23A,,N/A,N/A,N/A,0,0,0,0,0,0.0,0.0,0.0,0.0,0.0,0.0,0.0
YLPM1,,N/A,N/A,N/A,0,0,0,0,0,0.0,0.0,0.0,0.0,0.0,0.0,0.0
MDP1,,N/A,N/A,N/A,0,0,0,0,0,0.0,0.0,0.0,0.0,0.0,0.0,0.0
MARVELD3,,N/A,N/A,N/A,0,0,0,0,0,0.0,0.0,0.0,0.0,0.0,0.0,0.0
RPRD1A,,N/A,N/A,N/A,0,0,0,0,0,0.0,0.0,0.0,0.0,0.0,0.0,0.0
CWC25,,N/A,N/A,N/A,0,0,0,0,0,0.0,0.0,0.0,0.0,0.0,0.0,0.0
ARMCX4,,N/A,N/A,N/A,0,0,0,0,0,0.0,0.0,0.0,0.0,0.0,0.0,0.0
DIS3L,,N/A,N/A,N/A,0,0,0,0,0,0.0,0.0,0.0,0.0,0.0,0.0,0.0
PAX8,,N/A,N/A,N/A,0,0,0,0,0,0.0,0.0,0.0,0.0,0.0,0.0,0.0
TAF9,,N/A,N/A,N/A,0,0,0,0,0,0.0,0.0,0.0,0.0,0.0,0.0,0.0
ZNF155,,N/A,N/A,N/A,0,0,0,0,0,0.0,0.0,0.0,0.0,0.0,0.0,0.0
EIF5B,,N/A,N/A,N/A,0,0,0,0,0,0.0,0.0,0.0,0.0,0.0,0.0,0.0
NFYA,,N/A,N/A,N/A,0,0,0,0,0,0.0,0.0,0.0,0.0,0.0,0.0,0.0
ARHGEF1,,N/A,N/A,N/A,0,0,0,0,0,0.0,0.0,0.0,0.0,0.0,0.0,0.0
MBNL2,,N/A,N/A,N/A,0,0,0,0,0,0.0,0.0,0.0,0.0,0.0,0.0,0.0
FN3K,,N/A,N/A,N/A,0,0,0,0,0,0.0,0.0,0.0,0.0,0.0,0.0,0.0
RDH14,,N/A,N/A,N/A,0,0,0,0,0,0.0,0.0,0.0,0.0,0.0,0.0,0.0
ZXDC,,N/A,N/A,N/A,0,0,0,0,0,0.0,0.0,0.0,0.0,0.0,0.0,0.0
CMAS,,N/A,N/A,N/A,0,0,0,0,0,0.0,0.0,0.0,0.0,0.0,0.0,0.0
VEZT,,N/A,N/A,N/A,0,0,0,0,0,0.0,0.0,0.0,0.0,0.0,0.0,0.0
PPP1R3B,,N/A,N/A,N/A,0,0,0,0,0,0.0,0.0,0.0,0.0,0.0,0.0,0.0
CACNB1,,N/A,N/A,N/A,0,0,0,0,0,0.0,0.0,0.0,0.0,0.0,0.0,0.0
BTBD6,,N/A,N/A,N/A,0,0,0,0,0,0.0,0.0,0.0,0.0,0.0,0.0,0.0
SLC20A1,,N/A,N/A,N/A,0,0,0,0,0,0.0,0.0,0.0,0.0,0.0,0.0,0.0
DAD1,,N/A,N/A,N/A,0,0,0,0,0,0.0,0.0,0.0,0.0,0.0,0.0,0.0
LINC00174,,N/A,N/A,N/A,0,0,0,0,0,0.0,0.0,0.0,0.0,0.0,0.0,0.0
BCL2L13,,N/A,N/A,N/A,0,0,0,0,0,0.0,0.0,0.0,0.0,0.0,0.0,0.0
PDE1A,,N/A,N/A,N/A,0,0,0,0,0,0.0,0.0,0.0,0.0,0.0,0.0,0.0
MICU3,,N/A,N/A,N/A,0,0,0,0,0,0.0,0.0,0.0,0.0,0.0,0.0,0.0
TRAPPC1,,N/A,N/A,N/A,0,0,0,0,0,0.0,0.0,0.0,0.0,0.0,0.0,0.0
PPP2R2A,,N/A,N/A,N/A,0,0,0,0,0,0.0,0.0,0.0,0.0,0.0,0.0,0.0
TMEM115,,N/A,N/A,N/A,0,0,0,0,0,0.0,0.0,0.0,0.0,0.0,0.0,0.0
SEC31A,,N/A,N/A,N/A,0,0,0,0,0,0.0,0.0,0.0,0.0,0.0,0.0,0.0
CABLES2,,N/A,N/A,N/A,0,0,0,0,0,0.0,0.0,0.0,0.0,0.0,0.0,0.0
RPL35,,N/A,N/A,N/A,0,0,0,0,0,0.0,0.0,0.0,0.0,0.0,0.0,0.0
SPATA33,,N/A,N/A,N/A,0,0,0,0,0,0.0,0.0,0.0,0.0,0.0,0.0,0.0
ZNF234,,N/A,N/A,N/A,0,0,0,0,0,0.0,0.0,0.0,0.0,0.0,0.0,0.0
PHC3,,N/A,N/A,N/A,0,0,0,0,0,0.0,0.0,0.0,0.0,0.0,0.0,0.0
RIC8B,,N/A,N/A,N/A,0,0,0,0,0,0.0,0.0,0.0,0.0,0.0,0.0,0.0
CCR10,,N/A,N/A,N/A,0,0,0,0,0,0.0,0.0,0.0,0.0,0.0,0.0,0.0
RPS6KA4,,N/A,N/A,N/A,0,0,0,0,0,0.0,0.0,0.0,0.0,0.0,0.0,0.0
ATP6V0E2-AS1,,N/A,N/A,N/A,0,0,0,0,0,0.0,0.0,0.0,0.0,0.0,0.0,0.0
KCNJ14,,N/A,N/A,N/A,0,0,0,0,0,0.0,0.0,0.0,0.0,0.0,0.0,0.0
HAUS7,,N/A,N/A,N/A,0,0,0,0,0,0.0,0.0,0.0,0.0,0.0,0.0,0.0
TRIP6,,N/A,N/A,N/A,0,0,0,0,0,0.0,0.0,0.0,0.0,0.0,0.0,0.0
PRDM15,,N/A,N/A,N/A,0,0,0,0,0,0.0,0.0,0.0,0.0,0.0,0.0,0.0
FKBP2,,N/A,N/A,N/A,0,0,0,0,0,0.0,0.0,0.0,0.0,0.0,0.0,0.0
TTLL4,,N/A,N/A,N/A,0,0,0,0,0,0.0,0.0,0.0,0.0,0.0,0.0,0.0
MRPL2,,N/A,N/A,N/A,0,0,0,0,0,0.0,0.0,0.0,0.0,0.0,0.0,0.0
NASP,,N/A,N/A,N/A,0,0,0,0,0,0.0,0.0,0.0,0.0,0.0,0.0,0.0
LEMD2,,N/A,N/A,N/A,0,0,0,0,0,0.0,0.0,0.0,0.0,0.0,0.0,0.0
DOCK3,,N/A,N/A,N/A,0,0,0,0,0,0.0,0.0,0.0,0.0,0.0,0.0,0.0
RPL7A,,N/A,N/A,N/A,0,0,0,0,0,0.0,0.0,0.0,0.0,0.0,0.0,0.0
TRIM62,,N/A,N/A,N/A,0,0,0,0,0,0.0,0.0,0.0,0.0,0.0,0.0,0.0
GART,,N/A,N/A,N/A,0,0,0,0,0,0.0,0.0,0.0,0.0,0.0,0.0,0.0
TCEA2,,N/A,N/A,N/A,0,0,0,0,0,0.0,0.0,0.0,0.0,0.0,0.0,0.0
TSPYL4,,N/A,N/A,N/A,0,0,0,0,0,0.0,0.0,0.0,0.0,0.0,0.0,0.0
HAAO,,N/A,N/A,N/A,0,0,0,0,0,0.0,0.0,0.0,0.0,0.0,0.0,0.0
MRPL10,,N/A,N/A,N/A,0,0,0,0,0,0.0,0.0,0.0,0.0,0.0,0.0,0.0
COX5A,,N/A,N/A,N/A,0,0,0,0,0,0.0,0.0,0.0,0.0,0.0,0.0,0.0
OTUD5,,N/A,N/A,N/A,0,0,0,0,0,0.0,0.0,0.0,0.0,0.0,0.0,0.0
ZNF354C,,N/A,N/A,N/A,0,0,0,0,0,0.0,0.0,0.0,0.0,0.0,0.0,0.0
RBM6,,N/A,N/A,N/A,0,0,0,0,0,0.0,0.0,0.0,0.0,0.0,0.0,0.0
FBXO17,,N/A,N/A,N/A,0,0,0,0,0,0.0,0.0,0.0,0.0,0.0,0.0,0.0
CRIP2,,N/A,N/A,N/A,0,0,0,0,0,0.0,0.0,0.0,0.0,0.0,0.0,0.0
TMEM243,,N/A,N/A,N/A,0,0,0,0,0,0.0,0.0,0.0,0.0,0.0,0.0,0.0
GLIPR1,,N/A,N/A,N/A,0,0,0,0,0,0.0,0.0,0.0,0.0,0.0,0.0,0.0
ARG2,,N/A,N/A,N/A,0,0,0,0,0,0.0,0.0,0.0,0.0,0.0,0.0,0.0
CRABP2,,N/A,N/A,N/A,0,0,0,0,0,0.0,0.0,0.0,0.0,0.0,0.0,0.0
SNAP29,,N/A,N/A,N/A,0,0,0,0,0,0.0,0.0,0.0,0.0,0.0,0.0,0.0
NDC1,,N/A,N/A,N/A,0,0,0,0,0,0.0,0.0,0.0,0.0,0.0,0.0,0.0
DESI1,,N/A,N/A,N/A,0,0,0,0,0,0.0,0.0,0.0,0.0,0.0,0.0,0.0
NDUFAF5,,N/A,N/A,N/A,0,0,0,0,0,0.0,0.0,0.0,0.0,0.0,0.0,0.0
GRAMD4,,N/A,N/A,N/A,0,0,0,0,0,0.0,0.0,0.0,0.0,0.0,0.0,0.0
TRMT2A,,N/A,N/A,N/A,0,0,0,0,0,0.0,0.0,0.0,0.0,0.0,0.0,0.0
ZCCHC14,,N/A,N/A,N/A,0,0,0,0,0,0.0,0.0,0.0,0.0,0.0,0.0,0.0
ELAC1,,N/A,N/A,N/A,0,0,0,0,0,0.0,0.0,0.0,0.0,0.0,0.0,0.0
SLC27A3,,N/A,N/A,N/A,0,0,0,0,0,0.0,0.0,0.0,0.0,0.0,0.0,0.0
NBPF15,,N/A,N/A,N/A,0,0,0,0,0,0.0,0.0,0.0,0.0,0.0,0.0,0.0
TRIOBP,,N/A,N/A,N/A,0,0,0,0,0,0.0,0.0,0.0,0.0,0.0,0.0,0.0
KIF22,,N/A,N/A,N/A,0,0,0,0,0,0.0,0.0,0.0,0.0,0.0,0.0,0.0
KAT5,,N/A,N/A,N/A,0,0,0,0,0,0.0,0.0,0.0,0.0,0.0,0.0,0.0
DEPDC1B,,N/A,N/A,N/A,0,0,0,0,0,0.0,0.0,0.0,0.0,0.0,0.0,0.0
KIAA1328,,N/A,N/A,N/A,0,0,0,0,0,0.0,0.0,0.0,0.0,0.0,0.0,0.0
ZFP37,,N/A,N/A,N/A,0,0,0,0,0,0.0,0.0,0.0,0.0,0.0,0.0,0.0
LGALS3,,N/A,N/A,N/A,0,0,0,0,0,0.0,0.0,0.0,0.0,0.0,0.0,0.0
ABI2,,N/A,N/A,N/A,0,0,0,0,0,0.0,0.0,0.0,0.0,0.0,0.0,0.0
FBXO7,,N/A,N/A,N/A,0,0,0,0,0,0.0,0.0,0.0,0.0,0.0,0.0,0.0
STX12,,N/A,N/A,N/A,0,0,0,0,0,0.0,0.0,0.0,0.0,0.0,0.0,0.0
LSM4,,N/A,N/A,N/A,0,0,0,0,0,0.0,0.0,0.0,0.0,0.0,0.0,0.0
CEP55,,N/A,N/A,N/A,0,0,0,0,0,0.0,0.0,0.0,0.0,0.0,0.0,0.0
ZNF2,,N/A,N/A,N/A,0,0,0,0,0,0.0,0.0,0.0,0.0,0.0,0.0,0.0
IFT27,,N/A,N/A,N/A,0,0,0,0,0,0.0,0.0,0.0,0.0,0.0,0.0,0.0
TUBGCP4,,N/A,N/A,N/A,0,0,0,0,0,0.0,0.0,0.0,0.0,0.0,0.0,0.0
HVCN1,,N/A,N/A,N/A,0,0,0,0,0,0.0,0.0,0.0,0.0,0.0,0.0,0.0
SGSM2,,N/A,N/A,N/A,0,0,0,0,0,0.0,0.0,0.0,0.0,0.0,0.0,0.0
NDUFV2,,N/A,N/A,N/A,0,0,0,0,0,0.0,0.0,0.0,0.0,0.0,0.0,0.0
COL4A2,,N/A,N/A,N/A,0,0,0,0,0,0.0,0.0,0.0,0.0,0.0,0.0,0.0
C19orf53,,N/A,N/A,N/A,0,0,0,0,0,0.0,0.0,0.0,0.0,0.0,0.0,0.0
TP53INP1,,N/A,N/A,N/A,0,0,0,0,0,0.0,0.0,0.0,0.0,0.0,0.0,0.0
STK36,,N/A,N/A,N/A,0,0,0,0,0,0.0,0.0,0.0,0.0,0.0,0.0,0.0
P2RY14,,N/A,N/A,N/A,0,0,0,0,0,0.0,0.0,0.0,0.0,0.0,0.0,0.0
PITRM1,,N/A,N/A,N/A,0,0,0,0,0,0.0,0.0,0.0,0.0,0.0,0.0,0.0
TIMM44,,N/A,N/A,N/A,0,0,0,0,0,0.0,0.0,0.0,0.0,0.0,0.0,0.0
ZNF181,,N/A,N/A,N/A,0,0,0,0,0,0.0,0.0,0.0,0.0,0.0,0.0,0.0
REPS2,,N/A,N/A,N/A,0,0,0,0,0,0.0,0.0,0.0,0.0,0.0,0.0,0.0
DCTD,,N/A,N/A,N/A,0,0,0,0,0,0.0,0.0,0.0,0.0,0.0,0.0,0.0
PATL2,,N/A,N/A,N/A,0,0,0,0,0,0.0,0.0,0.0,0.0,0.0,0.0,0.0
DUSP14,,N/A,N/A,N/A,0,0,0,0,0,0.0,0.0,0.0,0.0,0.0,0.0,0.0
CCDC134,,N/A,N/A,N/A,0,0,0,0,0,0.0,0.0,0.0,0.0,0.0,0.0,0.0
DAG1,,N/A,N/A,N/A,0,0,0,0,0,0.0,0.0,0.0,0.0,0.0,0.0,0.0
OTUD4,,N/A,N/A,N/A,0,0,0,0,0,0.0,0.0,0.0,0.0,0.0,0.0,0.0
PHACTR4,,N/A,N/A,N/A,0,0,0,0,0,0.0,0.0,0.0,0.0,0.0,0.0,0.0
DNAJC7,,N/A,N/A,N/A,0,0,0,0,0,0.0,0.0,0.0,0.0,0.0,0.0,0.0
RPN2,,N/A,N/A,N/A,0,0,0,0,0,0.0,0.0,0.0,0.0,0.0,0.0,0.0
RBKS,,N/A,N/A,N/A,0,0,0,0,0,0.0,0.0,0.0,0.0,0.0,0.0,0.0
NSUN4,,N/A,N/A,N/A,0,0,0,0,0,0.0,0.0,0.0,0.0,0.0,0.0,0.0
DHX38,,N/A,N/A,N/A,0,0,0,0,0,0.0,0.0,0.0,0.0,0.0,0.0,0.0
CDC37L1,,N/A,N/A,N/A,0,0,0,0,0,0.0,0.0,0.0,0.0,0.0,0.0,0.0
EPHA4,,N/A,N/A,N/A,0,0,0,0,0,0.0,0.0,0.0,0.0,0.0,0.0,0.0
LST1,,N/A,N/A,N/A,0,0,0,0,0,0.0,0.0,0.0,0.0,0.0,0.0,0.0
CASKIN2,,N/A,N/A,N/A,0,0,0,0,0,0.0,0.0,0.0,0.0,0.0,0.0,0.0
KLF11,,N/A,N/A,N/A,0,0,0,0,0,0.0,0.0,0.0,0.0,0.0,0.0,0.0
RPTOR,,N/A,N/A,N/A,0,0,0,0,0,0.0,0.0,0.0,0.0,0.0,0.0,0.0
DUSP12,,N/A,N/A,N/A,0,0,0,0,0,0.0,0.0,0.0,0.0,0.0,0.0,0.0
B3GNT2,,N/A,N/A,N/A,0,0,0,0,0,0.0,0.0,0.0,0.0,0.0,0.0,0.0
AP1G2,,N/A,N/A,N/A,0,0,0,0,0,0.0,0.0,0.0,0.0,0.0,0.0,0.0
STARD5,,N/A,N/A,N/A,0,0,0,0,0,0.0,0.0,0.0,0.0,0.0,0.0,0.0
CUL4A,,N/A,N/A,N/A,0,0,0,0,0,0.0,0.0,0.0,0.0,0.0,0.0,0.0
CYB5R3,,N/A,N/A,N/A,0,0,0,0,0,0.0,0.0,0.0,0.0,0.0,0.0,0.0
SLC35D2,,N/A,N/A,N/A,0,0,0,0,0,0.0,0.0,0.0,0.0,0.0,0.0,0.0
ZBED5,,N/A,N/A,N/A,0,0,0,0,0,0.0,0.0,0.0,0.0,0.0,0.0,0.0
FAM222B,,N/A,N/A,N/A,0,0,0,0,0,0.0,0.0,0.0,0.0,0.0,0.0,0.0
RSF1,,N/A,N/A,N/A,0,0,0,0,0,0.0,0.0,0.0,0.0,0.0,0.0,0.0
LMAN2,,N/A,N/A,N/A,0,0,0,0,0,0.0,0.0,0.0,0.0,0.0,0.0,0.0
GUK1,,N/A,N/A,N/A,0,0,0,0,0,0.0,0.0,0.0,0.0,0.0,0.0,0.0
NKAP,,N/A,N/A,N/A,0,0,0,0,0,0.0,0.0,0.0,0.0,0.0,0.0,0.0
MID2,,N/A,N/A,N/A,0,0,0,0,0,0.0,0.0,0.0,0.0,0.0,0.0,0.0
KLHDC1,,N/A,N/A,N/A,0,0,0,0,0,0.0,0.0,0.0,0.0,0.0,0.0,0.0
LAMTOR5,,N/A,N/A,N/A,0,0,0,0,0,0.0,0.0,0.0,0.0,0.0,0.0,0.0
TANC2,,N/A,N/A,N/A,0,0,0,0,0,0.0,0.0,0.0,0.0,0.0,0.0,0.0
NUPR1,,N/A,N/A,N/A,0,0,0,0,0,0.0,0.0,0.0,0.0,0.0,0.0,0.0
MSANTD4,,N/A,N/A,N/A,0,0,0,0,0,0.0,0.0,0.0,0.0,0.0,0.0,0.0
NOP9,,N/A,N/A,N/A,0,0,0,0,0,0.0,0.0,0.0,0.0,0.0,0.0,0.0
BNIP3,,N/A,N/A,N/A,0,0,0,0,0,0.0,0.0,0.0,0.0,0.0,0.0,0.0
PTPRN2,,N/A,N/A,N/A,0,0,0,0,0,0.0,0.0,0.0,0.0,0.0,0.0,0.0
GDAP1,,N/A,N/A,N/A,0,0,0,0,0,0.0,0.0,0.0,0.0,0.0,0.0,0.0
GNB1,,N/A,N/A,N/A,0,0,0,0,0,0.0,0.0,0.0,0.0,0.0,0.0,0.0
SPRY1,,N/A,N/A,N/A,0,0,0,0,0,0.0,0.0,0.0,0.0,0.0,0.0,0.0
SLC35A3,,N/A,N/A,N/A,0,0,0,0,0,0.0,0.0,0.0,0.0,0.0,0.0,0.0
LRRC47,,N/A,N/A,N/A,0,0,0,0,0,0.0,0.0,0.0,0.0,0.0,0.0,0.0
TMEM25,,N/A,N/A,N/A,0,0,0,0,0,0.0,0.0,0.0,0.0,0.0,0.0,0.0
SP140,,N/A,N/A,N/A,0,0,0,0,0,0.0,0.0,0.0,0.0,0.0,0.0,0.0
DIRAS1,,N/A,N/A,N/A,0,0,0,0,0,0.0,0.0,0.0,0.0,0.0,0.0,0.0
CLNS1A,,N/A,N/A,N/A,0,0,0,0,0,0.0,0.0,0.0,0.0,0.0,0.0,0.0
PHF11,,N/A,N/A,N/A,0,0,0,0,0,0.0,0.0,0.0,0.0,0.0,0.0,0.0
MIR181A2HG,,N/A,N/A,N/A,0,0,0,0,0,0.0,0.0,0.0,0.0,0.0,0.0,0.0
AP1S3,,N/A,N/A,N/A,0,0,0,0,0,0.0,0.0,0.0,0.0,0.0,0.0,0.0
DNAH17,,N/A,N/A,N/A,0,0,0,0,0,0.0,0.0,0.0,0.0,0.0,0.0,0.0
CDV3,,N/A,N/A,N/A,0,0,0,0,0,0.0,0.0,0.0,0.0,0.0,0.0,0.0
PRKACB,,N/A,N/A,N/A,0,0,0,0,0,0.0,0.0,0.0,0.0,0.0,0.0,0.0
C5orf22,,N/A,N/A,N/A,0,0,0,0,0,0.0,0.0,0.0,0.0,0.0,0.0,0.0
SSR4,,N/A,N/A,N/A,0,0,0,0,0,0.0,0.0,0.0,0.0,0.0,0.0,0.0
DPAGT1,,N/A,N/A,N/A,0,0,0,0,0,0.0,0.0,0.0,0.0,0.0,0.0,0.0
UGCG,,N/A,N/A,N/A,0,0,0,0,0,0.0,0.0,0.0,0.0,0.0,0.0,0.0
SNX27,,N/A,N/A,N/A,0,0,0,0,0,0.0,0.0,0.0,0.0,0.0,0.0,0.0
ZSCAN18,,N/A,N/A,N/A,0,0,0,0,0,0.0,0.0,0.0,0.0,0.0,0.0,0.0
KCNJ15,,N/A,N/A,N/A,0,0,0,0,0,0.0,0.0,0.0,0.0,0.0,0.0,0.0
BTN2A2,,N/A,N/A,N/A,0,0,0,0,0,0.0,0.0,0.0,0.0,0.0,0.0,0.0
TSHZ1,,N/A,N/A,N/A,0,0,0,0,0,0.0,0.0,0.0,0.0,0.0,0.0,0.0
HOXB3,,N/A,N/A,N/A,0,0,0,0,0,0.0,0.0,0.0,0.0,0.0,0.0,0.0
B4GALNT3,,N/A,N/A,N/A,0,0,0,0,0,0.0,0.0,0.0,0.0,0.0,0.0,0.0
EDC3,,N/A,N/A,N/A,0,0,0,0,0,0.0,0.0,0.0,0.0,0.0,0.0,0.0
PITPNB,,N/A,N/A,N/A,0,0,0,0,0,0.0,0.0,0.0,0.0,0.0,0.0,0.0
TET1,,N/A,N/A,N/A,0,0,0,0,0,0.0,0.0,0.0,0.0,0.0,0.0,0.0
ZNF737,,N/A,N/A,N/A,0,0,0,0,0,0.0,0.0,0.0,0.0,0.0,0.0,0.0
ZNF579,,N/A,N/A,N/A,0,0,0,0,0,0.0,0.0,0.0,0.0,0.0,0.0,0.0
TAF7,,N/A,N/A,N/A,0,0,0,0,0,0.0,0.0,0.0,0.0,0.0,0.0,0.0
LRRC8B,,N/A,N/A,N/A,0,0,0,0,0,0.0,0.0,0.0,0.0,0.0,0.0,0.0
PRR7-AS1,,N/A,N/A,N/A,0,0,0,0,0,0.0,0.0,0.0,0.0,0.0,0.0,0.0
LURAP1L,,N/A,N/A,N/A,0,0,0,0,0,0.0,0.0,0.0,0.0,0.0,0.0,0.0
SLC16A10,,N/A,N/A,N/A,0,0,0,0,0,0.0,0.0,0.0,0.0,0.0,0.0,0.0
TRIM45,,N/A,N/A,N/A,0,0,0,0,0,0.0,0.0,0.0,0.0,0.0,0.0,0.0
THADA,,N/A,N/A,N/A,0,0,0,0,0,0.0,0.0,0.0,0.0,0.0,0.0,0.0
WDFY3,,N/A,N/A,N/A,0,0,0,0,0,0.0,0.0,0.0,0.0,0.0,0.0,0.0
ZNF503,,N/A,N/A,N/A,0,0,0,0,0,0.0,0.0,0.0,0.0,0.0,0.0,0.0
PPP3CC,,N/A,N/A,N/A,0,0,0,0,0,0.0,0.0,0.0,0.0,0.0,0.0,0.0
ACTR8,,N/A,N/A,N/A,0,0,0,0,0,0.0,0.0,0.0,0.0,0.0,0.0,0.0
C2orf69,,N/A,N/A,N/A,0,0,0,0,0,0.0,0.0,0.0,0.0,0.0,0.0,0.0
ELMOD3,,N/A,N/A,N/A,0,0,0,0,0,0.0,0.0,0.0,0.0,0.0,0.0,0.0
SRRM5,,N/A,N/A,N/A,0,0,0,0,0,0.0,0.0,0.0,0.0,0.0,0.0,0.0
BLZF1,,N/A,N/A,N/A,0,0,0,0,0,0.0,0.0,0.0,0.0,0.0,0.0,0.0
SENP7,,N/A,N/A,N/A,0,0,0,0,0,0.0,0.0,0.0,0.0,0.0,0.0,0.0
TNFAIP1,,N/A,N/A,N/A,0,0,0,0,0,0.0,0.0,0.0,0.0,0.0,0.0,0.0
RAB12,,N/A,N/A,N/A,0,0,0,0,0,0.0,0.0,0.0,0.0,0.0,0.0,0.0
SH3BP1,,N/A,N/A,N/A,0,0,0,0,0,0.0,0.0,0.0,0.0,0.0,0.0,0.0
EIF5A,,N/A,N/A,N/A,0,0,0,0,0,0.0,0.0,0.0,0.0,0.0,0.0,0.0
ASAP2,,N/A,N/A,N/A,0,0,0,0,0,0.0,0.0,0.0,0.0,0.0,0.0,0.0
SRGAP3,,N/A,N/A,N/A,0,0,0,0,0,0.0,0.0,0.0,0.0,0.0,0.0,0.0
USP40,,N/A,N/A,N/A,0,0,0,0,0,0.0,0.0,0.0,0.0,0.0,0.0,0.0
ZNF511,,N/A,N/A,N/A,0,0,0,0,0,0.0,0.0,0.0,0.0,0.0,0.0,0.0
EFCAB14,,N/A,N/A,N/A,0,0,0,0,0,0.0,0.0,0.0,0.0,0.0,0.0,0.0
KIAA1191,,N/A,N/A,N/A,0,0,0,0,0,0.0,0.0,0.0,0.0,0.0,0.0,0.0
SRGAP2,,N/A,N/A,N/A,0,0,0,0,0,0.0,0.0,0.0,0.0,0.0,0.0,0.0
SSR2,,N/A,N/A,N/A,0,0,0,0,0,0.0,0.0,0.0,0.0,0.0,0.0,0.0
TOMM22,,N/A,N/A,N/A,0,0,0,0,0,0.0,0.0,0.0,0.0,0.0,0.0,0.0
CCNA2,,N/A,N/A,N/A,0,0,0,0,0,0.0,0.0,0.0,0.0,0.0,0.0,0.0
SENP1,,N/A,N/A,N/A,0,0,0,0,0,0.0,0.0,0.0,0.0,0.0,0.0,0.0
CEBPB,,N/A,N/A,N/A,0,0,0,0,0,0.0,0.0,0.0,0.0,0.0,0.0,0.0
TTC38,,N/A,N/A,N/A,0,0,0,0,0,0.0,0.0,0.0,0.0,0.0,0.0,0.0
PLOD1,,N/A,N/A,N/A,0,0,0,0,0,0.0,0.0,0.0,0.0,0.0,0.0,0.0
KDELR2,,N/A,N/A,N/A,0,0,0,0,0,0.0,0.0,0.0,0.0,0.0,0.0,0.0
POLM,,N/A,N/A,N/A,0,0,0,0,0,0.0,0.0,0.0,0.0,0.0,0.0,0.0
CENPP,,N/A,N/A,N/A,0,0,0,0,0,0.0,0.0,0.0,0.0,0.0,0.0,0.0
TADA2A,,N/A,N/A,N/A,0,0,0,0,0,0.0,0.0,0.0,0.0,0.0,0.0,0.0
QPRT,,N/A,N/A,N/A,0,0,0,0,0,0.0,0.0,0.0,0.0,0.0,0.0,0.0
RNF34,,N/A,N/A,N/A,0,0,0,0,0,0.0,0.0,0.0,0.0,0.0,0.0,0.0
LMLN,,N/A,N/A,N/A,0,0,0,0,0,0.0,0.0,0.0,0.0,0.0,0.0,0.0
ZNF691,,N/A,N/A,N/A,0,0,0,0,0,0.0,0.0,0.0,0.0,0.0,0.0,0.0
GSE1,,N/A,N/A,N/A,0,0,0,0,0,0.0,0.0,0.0,0.0,0.0,0.0,0.0
RTCA,,N/A,N/A,N/A,0,0,0,0,0,0.0,0.0,0.0,0.0,0.0,0.0,0.0
RSBN1,,N/A,N/A,N/A,0,0,0,0,0,0.0,0.0,0.0,0.0,0.0,0.0,0.0
PAXBP1,,N/A,N/A,N/A,0,0,0,0,0,0.0,0.0,0.0,0.0,0.0,0.0,0.0
MOB4,,N/A,N/A,N/A,0,0,0,0,0,0.0,0.0,0.0,0.0,0.0,0.0,0.0
AKAP8L,,N/A,N/A,N/A,0,0,0,0,0,0.0,0.0,0.0,0.0,0.0,0.0,0.0
DHX32,,N/A,N/A,N/A,0,0,0,0,0,0.0,0.0,0.0,0.0,0.0,0.0,0.0
RPL12,,N/A,N/A,N/A,0,0,0,0,0,0.0,0.0,0.0,0.0,0.0,0.0,0.0
SAMD1,,N/A,N/A,N/A,0,0,0,0,0,0.0,0.0,0.0,0.0,0.0,0.0,0.0
SOCS6,,N/A,N/A,N/A,0,0,0,0,0,0.0,0.0,0.0,0.0,0.0,0.0,0.0
SUMO1,,N/A,N/A,N/A,0,0,0,0,0,0.0,0.0,0.0,0.0,0.0,0.0,0.0
RPS7,,N/A,N/A,N/A,0,0,0,0,0,0.0,0.0,0.0,0.0,0.0,0.0,0.0
JRKL,,N/A,N/A,N/A,0,0,0,0,0,0.0,0.0,0.0,0.0,0.0,0.0,0.0
OSBPL1A,,N/A,N/A,N/A,0,0,0,0,0,0.0,0.0,0.0,0.0,0.0,0.0,0.0
C1QTNF3,,N/A,N/A,N/A,0,0,0,0,0,0.0,0.0,0.0,0.0,0.0,0.0,0.0
RFNG,,N/A,N/A,N/A,0,0,0,0,0,0.0,0.0,0.0,0.0,0.0,0.0,0.0
ZNF43,,N/A,N/A,N/A,0,0,0,0,0,0.0,0.0,0.0,0.0,0.0,0.0,0.0
GLB1L3,,N/A,N/A,N/A,0,0,0,0,0,0.0,0.0,0.0,0.0,0.0,0.0,0.0
EMP2,,N/A,N/A,N/A,0,0,0,0,0,0.0,0.0,0.0,0.0,0.0,0.0,0.0
LRRN3,,N/A,N/A,N/A,0,0,0,0,0,0.0,0.0,0.0,0.0,0.0,0.0,0.0
SPATA2L,,N/A,N/A,N/A,0,0,0,0,0,0.0,0.0,0.0,0.0,0.0,0.0,0.0
TLE2,,N/A,N/A,N/A,0,0,0,0,0,0.0,0.0,0.0,0.0,0.0,0.0,0.0
COPG2,,N/A,N/A,N/A,0,0,0,0,0,0.0,0.0,0.0,0.0,0.0,0.0,0.0
KRIT1,,N/A,N/A,N/A,0,0,0,0,0,0.0,0.0,0.0,0.0,0.0,0.0,0.0
ATOX1,,N/A,N/A,N/A,0,0,0,0,0,0.0,0.0,0.0,0.0,0.0,0.0,0.0
CLMP,,N/A,N/A,N/A,0,0,0,0,0,0.0,0.0,0.0,0.0,0.0,0.0,0.0
ZNF706,,N/A,N/A,N/A,0,0,0,0,0,0.0,0.0,0.0,0.0,0.0,0.0,0.0
COX6A1,,N/A,N/A,N/A,0,0,0,0,0,0.0,0.0,0.0,0.0,0.0,0.0,0.0
TXNRD3,,N/A,N/A,N/A,0,0,0,0,0,0.0,0.0,0.0,0.0,0.0,0.0,0.0
IL27RA,,N/A,N/A,N/A,0,0,0,0,0,0.0,0.0,0.0,0.0,0.0,0.0,0.0
ARL14EP,,N/A,N/A,N/A,0,0,0,0,0,0.0,0.0,0.0,0.0,0.0,0.0,0.0
IL10RB,,N/A,N/A,N/A,0,0,0,0,0,0.0,0.0,0.0,0.0,0.0,0.0,0.0
RPS6KB1,,N/A,N/A,N/A,0,0,0,0,0,0.0,0.0,0.0,0.0,0.0,0.0,0.0
ZNF436,,N/A,N/A,N/A,0,0,0,0,0,0.0,0.0,0.0,0.0,0.0,0.0,0.0
NRCAM,,N/A,N/A,N/A,0,0,0,0,0,0.0,0.0,0.0,0.0,0.0,0.0,0.0
FBXL12,,N/A,N/A,N/A,0,0,0,0,0,0.0,0.0,0.0,0.0,0.0,0.0,0.0
CLPTM1,,N/A,N/A,N/A,0,0,0,0,0,0.0,0.0,0.0,0.0,0.0,0.0,0.0
RAB6A,,N/A,N/A,N/A,0,0,0,0,0,0.0,0.0,0.0,0.0,0.0,0.0,0.0
ARHGAP20,,N/A,N/A,N/A,0,0,0,0,0,0.0,0.0,0.0,0.0,0.0,0.0,0.0
SLC39A13,,N/A,N/A,N/A,0,0,0,0,0,0.0,0.0,0.0,0.0,0.0,0.0,0.0
TGFB1I1,,N/A,N/A,N/A,0,0,0,0,0,0.0,0.0,0.0,0.0,0.0,0.0,0.0
ZNF764,,N/A,N/A,N/A,0,0,0,0,0,0.0,0.0,0.0,0.0,0.0,0.0,0.0
SCARF2,,N/A,N/A,N/A,0,0,0,0,0,0.0,0.0,0.0,0.0,0.0,0.0,0.0
ARSG,,N/A,N/A,N/A,0,0,0,0,0,0.0,0.0,0.0,0.0,0.0,0.0,0.0
THEM6,,N/A,N/A,N/A,0,0,0,0,0,0.0,0.0,0.0,0.0,0.0,0.0,0.0
RRAS,,N/A,N/A,N/A,0,0,0,0,0,0.0,0.0,0.0,0.0,0.0,0.0,0.0
ARL10,,N/A,N/A,N/A,0,0,0,0,0,0.0,0.0,0.0,0.0,0.0,0.0,0.0
OXLD1,,N/A,N/A,N/A,0,0,0,0,0,0.0,0.0,0.0,0.0,0.0,0.0,0.0
MED12L,,N/A,N/A,N/A,0,0,0,0,0,0.0,0.0,0.0,0.0,0.0,0.0,0.0
DNAJC16,,N/A,N/A,N/A,0,0,0,0,0,0.0,0.0,0.0,0.0,0.0,0.0,0.0
URGCP,,N/A,N/A,N/A,0,0,0,0,0,0.0,0.0,0.0,0.0,0.0,0.0,0.0
CPED1,,N/A,N/A,N/A,0,0,0,0,0,0.0,0.0,0.0,0.0,0.0,0.0,0.0
PREB,,N/A,N/A,N/A,0,0,0,0,0,0.0,0.0,0.0,0.0,0.0,0.0,0.0
CCNL2,,N/A,N/A,N/A,0,0,0,0,0,0.0,0.0,0.0,0.0,0.0,0.0,0.0
CYB5R4,,N/A,N/A,N/A,0,0,0,0,0,0.0,0.0,0.0,0.0,0.0,0.0,0.0
HADHB,,N/A,N/A,N/A,0,0,0,0,0,0.0,0.0,0.0,0.0,0.0,0.0,0.0
ZNF540,,N/A,N/A,N/A,0,0,0,0,0,0.0,0.0,0.0,0.0,0.0,0.0,0.0
FOXJ2,,N/A,N/A,N/A,0,0,0,0,0,0.0,0.0,0.0,0.0,0.0,0.0,0.0
RBM38,,N/A,N/A,N/A,0,0,0,0,0,0.0,0.0,0.0,0.0,0.0,0.0,0.0
TLCD2,,N/A,N/A,N/A,0,0,0,0,0,0.0,0.0,0.0,0.0,0.0,0.0,0.0
ITPR3,,N/A,N/A,N/A,0,0,0,0,0,0.0,0.0,0.0,0.0,0.0,0.0,0.0
YTHDF2,,N/A,N/A,N/A,0,0,0,0,0,0.0,0.0,0.0,0.0,0.0,0.0,0.0
DNAJC25,,N/A,N/A,N/A,0,0,0,0,0,0.0,0.0,0.0,0.0,0.0,0.0,0.0
AK9,,N/A,N/A,N/A,0,0,0,0,0,0.0,0.0,0.0,0.0,0.0,0.0,0.0
ANLN,,N/A,N/A,N/A,0,0,0,0,0,0.0,0.0,0.0,0.0,0.0,0.0,0.0
MAGOH,,N/A,N/A,N/A,0,0,0,0,0,0.0,0.0,0.0,0.0,0.0,0.0,0.0
CEBPZ,,N/A,N/A,N/A,0,0,0,0,0,0.0,0.0,0.0,0.0,0.0,0.0,0.0
PFN1,,N/A,N/A,N/A,0,0,0,0,0,0.0,0.0,0.0,0.0,0.0,0.0,0.0
DCAF7,,N/A,N/A,N/A,0,0,0,0,0,0.0,0.0,0.0,0.0,0.0,0.0,0.0
SLC19A2,,N/A,N/A,N/A,0,0,0,0,0,0.0,0.0,0.0,0.0,0.0,0.0,0.0
SRSF12,,N/A,N/A,N/A,0,0,0,0,0,0.0,0.0,0.0,0.0,0.0,0.0,0.0
AGPAT1,,N/A,N/A,N/A,0,0,0,0,0,0.0,0.0,0.0,0.0,0.0,0.0,0.0
DLK2,,N/A,N/A,N/A,0,0,0,0,0,0.0,0.0,0.0,0.0,0.0,0.0,0.0
YWHAQ,,N/A,N/A,N/A,0,0,0,0,0,0.0,0.0,0.0,0.0,0.0,0.0,0.0
CDC42BPB,,N/A,N/A,N/A,0,0,0,0,0,0.0,0.0,0.0,0.0,0.0,0.0,0.0
NCOA5,,N/A,N/A,N/A,0,0,0,0,0,0.0,0.0,0.0,0.0,0.0,0.0,0.0
IER3,,N/A,N/A,N/A,0,0,0,0,0,0.0,0.0,0.0,0.0,0.0,0.0,0.0
SIKE1,,N/A,N/A,N/A,0,0,0,0,0,0.0,0.0,0.0,0.0,0.0,0.0,0.0
RNFT1,,N/A,N/A,N/A,0,0,0,0,0,0.0,0.0,0.0,0.0,0.0,0.0,0.0
ARAF,,N/A,N/A,N/A,0,0,0,0,0,0.0,0.0,0.0,0.0,0.0,0.0,0.0
TRAPPC12,,N/A,N/A,N/A,0,0,0,0,0,0.0,0.0,0.0,0.0,0.0,0.0,0.0
GANAB,,N/A,N/A,N/A,0,0,0,0,0,0.0,0.0,0.0,0.0,0.0,0.0,0.0
SIK2,,N/A,N/A,N/A,0,0,0,0,0,0.0,0.0,0.0,0.0,0.0,0.0,0.0
PHF14,,N/A,N/A,N/A,0,0,0,0,0,0.0,0.0,0.0,0.0,0.0,0.0,0.0
TLE3,,N/A,N/A,N/A,0,0,0,0,0,0.0,0.0,0.0,0.0,0.0,0.0,0.0
DOCK11,,N/A,N/A,N/A,0,0,0,0,0,0.0,0.0,0.0,0.0,0.0,0.0,0.0
GPANK1,,N/A,N/A,N/A,0,0,0,0,0,0.0,0.0,0.0,0.0,0.0,0.0,0.0
PDCD10,,N/A,N/A,N/A,0,0,0,0,0,0.0,0.0,0.0,0.0,0.0,0.0,0.0
ALDOA,,N/A,N/A,N/A,0,0,0,0,0,0.0,0.0,0.0,0.0,0.0,0.0,0.0
DAP3,,N/A,N/A,N/A,0,0,0,0,0,0.0,0.0,0.0,0.0,0.0,0.0,0.0
PBX2,,N/A,N/A,N/A,0,0,0,0,0,0.0,0.0,0.0,0.0,0.0,0.0,0.0
SRRM1,,N/A,N/A,N/A,0,0,0,0,0,0.0,0.0,0.0,0.0,0.0,0.0,0.0
SLC4A1AP,,N/A,N/A,N/A,0,0,0,0,0,0.0,0.0,0.0,0.0,0.0,0.0,0.0
PPP6R1,,N/A,N/A,N/A,0,0,0,0,0,0.0,0.0,0.0,0.0,0.0,0.0,0.0
CREB3L4,,N/A,N/A,N/A,0,0,0,0,0,0.0,0.0,0.0,0.0,0.0,0.0,0.0
SPIN2B,,N/A,N/A,N/A,0,0,0,0,0,0.0,0.0,0.0,0.0,0.0,0.0,0.0
CNIH4,,N/A,N/A,N/A,0,0,0,0,0,0.0,0.0,0.0,0.0,0.0,0.0,0.0
OAZ1,,N/A,N/A,N/A,0,0,0,0,0,0.0,0.0,0.0,0.0,0.0,0.0,0.0
LEPROTL1,,N/A,N/A,N/A,0,0,0,0,0,0.0,0.0,0.0,0.0,0.0,0.0,0.0
BTAF1,,N/A,N/A,N/A,0,0,0,0,0,0.0,0.0,0.0,0.0,0.0,0.0,0.0
ZBTB46,,N/A,N/A,N/A,0,0,0,0,0,0.0,0.0,0.0,0.0,0.0,0.0,0.0
FAM98C,,N/A,N/A,N/A,0,0,0,0,0,0.0,0.0,0.0,0.0,0.0,0.0,0.0
MMGT1,,N/A,N/A,N/A,0,0,0,0,0,0.0,0.0,0.0,0.0,0.0,0.0,0.0
C6orf52,,N/A,N/A,N/A,0,0,0,0,0,0.0,0.0,0.0,0.0,0.0,0.0,0.0
USP20,,N/A,N/A,N/A,0,0,0,0,0,0.0,0.0,0.0,0.0,0.0,0.0,0.0
VPS41,,N/A,N/A,N/A,0,0,0,0,0,0.0,0.0,0.0,0.0,0.0,0.0,0.0
DCUN1D3,,N/A,N/A,N/A,0,0,0,0,0,0.0,0.0,0.0,0.0,0.0,0.0,0.0
TP53I11,,N/A,N/A,N/A,0,0,0,0,0,0.0,0.0,0.0,0.0,0.0,0.0,0.0
LZTFL1,,N/A,N/A,N/A,0,0,0,0,0,0.0,0.0,0.0,0.0,0.0,0.0,0.0
N6AMT1,,N/A,N/A,N/A,0,0,0,0,0,0.0,0.0,0.0,0.0,0.0,0.0,0.0
HAVCR2,,N/A,N/A,N/A,0,0,0,0,0,0.0,0.0,0.0,0.0,0.0,0.0,0.0
NDUFS4,,N/A,N/A,N/A,0,0,0,0,0,0.0,0.0,0.0,0.0,0.0,0.0,0.0
TRIM26,,N/A,N/A,N/A,0,0,0,0,0,0.0,0.0,0.0,0.0,0.0,0.0,0.0
NCAPD3,,N/A,N/A,N/A,0,0,0,0,0,0.0,0.0,0.0,0.0,0.0,0.0,0.0
ZNF26,,N/A,N/A,N/A,0,0,0,0,0,0.0,0.0,0.0,0.0,0.0,0.0,0.0
LSM2,,N/A,N/A,N/A,0,0,0,0,0,0.0,0.0,0.0,0.0,0.0,0.0,0.0
RPAIN,,N/A,N/A,N/A,0,0,0,0,0,0.0,0.0,0.0,0.0,0.0,0.0,0.0
CST3,,N/A,N/A,N/A,0,0,0,0,0,0.0,0.0,0.0,0.0,0.0,0.0,0.0
TMEM123,,N/A,N/A,N/A,0,0,0,0,0,0.0,0.0,0.0,0.0,0.0,0.0,0.0
PPTC7,,N/A,N/A,N/A,0,0,0,0,0,0.0,0.0,0.0,0.0,0.0,0.0,0.0
SWAP70,,N/A,N/A,N/A,0,0,0,0,0,0.0,0.0,0.0,0.0,0.0,0.0,0.0
ZNF14,,N/A,N/A,N/A,0,0,0,0,0,0.0,0.0,0.0,0.0,0.0,0.0,0.0
BCL2A1,,N/A,N/A,N/A,0,0,0,0,0,0.0,0.0,0.0,0.0,0.0,0.0,0.0
SYNRG,,N/A,N/A,N/A,0,0,0,0,0,0.0,0.0,0.0,0.0,0.0,0.0,0.0
FTSJ1,,N/A,N/A,N/A,0,0,0,0,0,0.0,0.0,0.0,0.0,0.0,0.0,0.0
NDUFS1,,N/A,N/A,N/A,0,0,0,0,0,0.0,0.0,0.0,0.0,0.0,0.0,0.0
STK40,,N/A,N/A,N/A,0,0,0,0,0,0.0,0.0,0.0,0.0,0.0,0.0,0.0
CTSH,,N/A,N/A,N/A,0,0,0,0,0,0.0,0.0,0.0,0.0,0.0,0.0,0.0
ITSN2,,N/A,N/A,N/A,0,0,0,0,0,0.0,0.0,0.0,0.0,0.0,0.0,0.0
TSSC4,,N/A,N/A,N/A,0,0,0,0,0,0.0,0.0,0.0,0.0,0.0,0.0,0.0
LGR6,,N/A,N/A,N/A,0,0,0,0,0,0.0,0.0,0.0,0.0,0.0,0.0,0.0
ZNF414,,N/A,N/A,N/A,0,0,0,0,0,0.0,0.0,0.0,0.0,0.0,0.0,0.0
HIP1R,,N/A,N/A,N/A,0,0,0,0,0,0.0,0.0,0.0,0.0,0.0,0.0,0.0
CMTM8,,N/A,N/A,N/A,0,0,0,0,0,0.0,0.0,0.0,0.0,0.0,0.0,0.0
RASAL2,,N/A,N/A,N/A,0,0,0,0,0,0.0,0.0,0.0,0.0,0.0,0.0,0.0
PRR4,,N/A,N/A,N/A,0,0,0,0,0,0.0,0.0,0.0,0.0,0.0,0.0,0.0
TDP2,,N/A,N/A,N/A,0,0,0,0,0,0.0,0.0,0.0,0.0,0.0,0.0,0.0
ING1,,N/A,N/A,N/A,0,0,0,0,0,0.0,0.0,0.0,0.0,0.0,0.0,0.0
TRABD,,N/A,N/A,N/A,0,0,0,0,0,0.0,0.0,0.0,0.0,0.0,0.0,0.0
IGF2BP3,,N/A,N/A,N/A,0,0,0,0,0,0.0,0.0,0.0,0.0,0.0,0.0,0.0
RRS1,,N/A,N/A,N/A,0,0,0,0,0,0.0,0.0,0.0,0.0,0.0,0.0,0.0
ZBTB7C,,N/A,N/A,N/A,0,0,0,0,0,0.0,0.0,0.0,0.0,0.0,0.0,0.0
P4HA1,,N/A,N/A,N/A,0,0,0,0,0,0.0,0.0,0.0,0.0,0.0,0.0,0.0
ZNF610,,N/A,N/A,N/A,0,0,0,0,0,0.0,0.0,0.0,0.0,0.0,0.0,0.0
RNF139,,N/A,N/A,N/A,0,0,0,0,0,0.0,0.0,0.0,0.0,0.0,0.0,0.0
MTRF1,,N/A,N/A,N/A,0,0,0,0,0,0.0,0.0,0.0,0.0,0.0,0.0,0.0
RDH11,,N/A,N/A,N/A,0,0,0,0,0,0.0,0.0,0.0,0.0,0.0,0.0,0.0
TNRC6B,,N/A,N/A,N/A,0,0,0,0,0,0.0,0.0,0.0,0.0,0.0,0.0,0.0
LRWD1,,N/A,N/A,N/A,0,0,0,0,0,0.0,0.0,0.0,0.0,0.0,0.0,0.0
ENKD1,,N/A,N/A,N/A,0,0,0,0,0,0.0,0.0,0.0,0.0,0.0,0.0,0.0
PIK3C2B,,N/A,N/A,N/A,0,0,0,0,0,0.0,0.0,0.0,0.0,0.0,0.0,0.0
IGFBP4,,N/A,N/A,N/A,0,0,0,0,0,0.0,0.0,0.0,0.0,0.0,0.0,0.0
SHISA4,,N/A,N/A,N/A,0,0,0,0,0,0.0,0.0,0.0,0.0,0.0,0.0,0.0
KHDRBS3,,N/A,N/A,N/A,0,0,0,0,0,0.0,0.0,0.0,0.0,0.0,0.0,0.0
C12orf76,,N/A,N/A,N/A,0,0,0,0,0,0.0,0.0,0.0,0.0,0.0,0.0,0.0
UBE2N,,N/A,N/A,N/A,0,0,0,0,0,0.0,0.0,0.0,0.0,0.0,0.0,0.0
SLC41A1,,N/A,N/A,N/A,0,0,0,0,0,0.0,0.0,0.0,0.0,0.0,0.0,0.0
PMPCB,,N/A,N/A,N/A,0,0,0,0,0,0.0,0.0,0.0,0.0,0.0,0.0,0.0
TMSB4X,,N/A,N/A,N/A,0,0,0,0,0,0.0,0.0,0.0,0.0,0.0,0.0,0.0
HYLS1,,N/A,N/A,N/A,0,0,0,0,0,0.0,0.0,0.0,0.0,0.0,0.0,0.0
PPAN,,N/A,N/A,N/A,0,0,0,0,0,0.0,0.0,0.0,0.0,0.0,0.0,0.0
MGAT5B,,N/A,N/A,N/A,0,0,0,0,0,0.0,0.0,0.0,0.0,0.0,0.0,0.0
DCTN1,,N/A,N/A,N/A,0,0,0,0,0,0.0,0.0,0.0,0.0,0.0,0.0,0.0
TSPAN15,,N/A,N/A,N/A,0,0,0,0,0,0.0,0.0,0.0,0.0,0.0,0.0,0.0
LNX2,,N/A,N/A,N/A,0,0,0,0,0,0.0,0.0,0.0,0.0,0.0,0.0,0.0
CAPN3,,N/A,N/A,N/A,0,0,0,0,0,0.0,0.0,0.0,0.0,0.0,0.0,0.0
ARHGEF6,,N/A,N/A,N/A,0,0,0,0,0,0.0,0.0,0.0,0.0,0.0,0.0,0.0
DOK1,,N/A,N/A,N/A,0,0,0,0,0,0.0,0.0,0.0,0.0,0.0,0.0,0.0
CYP51A1,,N/A,N/A,N/A,0,0,0,0,0,0.0,0.0,0.0,0.0,0.0,0.0,0.0
NDST1,,N/A,N/A,N/A,0,0,0,0,0,0.0,0.0,0.0,0.0,0.0,0.0,0.0
EDARADD,,N/A,N/A,N/A,0,0,0,0,0,0.0,0.0,0.0,0.0,0.0,0.0,0.0
ZBTB24,,N/A,N/A,N/A,0,0,0,0,0,0.0,0.0,0.0,0.0,0.0,0.0,0.0
RBMX,,N/A,N/A,N/A,0,0,0,0,0,0.0,0.0,0.0,0.0,0.0,0.0,0.0
IBA57,,N/A,N/A,N/A,0,0,0,0,0,0.0,0.0,0.0,0.0,0.0,0.0,0.0
STARD4,,N/A,N/A,N/A,0,0,0,0,0,0.0,0.0,0.0,0.0,0.0,0.0,0.0
RNASET2,,N/A,N/A,N/A,0,0,0,0,0,0.0,0.0,0.0,0.0,0.0,0.0,0.0
CERS5,,N/A,N/A,N/A,0,0,0,0,0,0.0,0.0,0.0,0.0,0.0,0.0,0.0
LDB3,,N/A,N/A,N/A,0,0,0,0,0,0.0,0.0,0.0,0.0,0.0,0.0,0.0
PDCD7,,N/A,N/A,N/A,0,0,0,0,0,0.0,0.0,0.0,0.0,0.0,0.0,0.0
NAPEPLD,,N/A,N/A,N/A,0,0,0,0,0,0.0,0.0,0.0,0.0,0.0,0.0,0.0
PPM1K,,N/A,N/A,N/A,0,0,0,0,0,0.0,0.0,0.0,0.0,0.0,0.0,0.0
HOXC4,,N/A,N/A,N/A,0,0,0,0,0,0.0,0.0,0.0,0.0,0.0,0.0,0.0
HIF3A,,N/A,N/A,N/A,0,0,0,0,0,0.0,0.0,0.0,0.0,0.0,0.0,0.0
EID3,,N/A,N/A,N/A,0,0,0,0,0,0.0,0.0,0.0,0.0,0.0,0.0,0.0
NDFIP2,,N/A,N/A,N/A,0,0,0,0,0,0.0,0.0,0.0,0.0,0.0,0.0,0.0
CDKL1,,N/A,N/A,N/A,0,0,0,0,0,0.0,0.0,0.0,0.0,0.0,0.0,0.0
DDHD2,,N/A,N/A,N/A,0,0,0,0,0,0.0,0.0,0.0,0.0,0.0,0.0,0.0
PDE6G,,N/A,N/A,N/A,0,0,0,0,0,0.0,0.0,0.0,0.0,0.0,0.0,0.0
ZHX1,,N/A,N/A,N/A,0,0,0,0,0,0.0,0.0,0.0,0.0,0.0,0.0,0.0
MT1F,,N/A,N/A,N/A,0,0,0,0,0,0.0,0.0,0.0,0.0,0.0,0.0,0.0
CNPY2,,N/A,N/A,N/A,0,0,0,0,0,0.0,0.0,0.0,0.0,0.0,0.0,0.0
CLIP1,,N/A,N/A,N/A,0,0,0,0,0,0.0,0.0,0.0,0.0,0.0,0.0,0.0
HKDC1,,N/A,N/A,N/A,0,0,0,0,0,0.0,0.0,0.0,0.0,0.0,0.0,0.0
LRRC8D,,N/A,N/A,N/A,0,0,0,0,0,0.0,0.0,0.0,0.0,0.0,0.0,0.0
CXXC5,,N/A,N/A,N/A,0,0,0,0,0,0.0,0.0,0.0,0.0,0.0,0.0,0.0
CHADL,,N/A,N/A,N/A,0,0,0,0,0,0.0,0.0,0.0,0.0,0.0,0.0,0.0
KCNH8,,N/A,N/A,N/A,0,0,0,0,0,0.0,0.0,0.0,0.0,0.0,0.0,0.0
ZKSCAN1,,N/A,N/A,N/A,0,0,0,0,0,0.0,0.0,0.0,0.0,0.0,0.0,0.0
ZNF431,,N/A,N/A,N/A,0,0,0,0,0,0.0,0.0,0.0,0.0,0.0,0.0,0.0
PEX19,,N/A,N/A,N/A,0,0,0,0,0,0.0,0.0,0.0,0.0,0.0,0.0,0.0
PPP3CA,,N/A,N/A,N/A,0,0,0,0,0,0.0,0.0,0.0,0.0,0.0,0.0,0.0
RAB24,,N/A,N/A,N/A,0,0,0,0,0,0.0,0.0,0.0,0.0,0.0,0.0,0.0
B3GALT4,,N/A,N/A,N/A,0,0,0,0,0,0.0,0.0,0.0,0.0,0.0,0.0,0.0
SEMA3C,,N/A,N/A,N/A,0,0,0,0,0,0.0,0.0,0.0,0.0,0.0,0.0,0.0
MGST3,,N/A,N/A,N/A,0,0,0,0,0,0.0,0.0,0.0,0.0,0.0,0.0,0.0
TMEM179B,,N/A,N/A,N/A,0,0,0,0,0,0.0,0.0,0.0,0.0,0.0,0.0,0.0
FBLN7,,N/A,N/A,N/A,0,0,0,0,0,0.0,0.0,0.0,0.0,0.0,0.0,0.0
RUNDC1,,N/A,N/A,N/A,0,0,0,0,0,0.0,0.0,0.0,0.0,0.0,0.0,0.0
SAPCD2,,N/A,N/A,N/A,0,0,0,0,0,0.0,0.0,0.0,0.0,0.0,0.0,0.0
TP53INP2,,N/A,N/A,N/A,0,0,0,0,0,0.0,0.0,0.0,0.0,0.0,0.0,0.0
TBC1D8B,,N/A,N/A,N/A,0,0,0,0,0,0.0,0.0,0.0,0.0,0.0,0.0,0.0
CAND2,,N/A,N/A,N/A,0,0,0,0,0,0.0,0.0,0.0,0.0,0.0,0.0,0.0
VPS8,,N/A,N/A,N/A,0,0,0,0,0,0.0,0.0,0.0,0.0,0.0,0.0,0.0
AP3S2,,N/A,N/A,N/A,0,0,0,0,0,0.0,0.0,0.0,0.0,0.0,0.0,0.0
TECPR1,,N/A,N/A,N/A,0,0,0,0,0,0.0,0.0,0.0,0.0,0.0,0.0,0.0
GSTM2,,N/A,N/A,N/A,0,0,0,0,0,0.0,0.0,0.0,0.0,0.0,0.0,0.0
SRCAP,,N/A,N/A,N/A,0,0,0,0,0,0.0,0.0,0.0,0.0,0.0,0.0,0.0
BRD3,,N/A,N/A,N/A,0,0,0,0,0,0.0,0.0,0.0,0.0,0.0,0.0,0.0
DDX1,,N/A,N/A,N/A,0,0,0,0,0,0.0,0.0,0.0,0.0,0.0,0.0,0.0
RABIF,,N/A,N/A,N/A,0,0,0,0,0,0.0,0.0,0.0,0.0,0.0,0.0,0.0
PIAS1,,N/A,N/A,N/A,0,0,0,0,0,0.0,0.0,0.0,0.0,0.0,0.0,0.0
ACIN1,,N/A,N/A,N/A,0,0,0,0,0,0.0,0.0,0.0,0.0,0.0,0.0,0.0
TMEM126A,,N/A,N/A,N/A,0,0,0,0,0,0.0,0.0,0.0,0.0,0.0,0.0,0.0
GINS4,,N/A,N/A,N/A,0,0,0,0,0,0.0,0.0,0.0,0.0,0.0,0.0,0.0
YWHAG,,N/A,N/A,N/A,0,0,0,0,0,0.0,0.0,0.0,0.0,0.0,0.0,0.0
ZFAND6,,N/A,N/A,N/A,0,0,0,0,0,0.0,0.0,0.0,0.0,0.0,0.0,0.0
RAB25,,N/A,N/A,N/A,0,0,0,0,0,0.0,0.0,0.0,0.0,0.0,0.0,0.0
RPS3,,N/A,N/A,N/A,0,0,0,0,0,0.0,0.0,0.0,0.0,0.0,0.0,0.0
LSM6,,N/A,N/A,N/A,0,0,0,0,0,0.0,0.0,0.0,0.0,0.0,0.0,0.0
DHRS13,,N/A,N/A,N/A,0,0,0,0,0,0.0,0.0,0.0,0.0,0.0,0.0,0.0
HSPA6,,N/A,N/A,N/A,0,0,0,0,0,0.0,0.0,0.0,0.0,0.0,0.0,0.0
EPC2,,N/A,N/A,N/A,0,0,0,0,0,0.0,0.0,0.0,0.0,0.0,0.0,0.0
NDUFA10,,N/A,N/A,N/A,0,0,0,0,0,0.0,0.0,0.0,0.0,0.0,0.0,0.0
PCAT6,,N/A,N/A,N/A,0,0,0,0,0,0.0,0.0,0.0,0.0,0.0,0.0,0.0
POLD2,,N/A,N/A,N/A,0,0,0,0,0,0.0,0.0,0.0,0.0,0.0,0.0,0.0
ECHS1,,N/A,N/A,N/A,0,0,0,0,0,0.0,0.0,0.0,0.0,0.0,0.0,0.0
FUBP1,,N/A,N/A,N/A,0,0,0,0,0,0.0,0.0,0.0,0.0,0.0,0.0,0.0
RAD17,,N/A,N/A,N/A,0,0,0,0,0,0.0,0.0,0.0,0.0,0.0,0.0,0.0
EPN1,,N/A,N/A,N/A,0,0,0,0,0,0.0,0.0,0.0,0.0,0.0,0.0,0.0
CWC22,,N/A,N/A,N/A,0,0,0,0,0,0.0,0.0,0.0,0.0,0.0,0.0,0.0
SGMS2,,N/A,N/A,N/A,0,0,0,0,0,0.0,0.0,0.0,0.0,0.0,0.0,0.0
MIR22HG,,N/A,N/A,N/A,0,0,0,0,0,0.0,0.0,0.0,0.0,0.0,0.0,0.0
PTPRB,,N/A,N/A,N/A,0,0,0,0,0,0.0,0.0,0.0,0.0,0.0,0.0,0.0
MTF1,,N/A,N/A,N/A,0,0,0,0,0,0.0,0.0,0.0,0.0,0.0,0.0,0.0
SUN1,,N/A,N/A,N/A,0,0,0,0,0,0.0,0.0,0.0,0.0,0.0,0.0,0.0
SLC22A18,,N/A,N/A,N/A,0,0,0,0,0,0.0,0.0,0.0,0.0,0.0,0.0,0.0
SLC39A1,,N/A,N/A,N/A,0,0,0,0,0,0.0,0.0,0.0,0.0,0.0,0.0,0.0
AZI2,,N/A,N/A,N/A,0,0,0,0,0,0.0,0.0,0.0,0.0,0.0,0.0,0.0
LRRC34,,N/A,N/A,N/A,0,0,0,0,0,0.0,0.0,0.0,0.0,0.0,0.0,0.0
PHKG2,,N/A,N/A,N/A,0,0,0,0,0,0.0,0.0,0.0,0.0,0.0,0.0,0.0
REXO2,,N/A,N/A,N/A,0,0,0,0,0,0.0,0.0,0.0,0.0,0.0,0.0,0.0
STK32C,,N/A,N/A,N/A,0,0,0,0,0,0.0,0.0,0.0,0.0,0.0,0.0,0.0
ATF7IP2,,N/A,N/A,N/A,0,0,0,0,0,0.0,0.0,0.0,0.0,0.0,0.0,0.0
PLOD2,,N/A,N/A,N/A,0,0,0,0,0,0.0,0.0,0.0,0.0,0.0,0.0,0.0
SNX10,,N/A,N/A,N/A,0,0,0,0,0,0.0,0.0,0.0,0.0,0.0,0.0,0.0
ALG6,,N/A,N/A,N/A,0,0,0,0,0,0.0,0.0,0.0,0.0,0.0,0.0,0.0
MRI1,,N/A,N/A,N/A,0,0,0,0,0,0.0,0.0,0.0,0.0,0.0,0.0,0.0
COQ9,,N/A,N/A,N/A,0,0,0,0,0,0.0,0.0,0.0,0.0,0.0,0.0,0.0
SPHK2,,N/A,N/A,N/A,0,0,0,0,0,0.0,0.0,0.0,0.0,0.0,0.0,0.0
BPTF,,N/A,N/A,N/A,0,0,0,0,0,0.0,0.0,0.0,0.0,0.0,0.0,0.0
ZFP36L2,,N/A,N/A,N/A,0,0,0,0,0,0.0,0.0,0.0,0.0,0.0,0.0,0.0
HSD17B8,,N/A,N/A,N/A,0,0,0,0,0,0.0,0.0,0.0,0.0,0.0,0.0,0.0
PFN2,,N/A,N/A,N/A,0,0,0,0,0,0.0,0.0,0.0,0.0,0.0,0.0,0.0
CDK11A,,N/A,N/A,N/A,0,0,0,0,0,0.0,0.0,0.0,0.0,0.0,0.0,0.0
NDUFA8,,N/A,N/A,N/A,0,0,0,0,0,0.0,0.0,0.0,0.0,0.0,0.0,0.0
PABPC1L,,N/A,N/A,N/A,0,0,0,0,0,0.0,0.0,0.0,0.0,0.0,0.0,0.0
ZSCAN21,,N/A,N/A,N/A,0,0,0,0,0,0.0,0.0,0.0,0.0,0.0,0.0,0.0
AKAP8,,N/A,N/A,N/A,0,0,0,0,0,0.0,0.0,0.0,0.0,0.0,0.0,0.0
PDSS1,,N/A,N/A,N/A,0,0,0,0,0,0.0,0.0,0.0,0.0,0.0,0.0,0.0
ZNF180,,N/A,N/A,N/A,0,0,0,0,0,0.0,0.0,0.0,0.0,0.0,0.0,0.0
CDK18,,N/A,N/A,N/A,0,0,0,0,0,0.0,0.0,0.0,0.0,0.0,0.0,0.0
TRIM36,,N/A,N/A,N/A,0,0,0,0,0,0.0,0.0,0.0,0.0,0.0,0.0,0.0
POLR2F,,N/A,N/A,N/A,0,0,0,0,0,0.0,0.0,0.0,0.0,0.0,0.0,0.0
THRB,,N/A,N/A,N/A,0,0,0,0,0,0.0,0.0,0.0,0.0,0.0,0.0,0.0
GMPR,,N/A,N/A,N/A,0,0,0,0,0,0.0,0.0,0.0,0.0,0.0,0.0,0.0
GIGYF1,,N/A,N/A,N/A,0,0,0,0,0,0.0,0.0,0.0,0.0,0.0,0.0,0.0
WDR43,,N/A,N/A,N/A,0,0,0,0,0,0.0,0.0,0.0,0.0,0.0,0.0,0.0
UIMC1,,N/A,N/A,N/A,0,0,0,0,0,0.0,0.0,0.0,0.0,0.0,0.0,0.0
JMJD6,,N/A,N/A,N/A,0,0,0,0,0,0.0,0.0,0.0,0.0,0.0,0.0,0.0
ST6GAL1,,N/A,N/A,N/A,0,0,0,0,0,0.0,0.0,0.0,0.0,0.0,0.0,0.0
CYTH2,,N/A,N/A,N/A,0,0,0,0,0,0.0,0.0,0.0,0.0,0.0,0.0,0.0
TIMMDC1,,N/A,N/A,N/A,0,0,0,0,0,0.0,0.0,0.0,0.0,0.0,0.0,0.0
BRMS1,,N/A,N/A,N/A,0,0,0,0,0,0.0,0.0,0.0,0.0,0.0,0.0,0.0
ITFG2,,N/A,N/A,N/A,0,0,0,0,0,0.0,0.0,0.0,0.0,0.0,0.0,0.0
METTL16,,N/A,N/A,N/A,0,0,0,0,0,0.0,0.0,0.0,0.0,0.0,0.0,0.0
GKAP1,,N/A,N/A,N/A,0,0,0,0,0,0.0,0.0,0.0,0.0,0.0,0.0,0.0
NEIL2,,N/A,N/A,N/A,0,0,0,0,0,0.0,0.0,0.0,0.0,0.0,0.0,0.0
ACP6,,N/A,N/A,N/A,0,0,0,0,0,0.0,0.0,0.0,0.0,0.0,0.0,0.0
MLYCD,,N/A,N/A,N/A,0,0,0,0,0,0.0,0.0,0.0,0.0,0.0,0.0,0.0
CHD2,,N/A,N/A,N/A,0,0,0,0,0,0.0,0.0,0.0,0.0,0.0,0.0,0.0
MICALL1,,N/A,N/A,N/A,0,0,0,0,0,0.0,0.0,0.0,0.0,0.0,0.0,0.0
ROGDI,,N/A,N/A,N/A,0,0,0,0,0,0.0,0.0,0.0,0.0,0.0,0.0,0.0
ORMDL2,,N/A,N/A,N/A,0,0,0,0,0,0.0,0.0,0.0,0.0,0.0,0.0,0.0
NOL12,,N/A,N/A,N/A,0,0,0,0,0,0.0,0.0,0.0,0.0,0.0,0.0,0.0
DNAJC3,,N/A,N/A,N/A,0,0,0,0,0,0.0,0.0,0.0,0.0,0.0,0.0,0.0
GPR161,,N/A,N/A,N/A,0,0,0,0,0,0.0,0.0,0.0,0.0,0.0,0.0,0.0
FNTA,,N/A,N/A,N/A,0,0,0,0,0,0.0,0.0,0.0,0.0,0.0,0.0,0.0
RAP1GAP,,N/A,N/A,N/A,0,0,0,0,0,0.0,0.0,0.0,0.0,0.0,0.0,0.0
ZNF721,,N/A,N/A,N/A,0,0,0,0,0,0.0,0.0,0.0,0.0,0.0,0.0,0.0
MBOAT2,,N/A,N/A,N/A,0,0,0,0,0,0.0,0.0,0.0,0.0,0.0,0.0,0.0
LCORL,,N/A,N/A,N/A,0,0,0,0,0,0.0,0.0,0.0,0.0,0.0,0.0,0.0
TMPRSS9,,N/A,N/A,N/A,0,0,0,0,0,0.0,0.0,0.0,0.0,0.0,0.0,0.0
RASGRP3,,N/A,N/A,N/A,0,0,0,0,0,0.0,0.0,0.0,0.0,0.0,0.0,0.0
PPM1G,,N/A,N/A,N/A,0,0,0,0,0,0.0,0.0,0.0,0.0,0.0,0.0,0.0
NEAT1,,N/A,N/A,N/A,0,0,0,0,0,0.0,0.0,0.0,0.0,0.0,0.0,0.0
TOR1B,,N/A,N/A,N/A,0,0,0,0,0,0.0,0.0,0.0,0.0,0.0,0.0,0.0
GPKOW,,N/A,N/A,N/A,0,0,0,0,0,0.0,0.0,0.0,0.0,0.0,0.0,0.0
CBFA2T2,,N/A,N/A,N/A,0,0,0,0,0,0.0,0.0,0.0,0.0,0.0,0.0,0.0
P2RX4,,N/A,N/A,N/A,0,0,0,0,0,0.0,0.0,0.0,0.0,0.0,0.0,0.0
STAMBPL1,,N/A,N/A,N/A,0,0,0,0,0,0.0,0.0,0.0,0.0,0.0,0.0,0.0
LAMA5,,N/A,N/A,N/A,0,0,0,0,0,0.0,0.0,0.0,0.0,0.0,0.0,0.0
HEY2,,N/A,N/A,N/A,0,0,0,0,0,0.0,0.0,0.0,0.0,0.0,0.0,0.0
CHODL,,N/A,N/A,N/A,0,0,0,0,0,0.0,0.0,0.0,0.0,0.0,0.0,0.0
ZBTB20,,N/A,N/A,N/A,0,0,0,0,0,0.0,0.0,0.0,0.0,0.0,0.0,0.0
NR1D2,,N/A,N/A,N/A,0,0,0,0,0,0.0,0.0,0.0,0.0,0.0,0.0,0.0
GLIPR2,,N/A,N/A,N/A,0,0,0,0,0,0.0,0.0,0.0,0.0,0.0,0.0,0.0
WDR83,,N/A,N/A,N/A,0,0,0,0,0,0.0,0.0,0.0,0.0,0.0,0.0,0.0
SRPRB,,N/A,N/A,N/A,0,0,0,0,0,0.0,0.0,0.0,0.0,0.0,0.0,0.0
FILIP1L,,N/A,N/A,N/A,0,0,0,0,0,0.0,0.0,0.0,0.0,0.0,0.0,0.0
FBXO21,,N/A,N/A,N/A,0,0,0,0,0,0.0,0.0,0.0,0.0,0.0,0.0,0.0
MON2,,N/A,N/A,N/A,0,0,0,0,0,0.0,0.0,0.0,0.0,0.0,0.0,0.0
ARL4D,,N/A,N/A,N/A,0,0,0,0,0,0.0,0.0,0.0,0.0,0.0,0.0,0.0
RAD51AP1,,N/A,N/A,N/A,0,0,0,0,0,0.0,0.0,0.0,0.0,0.0,0.0,0.0
MACROD2,,N/A,N/A,N/A,0,0,0,0,0,0.0,0.0,0.0,0.0,0.0,0.0,0.0
SKIL,,N/A,N/A,N/A,0,0,0,0,0,0.0,0.0,0.0,0.0,0.0,0.0,0.0
SYNJ2,,N/A,N/A,N/A,0,0,0,0,0,0.0,0.0,0.0,0.0,0.0,0.0,0.0
EPN2,,N/A,N/A,N/A,0,0,0,0,0,0.0,0.0,0.0,0.0,0.0,0.0,0.0
STXBP5,,N/A,N/A,N/A,0,0,0,0,0,0.0,0.0,0.0,0.0,0.0,0.0,0.0
ARPP21,,N/A,N/A,N/A,0,0,0,0,0,0.0,0.0,0.0,0.0,0.0,0.0,0.0
USP38,,N/A,N/A,N/A,0,0,0,0,0,0.0,0.0,0.0,0.0,0.0,0.0,0.0
BUD31,,N/A,N/A,N/A,0,0,0,0,0,0.0,0.0,0.0,0.0,0.0,0.0,0.0
CREBZF,,N/A,N/A,N/A,0,0,0,0,0,0.0,0.0,0.0,0.0,0.0,0.0,0.0
FNBP4,,N/A,N/A,N/A,0,0,0,0,0,0.0,0.0,0.0,0.0,0.0,0.0,0.0
GTF2IRD1,,N/A,N/A,N/A,0,0,0,0,0,0.0,0.0,0.0,0.0,0.0,0.0,0.0
AP3M1,,N/A,N/A,N/A,0,0,0,0,0,0.0,0.0,0.0,0.0,0.0,0.0,0.0
ZDHHC4,,N/A,N/A,N/A,0,0,0,0,0,0.0,0.0,0.0,0.0,0.0,0.0,0.0
ZNF616,,N/A,N/A,N/A,0,0,0,0,0,0.0,0.0,0.0,0.0,0.0,0.0,0.0
UBA3,,N/A,N/A,N/A,0,0,0,0,0,0.0,0.0,0.0,0.0,0.0,0.0,0.0
PTPN6,,N/A,N/A,N/A,0,0,0,0,0,0.0,0.0,0.0,0.0,0.0,0.0,0.0
UFL1,,N/A,N/A,N/A,0,0,0,0,0,0.0,0.0,0.0,0.0,0.0,0.0,0.0
CAPN7,,N/A,N/A,N/A,0,0,0,0,0,0.0,0.0,0.0,0.0,0.0,0.0,0.0
ARL8A,,N/A,N/A,N/A,0,0,0,0,0,0.0,0.0,0.0,0.0,0.0,0.0,0.0
RRN3,,N/A,N/A,N/A,0,0,0,0,0,0.0,0.0,0.0,0.0,0.0,0.0,0.0
AGPAT4,,N/A,N/A,N/A,0,0,0,0,0,0.0,0.0,0.0,0.0,0.0,0.0,0.0
RIMS2,,N/A,N/A,N/A,0,0,0,0,0,0.0,0.0,0.0,0.0,0.0,0.0,0.0
KDM5B,,N/A,N/A,N/A,0,0,0,0,0,0.0,0.0,0.0,0.0,0.0,0.0,0.0
DHDDS,,N/A,N/A,N/A,0,0,0,0,0,0.0,0.0,0.0,0.0,0.0,0.0,0.0
GOLPH3,,N/A,N/A,N/A,0,0,0,0,0,0.0,0.0,0.0,0.0,0.0,0.0,0.0
DHTKD1,,N/A,N/A,N/A,0,0,0,0,0,0.0,0.0,0.0,0.0,0.0,0.0,0.0
STRN3,,N/A,N/A,N/A,0,0,0,0,0,0.0,0.0,0.0,0.0,0.0,0.0,0.0
SLC25A28,,N/A,N/A,N/A,0,0,0,0,0,0.0,0.0,0.0,0.0,0.0,0.0,0.0
LDHB,,N/A,N/A,N/A,0,0,0,0,0,0.0,0.0,0.0,0.0,0.0,0.0,0.0
EFHD2,,N/A,N/A,N/A,0,0,0,0,0,0.0,0.0,0.0,0.0,0.0,0.0,0.0
APMAP,,N/A,N/A,N/A,0,0,0,0,0,0.0,0.0,0.0,0.0,0.0,0.0,0.0
AZIN1,,N/A,N/A,N/A,0,0,0,0,0,0.0,0.0,0.0,0.0,0.0,0.0,0.0
FAM8A1,,N/A,N/A,N/A,0,0,0,0,0,0.0,0.0,0.0,0.0,0.0,0.0,0.0
RCE1,,N/A,N/A,N/A,0,0,0,0,0,0.0,0.0,0.0,0.0,0.0,0.0,0.0
LMCD1,,N/A,N/A,N/A,0,0,0,0,0,0.0,0.0,0.0,0.0,0.0,0.0,0.0
LINC00630,,N/A,N/A,N/A,0,0,0,0,0,0.0,0.0,0.0,0.0,0.0,0.0,0.0
SNRNP40,,N/A,N/A,N/A,0,0,0,0,0,0.0,0.0,0.0,0.0,0.0,0.0,0.0
MMAA,,N/A,N/A,N/A,0,0,0,0,0,0.0,0.0,0.0,0.0,0.0,0.0,0.0
RILPL2,,N/A,N/A,N/A,0,0,0,0,0,0.0,0.0,0.0,0.0,0.0,0.0,0.0
SLC39A11,,N/A,N/A,N/A,0,0,0,0,0,0.0,0.0,0.0,0.0,0.0,0.0,0.0
CAPN15,,N/A,N/A,N/A,0,0,0,0,0,0.0,0.0,0.0,0.0,0.0,0.0,0.0
TAF4B,,N/A,N/A,N/A,0,0,0,0,0,0.0,0.0,0.0,0.0,0.0,0.0,0.0
NEK4,,N/A,N/A,N/A,0,0,0,0,0,0.0,0.0,0.0,0.0,0.0,0.0,0.0
SHISA5,,N/A,N/A,N/A,0,0,0,0,0,0.0,0.0,0.0,0.0,0.0,0.0,0.0
EIF4E3,,N/A,N/A,N/A,0,0,0,0,0,0.0,0.0,0.0,0.0,0.0,0.0,0.0
CCDC22,,N/A,N/A,N/A,0,0,0,0,0,0.0,0.0,0.0,0.0,0.0,0.0,0.0
RPL23A,,N/A,N/A,N/A,0,0,0,0,0,0.0,0.0,0.0,0.0,0.0,0.0,0.0
BBX,,N/A,N/A,N/A,0,0,0,0,0,0.0,0.0,0.0,0.0,0.0,0.0,0.0
ZNF460,,N/A,N/A,N/A,0,0,0,0,0,0.0,0.0,0.0,0.0,0.0,0.0,0.0
NCBP2,,N/A,N/A,N/A,0,0,0,0,0,0.0,0.0,0.0,0.0,0.0,0.0,0.0
TEX41,,N/A,N/A,N/A,0,0,0,0,0,0.0,0.0,0.0,0.0,0.0,0.0,0.0
RPL13A,,N/A,N/A,N/A,0,0,0,0,0,0.0,0.0,0.0,0.0,0.0,0.0,0.0
ASB2,,N/A,N/A,N/A,0,0,0,0,0,0.0,0.0,0.0,0.0,0.0,0.0,0.0
RMDN1,,N/A,N/A,N/A,0,0,0,0,0,0.0,0.0,0.0,0.0,0.0,0.0,0.0
ZNF862,,N/A,N/A,N/A,0,0,0,0,0,0.0,0.0,0.0,0.0,0.0,0.0,0.0
RIF1,,N/A,N/A,N/A,0,0,0,0,0,0.0,0.0,0.0,0.0,0.0,0.0,0.0
PLCB2,,N/A,N/A,N/A,0,0,0,0,0,0.0,0.0,0.0,0.0,0.0,0.0,0.0
TAPBPL,,N/A,N/A,N/A,0,0,0,0,0,0.0,0.0,0.0,0.0,0.0,0.0,0.0
CCDC77,,N/A,N/A,N/A,0,0,0,0,0,0.0,0.0,0.0,0.0,0.0,0.0,0.0
SCYL1,,N/A,N/A,N/A,0,0,0,0,0,0.0,0.0,0.0,0.0,0.0,0.0,0.0
RER1,,N/A,N/A,N/A,0,0,0,0,0,0.0,0.0,0.0,0.0,0.0,0.0,0.0
PIP5K1C,,N/A,N/A,N/A,0,0,0,0,0,0.0,0.0,0.0,0.0,0.0,0.0,0.0
TP63,,N/A,N/A,N/A,0,0,0,0,0,0.0,0.0,0.0,0.0,0.0,0.0,0.0
NEURL2,,N/A,N/A,N/A,0,0,0,0,0,0.0,0.0,0.0,0.0,0.0,0.0,0.0
RFC4,,N/A,N/A,N/A,0,0,0,0,0,0.0,0.0,0.0,0.0,0.0,0.0,0.0
NDUFA13,,N/A,N/A,N/A,0,0,0,0,0,0.0,0.0,0.0,0.0,0.0,0.0,0.0
ZNF787,,N/A,N/A,N/A,0,0,0,0,0,0.0,0.0,0.0,0.0,0.0,0.0,0.0
ITGB5,,N/A,N/A,N/A,0,0,0,0,0,0.0,0.0,0.0,0.0,0.0,0.0,0.0
LCOR,,N/A,N/A,N/A,0,0,0,0,0,0.0,0.0,0.0,0.0,0.0,0.0,0.0
NEK2,,N/A,N/A,N/A,0,0,0,0,0,0.0,0.0,0.0,0.0,0.0,0.0,0.0
AFF2,,N/A,N/A,N/A,0,0,0,0,0,0.0,0.0,0.0,0.0,0.0,0.0,0.0
RAD54L2,,N/A,N/A,N/A,0,0,0,0,0,0.0,0.0,0.0,0.0,0.0,0.0,0.0
PSMD2,,N/A,N/A,N/A,0,0,0,0,0,0.0,0.0,0.0,0.0,0.0,0.0,0.0
KLF6,,N/A,N/A,N/A,0,0,0,0,0,0.0,0.0,0.0,0.0,0.0,0.0,0.0
PRPF6,,N/A,N/A,N/A,0,0,0,0,0,0.0,0.0,0.0,0.0,0.0,0.0,0.0
ECHDC1,,N/A,N/A,N/A,0,0,0,0,0,0.0,0.0,0.0,0.0,0.0,0.0,0.0
EPS15,,N/A,N/A,N/A,0,0,0,0,0,0.0,0.0,0.0,0.0,0.0,0.0,0.0
ZNF738,,N/A,N/A,N/A,0,0,0,0,0,0.0,0.0,0.0,0.0,0.0,0.0,0.0
UBASH3B,,N/A,N/A,N/A,0,0,0,0,0,0.0,0.0,0.0,0.0,0.0,0.0,0.0
TRAP1,,N/A,N/A,N/A,0,0,0,0,0,0.0,0.0,0.0,0.0,0.0,0.0,0.0
NMRAL1,,N/A,N/A,N/A,0,0,0,0,0,0.0,0.0,0.0,0.0,0.0,0.0,0.0
DIMT1,,N/A,N/A,N/A,0,0,0,0,0,0.0,0.0,0.0,0.0,0.0,0.0,0.0
RASGRF2,,N/A,N/A,N/A,0,0,0,0,0,0.0,0.0,0.0,0.0,0.0,0.0,0.0
NDUFC1,,N/A,N/A,N/A,0,0,0,0,0,0.0,0.0,0.0,0.0,0.0,0.0,0.0
AHCTF1,,N/A,N/A,N/A,0,0,0,0,0,0.0,0.0,0.0,0.0,0.0,0.0,0.0
SLC9B2,,N/A,N/A,N/A,0,0,0,0,0,0.0,0.0,0.0,0.0,0.0,0.0,0.0
UBTF,,N/A,N/A,N/A,0,0,0,0,0,0.0,0.0,0.0,0.0,0.0,0.0,0.0
PJA2,,N/A,N/A,N/A,0,0,0,0,0,0.0,0.0,0.0,0.0,0.0,0.0,0.0
RPL19,,N/A,N/A,N/A,0,0,0,0,0,0.0,0.0,0.0,0.0,0.0,0.0,0.0
CCDC9,,N/A,N/A,N/A,0,0,0,0,0,0.0,0.0,0.0,0.0,0.0,0.0,0.0
GINS1,,N/A,N/A,N/A,0,0,0,0,0,0.0,0.0,0.0,0.0,0.0,0.0,0.0
ZNF607,,N/A,N/A,N/A,0,0,0,0,0,0.0,0.0,0.0,0.0,0.0,0.0,0.0
NKIRAS2,,N/A,N/A,N/A,0,0,0,0,0,0.0,0.0,0.0,0.0,0.0,0.0,0.0
KRTCAP2,,N/A,N/A,N/A,0,0,0,0,0,0.0,0.0,0.0,0.0,0.0,0.0,0.0
SCRN3,,N/A,N/A,N/A,0,0,0,0,0,0.0,0.0,0.0,0.0,0.0,0.0,0.0
STK32B,,N/A,N/A,N/A,0,0,0,0,0,0.0,0.0,0.0,0.0,0.0,0.0,0.0
SNX3,,N/A,N/A,N/A,0,0,0,0,0,0.0,0.0,0.0,0.0,0.0,0.0,0.0
CEP170,,N/A,N/A,N/A,0,0,0,0,0,0.0,0.0,0.0,0.0,0.0,0.0,0.0
C17orf80,,N/A,N/A,N/A,0,0,0,0,0,0.0,0.0,0.0,0.0,0.0,0.0,0.0
LIMD1,,N/A,N/A,N/A,0,0,0,0,0,0.0,0.0,0.0,0.0,0.0,0.0,0.0
CYB561,,N/A,N/A,N/A,0,0,0,0,0,0.0,0.0,0.0,0.0,0.0,0.0,0.0
YJEFN3,,N/A,N/A,N/A,0,0,0,0,0,0.0,0.0,0.0,0.0,0.0,0.0,0.0
THUMPD2,,N/A,N/A,N/A,0,0,0,0,0,0.0,0.0,0.0,0.0,0.0,0.0,0.0
GPX7,,N/A,N/A,N/A,0,0,0,0,0,0.0,0.0,0.0,0.0,0.0,0.0,0.0
NDRG3,,N/A,N/A,N/A,0,0,0,0,0,0.0,0.0,0.0,0.0,0.0,0.0,0.0
PPM1N,,N/A,N/A,N/A,0,0,0,0,0,0.0,0.0,0.0,0.0,0.0,0.0,0.0
ZNF185,,N/A,N/A,N/A,0,0,0,0,0,0.0,0.0,0.0,0.0,0.0,0.0,0.0
ARHGEF37,,N/A,N/A,N/A,0,0,0,0,0,0.0,0.0,0.0,0.0,0.0,0.0,0.0
NABP2,,N/A,N/A,N/A,0,0,0,0,0,0.0,0.0,0.0,0.0,0.0,0.0,0.0
CCDC127,,N/A,N/A,N/A,0,0,0,0,0,0.0,0.0,0.0,0.0,0.0,0.0,0.0
PDRG1,,N/A,N/A,N/A,0,0,0,0,0,0.0,0.0,0.0,0.0,0.0,0.0,0.0
NEK1,,N/A,N/A,N/A,0,0,0,0,0,0.0,0.0,0.0,0.0,0.0,0.0,0.0
TNIP2,,N/A,N/A,N/A,0,0,0,0,0,0.0,0.0,0.0,0.0,0.0,0.0,0.0
FEN1,,N/A,N/A,N/A,0,0,0,0,0,0.0,0.0,0.0,0.0,0.0,0.0,0.0
UBP1,,N/A,N/A,N/A,0,0,0,0,0,0.0,0.0,0.0,0.0,0.0,0.0,0.0
IQGAP2,,N/A,N/A,N/A,0,0,0,0,0,0.0,0.0,0.0,0.0,0.0,0.0,0.0
FBXL2,,N/A,N/A,N/A,0,0,0,0,0,0.0,0.0,0.0,0.0,0.0,0.0,0.0
CDC5L,,N/A,N/A,N/A,0,0,0,0,0,0.0,0.0,0.0,0.0,0.0,0.0,0.0
ZCRB1,,N/A,N/A,N/A,0,0,0,0,0,0.0,0.0,0.0,0.0,0.0,0.0,0.0
RGS1,,N/A,N/A,N/A,0,0,0,0,0,0.0,0.0,0.0,0.0,0.0,0.0,0.0
CHURC1,,N/A,N/A,N/A,0,0,0,0,0,0.0,0.0,0.0,0.0,0.0,0.0,0.0
ZNF586,,N/A,N/A,N/A,0,0,0,0,0,0.0,0.0,0.0,0.0,0.0,0.0,0.0
LBX2-AS1,,N/A,N/A,N/A,0,0,0,0,0,0.0,0.0,0.0,0.0,0.0,0.0,0.0
DHX29,,N/A,N/A,N/A,0,0,0,0,0,0.0,0.0,0.0,0.0,0.0,0.0,0.0
GGACT,,N/A,N/A,N/A,0,0,0,0,0,0.0,0.0,0.0,0.0,0.0,0.0,0.0
FAM204A,,N/A,N/A,N/A,0,0,0,0,0,0.0,0.0,0.0,0.0,0.0,0.0,0.0
NPIPB11,,N/A,N/A,N/A,0,0,0,0,0,0.0,0.0,0.0,0.0,0.0,0.0,0.0
RABL2B,,N/A,N/A,N/A,0,0,0,0,0,0.0,0.0,0.0,0.0,0.0,0.0,0.0
ILKAP,,N/A,N/A,N/A,0,0,0,0,0,0.0,0.0,0.0,0.0,0.0,0.0,0.0
NSMAF,,N/A,N/A,N/A,0,0,0,0,0,0.0,0.0,0.0,0.0,0.0,0.0,0.0
BCL7C,,N/A,N/A,N/A,0,0,0,0,0,0.0,0.0,0.0,0.0,0.0,0.0,0.0
RNF32,,N/A,N/A,N/A,0,0,0,0,0,0.0,0.0,0.0,0.0,0.0,0.0,0.0
LEO1,,N/A,N/A,N/A,0,0,0,0,0,0.0,0.0,0.0,0.0,0.0,0.0,0.0
AP2A2,,N/A,N/A,N/A,0,0,0,0,0,0.0,0.0,0.0,0.0,0.0,0.0,0.0
RPL4,,N/A,N/A,N/A,0,0,0,0,0,0.0,0.0,0.0,0.0,0.0,0.0,0.0
ORAI1,,N/A,N/A,N/A,0,0,0,0,0,0.0,0.0,0.0,0.0,0.0,0.0,0.0
GOLPH3L,,N/A,N/A,N/A,0,0,0,0,0,0.0,0.0,0.0,0.0,0.0,0.0,0.0
TBXAS1,,N/A,N/A,N/A,0,0,0,0,0,0.0,0.0,0.0,0.0,0.0,0.0,0.0
CEP192,,N/A,N/A,N/A,0,0,0,0,0,0.0,0.0,0.0,0.0,0.0,0.0,0.0
C17orf67,,N/A,N/A,N/A,0,0,0,0,0,0.0,0.0,0.0,0.0,0.0,0.0,0.0
YBEY,,N/A,N/A,N/A,0,0,0,0,0,0.0,0.0,0.0,0.0,0.0,0.0,0.0
HIGD1A,,N/A,N/A,N/A,0,0,0,0,0,0.0,0.0,0.0,0.0,0.0,0.0,0.0
BRF2,,N/A,N/A,N/A,0,0,0,0,0,0.0,0.0,0.0,0.0,0.0,0.0,0.0
RAB27A,,N/A,N/A,N/A,0,0,0,0,0,0.0,0.0,0.0,0.0,0.0,0.0,0.0
ING2,,N/A,N/A,N/A,0,0,0,0,0,0.0,0.0,0.0,0.0,0.0,0.0,0.0
GNAI3,,N/A,N/A,N/A,0,0,0,0,0,0.0,0.0,0.0,0.0,0.0,0.0,0.0
STMN3,,N/A,N/A,N/A,0,0,0,0,0,0.0,0.0,0.0,0.0,0.0,0.0,0.0
CA13,,N/A,N/A,N/A,0,0,0,0,0,0.0,0.0,0.0,0.0,0.0,0.0,0.0
STK4,,N/A,N/A,N/A,0,0,0,0,0,0.0,0.0,0.0,0.0,0.0,0.0,0.0
CUL2,,N/A,N/A,N/A,0,0,0,0,0,0.0,0.0,0.0,0.0,0.0,0.0,0.0
PRPF19,,N/A,N/A,N/A,0,0,0,0,0,0.0,0.0,0.0,0.0,0.0,0.0,0.0
MRPL48,,N/A,N/A,N/A,0,0,0,0,0,0.0,0.0,0.0,0.0,0.0,0.0,0.0
ECH1,,N/A,N/A,N/A,0,0,0,0,0,0.0,0.0,0.0,0.0,0.0,0.0,0.0
UBXN2A,,N/A,N/A,N/A,0,0,0,0,0,0.0,0.0,0.0,0.0,0.0,0.0,0.0
PPP6R2,,N/A,N/A,N/A,0,0,0,0,0,0.0,0.0,0.0,0.0,0.0,0.0,0.0
CNTLN,,N/A,N/A,N/A,0,0,0,0,0,0.0,0.0,0.0,0.0,0.0,0.0,0.0
SLC25A32,,N/A,N/A,N/A,0,0,0,0,0,0.0,0.0,0.0,0.0,0.0,0.0,0.0
NCKAP1,,N/A,N/A,N/A,0,0,0,0,0,0.0,0.0,0.0,0.0,0.0,0.0,0.0
IFT80,,N/A,N/A,N/A,0,0,0,0,0,0.0,0.0,0.0,0.0,0.0,0.0,0.0
RPP14,,N/A,N/A,N/A,0,0,0,0,0,0.0,0.0,0.0,0.0,0.0,0.0,0.0
LRRCC1,,N/A,N/A,N/A,0,0,0,0,0,0.0,0.0,0.0,0.0,0.0,0.0,0.0
ARHGEF40,,N/A,N/A,N/A,0,0,0,0,0,0.0,0.0,0.0,0.0,0.0,0.0,0.0
EDEM3,,N/A,N/A,N/A,0,0,0,0,0,0.0,0.0,0.0,0.0,0.0,0.0,0.0
HINT2,,N/A,N/A,N/A,0,0,0,0,0,0.0,0.0,0.0,0.0,0.0,0.0,0.0
PTGS1,,N/A,N/A,N/A,0,0,0,0,0,0.0,0.0,0.0,0.0,0.0,0.0,0.0
C18orf25,,N/A,N/A,N/A,0,0,0,0,0,0.0,0.0,0.0,0.0,0.0,0.0,0.0
TRMT10A,,N/A,N/A,N/A,0,0,0,0,0,0.0,0.0,0.0,0.0,0.0,0.0,0.0
ABHD12,,N/A,N/A,N/A,0,0,0,0,0,0.0,0.0,0.0,0.0,0.0,0.0,0.0
PTPMT1,,N/A,N/A,N/A,0,0,0,0,0,0.0,0.0,0.0,0.0,0.0,0.0,0.0
RNPEPL1,,N/A,N/A,N/A,0,0,0,0,0,0.0,0.0,0.0,0.0,0.0,0.0,0.0
TMBIM6,,N/A,N/A,N/A,0,0,0,0,0,0.0,0.0,0.0,0.0,0.0,0.0,0.0
OSBP,,N/A,N/A,N/A,0,0,0,0,0,0.0,0.0,0.0,0.0,0.0,0.0,0.0
IGF2BP2,,N/A,N/A,N/A,0,0,0,0,0,0.0,0.0,0.0,0.0,0.0,0.0,0.0
RSAD2,,N/A,N/A,N/A,0,0,0,0,0,0.0,0.0,0.0,0.0,0.0,0.0,0.0
KIF17,,N/A,N/A,N/A,0,0,0,0,0,0.0,0.0,0.0,0.0,0.0,0.0,0.0
PRUNE2,,N/A,N/A,N/A,0,0,0,0,0,0.0,0.0,0.0,0.0,0.0,0.0,0.0
MANSC1,,N/A,N/A,N/A,0,0,0,0,0,0.0,0.0,0.0,0.0,0.0,0.0,0.0
LRIF1,,N/A,N/A,N/A,0,0,0,0,0,0.0,0.0,0.0,0.0,0.0,0.0,0.0
PIP4K2C,,N/A,N/A,N/A,0,0,0,0,0,0.0,0.0,0.0,0.0,0.0,0.0,0.0
MRPS12,,N/A,N/A,N/A,0,0,0,0,0,0.0,0.0,0.0,0.0,0.0,0.0,0.0
S100A2,,N/A,N/A,N/A,0,0,0,0,0,0.0,0.0,0.0,0.0,0.0,0.0,0.0
RAD23B,,N/A,N/A,N/A,0,0,0,0,0,0.0,0.0,0.0,0.0,0.0,0.0,0.0
ZNF302,,N/A,N/A,N/A,0,0,0,0,0,0.0,0.0,0.0,0.0,0.0,0.0,0.0
E2F3,,N/A,N/A,N/A,0,0,0,0,0,0.0,0.0,0.0,0.0,0.0,0.0,0.0
RAB40B,,N/A,N/A,N/A,0,0,0,0,0,0.0,0.0,0.0,0.0,0.0,0.0,0.0
RASA2,,N/A,N/A,N/A,0,0,0,0,0,0.0,0.0,0.0,0.0,0.0,0.0,0.0
TMEM145,,N/A,N/A,N/A,0,0,0,0,0,0.0,0.0,0.0,0.0,0.0,0.0,0.0
UBL7,,N/A,N/A,N/A,0,0,0,0,0,0.0,0.0,0.0,0.0,0.0,0.0,0.0
UMPS,,N/A,N/A,N/A,0,0,0,0,0,0.0,0.0,0.0,0.0,0.0,0.0,0.0
IQCH-AS1,,N/A,N/A,N/A,0,0,0,0,0,0.0,0.0,0.0,0.0,0.0,0.0,0.0
TRMT12,,N/A,N/A,N/A,0,0,0,0,0,0.0,0.0,0.0,0.0,0.0,0.0,0.0
PI4K2A,,N/A,N/A,N/A,0,0,0,0,0,0.0,0.0,0.0,0.0,0.0,0.0,0.0
VAMP4,,N/A,N/A,N/A,0,0,0,0,0,0.0,0.0,0.0,0.0,0.0,0.0,0.0
HSPA4L,,N/A,N/A,N/A,0,0,0,0,0,0.0,0.0,0.0,0.0,0.0,0.0,0.0
SMARCC1,,N/A,N/A,N/A,0,0,0,0,0,0.0,0.0,0.0,0.0,0.0,0.0,0.0
DOCK7,,N/A,N/A,N/A,0,0,0,0,0,0.0,0.0,0.0,0.0,0.0,0.0,0.0
MED31,,N/A,N/A,N/A,0,0,0,0,0,0.0,0.0,0.0,0.0,0.0,0.0,0.0
GPX2,,N/A,N/A,N/A,0,0,0,0,0,0.0,0.0,0.0,0.0,0.0,0.0,0.0
TMEM218,,N/A,N/A,N/A,0,0,0,0,0,0.0,0.0,0.0,0.0,0.0,0.0,0.0
DYNC1LI1,,N/A,N/A,N/A,0,0,0,0,0,0.0,0.0,0.0,0.0,0.0,0.0,0.0
C2orf68,,N/A,N/A,N/A,0,0,0,0,0,0.0,0.0,0.0,0.0,0.0,0.0,0.0
DZANK1,,N/A,N/A,N/A,0,0,0,0,0,0.0,0.0,0.0,0.0,0.0,0.0,0.0
CHPF,,N/A,N/A,N/A,0,0,0,0,0,0.0,0.0,0.0,0.0,0.0,0.0,0.0
SACM1L,,N/A,N/A,N/A,0,0,0,0,0,0.0,0.0,0.0,0.0,0.0,0.0,0.0
ANKRD28,,N/A,N/A,N/A,0,0,0,0,0,0.0,0.0,0.0,0.0,0.0,0.0,0.0
UBE2Q1,,N/A,N/A,N/A,0,0,0,0,0,0.0,0.0,0.0,0.0,0.0,0.0,0.0
USP16,,N/A,N/A,N/A,0,0,0,0,0,0.0,0.0,0.0,0.0,0.0,0.0,0.0
TXN2,,N/A,N/A,N/A,0,0,0,0,0,0.0,0.0,0.0,0.0,0.0,0.0,0.0
PIP4K2A,,N/A,N/A,N/A,0,0,0,0,0,0.0,0.0,0.0,0.0,0.0,0.0,0.0
SRP54,,N/A,N/A,N/A,0,0,0,0,0,0.0,0.0,0.0,0.0,0.0,0.0,0.0
RNF169,,N/A,N/A,N/A,0,0,0,0,0,0.0,0.0,0.0,0.0,0.0,0.0,0.0
QPCT,,N/A,N/A,N/A,0,0,0,0,0,0.0,0.0,0.0,0.0,0.0,0.0,0.0
IMMP2L,,N/A,N/A,N/A,0,0,0,0,0,0.0,0.0,0.0,0.0,0.0,0.0,0.0
ZNF281,,N/A,N/A,N/A,0,0,0,0,0,0.0,0.0,0.0,0.0,0.0,0.0,0.0
CRTAP,,N/A,N/A,N/A,0,0,0,0,0,0.0,0.0,0.0,0.0,0.0,0.0,0.0
PPFIA4,,N/A,N/A,N/A,0,0,0,0,0,0.0,0.0,0.0,0.0,0.0,0.0,0.0
NHLRC2,,N/A,N/A,N/A,0,0,0,0,0,0.0,0.0,0.0,0.0,0.0,0.0,0.0
ECI2,,N/A,N/A,N/A,0,0,0,0,0,0.0,0.0,0.0,0.0,0.0,0.0,0.0
PHLDA2,,N/A,N/A,N/A,0,0,0,0,0,0.0,0.0,0.0,0.0,0.0,0.0,0.0
USP22,,N/A,N/A,N/A,0,0,0,0,0,0.0,0.0,0.0,0.0,0.0,0.0,0.0
AGTPBP1,,N/A,N/A,N/A,0,0,0,0,0,0.0,0.0,0.0,0.0,0.0,0.0,0.0
OST4,,N/A,N/A,N/A,0,0,0,0,0,0.0,0.0,0.0,0.0,0.0,0.0,0.0
LEPROT,,N/A,N/A,N/A,0,0,0,0,0,0.0,0.0,0.0,0.0,0.0,0.0,0.0
AMMECR1,,N/A,N/A,N/A,0,0,0,0,0,0.0,0.0,0.0,0.0,0.0,0.0,0.0
ERI3,,N/A,N/A,N/A,0,0,0,0,0,0.0,0.0,0.0,0.0,0.0,0.0,0.0
GCHFR,,N/A,N/A,N/A,0,0,0,0,0,0.0,0.0,0.0,0.0,0.0,0.0,0.0
ZNF426,,N/A,N/A,N/A,0,0,0,0,0,0.0,0.0,0.0,0.0,0.0,0.0,0.0
RAB33B,,N/A,N/A,N/A,0,0,0,0,0,0.0,0.0,0.0,0.0,0.0,0.0,0.0
SMC1B,,N/A,N/A,N/A,0,0,0,0,0,0.0,0.0,0.0,0.0,0.0,0.0,0.0
DONSON,,N/A,N/A,N/A,0,0,0,0,0,0.0,0.0,0.0,0.0,0.0,0.0,0.0
ZNF827,,N/A,N/A,N/A,0,0,0,0,0,0.0,0.0,0.0,0.0,0.0,0.0,0.0
PPP1CB,,N/A,N/A,N/A,0,0,0,0,0,0.0,0.0,0.0,0.0,0.0,0.0,0.0
S100A6,,N/A,N/A,N/A,0,0,0,0,0,0.0,0.0,0.0,0.0,0.0,0.0,0.0
DCAF11,,N/A,N/A,N/A,0,0,0,0,0,0.0,0.0,0.0,0.0,0.0,0.0,0.0
ATP6V1H,,N/A,N/A,N/A,0,0,0,0,0,0.0,0.0,0.0,0.0,0.0,0.0,0.0
NDN,,N/A,N/A,N/A,0,0,0,0,0,0.0,0.0,0.0,0.0,0.0,0.0,0.0
ARL17A,,N/A,N/A,N/A,0,0,0,0,0,0.0,0.0,0.0,0.0,0.0,0.0,0.0
HILPDA,,N/A,N/A,N/A,0,0,0,0,0,0.0,0.0,0.0,0.0,0.0,0.0,0.0
DNAJC24,,N/A,N/A,N/A,0,0,0,0,0,0.0,0.0,0.0,0.0,0.0,0.0,0.0
GNPTG,,N/A,N/A,N/A,0,0,0,0,0,0.0,0.0,0.0,0.0,0.0,0.0,0.0
KLHL35,,N/A,N/A,N/A,0,0,0,0,0,0.0,0.0,0.0,0.0,0.0,0.0,0.0
RNF144A,,N/A,N/A,N/A,0,0,0,0,0,0.0,0.0,0.0,0.0,0.0,0.0,0.0
BECN1,,N/A,N/A,N/A,0,0,0,0,0,0.0,0.0,0.0,0.0,0.0,0.0,0.0
CRNDE,,N/A,N/A,N/A,0,0,0,0,0,0.0,0.0,0.0,0.0,0.0,0.0,0.0
MRPL21,,N/A,N/A,N/A,0,0,0,0,0,0.0,0.0,0.0,0.0,0.0,0.0,0.0
TMEM97,,N/A,N/A,N/A,0,0,0,0,0,0.0,0.0,0.0,0.0,0.0,0.0,0.0
BRMS1L,,N/A,N/A,N/A,0,0,0,0,0,0.0,0.0,0.0,0.0,0.0,0.0,0.0
TMEM198,,N/A,N/A,N/A,0,0,0,0,0,0.0,0.0,0.0,0.0,0.0,0.0,0.0
PCMT1,,N/A,N/A,N/A,0,0,0,0,0,0.0,0.0,0.0,0.0,0.0,0.0,0.0
NIF3L1,,N/A,N/A,N/A,0,0,0,0,0,0.0,0.0,0.0,0.0,0.0,0.0,0.0
TOP2B,,N/A,N/A,N/A,0,0,0,0,0,0.0,0.0,0.0,0.0,0.0,0.0,0.0
NUP107,,N/A,N/A,N/A,0,0,0,0,0,0.0,0.0,0.0,0.0,0.0,0.0,0.0
COX15,,N/A,N/A,N/A,0,0,0,0,0,0.0,0.0,0.0,0.0,0.0,0.0,0.0
NDUFB4,,N/A,N/A,N/A,0,0,0,0,0,0.0,0.0,0.0,0.0,0.0,0.0,0.0
PCYT2,,N/A,N/A,N/A,0,0,0,0,0,0.0,0.0,0.0,0.0,0.0,0.0,0.0
RAB5A,,N/A,N/A,N/A,0,0,0,0,0,0.0,0.0,0.0,0.0,0.0,0.0,0.0
RPS5,,N/A,N/A,N/A,0,0,0,0,0,0.0,0.0,0.0,0.0,0.0,0.0,0.0
IWS1,,N/A,N/A,N/A,0,0,0,0,0,0.0,0.0,0.0,0.0,0.0,0.0,0.0
MDC1,,N/A,N/A,N/A,0,0,0,0,0,0.0,0.0,0.0,0.0,0.0,0.0,0.0
LRCH1,,N/A,N/A,N/A,0,0,0,0,0,0.0,0.0,0.0,0.0,0.0,0.0,0.0
ATP9B,,N/A,N/A,N/A,0,0,0,0,0,0.0,0.0,0.0,0.0,0.0,0.0,0.0
YEATS4,,N/A,N/A,N/A,0,0,0,0,0,0.0,0.0,0.0,0.0,0.0,0.0,0.0
MARK4,,N/A,N/A,N/A,0,0,0,0,0,0.0,0.0,0.0,0.0,0.0,0.0,0.0
AKIP1,,N/A,N/A,N/A,0,0,0,0,0,0.0,0.0,0.0,0.0,0.0,0.0,0.0
TSR3,,N/A,N/A,N/A,0,0,0,0,0,0.0,0.0,0.0,0.0,0.0,0.0,0.0
DTNBP1,,N/A,N/A,N/A,0,0,0,0,0,0.0,0.0,0.0,0.0,0.0,0.0,0.0
RBM18,,N/A,N/A,N/A,0,0,0,0,0,0.0,0.0,0.0,0.0,0.0,0.0,0.0
DAB2IP,,N/A,N/A,N/A,0,0,0,0,0,0.0,0.0,0.0,0.0,0.0,0.0,0.0
TADA3,,N/A,N/A,N/A,0,0,0,0,0,0.0,0.0,0.0,0.0,0.0,0.0,0.0
RFC2,,N/A,N/A,N/A,0,0,0,0,0,0.0,0.0,0.0,0.0,0.0,0.0,0.0
SYF2,,N/A,N/A,N/A,0,0,0,0,0,0.0,0.0,0.0,0.0,0.0,0.0,0.0
ATP10A,,N/A,N/A,N/A,0,0,0,0,0,0.0,0.0,0.0,0.0,0.0,0.0,0.0
ARHGAP18,,N/A,N/A,N/A,0,0,0,0,0,0.0,0.0,0.0,0.0,0.0,0.0,0.0
NDRG1,,N/A,N/A,N/A,0,0,0,0,0,0.0,0.0,0.0,0.0,0.0,0.0,0.0
DNAL4,,N/A,N/A,N/A,0,0,0,0,0,0.0,0.0,0.0,0.0,0.0,0.0,0.0
NOL11,,N/A,N/A,N/A,0,0,0,0,0,0.0,0.0,0.0,0.0,0.0,0.0,0.0
PYGB,,N/A,N/A,N/A,0,0,0,0,0,0.0,0.0,0.0,0.0,0.0,0.0,0.0
CEP97,,N/A,N/A,N/A,0,0,0,0,0,0.0,0.0,0.0,0.0,0.0,0.0,0.0
SPC25,,N/A,N/A,N/A,0,0,0,0,0,0.0,0.0,0.0,0.0,0.0,0.0,0.0
NUS1,,N/A,N/A,N/A,0,0,0,0,0,0.0,0.0,0.0,0.0,0.0,0.0,0.0
HNRNPU,,N/A,N/A,N/A,0,0,0,0,0,0.0,0.0,0.0,0.0,0.0,0.0,0.0
TECPR2,,N/A,N/A,N/A,0,0,0,0,0,0.0,0.0,0.0,0.0,0.0,0.0,0.0
PDLIM7,,N/A,N/A,N/A,0,0,0,0,0,0.0,0.0,0.0,0.0,0.0,0.0,0.0
ABCB9,,N/A,N/A,N/A,0,0,0,0,0,0.0,0.0,0.0,0.0,0.0,0.0,0.0
PWP1,,N/A,N/A,N/A,0,0,0,0,0,0.0,0.0,0.0,0.0,0.0,0.0,0.0
CUTC,,N/A,N/A,N/A,0,0,0,0,0,0.0,0.0,0.0,0.0,0.0,0.0,0.0
PPARGC1B,,N/A,N/A,N/A,0,0,0,0,0,0.0,0.0,0.0,0.0,0.0,0.0,0.0
GADD45GIP1,,N/A,N/A,N/A,0,0,0,0,0,0.0,0.0,0.0,0.0,0.0,0.0,0.0
RHOD,,N/A,N/A,N/A,0,0,0,0,0,0.0,0.0,0.0,0.0,0.0,0.0,0.0
EMC10,,N/A,N/A,N/A,0,0,0,0,0,0.0,0.0,0.0,0.0,0.0,0.0,0.0
POM121C,,N/A,N/A,N/A,0,0,0,0,0,0.0,0.0,0.0,0.0,0.0,0.0,0.0
WWP1,,N/A,N/A,N/A,0,0,0,0,0,0.0,0.0,0.0,0.0,0.0,0.0,0.0
DUSP4,,N/A,N/A,N/A,0,0,0,0,0,0.0,0.0,0.0,0.0,0.0,0.0,0.0
PSMF1,,N/A,N/A,N/A,0,0,0,0,0,0.0,0.0,0.0,0.0,0.0,0.0,0.0
EME1,,N/A,N/A,N/A,0,0,0,0,0,0.0,0.0,0.0,0.0,0.0,0.0,0.0
SLC51A,,N/A,N/A,N/A,0,0,0,0,0,0.0,0.0,0.0,0.0,0.0,0.0,0.0
UTP3,,N/A,N/A,N/A,0,0,0,0,0,0.0,0.0,0.0,0.0,0.0,0.0,0.0
SEC62,,N/A,N/A,N/A,0,0,0,0,0,0.0,0.0,0.0,0.0,0.0,0.0,0.0
CDC123,,N/A,N/A,N/A,0,0,0,0,0,0.0,0.0,0.0,0.0,0.0,0.0,0.0
ITGB1,,N/A,N/A,N/A,0,0,0,0,0,0.0,0.0,0.0,0.0,0.0,0.0,0.0
RGS14,,N/A,N/A,N/A,0,0,0,0,0,0.0,0.0,0.0,0.0,0.0,0.0,0.0
XKR6,,N/A,N/A,N/A,0,0,0,0,0,0.0,0.0,0.0,0.0,0.0,0.0,0.0
FAM167B,,N/A,N/A,N/A,0,0,0,0,0,0.0,0.0,0.0,0.0,0.0,0.0,0.0
PPP1R13L,,N/A,N/A,N/A,0,0,0,0,0,0.0,0.0,0.0,0.0,0.0,0.0,0.0
UBE2E3,,N/A,N/A,N/A,0,0,0,0,0,0.0,0.0,0.0,0.0,0.0,0.0,0.0
COG4,,N/A,N/A,N/A,0,0,0,0,0,0.0,0.0,0.0,0.0,0.0,0.0,0.0
TBC1D32,,N/A,N/A,N/A,0,0,0,0,0,0.0,0.0,0.0,0.0,0.0,0.0,0.0
RNF123,,N/A,N/A,N/A,0,0,0,0,0,0.0,0.0,0.0,0.0,0.0,0.0,0.0
GEMIN4,,N/A,N/A,N/A,0,0,0,0,0,0.0,0.0,0.0,0.0,0.0,0.0,0.0
HERC1,,N/A,N/A,N/A,0,0,0,0,0,0.0,0.0,0.0,0.0,0.0,0.0,0.0
AK8,,N/A,N/A,N/A,0,0,0,0,0,0.0,0.0,0.0,0.0,0.0,0.0,0.0
STOML1,,N/A,N/A,N/A,0,0,0,0,0,0.0,0.0,0.0,0.0,0.0,0.0,0.0
GPN2,,N/A,N/A,N/A,0,0,0,0,0,0.0,0.0,0.0,0.0,0.0,0.0,0.0
PHF20L1,,N/A,N/A,N/A,0,0,0,0,0,0.0,0.0,0.0,0.0,0.0,0.0,0.0
CSPP1,,N/A,N/A,N/A,0,0,0,0,0,0.0,0.0,0.0,0.0,0.0,0.0,0.0
IMMP1L,,N/A,N/A,N/A,0,0,0,0,0,0.0,0.0,0.0,0.0,0.0,0.0,0.0
LMO4,,N/A,N/A,N/A,0,0,0,0,0,0.0,0.0,0.0,0.0,0.0,0.0,0.0
ABCC1,,N/A,N/A,N/A,0,0,0,0,0,0.0,0.0,0.0,0.0,0.0,0.0,0.0
ZEB2,,N/A,N/A,N/A,0,0,0,0,0,0.0,0.0,0.0,0.0,0.0,0.0,0.0
AAR2,,N/A,N/A,N/A,0,0,0,0,0,0.0,0.0,0.0,0.0,0.0,0.0,0.0
ADAMTSL4,,N/A,N/A,N/A,0,0,0,0,0,0.0,0.0,0.0,0.0,0.0,0.0,0.0
PBX1,,N/A,N/A,N/A,0,0,0,0,0,0.0,0.0,0.0,0.0,0.0,0.0,0.0
ZNF552,,N/A,N/A,N/A,0,0,0,0,0,0.0,0.0,0.0,0.0,0.0,0.0,0.0
TTC39A,,N/A,N/A,N/A,0,0,0,0,0,0.0,0.0,0.0,0.0,0.0,0.0,0.0
PAIP1,,N/A,N/A,N/A,0,0,0,0,0,0.0,0.0,0.0,0.0,0.0,0.0,0.0
PAPOLG,,N/A,N/A,N/A,0,0,0,0,0,0.0,0.0,0.0,0.0,0.0,0.0,0.0
PSTK,,N/A,N/A,N/A,0,0,0,0,0,0.0,0.0,0.0,0.0,0.0,0.0,0.0
IPPK,,N/A,N/A,N/A,0,0,0,0,0,0.0,0.0,0.0,0.0,0.0,0.0,0.0
KCTD6,,N/A,N/A,N/A,0,0,0,0,0,0.0,0.0,0.0,0.0,0.0,0.0,0.0
FEM1B,,N/A,N/A,N/A,0,0,0,0,0,0.0,0.0,0.0,0.0,0.0,0.0,0.0
ALDOC,,N/A,N/A,N/A,0,0,0,0,0,0.0,0.0,0.0,0.0,0.0,0.0,0.0
N4BP3,,N/A,N/A,N/A,0,0,0,0,0,0.0,0.0,0.0,0.0,0.0,0.0,0.0
C14orf28,,N/A,N/A,N/A,0,0,0,0,0,0.0,0.0,0.0,0.0,0.0,0.0,0.0
RFX2,,N/A,N/A,N/A,0,0,0,0,0,0.0,0.0,0.0,0.0,0.0,0.0,0.0
DHRS7,,N/A,N/A,N/A,0,0,0,0,0,0.0,0.0,0.0,0.0,0.0,0.0,0.0
NSUN2,,N/A,N/A,N/A,0,0,0,0,0,0.0,0.0,0.0,0.0,0.0,0.0,0.0
LGR4,,N/A,N/A,N/A,0,0,0,0,0,0.0,0.0,0.0,0.0,0.0,0.0,0.0
ATP6V1E1,,N/A,N/A,N/A,0,0,0,0,0,0.0,0.0,0.0,0.0,0.0,0.0,0.0
CERS4,,N/A,N/A,N/A,0,0,0,0,0,0.0,0.0,0.0,0.0,0.0,0.0,0.0
LSG1,,N/A,N/A,N/A,0,0,0,0,0,0.0,0.0,0.0,0.0,0.0,0.0,0.0
ITGB1BP1,,N/A,N/A,N/A,0,0,0,0,0,0.0,0.0,0.0,0.0,0.0,0.0,0.0
EFCAB2,,N/A,N/A,N/A,0,0,0,0,0,0.0,0.0,0.0,0.0,0.0,0.0,0.0
FANK1,,N/A,N/A,N/A,0,0,0,0,0,0.0,0.0,0.0,0.0,0.0,0.0,0.0
PPP1R12C,,N/A,N/A,N/A,0,0,0,0,0,0.0,0.0,0.0,0.0,0.0,0.0,0.0
CYP1B1-AS1,,N/A,N/A,N/A,0,0,0,0,0,0.0,0.0,0.0,0.0,0.0,0.0,0.0
TOMM7,,N/A,N/A,N/A,0,0,0,0,0,0.0,0.0,0.0,0.0,0.0,0.0,0.0
SIPA1L1,,N/A,N/A,N/A,0,0,0,0,0,0.0,0.0,0.0,0.0,0.0,0.0,0.0
ZNF839,,N/A,N/A,N/A,0,0,0,0,0,0.0,0.0,0.0,0.0,0.0,0.0,0.0
LAGE3,,N/A,N/A,N/A,0,0,0,0,0,0.0,0.0,0.0,0.0,0.0,0.0,0.0
ARHGEF2,,N/A,N/A,N/A,0,0,0,0,0,0.0,0.0,0.0,0.0,0.0,0.0,0.0
DCTN5,,N/A,N/A,N/A,0,0,0,0,0,0.0,0.0,0.0,0.0,0.0,0.0,0.0
MED10,,N/A,N/A,N/A,0,0,0,0,0,0.0,0.0,0.0,0.0,0.0,0.0,0.0
VPS9D1,,N/A,N/A,N/A,0,0,0,0,0,0.0,0.0,0.0,0.0,0.0,0.0,0.0
RANBP3,,N/A,N/A,N/A,0,0,0,0,0,0.0,0.0,0.0,0.0,0.0,0.0,0.0
SOX12,,N/A,N/A,N/A,0,0,0,0,0,0.0,0.0,0.0,0.0,0.0,0.0,0.0
KBTBD4,,N/A,N/A,N/A,0,0,0,0,0,0.0,0.0,0.0,0.0,0.0,0.0,0.0
SPEF2,,N/A,N/A,N/A,0,0,0,0,0,0.0,0.0,0.0,0.0,0.0,0.0,0.0
SLC25A36,,N/A,N/A,N/A,0,0,0,0,0,0.0,0.0,0.0,0.0,0.0,0.0,0.0
HMGN2,,N/A,N/A,N/A,0,0,0,0,0,0.0,0.0,0.0,0.0,0.0,0.0,0.0
ANKIB1,,N/A,N/A,N/A,0,0,0,0,0,0.0,0.0,0.0,0.0,0.0,0.0,0.0
TSGA10,,N/A,N/A,N/A,0,0,0,0,0,0.0,0.0,0.0,0.0,0.0,0.0,0.0
DPY19L2,,N/A,N/A,N/A,0,0,0,0,0,0.0,0.0,0.0,0.0,0.0,0.0,0.0
TMEM33,,N/A,N/A,N/A,0,0,0,0,0,0.0,0.0,0.0,0.0,0.0,0.0,0.0
TBC1D15,,N/A,N/A,N/A,0,0,0,0,0,0.0,0.0,0.0,0.0,0.0,0.0,0.0
HSPA5,,N/A,N/A,N/A,0,0,0,0,0,0.0,0.0,0.0,0.0,0.0,0.0,0.0
GPD1L,,N/A,N/A,N/A,0,0,0,0,0,0.0,0.0,0.0,0.0,0.0,0.0,0.0
RAB21,,N/A,N/A,N/A,0,0,0,0,0,0.0,0.0,0.0,0.0,0.0,0.0,0.0
DNPH1,,N/A,N/A,N/A,0,0,0,0,0,0.0,0.0,0.0,0.0,0.0,0.0,0.0
PFKP,,N/A,N/A,N/A,0,0,0,0,0,0.0,0.0,0.0,0.0,0.0,0.0,0.0
VPS72,,N/A,N/A,N/A,0,0,0,0,0,0.0,0.0,0.0,0.0,0.0,0.0,0.0
FOXN2,,N/A,N/A,N/A,0,0,0,0,0,0.0,0.0,0.0,0.0,0.0,0.0,0.0
PCMTD2,,N/A,N/A,N/A,0,0,0,0,0,0.0,0.0,0.0,0.0,0.0,0.0,0.0
EHD4,,N/A,N/A,N/A,0,0,0,0,0,0.0,0.0,0.0,0.0,0.0,0.0,0.0
UBE2B,,N/A,N/A,N/A,0,0,0,0,0,0.0,0.0,0.0,0.0,0.0,0.0,0.0
CNN3,,N/A,N/A,N/A,0,0,0,0,0,0.0,0.0,0.0,0.0,0.0,0.0,0.0
LAMB1,,N/A,N/A,N/A,0,0,0,0,0,0.0,0.0,0.0,0.0,0.0,0.0,0.0
KTN1,,N/A,N/A,N/A,0,0,0,0,0,0.0,0.0,0.0,0.0,0.0,0.0,0.0
MTMR1,,N/A,N/A,N/A,0,0,0,0,0,0.0,0.0,0.0,0.0,0.0,0.0,0.0
ZNF514,,N/A,N/A,N/A,0,0,0,0,0,0.0,0.0,0.0,0.0,0.0,0.0,0.0
MAP2K4,,N/A,N/A,N/A,0,0,0,0,0,0.0,0.0,0.0,0.0,0.0,0.0,0.0
ZNF282,,N/A,N/A,N/A,0,0,0,0,0,0.0,0.0,0.0,0.0,0.0,0.0,0.0
LIG3,,N/A,N/A,N/A,0,0,0,0,0,0.0,0.0,0.0,0.0,0.0,0.0,0.0
OTUD6B,,N/A,N/A,N/A,0,0,0,0,0,0.0,0.0,0.0,0.0,0.0,0.0,0.0
PXK,,N/A,N/A,N/A,0,0,0,0,0,0.0,0.0,0.0,0.0,0.0,0.0,0.0
PIGC,,N/A,N/A,N/A,0,0,0,0,0,0.0,0.0,0.0,0.0,0.0,0.0,0.0
KRT10,,N/A,N/A,N/A,0,0,0,0,0,0.0,0.0,0.0,0.0,0.0,0.0,0.0
DOLK,,N/A,N/A,N/A,0,0,0,0,0,0.0,0.0,0.0,0.0,0.0,0.0,0.0
ACAD10,,N/A,N/A,N/A,0,0,0,0,0,0.0,0.0,0.0,0.0,0.0,0.0,0.0
FKBP11,,N/A,N/A,N/A,0,0,0,0,0,0.0,0.0,0.0,0.0,0.0,0.0,0.0
ZNF547,,N/A,N/A,N/A,0,0,0,0,0,0.0,0.0,0.0,0.0,0.0,0.0,0.0
CUTA,,N/A,N/A,N/A,0,0,0,0,0,0.0,0.0,0.0,0.0,0.0,0.0,0.0
FSTL3,,N/A,N/A,N/A,0,0,0,0,0,0.0,0.0,0.0,0.0,0.0,0.0,0.0
TRAIP,,N/A,N/A,N/A,0,0,0,0,0,0.0,0.0,0.0,0.0,0.0,0.0,0.0
ST3GAL2,,N/A,N/A,N/A,0,0,0,0,0,0.0,0.0,0.0,0.0,0.0,0.0,0.0
DPF2,,N/A,N/A,N/A,0,0,0,0,0,0.0,0.0,0.0,0.0,0.0,0.0,0.0
NUP210,,N/A,N/A,N/A,0,0,0,0,0,0.0,0.0,0.0,0.0,0.0,0.0,0.0
BCAS2,,N/A,N/A,N/A,0,0,0,0,0,0.0,0.0,0.0,0.0,0.0,0.0,0.0
C1GALT1C1,,N/A,N/A,N/A,0,0,0,0,0,0.0,0.0,0.0,0.0,0.0,0.0,0.0
TTYH2,,N/A,N/A,N/A,0,0,0,0,0,0.0,0.0,0.0,0.0,0.0,0.0,0.0
C1orf52,,N/A,N/A,N/A,0,0,0,0,0,0.0,0.0,0.0,0.0,0.0,0.0,0.0
SIRT2,,N/A,N/A,N/A,0,0,0,0,0,0.0,0.0,0.0,0.0,0.0,0.0,0.0
IMPA2,,N/A,N/A,N/A,0,0,0,0,0,0.0,0.0,0.0,0.0,0.0,0.0,0.0
MAP3K10,,N/A,N/A,N/A,0,0,0,0,0,0.0,0.0,0.0,0.0,0.0,0.0,0.0
FBXL19-AS1,,N/A,N/A,N/A,0,0,0,0,0,0.0,0.0,0.0,0.0,0.0,0.0,0.0
DENND4A,,N/A,N/A,N/A,0,0,0,0,0,0.0,0.0,0.0,0.0,0.0,0.0,0.0
DDX24,,N/A,N/A,N/A,0,0,0,0,0,0.0,0.0,0.0,0.0,0.0,0.0,0.0
CCDC51,,N/A,N/A,N/A,0,0,0,0,0,0.0,0.0,0.0,0.0,0.0,0.0,0.0
ARMCX2,,N/A,N/A,N/A,0,0,0,0,0,0.0,0.0,0.0,0.0,0.0,0.0,0.0
EXOC6,,N/A,N/A,N/A,0,0,0,0,0,0.0,0.0,0.0,0.0,0.0,0.0,0.0
SAMD4A,,N/A,N/A,N/A,0,0,0,0,0,0.0,0.0,0.0,0.0,0.0,0.0,0.0
PSTPIP2,,N/A,N/A,N/A,0,0,0,0,0,0.0,0.0,0.0,0.0,0.0,0.0,0.0
ANK3,,N/A,N/A,N/A,0,0,0,0,0,0.0,0.0,0.0,0.0,0.0,0.0,0.0
NUFIP2,,N/A,N/A,N/A,0,0,0,0,0,0.0,0.0,0.0,0.0,0.0,0.0,0.0
ZMYM1,,N/A,N/A,N/A,0,0,0,0,0,0.0,0.0,0.0,0.0,0.0,0.0,0.0
C5orf15,,N/A,N/A,N/A,0,0,0,0,0,0.0,0.0,0.0,0.0,0.0,0.0,0.0
USP31,,N/A,N/A,N/A,0,0,0,0,0,0.0,0.0,0.0,0.0,0.0,0.0,0.0
PGAM1,,N/A,N/A,N/A,0,0,0,0,0,0.0,0.0,0.0,0.0,0.0,0.0,0.0
PPP1R16A,,N/A,N/A,N/A,0,0,0,0,0,0.0,0.0,0.0,0.0,0.0,0.0,0.0
ACAA2,,N/A,N/A,N/A,0,0,0,0,0,0.0,0.0,0.0,0.0,0.0,0.0,0.0
C17orf58,,N/A,N/A,N/A,0,0,0,0,0,0.0,0.0,0.0,0.0,0.0,0.0,0.0
SAP30BP,,N/A,N/A,N/A,0,0,0,0,0,0.0,0.0,0.0,0.0,0.0,0.0,0.0
RNF141,,N/A,N/A,N/A,0,0,0,0,0,0.0,0.0,0.0,0.0,0.0,0.0,0.0
MVB12B,,N/A,N/A,N/A,0,0,0,0,0,0.0,0.0,0.0,0.0,0.0,0.0,0.0
ZFP41,,N/A,N/A,N/A,0,0,0,0,0,0.0,0.0,0.0,0.0,0.0,0.0,0.0
METTL25,,N/A,N/A,N/A,0,0,0,0,0,0.0,0.0,0.0,0.0,0.0,0.0,0.0
FGD1,,N/A,N/A,N/A,0,0,0,0,0,0.0,0.0,0.0,0.0,0.0,0.0,0.0
NAT14,,N/A,N/A,N/A,0,0,0,0,0,0.0,0.0,0.0,0.0,0.0,0.0,0.0
NDUFAF7,,N/A,N/A,N/A,0,0,0,0,0,0.0,0.0,0.0,0.0,0.0,0.0,0.0
CHTOP,,N/A,N/A,N/A,0,0,0,0,0,0.0,0.0,0.0,0.0,0.0,0.0,0.0
ZNF48,,N/A,N/A,N/A,0,0,0,0,0,0.0,0.0,0.0,0.0,0.0,0.0,0.0
ANKRD36C,,N/A,N/A,N/A,0,0,0,0,0,0.0,0.0,0.0,0.0,0.0,0.0,0.0
PSME4,,N/A,N/A,N/A,0,0,0,0,0,0.0,0.0,0.0,0.0,0.0,0.0,0.0
INPP5K,,N/A,N/A,N/A,0,0,0,0,0,0.0,0.0,0.0,0.0,0.0,0.0,0.0
NOL10,,N/A,N/A,N/A,0,0,0,0,0,0.0,0.0,0.0,0.0,0.0,0.0,0.0
NDUFB6,,N/A,N/A,N/A,0,0,0,0,0,0.0,0.0,0.0,0.0,0.0,0.0,0.0
CASP10,,N/A,N/A,N/A,0,0,0,0,0,0.0,0.0,0.0,0.0,0.0,0.0,0.0
GUCD1,,N/A,N/A,N/A,0,0,0,0,0,0.0,0.0,0.0,0.0,0.0,0.0,0.0
PFDN1,,N/A,N/A,N/A,0,0,0,0,0,0.0,0.0,0.0,0.0,0.0,0.0,0.0
AFG3L2,,N/A,N/A,N/A,0,0,0,0,0,0.0,0.0,0.0,0.0,0.0,0.0,0.0
DMKN,,N/A,N/A,N/A,0,0,0,0,0,0.0,0.0,0.0,0.0,0.0,0.0,0.0
CALML4,,N/A,N/A,N/A,0,0,0,0,0,0.0,0.0,0.0,0.0,0.0,0.0,0.0
PSMA4,,N/A,N/A,N/A,0,0,0,0,0,0.0,0.0,0.0,0.0,0.0,0.0,0.0
MRPL52,,N/A,N/A,N/A,0,0,0,0,0,0.0,0.0,0.0,0.0,0.0,0.0,0.0
TMEM184B,,N/A,N/A,N/A,0,0,0,0,0,0.0,0.0,0.0,0.0,0.0,0.0,0.0
ERC1,,N/A,N/A,N/A,0,0,0,0,0,0.0,0.0,0.0,0.0,0.0,0.0,0.0
KANK2,,N/A,N/A,N/A,0,0,0,0,0,0.0,0.0,0.0,0.0,0.0,0.0,0.0
PLCL1,,N/A,N/A,N/A,0,0,0,0,0,0.0,0.0,0.0,0.0,0.0,0.0,0.0
ILF2,,N/A,N/A,N/A,0,0,0,0,0,0.0,0.0,0.0,0.0,0.0,0.0,0.0
FAM114A1,,N/A,N/A,N/A,0,0,0,0,0,0.0,0.0,0.0,0.0,0.0,0.0,0.0
USP25,,N/A,N/A,N/A,0,0,0,0,0,0.0,0.0,0.0,0.0,0.0,0.0,0.0
RUFY3,,N/A,N/A,N/A,0,0,0,0,0,0.0,0.0,0.0,0.0,0.0,0.0,0.0
MFSD6,,N/A,N/A,N/A,0,0,0,0,0,0.0,0.0,0.0,0.0,0.0,0.0,0.0
RLIM,,N/A,N/A,N/A,0,0,0,0,0,0.0,0.0,0.0,0.0,0.0,0.0,0.0
FAM118A,,N/A,N/A,N/A,0,0,0,0,0,0.0,0.0,0.0,0.0,0.0,0.0,0.0
PPHLN1,,N/A,N/A,N/A,0,0,0,0,0,0.0,0.0,0.0,0.0,0.0,0.0,0.0
DGCR2,,N/A,N/A,N/A,0,0,0,0,0,0.0,0.0,0.0,0.0,0.0,0.0,0.0
RAD54B,,N/A,N/A,N/A,0,0,0,0,0,0.0,0.0,0.0,0.0,0.0,0.0,0.0
NUCKS1,,N/A,N/A,N/A,0,0,0,0,0,0.0,0.0,0.0,0.0,0.0,0.0,0.0
PSMB10,,N/A,N/A,N/A,0,0,0,0,0,0.0,0.0,0.0,0.0,0.0,0.0,0.0
DOCK10,,N/A,N/A,N/A,0,0,0,0,0,0.0,0.0,0.0,0.0,0.0,0.0,0.0
TRIM39,,N/A,N/A,N/A,0,0,0,0,0,0.0,0.0,0.0,0.0,0.0,0.0,0.0
LETM2,,N/A,N/A,N/A,0,0,0,0,0,0.0,0.0,0.0,0.0,0.0,0.0,0.0
DENND4B,,N/A,N/A,N/A,0,0,0,0,0,0.0,0.0,0.0,0.0,0.0,0.0,0.0
SSBP1,,N/A,N/A,N/A,0,0,0,0,0,0.0,0.0,0.0,0.0,0.0,0.0,0.0
PLXDC1,,N/A,N/A,N/A,0,0,0,0,0,0.0,0.0,0.0,0.0,0.0,0.0,0.0
SLC35F2,,N/A,N/A,N/A,0,0,0,0,0,0.0,0.0,0.0,0.0,0.0,0.0,0.0
CBX8,,N/A,N/A,N/A,0,0,0,0,0,0.0,0.0,0.0,0.0,0.0,0.0,0.0
TMEM167A,,N/A,N/A,N/A,0,0,0,0,0,0.0,0.0,0.0,0.0,0.0,0.0,0.0
C1GALT1,,N/A,N/A,N/A,0,0,0,0,0,0.0,0.0,0.0,0.0,0.0,0.0,0.0
AP1S1,,N/A,N/A,N/A,0,0,0,0,0,0.0,0.0,0.0,0.0,0.0,0.0,0.0
RAB8A,,N/A,N/A,N/A,0,0,0,0,0,0.0,0.0,0.0,0.0,0.0,0.0,0.0
WDR44,,N/A,N/A,N/A,0,0,0,0,0,0.0,0.0,0.0,0.0,0.0,0.0,0.0
BRI3,,N/A,N/A,N/A,0,0,0,0,0,0.0,0.0,0.0,0.0,0.0,0.0,0.0
NPEPPS,,N/A,N/A,N/A,0,0,0,0,0,0.0,0.0,0.0,0.0,0.0,0.0,0.0
UBAP2,,N/A,N/A,N/A,0,0,0,0,0,0.0,0.0,0.0,0.0,0.0,0.0,0.0
APBB2,,N/A,N/A,N/A,0,0,0,0,0,0.0,0.0,0.0,0.0,0.0,0.0,0.0
ATP11B,,N/A,N/A,N/A,0,0,0,0,0,0.0,0.0,0.0,0.0,0.0,0.0,0.0
WDR5B,,N/A,N/A,N/A,0,0,0,0,0,0.0,0.0,0.0,0.0,0.0,0.0,0.0
NBR1,,N/A,N/A,N/A,0,0,0,0,0,0.0,0.0,0.0,0.0,0.0,0.0,0.0
NBPF11,,N/A,N/A,N/A,0,0,0,0,0,0.0,0.0,0.0,0.0,0.0,0.0,0.0
GTPBP8,,N/A,N/A,N/A,0,0,0,0,0,0.0,0.0,0.0,0.0,0.0,0.0,0.0
ZNF660,,N/A,N/A,N/A,0,0,0,0,0,0.0,0.0,0.0,0.0,0.0,0.0,0.0
TMEM39A,,N/A,N/A,N/A,0,0,0,0,0,0.0,0.0,0.0,0.0,0.0,0.0,0.0
MAST1,,N/A,N/A,N/A,0,0,0,0,0,0.0,0.0,0.0,0.0,0.0,0.0,0.0
TMEM254,,N/A,N/A,N/A,0,0,0,0,0,0.0,0.0,0.0,0.0,0.0,0.0,0.0
ZNF160,,N/A,N/A,N/A,0,0,0,0,0,0.0,0.0,0.0,0.0,0.0,0.0,0.0
CC2D1A,,N/A,N/A,N/A,0,0,0,0,0,0.0,0.0,0.0,0.0,0.0,0.0,0.0
UQCC1,,N/A,N/A,N/A,0,0,0,0,0,0.0,0.0,0.0,0.0,0.0,0.0,0.0
TBC1D5,,N/A,N/A,N/A,0,0,0,0,0,0.0,0.0,0.0,0.0,0.0,0.0,0.0
HMOX2,,N/A,N/A,N/A,0,0,0,0,0,0.0,0.0,0.0,0.0,0.0,0.0,0.0
ARMC8,,N/A,N/A,N/A,0,0,0,0,0,0.0,0.0,0.0,0.0,0.0,0.0,0.0
MPHOSPH10,,N/A,N/A,N/A,0,0,0,0,0,0.0,0.0,0.0,0.0,0.0,0.0,0.0
HIRIP3,,N/A,N/A,N/A,0,0,0,0,0,0.0,0.0,0.0,0.0,0.0,0.0,0.0
SH3BP2,,N/A,N/A,N/A,0,0,0,0,0,0.0,0.0,0.0,0.0,0.0,0.0,0.0
RNF111,,N/A,N/A,N/A,0,0,0,0,0,0.0,0.0,0.0,0.0,0.0,0.0,0.0
SNHG18,,N/A,N/A,N/A,0,0,0,0,0,0.0,0.0,0.0,0.0,0.0,0.0,0.0
NTNG1,,N/A,N/A,N/A,0,0,0,0,0,0.0,0.0,0.0,0.0,0.0,0.0,0.0
DLG2,,N/A,N/A,N/A,0,0,0,0,0,0.0,0.0,0.0,0.0,0.0,0.0,0.0
DUSP7,,N/A,N/A,N/A,0,0,0,0,0,0.0,0.0,0.0,0.0,0.0,0.0,0.0
PSMD7,,N/A,N/A,N/A,0,0,0,0,0,0.0,0.0,0.0,0.0,0.0,0.0,0.0
KLC3,,N/A,N/A,N/A,0,0,0,0,0,0.0,0.0,0.0,0.0,0.0,0.0,0.0
MPZL2,,N/A,N/A,N/A,0,0,0,0,0,0.0,0.0,0.0,0.0,0.0,0.0,0.0
AHSA1,,N/A,N/A,N/A,0,0,0,0,0,0.0,0.0,0.0,0.0,0.0,0.0,0.0
MEX3A,,N/A,N/A,N/A,0,0,0,0,0,0.0,0.0,0.0,0.0,0.0,0.0,0.0
DPH2,,N/A,N/A,N/A,0,0,0,0,0,0.0,0.0,0.0,0.0,0.0,0.0,0.0
RRAGA,,N/A,N/A,N/A,0,0,0,0,0,0.0,0.0,0.0,0.0,0.0,0.0,0.0
RPL26L1,,N/A,N/A,N/A,0,0,0,0,0,0.0,0.0,0.0,0.0,0.0,0.0,0.0
PHKG1,,N/A,N/A,N/A,0,0,0,0,0,0.0,0.0,0.0,0.0,0.0,0.0,0.0
TRIM44,,N/A,N/A,N/A,0,0,0,0,0,0.0,0.0,0.0,0.0,0.0,0.0,0.0
L3MBTL4,,N/A,N/A,N/A,0,0,0,0,0,0.0,0.0,0.0,0.0,0.0,0.0,0.0
SNTB2,,N/A,N/A,N/A,0,0,0,0,0,0.0,0.0,0.0,0.0,0.0,0.0,0.0
PTPN23,,N/A,N/A,N/A,0,0,0,0,0,0.0,0.0,0.0,0.0,0.0,0.0,0.0
MRPS23,,N/A,N/A,N/A,0,0,0,0,0,0.0,0.0,0.0,0.0,0.0,0.0,0.0
HPS6,,N/A,N/A,N/A,0,0,0,0,0,0.0,0.0,0.0,0.0,0.0,0.0,0.0
EPS8L2,,N/A,N/A,N/A,0,0,0,0,0,0.0,0.0,0.0,0.0,0.0,0.0,0.0
ZNF85,,N/A,N/A,N/A,0,0,0,0,0,0.0,0.0,0.0,0.0,0.0,0.0,0.0
MSL1,,N/A,N/A,N/A,0,0,0,0,0,0.0,0.0,0.0,0.0,0.0,0.0,0.0
PDIA3,,N/A,N/A,N/A,0,0,0,0,0,0.0,0.0,0.0,0.0,0.0,0.0,0.0
ASB1,,N/A,N/A,N/A,0,0,0,0,0,0.0,0.0,0.0,0.0,0.0,0.0,0.0
FMN1,,N/A,N/A,N/A,0,0,0,0,0,0.0,0.0,0.0,0.0,0.0,0.0,0.0
GPX3,,N/A,N/A,N/A,0,0,0,0,0,0.0,0.0,0.0,0.0,0.0,0.0,0.0
BRK1,,N/A,N/A,N/A,0,0,0,0,0,0.0,0.0,0.0,0.0,0.0,0.0,0.0
PAG1,,N/A,N/A,N/A,0,0,0,0,0,0.0,0.0,0.0,0.0,0.0,0.0,0.0
FADS3,,N/A,N/A,N/A,0,0,0,0,0,0.0,0.0,0.0,0.0,0.0,0.0,0.0
DHRS11,,N/A,N/A,N/A,0,0,0,0,0,0.0,0.0,0.0,0.0,0.0,0.0,0.0
EIF3H,,N/A,N/A,N/A,0,0,0,0,0,0.0,0.0,0.0,0.0,0.0,0.0,0.0
ZFP36L1,,N/A,N/A,N/A,0,0,0,0,0,0.0,0.0,0.0,0.0,0.0,0.0,0.0
GIT1,,N/A,N/A,N/A,0,0,0,0,0,0.0,0.0,0.0,0.0,0.0,0.0,0.0
ATP6V1C2,,N/A,N/A,N/A,0,0,0,0,0,0.0,0.0,0.0,0.0,0.0,0.0,0.0
SLC38A7,,N/A,N/A,N/A,0,0,0,0,0,0.0,0.0,0.0,0.0,0.0,0.0,0.0
WEE2-AS1,,N/A,N/A,N/A,0,0,0,0,0,0.0,0.0,0.0,0.0,0.0,0.0,0.0
THTPA,,N/A,N/A,N/A,0,0,0,0,0,0.0,0.0,0.0,0.0,0.0,0.0,0.0
KREMEN2,,N/A,N/A,N/A,0,0,0,0,0,0.0,0.0,0.0,0.0,0.0,0.0,0.0
SLCO4A1,,N/A,N/A,N/A,0,0,0,0,0,0.0,0.0,0.0,0.0,0.0,0.0,0.0
ITPK1,,N/A,N/A,N/A,0,0,0,0,0,0.0,0.0,0.0,0.0,0.0,0.0,0.0
NDOR1,,N/A,N/A,N/A,0,0,0,0,0,0.0,0.0,0.0,0.0,0.0,0.0,0.0
ANKRD49,,N/A,N/A,N/A,0,0,0,0,0,0.0,0.0,0.0,0.0,0.0,0.0,0.0
RMI1,,N/A,N/A,N/A,0,0,0,0,0,0.0,0.0,0.0,0.0,0.0,0.0,0.0
PLEKHB2,,N/A,N/A,N/A,0,0,0,0,0,0.0,0.0,0.0,0.0,0.0,0.0,0.0
RPL10A,,N/A,N/A,N/A,0,0,0,0,0,0.0,0.0,0.0,0.0,0.0,0.0,0.0
RING1,,N/A,N/A,N/A,0,0,0,0,0,0.0,0.0,0.0,0.0,0.0,0.0,0.0
ELAVL1,,N/A,N/A,N/A,0,0,0,0,0,0.0,0.0,0.0,0.0,0.0,0.0,0.0
SLC30A9,,N/A,N/A,N/A,0,0,0,0,0,0.0,0.0,0.0,0.0,0.0,0.0,0.0
NCALD,,N/A,N/A,N/A,0,0,0,0,0,0.0,0.0,0.0,0.0,0.0,0.0,0.0
PCIF1,,N/A,N/A,N/A,0,0,0,0,0,0.0,0.0,0.0,0.0,0.0,0.0,0.0
CCNY,,N/A,N/A,N/A,0,0,0,0,0,0.0,0.0,0.0,0.0,0.0,0.0,0.0
FARS2,,N/A,N/A,N/A,0,0,0,0,0,0.0,0.0,0.0,0.0,0.0,0.0,0.0
CCDC150,,N/A,N/A,N/A,0,0,0,0,0,0.0,0.0,0.0,0.0,0.0,0.0,0.0
ZNF266,,N/A,N/A,N/A,0,0,0,0,0,0.0,0.0,0.0,0.0,0.0,0.0,0.0
PHF5A,,N/A,N/A,N/A,0,0,0,0,0,0.0,0.0,0.0,0.0,0.0,0.0,0.0
EIF4H,,N/A,N/A,N/A,0,0,0,0,0,0.0,0.0,0.0,0.0,0.0,0.0,0.0
RHEBL1,,N/A,N/A,N/A,0,0,0,0,0,0.0,0.0,0.0,0.0,0.0,0.0,0.0
PARVB,,N/A,N/A,N/A,0,0,0,0,0,0.0,0.0,0.0,0.0,0.0,0.0,0.0
QRICH2,,N/A,N/A,N/A,0,0,0,0,0,0.0,0.0,0.0,0.0,0.0,0.0,0.0
NDUFAF4,,N/A,N/A,N/A,0,0,0,0,0,0.0,0.0,0.0,0.0,0.0,0.0,0.0
SUV39H1,,N/A,N/A,N/A,0,0,0,0,0,0.0,0.0,0.0,0.0,0.0,0.0,0.0
ADCK5,,N/A,N/A,N/A,0,0,0,0,0,0.0,0.0,0.0,0.0,0.0,0.0,0.0
CECR2,,N/A,N/A,N/A,0,0,0,0,0,0.0,0.0,0.0,0.0,0.0,0.0,0.0
MTMR6,,N/A,N/A,N/A,0,0,0,0,0,0.0,0.0,0.0,0.0,0.0,0.0,0.0
MGAT5,,N/A,N/A,N/A,0,0,0,0,0,0.0,0.0,0.0,0.0,0.0,0.0,0.0
MED18,,N/A,N/A,N/A,0,0,0,0,0,0.0,0.0,0.0,0.0,0.0,0.0,0.0
CAMTA1,,N/A,N/A,N/A,0,0,0,0,0,0.0,0.0,0.0,0.0,0.0,0.0,0.0
TACO1,,N/A,N/A,N/A,0,0,0,0,0,0.0,0.0,0.0,0.0,0.0,0.0,0.0
TMEM170B,,N/A,N/A,N/A,0,0,0,0,0,0.0,0.0,0.0,0.0,0.0,0.0,0.0
RBPMS2,,N/A,N/A,N/A,0,0,0,0,0,0.0,0.0,0.0,0.0,0.0,0.0,0.0
ZNF227,,N/A,N/A,N/A,0,0,0,0,0,0.0,0.0,0.0,0.0,0.0,0.0,0.0
ERI2,,N/A,N/A,N/A,0,0,0,0,0,0.0,0.0,0.0,0.0,0.0,0.0,0.0
HSPA9,,N/A,N/A,N/A,0,0,0,0,0,0.0,0.0,0.0,0.0,0.0,0.0,0.0
CHIC2,,N/A,N/A,N/A,0,0,0,0,0,0.0,0.0,0.0,0.0,0.0,0.0,0.0
RNF146,,N/A,N/A,N/A,0,0,0,0,0,0.0,0.0,0.0,0.0,0.0,0.0,0.0
LACC1,,N/A,N/A,N/A,0,0,0,0,0,0.0,0.0,0.0,0.0,0.0,0.0,0.0
SAYSD1,,N/A,N/A,N/A,0,0,0,0,0,0.0,0.0,0.0,0.0,0.0,0.0,0.0
PSMG3,,N/A,N/A,N/A,0,0,0,0,0,0.0,0.0,0.0,0.0,0.0,0.0,0.0
ARRB2,,N/A,N/A,N/A,0,0,0,0,0,0.0,0.0,0.0,0.0,0.0,0.0,0.0
ANKRD13D,,N/A,N/A,N/A,0,0,0,0,0,0.0,0.0,0.0,0.0,0.0,0.0,0.0
SNRPB,,N/A,N/A,N/A,0,0,0,0,0,0.0,0.0,0.0,0.0,0.0,0.0,0.0
AASDHPPT,,N/A,N/A,N/A,0,0,0,0,0,0.0,0.0,0.0,0.0,0.0,0.0,0.0
AQP3,,N/A,N/A,N/A,0,0,0,0,0,0.0,0.0,0.0,0.0,0.0,0.0,0.0
TLN2,,N/A,N/A,N/A,0,0,0,0,0,0.0,0.0,0.0,0.0,0.0,0.0,0.0
DDX59,,N/A,N/A,N/A,0,0,0,0,0,0.0,0.0,0.0,0.0,0.0,0.0,0.0
PRPSAP2,,N/A,N/A,N/A,0,0,0,0,0,0.0,0.0,0.0,0.0,0.0,0.0,0.0
KLHL36,,N/A,N/A,N/A,0,0,0,0,0,0.0,0.0,0.0,0.0,0.0,0.0,0.0
NUDCD2,,N/A,N/A,N/A,0,0,0,0,0,0.0,0.0,0.0,0.0,0.0,0.0,0.0
MRPS26,,N/A,N/A,N/A,0,0,0,0,0,0.0,0.0,0.0,0.0,0.0,0.0,0.0
DAPP1,,N/A,N/A,N/A,0,0,0,0,0,0.0,0.0,0.0,0.0,0.0,0.0,0.0
GTF2IRD2B,,N/A,N/A,N/A,0,0,0,0,0,0.0,0.0,0.0,0.0,0.0,0.0,0.0
MAP3K11,,N/A,N/A,N/A,0,0,0,0,0,0.0,0.0,0.0,0.0,0.0,0.0,0.0
C1orf159,,N/A,N/A,N/A,0,0,0,0,0,0.0,0.0,0.0,0.0,0.0,0.0,0.0
TARS2,,N/A,N/A,N/A,0,0,0,0,0,0.0,0.0,0.0,0.0,0.0,0.0,0.0
ZNF543,,N/A,N/A,N/A,0,0,0,0,0,0.0,0.0,0.0,0.0,0.0,0.0,0.0
SLC3A2,,N/A,N/A,N/A,0,0,0,0,0,0.0,0.0,0.0,0.0,0.0,0.0,0.0
NRBF2,,N/A,N/A,N/A,0,0,0,0,0,0.0,0.0,0.0,0.0,0.0,0.0,0.0
SLC2A3,,N/A,N/A,N/A,0,0,0,0,0,0.0,0.0,0.0,0.0,0.0,0.0,0.0
FAM104B,,N/A,N/A,N/A,0,0,0,0,0,0.0,0.0,0.0,0.0,0.0,0.0,0.0
CDC14A,,N/A,N/A,N/A,0,0,0,0,0,0.0,0.0,0.0,0.0,0.0,0.0,0.0
PTP4A3,,N/A,N/A,N/A,0,0,0,0,0,0.0,0.0,0.0,0.0,0.0,0.0,0.0
MT2A,,N/A,N/A,N/A,0,0,0,0,0,0.0,0.0,0.0,0.0,0.0,0.0,0.0
ZGPAT,,N/A,N/A,N/A,0,0,0,0,0,0.0,0.0,0.0,0.0,0.0,0.0,0.0
TMEM187,,N/A,N/A,N/A,0,0,0,0,0,0.0,0.0,0.0,0.0,0.0,0.0,0.0
TBC1D12,,N/A,N/A,N/A,0,0,0,0,0,0.0,0.0,0.0,0.0,0.0,0.0,0.0
ZSWIM5,,N/A,N/A,N/A,0,0,0,0,0,0.0,0.0,0.0,0.0,0.0,0.0,0.0
PPP1R13B,,N/A,N/A,N/A,0,0,0,0,0,0.0,0.0,0.0,0.0,0.0,0.0,0.0
LRRK1,,N/A,N/A,N/A,0,0,0,0,0,0.0,0.0,0.0,0.0,0.0,0.0,0.0
KLF4,,N/A,N/A,N/A,0,0,0,0,0,0.0,0.0,0.0,0.0,0.0,0.0,0.0
MRPS30,,N/A,N/A,N/A,0,0,0,0,0,0.0,0.0,0.0,0.0,0.0,0.0,0.0
SLC26A11,,N/A,N/A,N/A,0,0,0,0,0,0.0,0.0,0.0,0.0,0.0,0.0,0.0
EIF3K,,N/A,N/A,N/A,0,0,0,0,0,0.0,0.0,0.0,0.0,0.0,0.0,0.0
RALBP1,,N/A,N/A,N/A,0,0,0,0,0,0.0,0.0,0.0,0.0,0.0,0.0,0.0
PITPNM1,,N/A,N/A,N/A,0,0,0,0,0,0.0,0.0,0.0,0.0,0.0,0.0,0.0
BYSL,,N/A,N/A,N/A,0,0,0,0,0,0.0,0.0,0.0,0.0,0.0,0.0,0.0
ECT2,,N/A,N/A,N/A,0,0,0,0,0,0.0,0.0,0.0,0.0,0.0,0.0,0.0
EIF2B2,,N/A,N/A,N/A,0,0,0,0,0,0.0,0.0,0.0,0.0,0.0,0.0,0.0
DUS4L,,N/A,N/A,N/A,0,0,0,0,0,0.0,0.0,0.0,0.0,0.0,0.0,0.0
SYTL1,,N/A,N/A,N/A,0,0,0,0,0,0.0,0.0,0.0,0.0,0.0,0.0,0.0
SHPRH,,N/A,N/A,N/A,0,0,0,0,0,0.0,0.0,0.0,0.0,0.0,0.0,0.0
IL17D,,N/A,N/A,N/A,0,0,0,0,0,0.0,0.0,0.0,0.0,0.0,0.0,0.0
DAB2,,N/A,N/A,N/A,0,0,0,0,0,0.0,0.0,0.0,0.0,0.0,0.0,0.0
C1orf53,,N/A,N/A,N/A,0,0,0,0,0,0.0,0.0,0.0,0.0,0.0,0.0,0.0
TOMM5,,N/A,N/A,N/A,0,0,0,0,0,0.0,0.0,0.0,0.0,0.0,0.0,0.0
GTF2F1,,N/A,N/A,N/A,0,0,0,0,0,0.0,0.0,0.0,0.0,0.0,0.0,0.0
SNAP47,,N/A,N/A,N/A,0,0,0,0,0,0.0,0.0,0.0,0.0,0.0,0.0,0.0
SLC2A4RG,,N/A,N/A,N/A,0,0,0,0,0,0.0,0.0,0.0,0.0,0.0,0.0,0.0
NCOA2,,N/A,N/A,N/A,0,0,0,0,0,0.0,0.0,0.0,0.0,0.0,0.0,0.0
NDUFAF3,,N/A,N/A,N/A,0,0,0,0,0,0.0,0.0,0.0,0.0,0.0,0.0,0.0
KIF3A,,N/A,N/A,N/A,0,0,0,0,0,0.0,0.0,0.0,0.0,0.0,0.0,0.0
ARHGEF11,,N/A,N/A,N/A,0,0,0,0,0,0.0,0.0,0.0,0.0,0.0,0.0,0.0
SDCCAG8,,N/A,N/A,N/A,0,0,0,0,0,0.0,0.0,0.0,0.0,0.0,0.0,0.0
ING3,,N/A,N/A,N/A,0,0,0,0,0,0.0,0.0,0.0,0.0,0.0,0.0,0.0
MRPL3,,N/A,N/A,N/A,0,0,0,0,0,0.0,0.0,0.0,0.0,0.0,0.0,0.0
PPP2R1B,,N/A,N/A,N/A,0,0,0,0,0,0.0,0.0,0.0,0.0,0.0,0.0,0.0
POLR3D,,N/A,N/A,N/A,0,0,0,0,0,0.0,0.0,0.0,0.0,0.0,0.0,0.0
RPL41,,N/A,N/A,N/A,0,0,0,0,0,0.0,0.0,0.0,0.0,0.0,0.0,0.0
ATG16L2,,N/A,N/A,N/A,0,0,0,0,0,0.0,0.0,0.0,0.0,0.0,0.0,0.0
DNAJC1,,N/A,N/A,N/A,0,0,0,0,0,0.0,0.0,0.0,0.0,0.0,0.0,0.0
MLF2,,N/A,N/A,N/A,0,0,0,0,0,0.0,0.0,0.0,0.0,0.0,0.0,0.0
ZBTB21,,N/A,N/A,N/A,0,0,0,0,0,0.0,0.0,0.0,0.0,0.0,0.0,0.0
MPV17L,,N/A,N/A,N/A,0,0,0,0,0,0.0,0.0,0.0,0.0,0.0,0.0,0.0
TMEM67,,N/A,N/A,N/A,0,0,0,0,0,0.0,0.0,0.0,0.0,0.0,0.0,0.0
RMND1,,N/A,N/A,N/A,0,0,0,0,0,0.0,0.0,0.0,0.0,0.0,0.0,0.0
HOOK3,,N/A,N/A,N/A,0,0,0,0,0,0.0,0.0,0.0,0.0,0.0,0.0,0.0
POLR2A,,N/A,N/A,N/A,0,0,0,0,0,0.0,0.0,0.0,0.0,0.0,0.0,0.0
RSL1D1,,N/A,N/A,N/A,0,0,0,0,0,0.0,0.0,0.0,0.0,0.0,0.0,0.0
KLHL26,,N/A,N/A,N/A,0,0,0,0,0,0.0,0.0,0.0,0.0,0.0,0.0,0.0
YIF1B,,N/A,N/A,N/A,0,0,0,0,0,0.0,0.0,0.0,0.0,0.0,0.0,0.0
ABCD3,,N/A,N/A,N/A,0,0,0,0,0,0.0,0.0,0.0,0.0,0.0,0.0,0.0
BTBD19,,N/A,N/A,N/A,0,0,0,0,0,0.0,0.0,0.0,0.0,0.0,0.0,0.0
ZNF559,,N/A,N/A,N/A,0,0,0,0,0,0.0,0.0,0.0,0.0,0.0,0.0,0.0
FAM107B,,N/A,N/A,N/A,0,0,0,0,0,0.0,0.0,0.0,0.0,0.0,0.0,0.0
SCRG1,,N/A,N/A,N/A,0,0,0,0,0,0.0,0.0,0.0,0.0,0.0,0.0,0.0
DUSP2,,N/A,N/A,N/A,0,0,0,0,0,0.0,0.0,0.0,0.0,0.0,0.0,0.0
MXRA8,,N/A,N/A,N/A,0,0,0,0,0,0.0,0.0,0.0,0.0,0.0,0.0,0.0
C2orf42,,N/A,N/A,N/A,0,0,0,0,0,0.0,0.0,0.0,0.0,0.0,0.0,0.0
FNDC3B,,N/A,N/A,N/A,0,0,0,0,0,0.0,0.0,0.0,0.0,0.0,0.0,0.0
COLQ,,N/A,N/A,N/A,0,0,0,0,0,0.0,0.0,0.0,0.0,0.0,0.0,0.0
TMEM59,,N/A,N/A,N/A,0,0,0,0,0,0.0,0.0,0.0,0.0,0.0,0.0,0.0
MAPRE3,,N/A,N/A,N/A,0,0,0,0,0,0.0,0.0,0.0,0.0,0.0,0.0,0.0
PPP1R21,,N/A,N/A,N/A,0,0,0,0,0,0.0,0.0,0.0,0.0,0.0,0.0,0.0
MTMR9,,N/A,N/A,N/A,0,0,0,0,0,0.0,0.0,0.0,0.0,0.0,0.0,0.0
CCPG1,,N/A,N/A,N/A,0,0,0,0,0,0.0,0.0,0.0,0.0,0.0,0.0,0.0
CITED1,,N/A,N/A,N/A,0,0,0,0,0,0.0,0.0,0.0,0.0,0.0,0.0,0.0
ADORA2B,,N/A,N/A,N/A,0,0,0,0,0,0.0,0.0,0.0,0.0,0.0,0.0,0.0
AP4E1,,N/A,N/A,N/A,0,0,0,0,0,0.0,0.0,0.0,0.0,0.0,0.0,0.0
BCLAF1,,N/A,N/A,N/A,0,0,0,0,0,0.0,0.0,0.0,0.0,0.0,0.0,0.0
CDK17,,N/A,N/A,N/A,0,0,0,0,0,0.0,0.0,0.0,0.0,0.0,0.0,0.0
SNRPB2,,N/A,N/A,N/A,0,0,0,0,0,0.0,0.0,0.0,0.0,0.0,0.0,0.0
SMCO4,,N/A,N/A,N/A,0,0,0,0,0,0.0,0.0,0.0,0.0,0.0,0.0,0.0
ABHD10,,N/A,N/A,N/A,0,0,0,0,0,0.0,0.0,0.0,0.0,0.0,0.0,0.0
DLG5,,N/A,N/A,N/A,0,0,0,0,0,0.0,0.0,0.0,0.0,0.0,0.0,0.0
YIPF3,,N/A,N/A,N/A,0,0,0,0,0,0.0,0.0,0.0,0.0,0.0,0.0,0.0
TMEM141,,N/A,N/A,N/A,0,0,0,0,0,0.0,0.0,0.0,0.0,0.0,0.0,0.0
MAPRE1,,N/A,N/A,N/A,0,0,0,0,0,0.0,0.0,0.0,0.0,0.0,0.0,0.0
USP33,,N/A,N/A,N/A,0,0,0,0,0,0.0,0.0,0.0,0.0,0.0,0.0,0.0
SNX16,,N/A,N/A,N/A,0,0,0,0,0,0.0,0.0,0.0,0.0,0.0,0.0,0.0
HPS3,,N/A,N/A,N/A,0,0,0,0,0,0.0,0.0,0.0,0.0,0.0,0.0,0.0
ALG13,,N/A,N/A,N/A,0,0,0,0,0,0.0,0.0,0.0,0.0,0.0,0.0,0.0
GAPVD1,,N/A,N/A,N/A,0,0,0,0,0,0.0,0.0,0.0,0.0,0.0,0.0,0.0
MCFD2,,N/A,N/A,N/A,0,0,0,0,0,0.0,0.0,0.0,0.0,0.0,0.0,0.0
ACP1,,N/A,N/A,N/A,0,0,0,0,0,0.0,0.0,0.0,0.0,0.0,0.0,0.0
PPP1R15A,,N/A,N/A,N/A,0,0,0,0,0,0.0,0.0,0.0,0.0,0.0,0.0,0.0
MRPS17,,N/A,N/A,N/A,0,0,0,0,0,0.0,0.0,0.0,0.0,0.0,0.0,0.0
DDAH2,,N/A,N/A,N/A,0,0,0,0,0,0.0,0.0,0.0,0.0,0.0,0.0,0.0
DHRS4L2,,N/A,N/A,N/A,0,0,0,0,0,0.0,0.0,0.0,0.0,0.0,0.0,0.0
ZNF205,,N/A,N/A,N/A,0,0,0,0,0,0.0,0.0,0.0,0.0,0.0,0.0,0.0
SBF2-AS1,,N/A,N/A,N/A,0,0,0,0,0,0.0,0.0,0.0,0.0,0.0,0.0,0.0
MAEA,,N/A,N/A,N/A,0,0,0,0,0,0.0,0.0,0.0,0.0,0.0,0.0,0.0
SGK2,,N/A,N/A,N/A,0,0,0,0,0,0.0,0.0,0.0,0.0,0.0,0.0,0.0
TMEM229B,,N/A,N/A,N/A,0,0,0,0,0,0.0,0.0,0.0,0.0,0.0,0.0,0.0
SMARCAL1,,N/A,N/A,N/A,0,0,0,0,0,0.0,0.0,0.0,0.0,0.0,0.0,0.0
PTPRK,,N/A,N/A,N/A,0,0,0,0,0,0.0,0.0,0.0,0.0,0.0,0.0,0.0
GPHN,,N/A,N/A,N/A,0,0,0,0,0,0.0,0.0,0.0,0.0,0.0,0.0,0.0
MYO1B,,N/A,N/A,N/A,0,0,0,0,0,0.0,0.0,0.0,0.0,0.0,0.0,0.0
PHRF1,,N/A,N/A,N/A,0,0,0,0,0,0.0,0.0,0.0,0.0,0.0,0.0,0.0
RNF125,,N/A,N/A,N/A,0,0,0,0,0,0.0,0.0,0.0,0.0,0.0,0.0,0.0
SIGMAR1,,N/A,N/A,N/A,0,0,0,0,0,0.0,0.0,0.0,0.0,0.0,0.0,0.0
ISCU,,N/A,N/A,N/A,0,0,0,0,0,0.0,0.0,0.0,0.0,0.0,0.0,0.0
KLHL9,,N/A,N/A,N/A,0,0,0,0,0,0.0,0.0,0.0,0.0,0.0,0.0,0.0
SRFBP1,,N/A,N/A,N/A,0,0,0,0,0,0.0,0.0,0.0,0.0,0.0,0.0,0.0
FAM83G,,N/A,N/A,N/A,0,0,0,0,0,0.0,0.0,0.0,0.0,0.0,0.0,0.0
